secteur,site,fichier,date,heure,taille_octets
A10,A10_N1,A10_N1_20240326_000000.WAV,2024-03-26,00:00:00,17280488
A10,A10_N1,A10_N1_20240326_040000.WAV,2024-03-26,04:00:00,17280488
A10,A10_N1,A10_N1_20240326_140000.WAV,2024-03-26,14:00:00,17280488
A10,A10_N1,A10_N1_20240326_180000.WAV,2024-03-26,18:00:00,17280488
A10,A10_N1,A10_N1_20240327_000000.WAV,2024-03-27,00:00:00,17280488
A10,A10_N1,A10_N1_20240327_040000.WAV,2024-03-27,04:00:00,17280488
A10,A10_N1,A10_N1_20240327_140000.WAV,2024-03-27,14:00:00,17280488
A10,A10_N1,A10_N1_20240327_180000.WAV,2024-03-27,18:00:00,17280488
A10,A10_N1,A10_N1_20240328_000000.WAV,2024-03-28,00:00:00,17280488
A10,A10_N1,A10_N1_20240328_040000.WAV,2024-03-28,04:00:00,17280488
A10,A10_N1,A10_N1_20240328_140000.WAV,2024-03-28,14:00:00,17280488
A10,A10_N1,A10_N1_20240328_180000.WAV,2024-03-28,18:00:00,17280488
A10,A10_N1,A10_N1_20240329_000000.WAV,2024-03-29,00:00:00,17280488
A10,A10_N1,A10_N1_20240329_040000.WAV,2024-03-29,04:00:00,17280488
A10,A10_N1,A10_N1_20240329_140000.WAV,2024-03-29,14:00:00,17280488
A10,A10_N1,A10_N1_20240329_180000.WAV,2024-03-29,18:00:00,17280488
A10,A10_N1,A10_N1_20240330_000000.WAV,2024-03-30,00:00:00,17280488
A10,A10_N1,A10_N1_20240330_040000.WAV,2024-03-30,04:00:00,17280488
A10,A10_N1,A10_N1_20240330_140000.WAV,2024-03-30,14:00:00,17280488
A10,A10_N1,A10_N1_20240330_180000.WAV,2024-03-30,18:00:00,17280488
A10,A10_N1,A10_N1_20240331_000000.WAV,2024-03-31,00:00:00,17280488
A10,A10_N1,A10_N1_20240331_040000.WAV,2024-03-31,04:00:00,17280488
A10,A10_N1,A10_N1_20240331_140000.WAV,2024-03-31,14:00:00,17280488
A10,A10_N1,A10_N1_20240331_180000.WAV,2024-03-31,18:00:00,17280488
A10,A10_N1,A10_N1_20240401_000000.WAV,2024-04-01,00:00:00,17280488
A10,A10_N1,A10_N1_20240401_040000.WAV,2024-04-01,04:00:00,17280488
A10,A10_N1,A10_N1_20240401_140000.WAV,2024-04-01,14:00:00,17280488
A10,A10_N1,A10_N1_20240401_180000.WAV,2024-04-01,18:00:00,17280488
A10,A10_N1,A10_N1_20240402_000000.WAV,2024-04-02,00:00:00,17280488
A10,A10_N1,A10_N1_20240402_040000.WAV,2024-04-02,04:00:00,17280488
A10,A10_N1,A10_N1_20240402_140000.WAV,2024-04-02,14:00:00,17280488
A10,A10_N1,A10_N1_20240402_180000.WAV,2024-04-02,18:00:00,17280488
A10,A10_N1,A10_N1_20240403_000000.WAV,2024-04-03,00:00:00,17280488
A10,A10_N1,A10_N1_20240403_040000.WAV,2024-04-03,04:00:00,17280488
A10,A10_N1,A10_N1_20240403_140000.WAV,2024-04-03,14:00:00,17280488
A10,A10_N1,A10_N1_20240403_180000.WAV,2024-04-03,18:00:00,17280488
A10,A10_N1,A10_N1_20240404_000000.WAV,2024-04-04,00:00:00,17280488
A10,A10_N1,A10_N1_20240404_040000.WAV,2024-04-04,04:00:00,17280488
A10,A10_N1,A10_N1_20240404_140000.WAV,2024-04-04,14:00:00,17280488
A10,A10_N1,A10_N1_20240404_180000.WAV,2024-04-04,18:00:00,17280488
A10,A10_N1,A10_N1_20240405_000000.WAV,2024-04-05,00:00:00,17280488
A10,A10_N1,A10_N1_20240405_040000.WAV,2024-04-05,04:00:00,17280488
A10,A10_N1,A10_N1_20240405_140000.WAV,2024-04-05,14:00:00,17280488
A10,A10_N1,A10_N1_20240405_180000.WAV,2024-04-05,18:00:00,17280488
A10,A10_N1,A10_N1_20240406_000000.WAV,2024-04-06,00:00:00,17280488
A10,A10_N1,A10_N1_20240406_040000.WAV,2024-04-06,04:00:00,17280488
A10,A10_N1,A10_N1_20240406_140000.WAV,2024-04-06,14:00:00,17280488
A10,A10_N1,A10_N1_20240406_180000.WAV,2024-04-06,18:00:00,17280488
A10,A10_N1,A10_N1_20240407_000000.WAV,2024-04-07,00:00:00,17280488
A10,A10_N1,A10_N1_20240407_040000.WAV,2024-04-07,04:00:00,17280488
A10,A10_N1,A10_N1_20240407_140000.WAV,2024-04-07,14:00:00,17280488
A10,A10_N1,A10_N1_20240407_180000.WAV,2024-04-07,18:00:00,17280488
A10,A10_N1,A10_N1_20240408_000000.WAV,2024-04-08,00:00:00,17280488
A10,A10_N1,A10_N1_20240408_040000.WAV,2024-04-08,04:00:00,17280488
A10,A10_N1,A10_N1_20240408_140000.WAV,2024-04-08,14:00:00,17280488
A10,A10_N1,A10_N1_20240408_180000.WAV,2024-04-08,18:00:00,17280488
A10,A10_N1,A10_N1_20240409_000000.WAV,2024-04-09,00:00:00,17280488
A10,A10_N1,A10_N1_20240409_040000.WAV,2024-04-09,04:00:00,17280488
A10,A10_N1,A10_N1_20240409_140000.WAV,2024-04-09,14:00:00,17280488
A10,A10_N1,A10_N1_20240409_180000.WAV,2024-04-09,18:00:00,17280488
A10,A10_N1,A10_N1_20240410_000000.WAV,2024-04-10,00:00:00,17280488
A10,A10_N1,A10_N1_20240410_040000.WAV,2024-04-10,04:00:00,17280488
A10,A10_N1,A10_N1_20240410_140000.WAV,2024-04-10,14:00:00,17280488
A10,A10_N1,A10_N1_20240410_180000.WAV,2024-04-10,18:00:00,17280488
A10,A10_N1,A10_N1_20240411_000000.WAV,2024-04-11,00:00:00,17280488
A10,A10_N1,A10_N1_20240411_040000.WAV,2024-04-11,04:00:00,17280488
A10,A10_N1,A10_N1_20240411_140000.WAV,2024-04-11,14:00:00,17280488
A10,A10_N1,A10_N1_20240411_180000.WAV,2024-04-11,18:00:00,17280488
A10,A10_N1,A10_N1_20240412_000000.WAV,2024-04-12,00:00:00,17280488
A10,A10_N1,A10_N1_20240412_040000.WAV,2024-04-12,04:00:00,17280488
A10,A10_N1,A10_N1_20240412_140000.WAV,2024-04-12,14:00:00,17280488
A10,A10_N1,A10_N1_20240412_180000.WAV,2024-04-12,18:00:00,17280488
A10,A10_N1,A10_N1_20240413_000000.WAV,2024-04-13,00:00:00,17280488
A10,A10_N1,A10_N1_20240413_040000.WAV,2024-04-13,04:00:00,17280488
A10,A10_N1,A10_N1_20240413_140000.WAV,2024-04-13,14:00:00,17280488
A10,A10_N1,A10_N1_20240413_180000.WAV,2024-04-13,18:00:00,17280488
A10,A10_N1,A10_N1_20240414_000000.WAV,2024-04-14,00:00:00,17280488
A10,A10_N1,A10_N1_20240414_040000.WAV,2024-04-14,04:00:00,17280488
A10,A10_N1,A10_N1_20240414_140000.WAV,2024-04-14,14:00:00,17280488
A10,A10_N1,A10_N1_20240414_180000.WAV,2024-04-14,18:00:00,17280488
A10,A10_N1,A10_N1_20240415_000000.WAV,2024-04-15,00:00:00,17280488
A10,A10_N1,A10_N1_20240415_040000.WAV,2024-04-15,04:00:00,17280488
A10,A10_N1,A10_N1_20240415_140000.WAV,2024-04-15,14:00:00,17280488
A10,A10_N1,A10_N1_20240415_180000.WAV,2024-04-15,18:00:00,17280488
A10,A10_N1,A10_N1_20240416_000000.WAV,2024-04-16,00:00:00,17280488
A10,A10_N1,A10_N1_20240416_040000.WAV,2024-04-16,04:00:00,17280488
A10,A10_N1,A10_N1_20240416_140000.WAV,2024-04-16,14:00:00,17280488
A10,A10_N1,A10_N1_20240416_180000.WAV,2024-04-16,18:00:00,17280488
A10,A10_N1,A10_N1_20240417_000000.WAV,2024-04-17,00:00:00,17280488
A10,A10_N1,A10_N1_20240417_040000.WAV,2024-04-17,04:00:00,17280488
A10,A10_N1,A10_N1_20240417_140000.WAV,2024-04-17,14:00:00,17280488
A10,A10_N1,A10_N1_20240417_180000.WAV,2024-04-17,18:00:00,17280488
A10,A10_N1,A10_N1_20240418_000000.WAV,2024-04-18,00:00:00,17280488
A10,A10_N1,A10_N1_20240418_040000.WAV,2024-04-18,04:00:00,17280488
A10,A10_N1,A10_N1_20240418_140000.WAV,2024-04-18,14:00:00,17280488
A10,A10_N1,A10_N1_20240418_180000.WAV,2024-04-18,18:00:00,17280488
A10,A10_N1,A10_N1_20240419_000000.WAV,2024-04-19,00:00:00,17280488
A10,A10_N1,A10_N1_20240419_040000.WAV,2024-04-19,04:00:00,17280488
A10,A10_N1,A10_N1_20240419_140000.WAV,2024-04-19,14:00:00,17280488
A10,A10_N1,A10_N1_20240419_180000.WAV,2024-04-19,18:00:00,17280488
A10,A10_N1,A10_N1_20240420_000000.WAV,2024-04-20,00:00:00,17280488
A10,A10_N1,A10_N1_20240420_040000.WAV,2024-04-20,04:00:00,17280488
A10,A10_N1,A10_N1_20240420_140000.WAV,2024-04-20,14:00:00,17280488
A10,A10_N1,A10_N1_20240420_180000.WAV,2024-04-20,18:00:00,17280488
A10,A10_N1,A10_N1_20240421_000000.WAV,2024-04-21,00:00:00,17280488
A10,A10_N1,A10_N1_20240421_040000.WAV,2024-04-21,04:00:00,17280488
A10,A10_N1,A10_N1_20240421_140000.WAV,2024-04-21,14:00:00,17280488
A10,A10_N1,A10_N1_20240421_180000.WAV,2024-04-21,18:00:00,17280488
A10,A10_N1,A10_N1_20240422_000000.WAV,2024-04-22,00:00:00,17280488
A10,A10_N1,A10_N1_20240422_040000.WAV,2024-04-22,04:00:00,17280488
A10,A10_N1,A10_N1_20240422_140000.WAV,2024-04-22,14:00:00,17280488
A10,A10_N1,A10_N1_20240422_180000.WAV,2024-04-22,18:00:00,17280488
A10,A10_N1,A10_N1_20240423_000000.WAV,2024-04-23,00:00:00,17280488
A10,A10_N1,A10_N1_20240423_040000.WAV,2024-04-23,04:00:00,17280488
A10,A10_N1,A10_N1_20240423_140000.WAV,2024-04-23,14:00:00,17280488
A10,A10_N1,A10_N1_20240423_180000.WAV,2024-04-23,18:00:00,17280488
A10,A10_N1,A10_N1_20240424_000000.WAV,2024-04-24,00:00:00,17280488
A10,A10_N1,A10_N1_20240424_040000.WAV,2024-04-24,04:00:00,17280488
A10,A10_N1,A10_N1_20240424_140000.WAV,2024-04-24,14:00:00,17280488
A10,A10_N1,A10_N1_20240424_180000.WAV,2024-04-24,18:00:00,17280488
A10,A10_N1,A10_N1_20240425_000000.WAV,2024-04-25,00:00:00,17280488
A10,A10_N1,A10_N1_20240425_040000.WAV,2024-04-25,04:00:00,17280488
A10,A10_N1,A10_N1_20240425_140000.WAV,2024-04-25,14:00:00,17280488
A10,A10_N1,A10_N1_20240425_180000.WAV,2024-04-25,18:00:00,17280488
A10,A10_N1,A10_N1_20240426_000000.WAV,2024-04-26,00:00:00,17280488
A10,A10_N1,A10_N1_20240426_040000.WAV,2024-04-26,04:00:00,17280488
A10,A10_N1,A10_N1_20240426_140000.WAV,2024-04-26,14:00:00,17280488
A10,A10_N1,A10_N1_20240426_180000.WAV,2024-04-26,18:00:00,17280488
A10,A10_N1,A10_N1_20240427_000000.WAV,2024-04-27,00:00:00,17280488
A10,A10_N1,A10_N1_20240427_040000.WAV,2024-04-27,04:00:00,17280488
A10,A10_N1,A10_N1_20240427_140000.WAV,2024-04-27,14:00:00,17280488
A10,A10_N1,A10_N1_20240427_180000.WAV,2024-04-27,18:00:00,17280488
A10,A10_N1,A10_N1_20240428_000000.WAV,2024-04-28,00:00:00,17280488
A10,A10_N1,A10_N1_20240428_040000.WAV,2024-04-28,04:00:00,17280488
A10,A10_N1,A10_N1_20240428_140000.WAV,2024-04-28,14:00:00,17280488
A10,A10_N1,A10_N1_20240428_180000.WAV,2024-04-28,18:00:00,17280488
A10,A10_N1,A10_N1_20240429_000000.WAV,2024-04-29,00:00:00,17280488
A10,A10_N1,A10_N1_20240429_040000.WAV,2024-04-29,04:00:00,17280488
A10,A10_N1,A10_N1_20240429_140000.WAV,2024-04-29,14:00:00,17280488
A10,A10_N1,A10_N1_20240429_180000.WAV,2024-04-29,18:00:00,17280488
A10,A10_N1,A10_N1_20240430_000000.WAV,2024-04-30,00:00:00,17280488
A10,A10_N1,A10_N1_20240430_040000.WAV,2024-04-30,04:00:00,17280488
A10,A10_N1,A10_N1_20240430_140000.WAV,2024-04-30,14:00:00,17280488
A10,A10_N1,A10_N1_20240430_180000.WAV,2024-04-30,18:00:00,17280488
A10,A10_N1,A10_N1_20240501_000000.WAV,2024-05-01,00:00:00,17280488
A10,A10_N1,A10_N1_20240501_040000.WAV,2024-05-01,04:00:00,17280488
A10,A10_N1,A10_N1_20240501_140000.WAV,2024-05-01,14:00:00,17280488
A10,A10_N1,A10_N1_20240501_180000.WAV,2024-05-01,18:00:00,17280488
A10,A10_N1,A10_N1_20240502_000000.WAV,2024-05-02,00:00:00,17280488
A10,A10_N1,A10_N1_20240502_040000.WAV,2024-05-02,04:00:00,17280488
A10,A10_N1,A10_N1_20240502_140000.WAV,2024-05-02,14:00:00,17280488
A10,A10_N1,A10_N1_20240502_180000.WAV,2024-05-02,18:00:00,17280488
A10,A10_N1,A10_N1_20240503_000000.WAV,2024-05-03,00:00:00,17280488
A10,A10_N1,A10_N1_20240503_040000.WAV,2024-05-03,04:00:00,17280488
A10,A10_N1,A10_N1_20240503_140000.WAV,2024-05-03,14:00:00,17280488
A10,A10_N1,A10_N1_20240503_180000.WAV,2024-05-03,18:00:00,17280488
A10,A10_N1,A10_N1_20240504_000000.WAV,2024-05-04,00:00:00,17280488
A10,A10_N1,A10_N1_20240504_040000.WAV,2024-05-04,04:00:00,17280488
A10,A10_N1,A10_N1_20240504_140000.WAV,2024-05-04,14:00:00,17280488
A10,A10_N1,A10_N1_20240504_180000.WAV,2024-05-04,18:00:00,17280488
A10,A10_N1,A10_N1_20240505_000000.WAV,2024-05-05,00:00:00,17280488
A10,A10_N1,A10_N1_20240505_040000.WAV,2024-05-05,04:00:00,17280488
A10,A10_N1,A10_N1_20240505_140000.WAV,2024-05-05,14:00:00,17280488
A10,A10_N1,A10_N1_20240505_180000.WAV,2024-05-05,18:00:00,17280488
A10,A10_N1,A10_N1_20240506_000000.WAV,2024-05-06,00:00:00,17280488
A10,A10_N1,A10_N1_20240506_040000.WAV,2024-05-06,04:00:00,17280488
A10,A10_N1,A10_N1_20240506_140000.WAV,2024-05-06,14:00:00,17280488
A10,A10_N1,A10_N1_20240506_180000.WAV,2024-05-06,18:00:00,17280488
A10,A10_N1,A10_N1_20240507_000000.WAV,2024-05-07,00:00:00,17280488
A10,A10_N1,A10_N1_20240507_040000.WAV,2024-05-07,04:00:00,17280488
A10,A10_N1,A10_N1_20240507_140000.WAV,2024-05-07,14:00:00,17280488
A10,A10_N1,A10_N1_20240507_180000.WAV,2024-05-07,18:00:00,17280488
A10,A10_N1,A10_N1_20240508_000000.WAV,2024-05-08,00:00:00,17280488
A10,A10_N1,A10_N1_20240508_040000.WAV,2024-05-08,04:00:00,17280488
A10,A10_N1,A10_N1_20240508_140000.WAV,2024-05-08,14:00:00,17280488
A10,A10_N1,A10_N1_20240508_180000.WAV,2024-05-08,18:00:00,17280488
A10,A10_N1,A10_N1_20240509_000000.WAV,2024-05-09,00:00:00,17280488
A10,A10_N1,A10_N1_20240509_040000.WAV,2024-05-09,04:00:00,17280488
A10,A10_N1,A10_N1_20240509_140000.WAV,2024-05-09,14:00:00,17280488
A10,A10_N1,A10_N1_20240509_180000.WAV,2024-05-09,18:00:00,17280488
A10,A10_N1,A10_N1_20240510_000000.WAV,2024-05-10,00:00:00,17280488
A10,A10_N1,A10_N1_20240510_040000.WAV,2024-05-10,04:00:00,17280488
A10,A10_N1,A10_N1_20240510_140000.WAV,2024-05-10,14:00:00,17280488
A10,A10_N1,A10_N1_20240510_180000.WAV,2024-05-10,18:00:00,17280488
A10,A10_N1,A10_N1_20240511_000000.WAV,2024-05-11,00:00:00,17280488
A10,A10_N1,A10_N1_20240511_040000.WAV,2024-05-11,04:00:00,17280488
A10,A10_N1,A10_N1_20240511_140000.WAV,2024-05-11,14:00:00,17280488
A10,A10_N1,A10_N1_20240511_180000.WAV,2024-05-11,18:00:00,17280488
A10,A10_N1,A10_N1_20240512_000000.WAV,2024-05-12,00:00:00,17280488
A10,A10_N1,A10_N1_20240512_040000.WAV,2024-05-12,04:00:00,17280488
A10,A10_N1,A10_N1_20240512_140000.WAV,2024-05-12,14:00:00,17280488
A10,A10_N1,A10_N1_20240512_180000.WAV,2024-05-12,18:00:00,17280488
A10,A10_N1,A10_N1_20240513_000000.WAV,2024-05-13,00:00:00,17280488
A10,A10_N1,A10_N1_20240513_040000.WAV,2024-05-13,04:00:00,17280488
A10,A10_N1,A10_N1_20240513_140000.WAV,2024-05-13,14:00:00,17280488
A10,A10_N1,A10_N1_20240513_180000.WAV,2024-05-13,18:00:00,17280488
A10,A10_N1,A10_N1_20240514_000000.WAV,2024-05-14,00:00:00,17280488
A10,A10_N1,A10_N1_20240514_040000.WAV,2024-05-14,04:00:00,17280488
A10,A10_N1,A10_N1_20240514_140000.WAV,2024-05-14,14:00:00,17280488
A10,A10_N1,A10_N1_20240514_180000.WAV,2024-05-14,18:00:00,17280488
A10,A10_N1,A10_N1_20240515_000000.WAV,2024-05-15,00:00:00,17280488
A10,A10_N1,A10_N1_20240515_040000.WAV,2024-05-15,04:00:00,17280488
A10,A10_N1,A10_N1_20240515_140000.WAV,2024-05-15,14:00:00,17280488
A10,A10_N1,A10_N1_20240515_180000.WAV,2024-05-15,18:00:00,17280488
A10,A10_N1,A10_N1_20240516_000000.WAV,2024-05-16,00:00:00,17280488
A10,A10_N1,A10_N1_20240516_040000.WAV,2024-05-16,04:00:00,17280488
A10,A10_N1,A10_N1_20240516_140000.WAV,2024-05-16,14:00:00,17280488
A10,A10_N1,A10_N1_20240516_180000.WAV,2024-05-16,18:00:00,17280488
A10,A10_N1,A10_N1_20240517_000000.WAV,2024-05-17,00:00:00,17280488
A10,A10_N1,A10_N1_20240517_040000.WAV,2024-05-17,04:00:00,17280488
A10,A10_N1,A10_N1_20240517_140000.WAV,2024-05-17,14:00:00,17280488
A10,A10_N1,A10_N1_20240517_180000.WAV,2024-05-17,18:00:00,17280488
A10,A10_N1,A10_N1_20240518_000000.WAV,2024-05-18,00:00:00,17280488
A10,A10_N1,A10_N1_20240518_040000.WAV,2024-05-18,04:00:00,17280488
A10,A10_N1,A10_N1_20240518_140000.WAV,2024-05-18,14:00:00,17280488
A10,A10_N1,A10_N1_20240518_180000.WAV,2024-05-18,18:00:00,17280488
A10,A10_N1,A10_N1_20240519_000000.WAV,2024-05-19,00:00:00,17280488
A10,A10_N1,A10_N1_20240519_040000.WAV,2024-05-19,04:00:00,17280488
A10,A10_N1,A10_N1_20240519_140000.WAV,2024-05-19,14:00:00,17280488
A10,A10_N1,A10_N1_20240519_180000.WAV,2024-05-19,18:00:00,17280488
A10,A10_N1,A10_N1_20240520_000000.WAV,2024-05-20,00:00:00,17280488
A10,A10_N1,A10_N1_20240520_040000.WAV,2024-05-20,04:00:00,17280488
A10,A10_N1,A10_N1_20240520_140000.WAV,2024-05-20,14:00:00,17280488
A10,A10_N1,A10_N1_20240520_180000.WAV,2024-05-20,18:00:00,17280488
A10,A10_N1,A10_N1_20240521_000000.WAV,2024-05-21,00:00:00,17280488
A10,A10_N1,A10_N1_20240521_040000.WAV,2024-05-21,04:00:00,17280488
A10,A10_N1,A10_N1_20240521_140000.WAV,2024-05-21,14:00:00,17280488
A10,A10_N1,A10_N1_20240521_180000.WAV,2024-05-21,18:00:00,17280488
A10,A10_N1,A10_N1_20240522_000000.WAV,2024-05-22,00:00:00,17280488
A10,A10_N1,A10_N1_20240522_040000.WAV,2024-05-22,04:00:00,17280488
A10,A10_N1,A10_N1_20240522_140000.WAV,2024-05-22,14:00:00,17280488
A10,A10_N1,A10_N1_20240522_180000.WAV,2024-05-22,18:00:00,17280488
A10,A10_N1,A10_N1_20240523_000000.WAV,2024-05-23,00:00:00,17280488
A10,A10_N1,A10_N1_20240523_040000.WAV,2024-05-23,04:00:00,17280488
A10,A10_N1,A10_N1_20240523_140000.WAV,2024-05-23,14:00:00,17280488
A10,A10_N1,A10_N1_20240523_180000.WAV,2024-05-23,18:00:00,17280488
A10,A10_N1,A10_N1_20240524_000000.WAV,2024-05-24,00:00:00,17280488
A10,A10_N1,A10_N1_20240524_040000.WAV,2024-05-24,04:00:00,17280488
A10,A10_N1,A10_N1_20240524_140000.WAV,2024-05-24,14:00:00,17280488
A10,A10_N1,A10_N1_20240524_180000.WAV,2024-05-24,18:00:00,17280488
A10,A10_N1,A10_N1_20240525_000000.WAV,2024-05-25,00:00:00,17280488
A10,A10_N1,A10_N1_20240525_040000.WAV,2024-05-25,04:00:00,17280488
A10,A10_N1,A10_N1_20240525_140000.WAV,2024-05-25,14:00:00,17280488
A10,A10_N1,A10_N1_20240525_180000.WAV,2024-05-25,18:00:00,17280488
A10,A10_N1,A10_N1_20240526_000000.WAV,2024-05-26,00:00:00,17280488
A10,A10_N1,A10_N1_20240526_040000.WAV,2024-05-26,04:00:00,17280488
A10,A10_N1,A10_N1_20240526_140000.WAV,2024-05-26,14:00:00,17280488
A10,A10_N1,A10_N1_20240526_180000.WAV,2024-05-26,18:00:00,17280488
A10,A10_N1,A10_N1_20240527_000000.WAV,2024-05-27,00:00:00,17280488
A10,A10_N1,A10_N1_20240527_040000.WAV,2024-05-27,04:00:00,17280488
A10,A10_N1,A10_N1_20240527_140000.WAV,2024-05-27,14:00:00,17280488
A10,A10_N1,A10_N1_20240527_180000.WAV,2024-05-27,18:00:00,17280488
A10,A10_N1,A10_N1_20240528_000000.WAV,2024-05-28,00:00:00,17280488
A10,A10_N1,A10_N1_20240528_040000.WAV,2024-05-28,04:00:00,17280488
A10,A10_N1,A10_N1_20240528_140000.WAV,2024-05-28,14:00:00,17280488
A10,A10_N1,A10_N1_20240528_180000.WAV,2024-05-28,18:00:00,17280488
A10,A10_N1,A10_N1_20240529_000000.WAV,2024-05-29,00:00:00,17280488
A10,A10_N1,A10_N1_20240529_040000.WAV,2024-05-29,04:00:00,17280488
A10,A10_N1,A10_N1_20240529_140000.WAV,2024-05-29,14:00:00,17280488
A10,A10_N1,A10_N1_20240529_180000.WAV,2024-05-29,18:00:00,17280488
A10,A10_N1,A10_N1_20240530_000000.WAV,2024-05-30,00:00:00,17280488
A10,A10_N1,A10_N1_20240530_040000.WAV,2024-05-30,04:00:00,17280488
A10,A10_N1,A10_N1_20240530_140000.WAV,2024-05-30,14:00:00,17280488
A10,A10_N1,A10_N1_20240530_180000.WAV,2024-05-30,18:00:00,17280488
A10,A10_N1,A10_N1_20240531_000000.WAV,2024-05-31,00:00:00,17280488
A10,A10_N1,A10_N1_20240531_040000.WAV,2024-05-31,04:00:00,17280488
A10,A10_N1,A10_N1_20240531_140000.WAV,2024-05-31,14:00:00,17280488
A10,A10_N1,A10_N1_20240531_180000.WAV,2024-05-31,18:00:00,17280488
A10,A10_N1,A10_N1_20240601_000000.WAV,2024-06-01,00:00:00,17280488
A10,A10_N1,A10_N1_20240601_040000.WAV,2024-06-01,04:00:00,17280488
A10,A10_N1,A10_N1_20240601_140000.WAV,2024-06-01,14:00:00,17280488
A10,A10_N1,A10_N1_20240601_180000.WAV,2024-06-01,18:00:00,17280488
A10,A10_N1,A10_N1_20240602_000000.WAV,2024-06-02,00:00:00,17280488
A10,A10_N1,A10_N1_20240602_040000.WAV,2024-06-02,04:00:00,17280488
A10,A10_N1,A10_N1_20240602_140000.WAV,2024-06-02,14:00:00,17280488
A10,A10_N1,A10_N1_20240602_180000.WAV,2024-06-02,18:00:00,17280488
A10,A10_N1,A10_N1_20240603_000000.WAV,2024-06-03,00:00:00,17280488
A10,A10_N1,A10_N1_20240603_040000.WAV,2024-06-03,04:00:00,17280488
A10,A10_N1,A10_N1_20240603_140000.WAV,2024-06-03,14:00:00,17280488
A10,A10_N1,A10_N1_20240603_180000.WAV,2024-06-03,18:00:00,17280488
A10,A10_N1,A10_N1_20240604_000000.WAV,2024-06-04,00:00:00,17280488
A10,A10_N1,A10_N1_20240604_040000.WAV,2024-06-04,04:00:00,17280488
A10,A10_N1,A10_N1_20240604_140000.WAV,2024-06-04,14:00:00,17280488
A10,A10_N1,A10_N1_20240604_180000.WAV,2024-06-04,18:00:00,17280488
A10,A10_N1,A10_N1_20240605_000000.WAV,2024-06-05,00:00:00,17280488
A10,A10_N1,A10_N1_20240605_040000.WAV,2024-06-05,04:00:00,17280488
A10,A10_N1,A10_N1_20240605_140000.WAV,2024-06-05,14:00:00,17280488
A10,A10_N1,A10_N1_20240605_180000.WAV,2024-06-05,18:00:00,17280488
A10,A10_N1,A10_N1_20240606_000000.WAV,2024-06-06,00:00:00,17280488
A10,A10_N1,A10_N1_20240606_040000.WAV,2024-06-06,04:00:00,17280488
A10,A10_N1,A10_N1_20240606_140000.WAV,2024-06-06,14:00:00,17280488
A10,A10_N1,A10_N1_20240606_180000.WAV,2024-06-06,18:00:00,17280488
A10,A10_N1,A10_N1_20240607_000000.WAV,2024-06-07,00:00:00,17280488
A10,A10_N1,A10_N1_20240607_040000.WAV,2024-06-07,04:00:00,17280488
A10,A10_N1,A10_N1_20240607_140000.WAV,2024-06-07,14:00:00,17280488
A10,A10_N1,A10_N1_20240607_180000.WAV,2024-06-07,18:00:00,17280488
A10,A10_N1,A10_N1_20240608_000000.WAV,2024-06-08,00:00:00,17280488
A10,A10_N1,A10_N1_20240608_040000.WAV,2024-06-08,04:00:00,17280488
A10,A10_N1,A10_N1_20240608_140000.WAV,2024-06-08,14:00:00,17280488
A10,A10_N1,A10_N1_20240608_180000.WAV,2024-06-08,18:00:00,17280488
A10,A10_N1,A10_N1_20240609_000000.WAV,2024-06-09,00:00:00,17280488
A10,A10_N1,A10_N1_20240609_040000.WAV,2024-06-09,04:00:00,17280488
A10,A10_N1,A10_N1_20240609_140000.WAV,2024-06-09,14:00:00,17280488
A10,A10_N1,A10_N1_20240609_180000.WAV,2024-06-09,18:00:00,17280488
A10,A10_N1,A10_N1_20240610_000000.WAV,2024-06-10,00:00:00,17280488
A10,A10_N1,A10_N1_20240610_040000.WAV,2024-06-10,04:00:00,17280488
A10,A10_N1,A10_N1_20240610_140000.WAV,2024-06-10,14:00:00,17280488
A10,A10_N1,A10_N1_20240610_180000.WAV,2024-06-10,18:00:00,17280488
A10,A10_N1,A10_N1_20240611_000000.WAV,2024-06-11,00:00:00,17280488
A10,A10_N1,A10_N1_20240611_040000.WAV,2024-06-11,04:00:00,17280488
A10,A10_N1,A10_N1_20240611_140000.WAV,2024-06-11,14:00:00,17280488
A10,A10_N1,A10_N1_20240611_180000.WAV,2024-06-11,18:00:00,17280488
A10,A10_N1,A10_N1_20240612_000000.WAV,2024-06-12,00:00:00,17280488
A10,A10_N1,A10_N1_20240612_040000.WAV,2024-06-12,04:00:00,17280488
A10,A10_N1,A10_N1_20240612_140000.WAV,2024-06-12,14:00:00,17280488
A10,A10_N1,A10_N1_20240612_180000.WAV,2024-06-12,18:00:00,17280488
A10,A10_N1,A10_N1_20240613_000000.WAV,2024-06-13,00:00:00,17280488
A10,A10_N1,A10_N1_20240613_040000.WAV,2024-06-13,04:00:00,17280488
A10,A10_N1,A10_N1_20240613_140000.WAV,2024-06-13,14:00:00,17280488
A10,A10_N1,A10_N1_20240613_180000.WAV,2024-06-13,18:00:00,17280488
A10,A10_N1,A10_N1_20240614_000000.WAV,2024-06-14,00:00:00,17280488
A10,A10_N1,A10_N1_20240614_040000.WAV,2024-06-14,04:00:00,17280488
A10,A10_N1,A10_N1_20240614_140000.WAV,2024-06-14,14:00:00,17280488
A10,A10_N1,A10_N1_20240614_180000.WAV,2024-06-14,18:00:00,17280488
A10,A10_N1,A10_N1_20240615_000000.WAV,2024-06-15,00:00:00,17280488
A10,A10_N1,A10_N1_20240615_040000.WAV,2024-06-15,04:00:00,17280488
A10,A10_N1,A10_N1_20240615_140000.WAV,2024-06-15,14:00:00,17280488
A10,A10_N1,A10_N1_20240615_180000.WAV,2024-06-15,18:00:00,17280488
A10,A10_N1,A10_N1_20240616_000000.WAV,2024-06-16,00:00:00,17280488
A10,A10_N1,A10_N1_20240616_040000.WAV,2024-06-16,04:00:00,17280488
A10,A10_N1,A10_N1_20240616_140000.WAV,2024-06-16,14:00:00,17280488
A10,A10_N1,A10_N1_20240616_180000.WAV,2024-06-16,18:00:00,17280488
A10,A10_N1,A10_N1_20240617_000000.WAV,2024-06-17,00:00:00,17280488
A10,A10_N1,A10_N1_20240617_040000.WAV,2024-06-17,04:00:00,17280488
A10,A10_N1,A10_N1_20240617_140000.WAV,2024-06-17,14:00:00,17280488
A10,A10_N1,A10_N1_20240617_180000.WAV,2024-06-17,18:00:00,17280488
A10,A10_N1,A10_N1_20240618_000000.WAV,2024-06-18,00:00:00,17280488
A10,A10_N1,A10_N1_20240618_040000.WAV,2024-06-18,04:00:00,17280488
A10,A10_N1,A10_N1_20240618_140000.WAV,2024-06-18,14:00:00,17280488
A10,A10_N1,A10_N1_20240618_180000.WAV,2024-06-18,18:00:00,17280488
A10,A10_N1,A10_N1_20240619_000000.WAV,2024-06-19,00:00:00,17280488
A10,A10_N1,A10_N1_20240619_040000.WAV,2024-06-19,04:00:00,17280488
A10,A10_N1,A10_N1_20240619_140000.WAV,2024-06-19,14:00:00,17280488
A10,A10_N1,A10_N1_20240619_180000.WAV,2024-06-19,18:00:00,17280488
A10,A10_N1,A10_N1_20240620_000000.WAV,2024-06-20,00:00:00,17280488
A10,A10_N1,A10_N1_20240620_040000.WAV,2024-06-20,04:00:00,17280488
A10,A10_N1,A10_N1_20240620_140000.WAV,2024-06-20,14:00:00,17280488
A10,A10_N1,A10_N1_20240620_180000.WAV,2024-06-20,18:00:00,17280488
A10,A10_N1,A10_N1_20240621_000000.WAV,2024-06-21,00:00:00,17280488
A10,A10_N1,A10_N1_20240621_040000.WAV,2024-06-21,04:00:00,17280488
A10,A10_N1,A10_N1_20240621_140000.WAV,2024-06-21,14:00:00,17280488
A10,A10_N1,A10_N1_20240621_180000.WAV,2024-06-21,18:00:00,17280488
A10,A10_N1,A10_N1_20240622_000000.WAV,2024-06-22,00:00:00,17280488
A10,A10_N1,A10_N1_20240622_040000.WAV,2024-06-22,04:00:00,17280488
A10,A10_N1,A10_N1_20240622_140000.WAV,2024-06-22,14:00:00,17280488
A10,A10_N1,A10_N1_20240622_180000.WAV,2024-06-22,18:00:00,17280488
A10,A10_N1,A10_N1_20240623_000000.WAV,2024-06-23,00:00:00,17280488
A10,A10_N1,A10_N1_20240623_040000.WAV,2024-06-23,04:00:00,17280488
A10,A10_N1,A10_N1_20240623_140000.WAV,2024-06-23,14:00:00,17280488
A10,A10_N1,A10_N1_20240623_180000.WAV,2024-06-23,18:00:00,17280488
A10,A10_N1,A10_N1_20240624_000000.WAV,2024-06-24,00:00:00,17280488
A10,A10_N1,A10_N1_20240624_040000.WAV,2024-06-24,04:00:00,17280488
A10,A10_N1,A10_N1_20240624_140000.WAV,2024-06-24,14:00:00,17280488
A10,A10_N1,A10_N1_20240624_180000.WAV,2024-06-24,18:00:00,17280488
A10,A10_N1,A10_N1_20240625_000000.WAV,2024-06-25,00:00:00,17280488
A10,A10_N1,A10_N1_20240625_040000.WAV,2024-06-25,04:00:00,17280488
A10,A10_N1,A10_N1_20240625_140000.WAV,2024-06-25,14:00:00,17280488
A10,A10_N1,A10_N1_20240625_180000.WAV,2024-06-25,18:00:00,17280488
A10,A10_N1,A10_N1_20240626_000000.WAV,2024-06-26,00:00:00,17280488
A10,A10_N1,A10_N1_20240626_040000.WAV,2024-06-26,04:00:00,17280488
A10,A10_N1,A10_N1_20240626_140000.WAV,2024-06-26,14:00:00,17280488
A10,A10_N1,A10_N1_20240626_180000.WAV,2024-06-26,18:00:00,17280488
A10,A10_N1,A10_N1_20240627_000000.WAV,2024-06-27,00:00:00,17280488
A10,A10_N1,A10_N1_20240627_040000.WAV,2024-06-27,04:00:00,17280488
A10,A10_N1,A10_N1_20240627_140000.WAV,2024-06-27,14:00:00,17280488
A10,A10_N1,A10_N1_20240627_180000.WAV,2024-06-27,18:00:00,17280488
A10,A10_N1,A10_N1_20240628_000000.WAV,2024-06-28,00:00:00,17280488
A10,A10_N1,A10_N1_20240628_040000.WAV,2024-06-28,04:00:00,17280488
A10,A10_N1,A10_N1_20240628_140000.WAV,2024-06-28,14:00:00,17280488
A10,A10_N1,A10_N1_20240628_180000.WAV,2024-06-28,18:00:00,17280488
A10,A10_N1,A10_N1_20240629_000000.WAV,2024-06-29,00:00:00,17280488
A10,A10_N1,A10_N1_20240629_040000.WAV,2024-06-29,04:00:00,17280488
A10,A10_N1,A10_N1_20240629_140000.WAV,2024-06-29,14:00:00,17280488
A10,A10_N1,A10_N1_20240629_180000.WAV,2024-06-29,18:00:00,17280488
A10,A10_N1,A10_N1_20240630_000000.WAV,2024-06-30,00:00:00,17280488
A10,A10_N1,A10_N1_20240630_040000.WAV,2024-06-30,04:00:00,17280488
A10,A10_N1,A10_N1_20240630_140000.WAV,2024-06-30,14:00:00,17280488
A10,A10_N1,A10_N1_20240630_180000.WAV,2024-06-30,18:00:00,17280488
A10,A10_N1,A10_N1_20240701_000000.WAV,2024-07-01,00:00:00,17280488
A10,A10_N1,A10_N1_20240701_040000.WAV,2024-07-01,04:00:00,17280488
A10,A10_N1,A10_N1_20240701_140000.WAV,2024-07-01,14:00:00,17280488
A10,A10_N1,A10_N1_20240701_180000.WAV,2024-07-01,18:00:00,17280488
A10,A10_N1,A10_N1_20240702_000000.WAV,2024-07-02,00:00:00,17280488
A10,A10_N1,A10_N1_20240702_040000.WAV,2024-07-02,04:00:00,17280488
A10,A10_N1,A10_N1_20240702_140000.WAV,2024-07-02,14:00:00,17280488
A10,A10_N1,A10_N1_20240702_180000.WAV,2024-07-02,18:00:00,17280488
A10,A10_N1,A10_N1_20240703_000000.WAV,2024-07-03,00:00:00,17280488
A10,A10_N1,A10_N1_20240703_040000.WAV,2024-07-03,04:00:00,17280488
A10,A10_N1,A10_N1_20240703_140000.WAV,2024-07-03,14:00:00,17280488
A10,A10_N1,A10_N1_20240703_180000.WAV,2024-07-03,18:00:00,17280488
A10,A10_N1,A10_N1_20240704_000000.WAV,2024-07-04,00:00:00,17280488
A10,A10_N1,A10_N1_20240704_040000.WAV,2024-07-04,04:00:00,17280488
A10,A10_N1,A10_N1_20240704_140000.WAV,2024-07-04,14:00:00,17280488
A10,A10_N1,A10_N1_20240704_180000.WAV,2024-07-04,18:00:00,17280488
A10,A10_N1,A10_N1_20240705_000000.WAV,2024-07-05,00:00:00,17280488
A10,A10_N1,A10_N1_20240705_040000.WAV,2024-07-05,04:00:00,17280488
A10,A10_N1,A10_N1_20240705_140000.WAV,2024-07-05,14:00:00,17280488
A10,A10_N1,A10_N1_20240705_180000.WAV,2024-07-05,18:00:00,17280488
A10,A10_N1,A10_N1_20240706_000000.WAV,2024-07-06,00:00:00,17280488
A10,A10_N1,A10_N1_20240706_040000.WAV,2024-07-06,04:00:00,17280488
A10,A10_N1,A10_N1_20240706_140000.WAV,2024-07-06,14:00:00,17280488
A10,A10_N1,A10_N1_20240706_180000.WAV,2024-07-06,18:00:00,17280488
A10,A10_N1,A10_N1_20240707_000000.WAV,2024-07-07,00:00:00,17280488
A10,A10_N1,A10_N1_20240707_040000.WAV,2024-07-07,04:00:00,17280488
A10,A10_N1,A10_N1_20240707_140000.WAV,2024-07-07,14:00:00,17280488
A10,A10_N1,A10_N1_20240707_180000.WAV,2024-07-07,18:00:00,17280488
A10,A10_N1,A10_N1_20240708_000000.WAV,2024-07-08,00:00:00,17280488
A10,A10_N1,A10_N1_20240708_040000.WAV,2024-07-08,04:00:00,17280488
A10,A10_N1,A10_N1_20240708_140000.WAV,2024-07-08,14:00:00,17280488
A10,A10_N1,A10_N1_20240708_180000.WAV,2024-07-08,18:00:00,17280488
A10,A10_N1,A10_N1_20240709_000000.WAV,2024-07-09,00:00:00,17280488
A10,A10_N1,A10_N1_20240709_040000.WAV,2024-07-09,04:00:00,17280488
A10,A10_N1,A10_N1_20240709_140000.WAV,2024-07-09,14:00:00,17280488
A10,A10_N1,A10_N1_20240709_180000.WAV,2024-07-09,18:00:00,17280488
A10,A10_N1,A10_N1_20240710_000000.WAV,2024-07-10,00:00:00,17280488
A10,A10_N1,A10_N1_20240710_040000.WAV,2024-07-10,04:00:00,17280488
A10,A10_N1,A10_N1_20240710_140000.WAV,2024-07-10,14:00:00,17280488
A10,A10_N1,A10_N1_20240710_180000.WAV,2024-07-10,18:00:00,17280488
A10,A10_N1,A10_N1_20240711_000000.WAV,2024-07-11,00:00:00,17280488
A10,A10_N1,A10_N1_20240711_040000.WAV,2024-07-11,04:00:00,17280488
A10,A10_N1,A10_N1_20240711_140000.WAV,2024-07-11,14:00:00,17280488
A10,A10_N1,A10_N1_20240711_180000.WAV,2024-07-11,18:00:00,17280488
A10,A10_N1,A10_N1_20240712_000000.WAV,2024-07-12,00:00:00,17280488
A10,A10_N1,A10_N1_20240712_040000.WAV,2024-07-12,04:00:00,17280488
A10,A10_N1,A10_N1_20240712_140000.WAV,2024-07-12,14:00:00,17280488
A10,A10_N1,A10_N1_20240712_180000.WAV,2024-07-12,18:00:00,17280488
A10,A10_N1,A10_N1_20240713_000000.WAV,2024-07-13,00:00:00,17280488
A10,A10_N1,A10_N1_20240713_040000.WAV,2024-07-13,04:00:00,17280488
A10,A10_N1,A10_N1_20240713_140000.WAV,2024-07-13,14:00:00,17280488
A10,A10_N1,A10_N1_20240713_180000.WAV,2024-07-13,18:00:00,17280488
A10,A10_N1,A10_N1_20240714_000000.WAV,2024-07-14,00:00:00,17280488
A10,A10_N1,A10_N1_20240714_040000.WAV,2024-07-14,04:00:00,17280488
A10,A10_N1,A10_N1_20240714_140000.WAV,2024-07-14,14:00:00,17280488
A10,A10_N1,A10_N1_20240714_180000.WAV,2024-07-14,18:00:00,17280488
A10,A10_N1,A10_N1_20240715_000000.WAV,2024-07-15,00:00:00,17280488
A10,A10_N1,A10_N1_20240715_040000.WAV,2024-07-15,04:00:00,17280488
A10,A10_N1,A10_N1_20240715_140000.WAV,2024-07-15,14:00:00,17280488
A10,A10_N1,A10_N1_20240715_180000.WAV,2024-07-15,18:00:00,17280488
A10,A10_N1,A10_N1_20240716_000000.WAV,2024-07-16,00:00:00,17280488
A10,A10_N1,A10_N1_20240716_040000.WAV,2024-07-16,04:00:00,17280488
A10,A10_N1,A10_N1_20240716_140000.WAV,2024-07-16,14:00:00,17280488
A10,A10_N1,A10_N1_20240716_180000.WAV,2024-07-16,18:00:00,17280488
A10,A10_N1,A10_N1_20240717_000000.WAV,2024-07-17,00:00:00,17280488
A10,A10_N1,A10_N1_20240717_040000.WAV,2024-07-17,04:00:00,17280488
A10,A10_N1,A10_N1_20240717_140000.WAV,2024-07-17,14:00:00,17280488
A10,A10_N1,A10_N1_20240717_180000.WAV,2024-07-17,18:00:00,17280488
A10,A10_N1,A10_N1_20240718_000000.WAV,2024-07-18,00:00:00,17280488
A10,A10_N1,A10_N1_20240718_040000.WAV,2024-07-18,04:00:00,17280488
A10,A10_N1,A10_N1_20240718_140000.WAV,2024-07-18,14:00:00,17280488
A10,A10_N1,A10_N1_20240718_180000.WAV,2024-07-18,18:00:00,17280488
A10,A10_N1,A10_N1_20240719_000000.WAV,2024-07-19,00:00:00,17280488
A10,A10_N1,A10_N1_20240719_040000.WAV,2024-07-19,04:00:00,17280488
A10,A10_N1,A10_N1_20240719_140000.WAV,2024-07-19,14:00:00,17280488
A10,A10_N1,A10_N1_20240719_180000.WAV,2024-07-19,18:00:00,17280488
A10,A10_N1,A10_N1_20240720_000000.WAV,2024-07-20,00:00:00,17280488
A10,A10_N1,A10_N1_20240720_040000.WAV,2024-07-20,04:00:00,17280488
A10,A10_N1,A10_N1_20240720_140000.WAV,2024-07-20,14:00:00,17280488
A10,A10_N1,A10_N1_20240720_180000.WAV,2024-07-20,18:00:00,17280488
A10,A10_N1,A10_N1_20240721_000000.WAV,2024-07-21,00:00:00,17280488
A10,A10_N1,A10_N1_20240721_040000.WAV,2024-07-21,04:00:00,17280488
A10,A10_N1,A10_N1_20240721_140000.WAV,2024-07-21,14:00:00,17280488
A10,A10_N1,A10_N1_20240721_180000.WAV,2024-07-21,18:00:00,17280488
A10,A10_N1,A10_N1_20240722_000000.WAV,2024-07-22,00:00:00,17280488
A10,A10_N1,A10_N1_20240722_040000.WAV,2024-07-22,04:00:00,17280488
A10,A10_N1,A10_N1_20240722_140000.WAV,2024-07-22,14:00:00,17280488
A10,A10_N1,A10_N1_20240722_180000.WAV,2024-07-22,18:00:00,17280488
A10,A10_N1,A10_N1_20240723_000000.WAV,2024-07-23,00:00:00,17280488
A10,A10_N1,A10_N1_20240723_040000.WAV,2024-07-23,04:00:00,17280488
A10,A10_N1,A10_N1_20240723_140000.WAV,2024-07-23,14:00:00,17280488
A10,A10_N1,A10_N1_20240723_180000.WAV,2024-07-23,18:00:00,17280488
A10,A10_N1,A10_N1_20240724_000000.WAV,2024-07-24,00:00:00,17280488
A10,A10_N1,A10_N1_20240724_040000.WAV,2024-07-24,04:00:00,17280488
A10,A10_N1,A10_N1_20240724_140000.WAV,2024-07-24,14:00:00,17280488
A10,A10_N1,A10_N1_20240724_180000.WAV,2024-07-24,18:00:00,17280488
A10,A10_N1,A10_N1_20240725_000000.WAV,2024-07-25,00:00:00,17280488
A10,A10_N1,A10_N1_20240725_040000.WAV,2024-07-25,04:00:00,17280488
A10,A10_N1,A10_N1_20240725_140000.WAV,2024-07-25,14:00:00,17280488
A10,A10_N1,A10_N1_20240725_180000.WAV,2024-07-25,18:00:00,17280488
A10,A10_N1,A10_N1_20240726_000000.WAV,2024-07-26,00:00:00,17280488
A10,A10_N1,A10_N1_20240726_040000.WAV,2024-07-26,04:00:00,17280488
A10,A10_N1,A10_N1_20240726_140000.WAV,2024-07-26,14:00:00,17280488
A10,A10_N1,A10_N1_20240726_180000.WAV,2024-07-26,18:00:00,17280488
A10,A10_N1,A10_N1_20240727_000000.WAV,2024-07-27,00:00:00,17280488
A10,A10_N1,A10_N1_20240727_040000.WAV,2024-07-27,04:00:00,17280488
A10,A10_N1,A10_N1_20240727_140000.WAV,2024-07-27,14:00:00,17280488
A10,A10_N1,A10_N1_20240727_180000.WAV,2024-07-27,18:00:00,17280488
A10,A10_N1,A10_N1_20240728_000000.WAV,2024-07-28,00:00:00,17280488
A10,A10_N1,A10_N1_20240728_040000.WAV,2024-07-28,04:00:00,17280488
A10,A10_N1,A10_N1_20240728_140000.WAV,2024-07-28,14:00:00,17280488
A10,A10_N1,A10_N1_20240728_180000.WAV,2024-07-28,18:00:00,17280488
A10,A10_N1,A10_N1_20240729_000000.WAV,2024-07-29,00:00:00,17280488
A10,A10_N1,A10_N1_20240729_040000.WAV,2024-07-29,04:00:00,17280488
A10,A10_N1,A10_N1_20240729_140000.WAV,2024-07-29,14:00:00,17280488
A10,A10_N1,A10_N1_20240729_180000.WAV,2024-07-29,18:00:00,17280488
A10,A10_N1,A10_N1_20240730_000000.WAV,2024-07-30,00:00:00,17280488
A10,A10_N1,A10_N1_20240730_040000.WAV,2024-07-30,04:00:00,17280488
A10,A10_N1,A10_N1_20240730_140000.WAV,2024-07-30,14:00:00,17280488
A10,A10_N1,A10_N1_20240730_180000.WAV,2024-07-30,18:00:00,17280488
A10,A10_N1,A10_N1_20240731_000000.WAV,2024-07-31,00:00:00,17280488
A10,A10_N1,A10_N1_20240731_040000.WAV,2024-07-31,04:00:00,17280488
A10,A10_N1,A10_N1_20240731_140000.WAV,2024-07-31,14:00:00,17280488
A10,A10_N1,A10_N1_20240731_180000.WAV,2024-07-31,18:00:00,17280488
A10,A10_N1,A10_N1_20240801_000000.WAV,2024-08-01,00:00:00,17280488
A10,A10_N1,A10_N1_20240801_040000.WAV,2024-08-01,04:00:00,17280488
A10,A10_N1,A10_N1_20240801_140000.WAV,2024-08-01,14:00:00,17280488
A10,A10_N1,A10_N1_20240801_180000.WAV,2024-08-01,18:00:00,17280488
A10,A10_N1,A10_N1_20240802_000000.WAV,2024-08-02,00:00:00,17280488
A10,A10_N1,A10_N1_20240802_040000.WAV,2024-08-02,04:00:00,17280488
A10,A10_N1,A10_N1_20240802_140000.WAV,2024-08-02,14:00:00,17280488
A10,A10_N1,A10_N1_20240802_180000.WAV,2024-08-02,18:00:00,17280488
A10,A10_N1,A10_N1_20240803_000000.WAV,2024-08-03,00:00:00,17280488
A10,A10_N1,A10_N1_20240803_040000.WAV,2024-08-03,04:00:00,17280488
A10,A10_N1,A10_N1_20240803_140000.WAV,2024-08-03,14:00:00,17280488
A10,A10_N1,A10_N1_20240803_180000.WAV,2024-08-03,18:00:00,17280488
A10,A10_N1,A10_N1_20240804_000000.WAV,2024-08-04,00:00:00,17280488
A10,A10_N1,A10_N1_20240804_040000.WAV,2024-08-04,04:00:00,17280488
A10,A10_N1,A10_N1_20240804_140000.WAV,2024-08-04,14:00:00,17280488
A10,A10_N1,A10_N1_20240804_180000.WAV,2024-08-04,18:00:00,17280488
A10,A10_N1,A10_N1_20240805_000000.WAV,2024-08-05,00:00:00,17280488
A10,A10_N1,A10_N1_20240805_040000.WAV,2024-08-05,04:00:00,17280488
A10,A10_N1,A10_N1_20240805_140000.WAV,2024-08-05,14:00:00,17280488
A10,A10_N1,A10_N1_20240805_180000.WAV,2024-08-05,18:00:00,17280488
A10,A10_N1,A10_N1_20240806_000000.WAV,2024-08-06,00:00:00,17280488
A10,A10_N1,A10_N1_20240806_040000.WAV,2024-08-06,04:00:00,17280488
A10,A10_N1,A10_N1_20240806_140000.WAV,2024-08-06,14:00:00,17280488
A10,A10_N1,A10_N1_20240806_180000.WAV,2024-08-06,18:00:00,17280488
A10,A10_N1,A10_N1_20240807_000000.WAV,2024-08-07,00:00:00,17280488
A10,A10_N1,A10_N1_20240807_040000.WAV,2024-08-07,04:00:00,17280488
A10,A10_N1,A10_N1_20240807_140000.WAV,2024-08-07,14:00:00,17280488
A10,A10_N1,A10_N1_20240807_180000.WAV,2024-08-07,18:00:00,17280488
A10,A10_N1,A10_N1_20240808_000000.WAV,2024-08-08,00:00:00,17280488
A10,A10_N1,A10_N1_20240808_040000.WAV,2024-08-08,04:00:00,17280488
A10,A10_N1,A10_N1_20240808_140000.WAV,2024-08-08,14:00:00,17280488
A10,A10_N1,A10_N1_20240808_180000.WAV,2024-08-08,18:00:00,17280488
A10,A10_N1,A10_N1_20240809_000000.WAV,2024-08-09,00:00:00,17280488
A10,A10_N1,A10_N1_20240809_040000.WAV,2024-08-09,04:00:00,17280488
A10,A10_N1,A10_N1_20240809_140000.WAV,2024-08-09,14:00:00,17280488
A10,A10_N1,A10_N1_20240809_180000.WAV,2024-08-09,18:00:00,17280488
A10,A10_N1,A10_N1_20240810_000000.WAV,2024-08-10,00:00:00,17280488
A10,A10_N1,A10_N1_20240810_040000.WAV,2024-08-10,04:00:00,17280488
A10,A10_N1,A10_N1_20240810_140000.WAV,2024-08-10,14:00:00,17280488
A10,A10_N1,A10_N1_20240810_180000.WAV,2024-08-10,18:00:00,17280488
A10,A10_N1,A10_N1_20240811_000000.WAV,2024-08-11,00:00:00,17280488
A10,A10_N1,A10_N1_20240811_040000.WAV,2024-08-11,04:00:00,17280488
A10,A10_N1,A10_N1_20240811_140000.WAV,2024-08-11,14:00:00,17280488
A10,A10_N1,A10_N1_20240811_180000.WAV,2024-08-11,18:00:00,17280488
A10,A10_N1,A10_N1_20240812_000000.WAV,2024-08-12,00:00:00,17280488
A10,A10_N1,A10_N1_20240812_040000.WAV,2024-08-12,04:00:00,17280488
A10,A10_N1,A10_N1_20240812_140000.WAV,2024-08-12,14:00:00,17280488
A10,A10_N1,A10_N1_20240812_180000.WAV,2024-08-12,18:00:00,17280488
A10,A10_N1,A10_N1_20240813_000000.WAV,2024-08-13,00:00:00,17280488
A10,A10_N1,A10_N1_20240813_040000.WAV,2024-08-13,04:00:00,17280488
A10,A10_N1,A10_N1_20240813_140000.WAV,2024-08-13,14:00:00,17280488
A10,A10_N1,A10_N1_20240813_180000.WAV,2024-08-13,18:00:00,17280488
A10,A10_N1,A10_N1_20240814_000000.WAV,2024-08-14,00:00:00,17280488
A10,A10_N1,A10_N1_20240814_040000.WAV,2024-08-14,04:00:00,17280488
A10,A10_N1,A10_N1_20240814_140000.WAV,2024-08-14,14:00:00,17280488
A10,A10_N1,A10_N1_20240814_180000.WAV,2024-08-14,18:00:00,17280488
A10,A10_N1,A10_N1_20240815_000000.WAV,2024-08-15,00:00:00,17280488
A10,A10_N1,A10_N1_20240815_040000.WAV,2024-08-15,04:00:00,17280488
A10,A10_N1,A10_N1_20240815_140000.WAV,2024-08-15,14:00:00,17280488
A10,A10_N1,A10_N1_20240815_180000.WAV,2024-08-15,18:00:00,17280488
A10,A10_N1,A10_N1_20240816_000000.WAV,2024-08-16,00:00:00,17280488
A10,A10_N1,A10_N1_20240816_040000.WAV,2024-08-16,04:00:00,17280488
A10,A10_N1,A10_N1_20240816_140000.WAV,2024-08-16,14:00:00,17280488
A10,A10_N1,A10_N1_20240816_180000.WAV,2024-08-16,18:00:00,17280488
A10,A10_N1,A10_N1_20240817_000000.WAV,2024-08-17,00:00:00,17280488
A10,A10_N1,A10_N1_20240817_040000.WAV,2024-08-17,04:00:00,17280488
A10,A10_N1,A10_N1_20240817_140000.WAV,2024-08-17,14:00:00,17280488
A10,A10_N1,A10_N1_20240817_180000.WAV,2024-08-17,18:00:00,17280488
A10,A10_N1,A10_N1_20240818_000000.WAV,2024-08-18,00:00:00,17280488
A10,A10_N1,A10_N1_20240818_040000.WAV,2024-08-18,04:00:00,17280488
A10,A10_N1,A10_N1_20240818_140000.WAV,2024-08-18,14:00:00,17280488
A10,A10_N1,A10_N1_20240818_180000.WAV,2024-08-18,18:00:00,17280488
A10,A10_N1,A10_N1_20240819_000000.WAV,2024-08-19,00:00:00,17280488
A10,A10_N1,A10_N1_20240819_040000.WAV,2024-08-19,04:00:00,17280488
A10,A10_N1,A10_N1_20240819_140000.WAV,2024-08-19,14:00:00,17280488
A10,A10_N1,A10_N1_20240819_180000.WAV,2024-08-19,18:00:00,17280488
A10,A10_N1,A10_N1_20240820_000000.WAV,2024-08-20,00:00:00,17280488
A10,A10_N1,A10_N1_20240820_040000.WAV,2024-08-20,04:00:00,17280488
A10,A10_N1,A10_N1_20240820_140000.WAV,2024-08-20,14:00:00,17280488
A10,A10_N1,A10_N1_20240820_180000.WAV,2024-08-20,18:00:00,17280488
A10,A10_N1,A10_N1_20240821_000000.WAV,2024-08-21,00:00:00,17280488
A10,A10_N1,A10_N1_20240821_040000.WAV,2024-08-21,04:00:00,17280488
A10,A10_N2,A10_N2_20240326_000000.WAV,2024-03-26,00:00:00,17280488
A10,A10_N2,A10_N2_20240326_040000.WAV,2024-03-26,04:00:00,17280488
A10,A10_N2,A10_N2_20240326_140000.WAV,2024-03-26,14:00:00,17280488
A10,A10_N2,A10_N2_20240326_180000.WAV,2024-03-26,18:00:00,17280488
A10,A10_N2,A10_N2_20240327_000000.WAV,2024-03-27,00:00:00,17280488
A10,A10_N2,A10_N2_20240327_040000.WAV,2024-03-27,04:00:00,17280488
A10,A10_N2,A10_N2_20240327_140000.WAV,2024-03-27,14:00:00,17280488
A10,A10_N2,A10_N2_20240327_180000.WAV,2024-03-27,18:00:00,17280488
A10,A10_N2,A10_N2_20240328_000000.WAV,2024-03-28,00:00:00,17280488
A10,A10_N2,A10_N2_20240328_040000.WAV,2024-03-28,04:00:00,17280488
A10,A10_N2,A10_N2_20240328_140000.WAV,2024-03-28,14:00:00,17280488
A10,A10_N2,A10_N2_20240328_180000.WAV,2024-03-28,18:00:00,17280488
A10,A10_N2,A10_N2_20240329_000000.WAV,2024-03-29,00:00:00,17280488
A10,A10_N2,A10_N2_20240329_040000.WAV,2024-03-29,04:00:00,17280488
A10,A10_N2,A10_N2_20240329_140000.WAV,2024-03-29,14:00:00,17280488
A10,A10_N2,A10_N2_20240329_180000.WAV,2024-03-29,18:00:00,17280488
A10,A10_N2,A10_N2_20240330_000000.WAV,2024-03-30,00:00:00,17280488
A10,A10_N2,A10_N2_20240330_040000.WAV,2024-03-30,04:00:00,17280488
A10,A10_N2,A10_N2_20240330_140000.WAV,2024-03-30,14:00:00,17280488
A10,A10_N2,A10_N2_20240330_180000.WAV,2024-03-30,18:00:00,17280488
A10,A10_N2,A10_N2_20240331_000000.WAV,2024-03-31,00:00:00,17280488
A10,A10_N2,A10_N2_20240331_040000.WAV,2024-03-31,04:00:00,17280488
A10,A10_N2,A10_N2_20240331_140000.WAV,2024-03-31,14:00:00,17280488
A10,A10_N2,A10_N2_20240331_180000.WAV,2024-03-31,18:00:00,17280488
A10,A10_N2,A10_N2_20240401_000000.WAV,2024-04-01,00:00:00,17280488
A10,A10_N2,A10_N2_20240401_040000.WAV,2024-04-01,04:00:00,17280488
A10,A10_N2,A10_N2_20240401_140000.WAV,2024-04-01,14:00:00,17280488
A10,A10_N2,A10_N2_20240401_180000.WAV,2024-04-01,18:00:00,17280488
A10,A10_N2,A10_N2_20240402_000000.WAV,2024-04-02,00:00:00,17280488
A10,A10_N2,A10_N2_20240402_040000.WAV,2024-04-02,04:00:00,17280488
A10,A10_N2,A10_N2_20240402_140000.WAV,2024-04-02,14:00:00,17280488
A10,A10_N2,A10_N2_20240402_180000.WAV,2024-04-02,18:00:00,17280488
A10,A10_N2,A10_N2_20240403_000000.WAV,2024-04-03,00:00:00,17280488
A10,A10_N2,A10_N2_20240403_040000.WAV,2024-04-03,04:00:00,17280488
A10,A10_N2,A10_N2_20240403_140000.WAV,2024-04-03,14:00:00,17280488
A10,A10_N2,A10_N2_20240403_180000.WAV,2024-04-03,18:00:00,17280488
A10,A10_N2,A10_N2_20240404_000000.WAV,2024-04-04,00:00:00,17280488
A10,A10_N2,A10_N2_20240404_040000.WAV,2024-04-04,04:00:00,17280488
A10,A10_N2,A10_N2_20240404_140000.WAV,2024-04-04,14:00:00,17280488
A10,A10_N2,A10_N2_20240404_180000.WAV,2024-04-04,18:00:00,17280488
A10,A10_N2,A10_N2_20240405_000000.WAV,2024-04-05,00:00:00,17280488
A10,A10_N2,A10_N2_20240405_040000.WAV,2024-04-05,04:00:00,17280488
A10,A10_N2,A10_N2_20240405_140000.WAV,2024-04-05,14:00:00,17280488
A10,A10_N2,A10_N2_20240405_180000.WAV,2024-04-05,18:00:00,17280488
A10,A10_N2,A10_N2_20240406_000000.WAV,2024-04-06,00:00:00,17280488
A10,A10_N2,A10_N2_20240406_040000.WAV,2024-04-06,04:00:00,17280488
A10,A10_N2,A10_N2_20240406_140000.WAV,2024-04-06,14:00:00,17280488
A10,A10_N2,A10_N2_20240406_180000.WAV,2024-04-06,18:00:00,17280488
A10,A10_N2,A10_N2_20240407_000000.WAV,2024-04-07,00:00:00,17280488
A10,A10_N2,A10_N2_20240407_040000.WAV,2024-04-07,04:00:00,17280488
A10,A10_N2,A10_N2_20240407_140000.WAV,2024-04-07,14:00:00,17280488
A10,A10_N2,A10_N2_20240407_180000.WAV,2024-04-07,18:00:00,17280488
A10,A10_N2,A10_N2_20240408_000000.WAV,2024-04-08,00:00:00,17280488
A10,A10_N2,A10_N2_20240408_040000.WAV,2024-04-08,04:00:00,17280488
A10,A10_N2,A10_N2_20240408_140000.WAV,2024-04-08,14:00:00,17280488
A10,A10_N2,A10_N2_20240408_180000.WAV,2024-04-08,18:00:00,17280488
A10,A10_N2,A10_N2_20240409_000000.WAV,2024-04-09,00:00:00,17280488
A10,A10_N2,A10_N2_20240409_040000.WAV,2024-04-09,04:00:00,17280488
A10,A10_N2,A10_N2_20240409_140000.WAV,2024-04-09,14:00:00,17280488
A10,A10_N2,A10_N2_20240409_180000.WAV,2024-04-09,18:00:00,17280488
A10,A10_N2,A10_N2_20240410_000000.WAV,2024-04-10,00:00:00,17280488
A10,A10_N2,A10_N2_20240410_040000.WAV,2024-04-10,04:00:00,17280488
A10,A10_N2,A10_N2_20240410_140000.WAV,2024-04-10,14:00:00,17280488
A10,A10_N2,A10_N2_20240410_180000.WAV,2024-04-10,18:00:00,17280488
A10,A10_N2,A10_N2_20240411_000000.WAV,2024-04-11,00:00:00,17280488
A10,A10_N2,A10_N2_20240411_040000.WAV,2024-04-11,04:00:00,17280488
A10,A10_N2,A10_N2_20240411_140000.WAV,2024-04-11,14:00:00,17280488
A10,A10_N2,A10_N2_20240411_180000.WAV,2024-04-11,18:00:00,17280488
A10,A10_N2,A10_N2_20240412_000000.WAV,2024-04-12,00:00:00,17280488
A10,A10_N2,A10_N2_20240412_040000.WAV,2024-04-12,04:00:00,17280488
A10,A10_N2,A10_N2_20240412_140000.WAV,2024-04-12,14:00:00,17280488
A10,A10_N2,A10_N2_20240412_180000.WAV,2024-04-12,18:00:00,17280488
A10,A10_N2,A10_N2_20240413_000000.WAV,2024-04-13,00:00:00,17280488
A10,A10_N2,A10_N2_20240413_040000.WAV,2024-04-13,04:00:00,17280488
A10,A10_N2,A10_N2_20240413_140000.WAV,2024-04-13,14:00:00,17280488
A10,A10_N2,A10_N2_20240413_180000.WAV,2024-04-13,18:00:00,17280488
A10,A10_N2,A10_N2_20240414_000000.WAV,2024-04-14,00:00:00,17280488
A10,A10_N2,A10_N2_20240414_040000.WAV,2024-04-14,04:00:00,17280488
A10,A10_N2,A10_N2_20240414_140000.WAV,2024-04-14,14:00:00,17280488
A10,A10_N2,A10_N2_20240414_180000.WAV,2024-04-14,18:00:00,17280488
A10,A10_N2,A10_N2_20240415_000000.WAV,2024-04-15,00:00:00,17280488
A10,A10_N2,A10_N2_20240415_040000.WAV,2024-04-15,04:00:00,17280488
A10,A10_N2,A10_N2_20240415_140000.WAV,2024-04-15,14:00:00,17280488
A10,A10_N2,A10_N2_20240415_180000.WAV,2024-04-15,18:00:00,17280488
A10,A10_N2,A10_N2_20240416_000000.WAV,2024-04-16,00:00:00,17280488
A10,A10_N2,A10_N2_20240416_040000.WAV,2024-04-16,04:00:00,17280488
A10,A10_N2,A10_N2_20240416_140000.WAV,2024-04-16,14:00:00,17280488
A10,A10_N2,A10_N2_20240416_180000.WAV,2024-04-16,18:00:00,17280488
A10,A10_N2,A10_N2_20240417_000000.WAV,2024-04-17,00:00:00,17280488
A10,A10_N2,A10_N2_20240417_040000.WAV,2024-04-17,04:00:00,17280488
A10,A10_N2,A10_N2_20240417_140000.WAV,2024-04-17,14:00:00,17280488
A10,A10_N2,A10_N2_20240417_180000.WAV,2024-04-17,18:00:00,17280488
A10,A10_N2,A10_N2_20240418_000000.WAV,2024-04-18,00:00:00,17280488
A10,A10_N2,A10_N2_20240418_040000.WAV,2024-04-18,04:00:00,17280488
A10,A10_N2,A10_N2_20240418_140000.WAV,2024-04-18,14:00:00,17280488
A10,A10_N2,A10_N2_20240418_180000.WAV,2024-04-18,18:00:00,17280488
A10,A10_N2,A10_N2_20240419_000000.WAV,2024-04-19,00:00:00,17280488
A10,A10_N2,A10_N2_20240419_040000.WAV,2024-04-19,04:00:00,17280488
A10,A10_N2,A10_N2_20240419_140000.WAV,2024-04-19,14:00:00,17280488
A10,A10_N2,A10_N2_20240419_180000.WAV,2024-04-19,18:00:00,17280488
A10,A10_N2,A10_N2_20240420_000000.WAV,2024-04-20,00:00:00,17280488
A10,A10_N2,A10_N2_20240420_040000.WAV,2024-04-20,04:00:00,17280488
A10,A10_N2,A10_N2_20240420_140000.WAV,2024-04-20,14:00:00,17280488
A10,A10_N2,A10_N2_20240420_180000.WAV,2024-04-20,18:00:00,17280488
A10,A10_N2,A10_N2_20240421_000000.WAV,2024-04-21,00:00:00,17280488
A10,A10_N2,A10_N2_20240421_040000.WAV,2024-04-21,04:00:00,17280488
A10,A10_N2,A10_N2_20240421_140000.WAV,2024-04-21,14:00:00,17280488
A10,A10_N2,A10_N2_20240421_180000.WAV,2024-04-21,18:00:00,17280488
A10,A10_N2,A10_N2_20240422_000000.WAV,2024-04-22,00:00:00,17280488
A10,A10_N2,A10_N2_20240422_040000.WAV,2024-04-22,04:00:00,17280488
A10,A10_N2,A10_N2_20240422_140000.WAV,2024-04-22,14:00:00,17280488
A10,A10_N2,A10_N2_20240422_180000.WAV,2024-04-22,18:00:00,17280488
A10,A10_N2,A10_N2_20240423_000000.WAV,2024-04-23,00:00:00,17280488
A10,A10_N2,A10_N2_20240423_040000.WAV,2024-04-23,04:00:00,17280488
A10,A10_N2,A10_N2_20240423_140000.WAV,2024-04-23,14:00:00,17280488
A10,A10_N2,A10_N2_20240423_180000.WAV,2024-04-23,18:00:00,17280488
A10,A10_N2,A10_N2_20240424_000000.WAV,2024-04-24,00:00:00,17280488
A10,A10_N2,A10_N2_20240424_040000.WAV,2024-04-24,04:00:00,17280488
A10,A10_N2,A10_N2_20240424_140000.WAV,2024-04-24,14:00:00,17280488
A10,A10_N2,A10_N2_20240424_180000.WAV,2024-04-24,18:00:00,17280488
A10,A10_N2,A10_N2_20240425_000000.WAV,2024-04-25,00:00:00,17280488
A10,A10_N2,A10_N2_20240425_040000.WAV,2024-04-25,04:00:00,17280488
A10,A10_N2,A10_N2_20240425_140000.WAV,2024-04-25,14:00:00,17280488
A10,A10_N2,A10_N2_20240425_180000.WAV,2024-04-25,18:00:00,17280488
A10,A10_N2,A10_N2_20240426_000000.WAV,2024-04-26,00:00:00,17280488
A10,A10_N2,A10_N2_20240426_040000.WAV,2024-04-26,04:00:00,17280488
A10,A10_N2,A10_N2_20240426_140000.WAV,2024-04-26,14:00:00,17280488
A10,A10_N2,A10_N2_20240426_180000.WAV,2024-04-26,18:00:00,17280488
A10,A10_N2,A10_N2_20240427_000000.WAV,2024-04-27,00:00:00,17280488
A10,A10_N2,A10_N2_20240427_040000.WAV,2024-04-27,04:00:00,17280488
A10,A10_N2,A10_N2_20240427_140000.WAV,2024-04-27,14:00:00,17280488
A10,A10_N2,A10_N2_20240427_180000.WAV,2024-04-27,18:00:00,17280488
A10,A10_N2,A10_N2_20240428_000000.WAV,2024-04-28,00:00:00,17280488
A10,A10_N2,A10_N2_20240428_040000.WAV,2024-04-28,04:00:00,17280488
A10,A10_N2,A10_N2_20240428_140000.WAV,2024-04-28,14:00:00,17280488
A10,A10_N2,A10_N2_20240428_180000.WAV,2024-04-28,18:00:00,17280488
A10,A10_N2,A10_N2_20240429_000000.WAV,2024-04-29,00:00:00,17280488
A10,A10_N2,A10_N2_20240429_040000.WAV,2024-04-29,04:00:00,17280488
A10,A10_N2,A10_N2_20240429_140000.WAV,2024-04-29,14:00:00,17280488
A10,A10_N2,A10_N2_20240429_180000.WAV,2024-04-29,18:00:00,17280488
A10,A10_N2,A10_N2_20240430_000000.WAV,2024-04-30,00:00:00,17280488
A10,A10_N2,A10_N2_20240430_040000.WAV,2024-04-30,04:00:00,17280488
A10,A10_N2,A10_N2_20240430_140000.WAV,2024-04-30,14:00:00,17280488
A10,A10_N2,A10_N2_20240430_180000.WAV,2024-04-30,18:00:00,17280488
A10,A10_N2,A10_N2_20240501_000000.WAV,2024-05-01,00:00:00,17280488
A10,A10_N2,A10_N2_20240501_040000.WAV,2024-05-01,04:00:00,17280488
A10,A10_N2,A10_N2_20240501_140000.WAV,2024-05-01,14:00:00,17280488
A10,A10_N2,A10_N2_20240501_180000.WAV,2024-05-01,18:00:00,17280488
A10,A10_N2,A10_N2_20240502_000000.WAV,2024-05-02,00:00:00,17280488
A10,A10_N2,A10_N2_20240502_040000.WAV,2024-05-02,04:00:00,17280488
A10,A10_N2,A10_N2_20240502_140000.WAV,2024-05-02,14:00:00,17280488
A10,A10_N2,A10_N2_20240502_180000.WAV,2024-05-02,18:00:00,17280488
A10,A10_N2,A10_N2_20240503_000000.WAV,2024-05-03,00:00:00,17280488
A10,A10_N2,A10_N2_20240503_040000.WAV,2024-05-03,04:00:00,17280488
A10,A10_N2,A10_N2_20240503_140000.WAV,2024-05-03,14:00:00,17280488
A10,A10_N2,A10_N2_20240503_180000.WAV,2024-05-03,18:00:00,17280488
A10,A10_N2,A10_N2_20240504_000000.WAV,2024-05-04,00:00:00,17280488
A10,A10_N2,A10_N2_20240504_040000.WAV,2024-05-04,04:00:00,17280488
A10,A10_N2,A10_N2_20240504_140000.WAV,2024-05-04,14:00:00,17280488
A10,A10_N2,A10_N2_20240504_180000.WAV,2024-05-04,18:00:00,17280488
A10,A10_N2,A10_N2_20240505_000000.WAV,2024-05-05,00:00:00,17280488
A10,A10_N2,A10_N2_20240505_040000.WAV,2024-05-05,04:00:00,17280488
A10,A10_N2,A10_N2_20240505_140000.WAV,2024-05-05,14:00:00,17280488
A10,A10_N2,A10_N2_20240505_180000.WAV,2024-05-05,18:00:00,17280488
A10,A10_N2,A10_N2_20240506_000000.WAV,2024-05-06,00:00:00,17280488
A10,A10_N2,A10_N2_20240506_040000.WAV,2024-05-06,04:00:00,17280488
A10,A10_N2,A10_N2_20240506_140000.WAV,2024-05-06,14:00:00,17280488
A10,A10_N2,A10_N2_20240506_180000.WAV,2024-05-06,18:00:00,17280488
A10,A10_N2,A10_N2_20240507_000000.WAV,2024-05-07,00:00:00,17280488
A10,A10_N2,A10_N2_20240507_040000.WAV,2024-05-07,04:00:00,17280488
A10,A10_N2,A10_N2_20240507_140000.WAV,2024-05-07,14:00:00,17280488
A10,A10_N2,A10_N2_20240507_180000.WAV,2024-05-07,18:00:00,17280488
A10,A10_N2,A10_N2_20240508_000000.WAV,2024-05-08,00:00:00,17280488
A10,A10_N2,A10_N2_20240508_040000.WAV,2024-05-08,04:00:00,17280488
A10,A10_N2,A10_N2_20240508_140000.WAV,2024-05-08,14:00:00,17280488
A10,A10_N2,A10_N2_20240508_180000.WAV,2024-05-08,18:00:00,17280488
A10,A10_N2,A10_N2_20240509_000000.WAV,2024-05-09,00:00:00,17280488
A10,A10_N2,A10_N2_20240509_040000.WAV,2024-05-09,04:00:00,17280488
A10,A10_N2,A10_N2_20240509_140000.WAV,2024-05-09,14:00:00,17280488
A10,A10_N2,A10_N2_20240509_180000.WAV,2024-05-09,18:00:00,17280488
A10,A10_N2,A10_N2_20240510_000000.WAV,2024-05-10,00:00:00,17280488
A10,A10_N2,A10_N2_20240510_040000.WAV,2024-05-10,04:00:00,17280488
A10,A10_N2,A10_N2_20240510_140000.WAV,2024-05-10,14:00:00,17280488
A10,A10_N2,A10_N2_20240510_180000.WAV,2024-05-10,18:00:00,17280488
A10,A10_N2,A10_N2_20240511_000000.WAV,2024-05-11,00:00:00,17280488
A10,A10_N2,A10_N2_20240511_040000.WAV,2024-05-11,04:00:00,17280488
A10,A10_N2,A10_N2_20240511_140000.WAV,2024-05-11,14:00:00,17280488
A10,A10_N2,A10_N2_20240511_180000.WAV,2024-05-11,18:00:00,17280488
A10,A10_N2,A10_N2_20240512_000000.WAV,2024-05-12,00:00:00,17280488
A10,A10_N2,A10_N2_20240512_040000.WAV,2024-05-12,04:00:00,17280488
A10,A10_N2,A10_N2_20240512_140000.WAV,2024-05-12,14:00:00,17280488
A10,A10_N2,A10_N2_20240512_180000.WAV,2024-05-12,18:00:00,17280488
A10,A10_N2,A10_N2_20240513_000000.WAV,2024-05-13,00:00:00,17280488
A10,A10_N2,A10_N2_20240513_040000.WAV,2024-05-13,04:00:00,17280488
A10,A10_N2,A10_N2_20240513_140000.WAV,2024-05-13,14:00:00,17280488
A10,A10_N2,A10_N2_20240513_180000.WAV,2024-05-13,18:00:00,17280488
A10,A10_N2,A10_N2_20240514_000000.WAV,2024-05-14,00:00:00,17280488
A10,A10_N2,A10_N2_20240514_040000.WAV,2024-05-14,04:00:00,17280488
A10,A10_N2,A10_N2_20240514_140000.WAV,2024-05-14,14:00:00,17280488
A10,A10_N2,A10_N2_20240514_180000.WAV,2024-05-14,18:00:00,17280488
A10,A10_N2,A10_N2_20240515_000000.WAV,2024-05-15,00:00:00,17280488
A10,A10_N2,A10_N2_20240515_040000.WAV,2024-05-15,04:00:00,17280488
A10,A10_N2,A10_N2_20240515_140000.WAV,2024-05-15,14:00:00,17280488
A10,A10_N2,A10_N2_20240515_180000.WAV,2024-05-15,18:00:00,17280488
A10,A10_N2,A10_N2_20240516_000000.WAV,2024-05-16,00:00:00,17280488
A10,A10_N2,A10_N2_20240516_040000.WAV,2024-05-16,04:00:00,17280488
A10,A10_N2,A10_N2_20240516_140000.WAV,2024-05-16,14:00:00,17280488
A10,A10_N2,A10_N2_20240516_180000.WAV,2024-05-16,18:00:00,17280488
A10,A10_N2,A10_N2_20240517_000000.WAV,2024-05-17,00:00:00,17280488
A10,A10_N2,A10_N2_20240517_040000.WAV,2024-05-17,04:00:00,17280488
A10,A10_N2,A10_N2_20240517_140000.WAV,2024-05-17,14:00:00,17280488
A10,A10_N2,A10_N2_20240517_180000.WAV,2024-05-17,18:00:00,17280488
A10,A10_N2,A10_N2_20240518_000000.WAV,2024-05-18,00:00:00,17280488
A10,A10_N2,A10_N2_20240518_040000.WAV,2024-05-18,04:00:00,17280488
A10,A10_N2,A10_N2_20240518_140000.WAV,2024-05-18,14:00:00,17280488
A10,A10_N2,A10_N2_20240518_180000.WAV,2024-05-18,18:00:00,17280488
A10,A10_N2,A10_N2_20240519_000000.WAV,2024-05-19,00:00:00,17280488
A10,A10_N2,A10_N2_20240519_040000.WAV,2024-05-19,04:00:00,17280488
A10,A10_N2,A10_N2_20240519_140000.WAV,2024-05-19,14:00:00,17280488
A10,A10_N2,A10_N2_20240519_180000.WAV,2024-05-19,18:00:00,17280488
A10,A10_N2,A10_N2_20240520_000000.WAV,2024-05-20,00:00:00,17280488
A10,A10_N2,A10_N2_20240520_040000.WAV,2024-05-20,04:00:00,17280488
A10,A10_N2,A10_N2_20240520_140000.WAV,2024-05-20,14:00:00,17280488
A10,A10_N2,A10_N2_20240520_180000.WAV,2024-05-20,18:00:00,17280488
A10,A10_N2,A10_N2_20240521_000000.WAV,2024-05-21,00:00:00,17280488
A10,A10_N2,A10_N2_20240521_040000.WAV,2024-05-21,04:00:00,17280488
A10,A10_N2,A10_N2_20240521_140000.WAV,2024-05-21,14:00:00,17280488
A10,A10_N2,A10_N2_20240521_180000.WAV,2024-05-21,18:00:00,17280488
A10,A10_N2,A10_N2_20240522_000000.WAV,2024-05-22,00:00:00,17280488
A10,A10_N2,A10_N2_20240522_040000.WAV,2024-05-22,04:00:00,17280488
A10,A10_N2,A10_N2_20240522_140000.WAV,2024-05-22,14:00:00,17280488
A10,A10_N2,A10_N2_20240522_180000.WAV,2024-05-22,18:00:00,17280488
A10,A10_N2,A10_N2_20240523_000000.WAV,2024-05-23,00:00:00,17280488
A10,A10_N2,A10_N2_20240523_040000.WAV,2024-05-23,04:00:00,17280488
A10,A10_N2,A10_N2_20240523_140000.WAV,2024-05-23,14:00:00,17280488
A10,A10_N2,A10_N2_20240523_180000.WAV,2024-05-23,18:00:00,17280488
A10,A10_N2,A10_N2_20240524_000000.WAV,2024-05-24,00:00:00,17280488
A10,A10_N2,A10_N2_20240524_040000.WAV,2024-05-24,04:00:00,17280488
A10,A10_N2,A10_N2_20240524_140000.WAV,2024-05-24,14:00:00,17280488
A10,A10_N2,A10_N2_20240524_180000.WAV,2024-05-24,18:00:00,17280488
A10,A10_N2,A10_N2_20240525_000000.WAV,2024-05-25,00:00:00,17280488
A10,A10_N2,A10_N2_20240525_040000.WAV,2024-05-25,04:00:00,17280488
A10,A10_N2,A10_N2_20240525_140000.WAV,2024-05-25,14:00:00,17280488
A10,A10_N2,A10_N2_20240525_180000.WAV,2024-05-25,18:00:00,17280488
A10,A10_N2,A10_N2_20240526_000000.WAV,2024-05-26,00:00:00,17280488
A10,A10_N2,A10_N2_20240526_040000.WAV,2024-05-26,04:00:00,17280488
A10,A10_N2,A10_N2_20240526_140000.WAV,2024-05-26,14:00:00,17280488
A10,A10_N2,A10_N2_20240526_180000.WAV,2024-05-26,18:00:00,17280488
A10,A10_N2,A10_N2_20240527_000000.WAV,2024-05-27,00:00:00,17280488
A10,A10_N2,A10_N2_20240527_040000.WAV,2024-05-27,04:00:00,17280488
A10,A10_N2,A10_N2_20240527_140000.WAV,2024-05-27,14:00:00,17280488
A10,A10_N2,A10_N2_20240527_180000.WAV,2024-05-27,18:00:00,17280488
A10,A10_N2,A10_N2_20240528_000000.WAV,2024-05-28,00:00:00,17280488
A10,A10_N2,A10_N2_20240528_040000.WAV,2024-05-28,04:00:00,17280488
A10,A10_N2,A10_N2_20240528_140000.WAV,2024-05-28,14:00:00,17280488
A10,A10_N2,A10_N2_20240528_180000.WAV,2024-05-28,18:00:00,17280488
A10,A10_N2,A10_N2_20240529_000000.WAV,2024-05-29,00:00:00,17280488
A10,A10_N2,A10_N2_20240529_040000.WAV,2024-05-29,04:00:00,17280488
A10,A10_N2,A10_N2_20240529_140000.WAV,2024-05-29,14:00:00,17280488
A10,A10_N2,A10_N2_20240529_180000.WAV,2024-05-29,18:00:00,17280488
A10,A10_N2,A10_N2_20240530_000000.WAV,2024-05-30,00:00:00,17280488
A10,A10_N2,A10_N2_20240530_040000.WAV,2024-05-30,04:00:00,17280488
A10,A10_N2,A10_N2_20240530_140000.WAV,2024-05-30,14:00:00,17280488
A10,A10_N2,A10_N2_20240530_180000.WAV,2024-05-30,18:00:00,17280488
A10,A10_N2,A10_N2_20240531_000000.WAV,2024-05-31,00:00:00,17280488
A10,A10_N2,A10_N2_20240531_040000.WAV,2024-05-31,04:00:00,17280488
A10,A10_N2,A10_N2_20240531_140000.WAV,2024-05-31,14:00:00,17280488
A10,A10_N2,A10_N2_20240531_180000.WAV,2024-05-31,18:00:00,17280488
A10,A10_N2,A10_N2_20240601_000000.WAV,2024-06-01,00:00:00,17280488
A10,A10_N2,A10_N2_20240601_040000.WAV,2024-06-01,04:00:00,17280488
A10,A10_N2,A10_N2_20240601_140000.WAV,2024-06-01,14:00:00,17280488
A10,A10_N2,A10_N2_20240601_180000.WAV,2024-06-01,18:00:00,17280488
A10,A10_N2,A10_N2_20240602_000000.WAV,2024-06-02,00:00:00,17280488
A10,A10_N2,A10_N2_20240602_040000.WAV,2024-06-02,04:00:00,17280488
A10,A10_N2,A10_N2_20240602_140000.WAV,2024-06-02,14:00:00,17280488
A10,A10_N2,A10_N2_20240602_180000.WAV,2024-06-02,18:00:00,17280488
A10,A10_N2,A10_N2_20240603_000000.WAV,2024-06-03,00:00:00,17280488
A10,A10_N2,A10_N2_20240603_040000.WAV,2024-06-03,04:00:00,17280488
A10,A10_N2,A10_N2_20240603_140000.WAV,2024-06-03,14:00:00,17280488
A10,A10_N2,A10_N2_20240603_180000.WAV,2024-06-03,18:00:00,17280488
A10,A10_N2,A10_N2_20240604_000000.WAV,2024-06-04,00:00:00,17280488
A10,A10_N2,A10_N2_20240604_040000.WAV,2024-06-04,04:00:00,17280488
A10,A10_N2,A10_N2_20240604_140000.WAV,2024-06-04,14:00:00,17280488
A10,A10_N2,A10_N2_20240604_180000.WAV,2024-06-04,18:00:00,17280488
A10,A10_N2,A10_N2_20240605_000000.WAV,2024-06-05,00:00:00,17280488
A10,A10_N2,A10_N2_20240605_040000.WAV,2024-06-05,04:00:00,17280488
A10,A10_N2,A10_N2_20240605_140000.WAV,2024-06-05,14:00:00,17280488
A10,A10_N2,A10_N2_20240605_180000.WAV,2024-06-05,18:00:00,17280488
A10,A10_N2,A10_N2_20240606_000000.WAV,2024-06-06,00:00:00,17280488
A10,A10_N2,A10_N2_20240606_040000.WAV,2024-06-06,04:00:00,17280488
A10,A10_N2,A10_N2_20240606_140000.WAV,2024-06-06,14:00:00,17280488
A10,A10_N2,A10_N2_20240606_180000.WAV,2024-06-06,18:00:00,17280488
A10,A10_N2,A10_N2_20240607_000000.WAV,2024-06-07,00:00:00,17280488
A10,A10_N2,A10_N2_20240607_040000.WAV,2024-06-07,04:00:00,17280488
A10,A10_N2,A10_N2_20240607_140000.WAV,2024-06-07,14:00:00,17280488
A10,A10_N2,A10_N2_20240607_180000.WAV,2024-06-07,18:00:00,17280488
A10,A10_N2,A10_N2_20240608_000000.WAV,2024-06-08,00:00:00,17280488
A10,A10_N2,A10_N2_20240608_040000.WAV,2024-06-08,04:00:00,17280488
A10,A10_N2,A10_N2_20240608_140000.WAV,2024-06-08,14:00:00,17280488
A10,A10_N2,A10_N2_20240608_180000.WAV,2024-06-08,18:00:00,17280488
A10,A10_N2,A10_N2_20240609_000000.WAV,2024-06-09,00:00:00,17280488
A10,A10_N2,A10_N2_20240609_040000.WAV,2024-06-09,04:00:00,17280488
A10,A10_N2,A10_N2_20240609_140000.WAV,2024-06-09,14:00:00,17280488
A10,A10_N2,A10_N2_20240609_180000.WAV,2024-06-09,18:00:00,17280488
A10,A10_N2,A10_N2_20240610_000000.WAV,2024-06-10,00:00:00,17280488
A10,A10_N2,A10_N2_20240610_040000.WAV,2024-06-10,04:00:00,17280488
A10,A10_N2,A10_N2_20240610_140000.WAV,2024-06-10,14:00:00,17280488
A10,A10_N2,A10_N2_20240610_180000.WAV,2024-06-10,18:00:00,17280488
A10,A10_N2,A10_N2_20240611_000000.WAV,2024-06-11,00:00:00,17280488
A10,A10_N2,A10_N2_20240611_040000.WAV,2024-06-11,04:00:00,17280488
A10,A10_N2,A10_N2_20240611_140000.WAV,2024-06-11,14:00:00,17280488
A10,A10_N2,A10_N2_20240611_180000.WAV,2024-06-11,18:00:00,17280488
A10,A10_N2,A10_N2_20240612_000000.WAV,2024-06-12,00:00:00,17280488
A10,A10_N2,A10_N2_20240612_040000.WAV,2024-06-12,04:00:00,17280488
A10,A10_N2,A10_N2_20240612_140000.WAV,2024-06-12,14:00:00,17280488
A10,A10_N2,A10_N2_20240612_180000.WAV,2024-06-12,18:00:00,17280488
A10,A10_N2,A10_N2_20240613_000000.WAV,2024-06-13,00:00:00,17280488
A10,A10_N2,A10_N2_20240613_040000.WAV,2024-06-13,04:00:00,17280488
A10,A10_N2,A10_N2_20240613_140000.WAV,2024-06-13,14:00:00,17280488
A10,A10_N2,A10_N2_20240613_180000.WAV,2024-06-13,18:00:00,17280488
A10,A10_N2,A10_N2_20240614_000000.WAV,2024-06-14,00:00:00,17280488
A10,A10_N2,A10_N2_20240614_040000.WAV,2024-06-14,04:00:00,17280488
A10,A10_N2,A10_N2_20240614_140000.WAV,2024-06-14,14:00:00,17280488
A10,A10_N2,A10_N2_20240614_180000.WAV,2024-06-14,18:00:00,17280488
A10,A10_N2,A10_N2_20240615_000000.WAV,2024-06-15,00:00:00,17280488
A10,A10_N2,A10_N2_20240615_040000.WAV,2024-06-15,04:00:00,17280488
A10,A10_N2,A10_N2_20240615_140000.WAV,2024-06-15,14:00:00,17280488
A10,A10_N2,A10_N2_20240615_180000.WAV,2024-06-15,18:00:00,17280488
A10,A10_N2,A10_N2_20240616_000000.WAV,2024-06-16,00:00:00,17280488
A10,A10_N2,A10_N2_20240616_040000.WAV,2024-06-16,04:00:00,17280488
A10,A10_N2,A10_N2_20240616_140000.WAV,2024-06-16,14:00:00,17280488
A10,A10_N2,A10_N2_20240616_180000.WAV,2024-06-16,18:00:00,17280488
A10,A10_N2,A10_N2_20240617_000000.WAV,2024-06-17,00:00:00,17280488
A10,A10_N2,A10_N2_20240617_040000.WAV,2024-06-17,04:00:00,17280488
A10,A10_N2,A10_N2_20240617_140000.WAV,2024-06-17,14:00:00,17280488
A10,A10_N2,A10_N2_20240617_180000.WAV,2024-06-17,18:00:00,17280488
A10,A10_N2,A10_N2_20240618_000000.WAV,2024-06-18,00:00:00,17280488
A10,A10_N2,A10_N2_20240618_040000.WAV,2024-06-18,04:00:00,17280488
A10,A10_N2,A10_N2_20240618_140000.WAV,2024-06-18,14:00:00,17280488
A10,A10_N2,A10_N2_20240618_180000.WAV,2024-06-18,18:00:00,17280488
A10,A10_N2,A10_N2_20240619_000000.WAV,2024-06-19,00:00:00,17280488
A10,A10_N2,A10_N2_20240619_040000.WAV,2024-06-19,04:00:00,17280488
A10,A10_N2,A10_N2_20240619_140000.WAV,2024-06-19,14:00:00,17280488
A10,A10_N2,A10_N2_20240619_180000.WAV,2024-06-19,18:00:00,17280488
A10,A10_N2,A10_N2_20240620_000000.WAV,2024-06-20,00:00:00,17280488
A10,A10_N2,A10_N2_20240620_040000.WAV,2024-06-20,04:00:00,17280488
A10,A10_N2,A10_N2_20240620_140000.WAV,2024-06-20,14:00:00,17280488
A10,A10_N2,A10_N2_20240620_180000.WAV,2024-06-20,18:00:00,17280488
A10,A10_N2,A10_N2_20240621_000000.WAV,2024-06-21,00:00:00,17280488
A10,A10_N2,A10_N2_20240621_040000.WAV,2024-06-21,04:00:00,17280488
A10,A10_N2,A10_N2_20240621_140000.WAV,2024-06-21,14:00:00,17280488
A10,A10_N2,A10_N2_20240621_180000.WAV,2024-06-21,18:00:00,17280488
A10,A10_N2,A10_N2_20240622_000000.WAV,2024-06-22,00:00:00,17280488
A10,A10_N2,A10_N2_20240622_040000.WAV,2024-06-22,04:00:00,17280488
A10,A10_N2,A10_N2_20240622_140000.WAV,2024-06-22,14:00:00,17280488
A10,A10_N2,A10_N2_20240622_180000.WAV,2024-06-22,18:00:00,17280488
A10,A10_N2,A10_N2_20240623_000000.WAV,2024-06-23,00:00:00,17280488
A10,A10_N2,A10_N2_20240623_040000.WAV,2024-06-23,04:00:00,17280488
A10,A10_N2,A10_N2_20240623_140000.WAV,2024-06-23,14:00:00,17280488
A10,A10_N2,A10_N2_20240623_180000.WAV,2024-06-23,18:00:00,17280488
A10,A10_N2,A10_N2_20240624_000000.WAV,2024-06-24,00:00:00,17280488
A10,A10_N2,A10_N2_20240624_040000.WAV,2024-06-24,04:00:00,17280488
A10,A10_N2,A10_N2_20240624_140000.WAV,2024-06-24,14:00:00,17280488
A10,A10_N2,A10_N2_20240624_180000.WAV,2024-06-24,18:00:00,17280488
A10,A10_N2,A10_N2_20240625_000000.WAV,2024-06-25,00:00:00,17280488
A10,A10_N2,A10_N2_20240625_040000.WAV,2024-06-25,04:00:00,17280488
A10,A10_N2,A10_N2_20240625_140000.WAV,2024-06-25,14:00:00,17280488
A10,A10_N2,A10_N2_20240625_180000.WAV,2024-06-25,18:00:00,17280488
A10,A10_N2,A10_N2_20240626_000000.WAV,2024-06-26,00:00:00,17280488
A10,A10_N2,A10_N2_20240626_040000.WAV,2024-06-26,04:00:00,17280488
A10,A10_N2,A10_N2_20240626_140000.WAV,2024-06-26,14:00:00,17280488
A10,A10_N2,A10_N2_20240626_180000.WAV,2024-06-26,18:00:00,17280488
A10,A10_N2,A10_N2_20240627_000000.WAV,2024-06-27,00:00:00,17280488
A10,A10_N2,A10_N2_20240627_040000.WAV,2024-06-27,04:00:00,17280488
A10,A10_N2,A10_N2_20240627_140000.WAV,2024-06-27,14:00:00,17280488
A10,A10_N2,A10_N2_20240627_180000.WAV,2024-06-27,18:00:00,17280488
A10,A10_N2,A10_N2_20240628_000000.WAV,2024-06-28,00:00:00,17280488
A10,A10_N2,A10_N2_20240628_040000.WAV,2024-06-28,04:00:00,17280488
A10,A10_N2,A10_N2_20240628_140000.WAV,2024-06-28,14:00:00,17280488
A10,A10_N2,A10_N2_20240628_180000.WAV,2024-06-28,18:00:00,17280488
A10,A10_N2,A10_N2_20240629_000000.WAV,2024-06-29,00:00:00,17280488
A10,A10_N2,A10_N2_20240629_040000.WAV,2024-06-29,04:00:00,17280488
A10,A10_N2,A10_N2_20240629_140000.WAV,2024-06-29,14:00:00,17280488
A10,A10_N2,A10_N2_20240629_180000.WAV,2024-06-29,18:00:00,17280488
A10,A10_N2,A10_N2_20240630_000000.WAV,2024-06-30,00:00:00,17280488
A10,A10_N2,A10_N2_20240630_040000.WAV,2024-06-30,04:00:00,17280488
A10,A10_N2,A10_N2_20240630_140000.WAV,2024-06-30,14:00:00,17280488
A10,A10_N2,A10_N2_20240630_180000.WAV,2024-06-30,18:00:00,17280488
A10,A10_N2,A10_N2_20240701_000000.WAV,2024-07-01,00:00:00,17280488
A10,A10_N2,A10_N2_20240701_040000.WAV,2024-07-01,04:00:00,17280488
A10,A10_N2,A10_N2_20240701_140000.WAV,2024-07-01,14:00:00,17280488
A10,A10_N2,A10_N2_20240701_180000.WAV,2024-07-01,18:00:00,17280488
A10,A10_N2,A10_N2_20240702_000000.WAV,2024-07-02,00:00:00,17280488
A10,A10_N2,A10_N2_20240702_040000.WAV,2024-07-02,04:00:00,17280488
A10,A10_N2,A10_N2_20240702_140000.WAV,2024-07-02,14:00:00,17280488
A10,A10_N2,A10_N2_20240702_180000.WAV,2024-07-02,18:00:00,17280488
A10,A10_N2,A10_N2_20240703_000000.WAV,2024-07-03,00:00:00,17280488
A10,A10_N2,A10_N2_20240703_040000.WAV,2024-07-03,04:00:00,17280488
A10,A10_N2,A10_N2_20240703_140000.WAV,2024-07-03,14:00:00,17280488
A10,A10_N2,A10_N2_20240703_180000.WAV,2024-07-03,18:00:00,17280488
A10,A10_N2,A10_N2_20240704_000000.WAV,2024-07-04,00:00:00,17280488
A10,A10_N2,A10_N2_20240704_040000.WAV,2024-07-04,04:00:00,17280488
A10,A10_N2,A10_N2_20240704_140000.WAV,2024-07-04,14:00:00,17280488
A10,A10_N2,A10_N2_20240704_180000.WAV,2024-07-04,18:00:00,17280488
A10,A10_N2,A10_N2_20240705_000000.WAV,2024-07-05,00:00:00,17280488
A10,A10_N2,A10_N2_20240705_040000.WAV,2024-07-05,04:00:00,17280488
A10,A10_N2,A10_N2_20240705_140000.WAV,2024-07-05,14:00:00,17280488
A10,A10_N2,A10_N2_20240705_180000.WAV,2024-07-05,18:00:00,17280488
A10,A10_N2,A10_N2_20240706_000000.WAV,2024-07-06,00:00:00,17280488
A10,A10_N2,A10_N2_20240706_040000.WAV,2024-07-06,04:00:00,17280488
A10,A10_N2,A10_N2_20240706_140000.WAV,2024-07-06,14:00:00,17280488
A10,A10_N2,A10_N2_20240706_180000.WAV,2024-07-06,18:00:00,17280488
A10,A10_N2,A10_N2_20240707_000000.WAV,2024-07-07,00:00:00,17280488
A10,A10_N2,A10_N2_20240707_040000.WAV,2024-07-07,04:00:00,17280488
A10,A10_N2,A10_N2_20240707_140000.WAV,2024-07-07,14:00:00,17280488
A10,A10_N2,A10_N2_20240707_180000.WAV,2024-07-07,18:00:00,17280488
A10,A10_N2,A10_N2_20240708_000000.WAV,2024-07-08,00:00:00,17280488
A10,A10_N2,A10_N2_20240708_040000.WAV,2024-07-08,04:00:00,17280488
A10,A10_N2,A10_N2_20240708_140000.WAV,2024-07-08,14:00:00,17280488
A10,A10_N2,A10_N2_20240708_180000.WAV,2024-07-08,18:00:00,17280488
A10,A10_N2,A10_N2_20240709_000000.WAV,2024-07-09,00:00:00,17280488
A10,A10_N2,A10_N2_20240709_040000.WAV,2024-07-09,04:00:00,17280488
A10,A10_N2,A10_N2_20240709_140000.WAV,2024-07-09,14:00:00,17280488
A10,A10_N2,A10_N2_20240709_180000.WAV,2024-07-09,18:00:00,17280488
A10,A10_N2,A10_N2_20240710_000000.WAV,2024-07-10,00:00:00,17280488
A10,A10_N2,A10_N2_20240710_040000.WAV,2024-07-10,04:00:00,17280488
A10,A10_N2,A10_N2_20240710_140000.WAV,2024-07-10,14:00:00,17280488
A10,A10_N2,A10_N2_20240710_180000.WAV,2024-07-10,18:00:00,17280488
A10,A10_N2,A10_N2_20240711_000000.WAV,2024-07-11,00:00:00,17280488
A10,A10_N2,A10_N2_20240711_040000.WAV,2024-07-11,04:00:00,17280488
A10,A10_N2,A10_N2_20240711_140000.WAV,2024-07-11,14:00:00,17280488
A10,A10_N2,A10_N2_20240711_180000.WAV,2024-07-11,18:00:00,17280488
A10,A10_N2,A10_N2_20240712_000000.WAV,2024-07-12,00:00:00,17280488
A10,A10_N2,A10_N2_20240712_040000.WAV,2024-07-12,04:00:00,17280488
A10,A10_N2,A10_N2_20240712_140000.WAV,2024-07-12,14:00:00,17280488
A10,A10_N2,A10_N2_20240712_180000.WAV,2024-07-12,18:00:00,17280488
A10,A10_N2,A10_N2_20240713_000000.WAV,2024-07-13,00:00:00,17280488
A10,A10_N2,A10_N2_20240713_040000.WAV,2024-07-13,04:00:00,17280488
A10,A10_N2,A10_N2_20240713_140000.WAV,2024-07-13,14:00:00,17280488
A10,A10_N2,A10_N2_20240713_180000.WAV,2024-07-13,18:00:00,17280488
A10,A10_N2,A10_N2_20240714_000000.WAV,2024-07-14,00:00:00,17280488
A10,A10_N2,A10_N2_20240714_040000.WAV,2024-07-14,04:00:00,17280488
A10,A10_N2,A10_N2_20240714_140000.WAV,2024-07-14,14:00:00,17280488
A10,A10_N2,A10_N2_20240714_180000.WAV,2024-07-14,18:00:00,17280488
A10,A10_N2,A10_N2_20240715_000000.WAV,2024-07-15,00:00:00,17280488
A10,A10_N2,A10_N2_20240715_040000.WAV,2024-07-15,04:00:00,17280488
A10,A10_N2,A10_N2_20240715_140000.WAV,2024-07-15,14:00:00,17280488
A10,A10_N2,A10_N2_20240715_180000.WAV,2024-07-15,18:00:00,17280488
A10,A10_N2,A10_N2_20240716_000000.WAV,2024-07-16,00:00:00,17280488
A10,A10_N2,A10_N2_20240716_040000.WAV,2024-07-16,04:00:00,17280488
A10,A10_N2,A10_N2_20240716_140000.WAV,2024-07-16,14:00:00,17280488
A10,A10_N2,A10_N2_20240716_180000.WAV,2024-07-16,18:00:00,17280488
A10,A10_N2,A10_N2_20240717_000000.WAV,2024-07-17,00:00:00,17280488
A10,A10_N2,A10_N2_20240717_040000.WAV,2024-07-17,04:00:00,17280488
A10,A10_N2,A10_N2_20240717_140000.WAV,2024-07-17,14:00:00,17280488
A10,A10_N2,A10_N2_20240717_180000.WAV,2024-07-17,18:00:00,17280488
A10,A10_N2,A10_N2_20240718_000000.WAV,2024-07-18,00:00:00,17280488
A10,A10_N2,A10_N2_20240718_040000.WAV,2024-07-18,04:00:00,17280488
A10,A10_N2,A10_N2_20240718_140000.WAV,2024-07-18,14:00:00,17280488
A10,A10_N2,A10_N2_20240718_180000.WAV,2024-07-18,18:00:00,17280488
A10,A10_N2,A10_N2_20240719_000000.WAV,2024-07-19,00:00:00,17280488
A10,A10_N2,A10_N2_20240719_040000.WAV,2024-07-19,04:00:00,17280488
A10,A10_N2,A10_N2_20240719_140000.WAV,2024-07-19,14:00:00,17280488
A10,A10_N2,A10_N2_20240719_180000.WAV,2024-07-19,18:00:00,17280488
A10,A10_N2,A10_N2_20240720_000000.WAV,2024-07-20,00:00:00,17280488
A10,A10_N2,A10_N2_20240720_040000.WAV,2024-07-20,04:00:00,17280488
A10,A10_N2,A10_N2_20240720_140000.WAV,2024-07-20,14:00:00,17280488
A10,A10_N2,A10_N2_20240720_180000.WAV,2024-07-20,18:00:00,17280488
A10,A10_N2,A10_N2_20240721_000000.WAV,2024-07-21,00:00:00,17280488
A10,A10_N2,A10_N2_20240721_040000.WAV,2024-07-21,04:00:00,17280488
A10,A10_N2,A10_N2_20240721_140000.WAV,2024-07-21,14:00:00,17280488
A10,A10_N2,A10_N2_20240721_180000.WAV,2024-07-21,18:00:00,17280488
A10,A10_N2,A10_N2_20240722_000000.WAV,2024-07-22,00:00:00,17280488
A10,A10_N2,A10_N2_20240722_040000.WAV,2024-07-22,04:00:00,17280488
A10,A10_N2,A10_N2_20240722_140000.WAV,2024-07-22,14:00:00,17280488
A10,A10_N2,A10_N2_20240722_180000.WAV,2024-07-22,18:00:00,17280488
A10,A10_N2,A10_N2_20240723_000000.WAV,2024-07-23,00:00:00,17280488
A10,A10_N2,A10_N2_20240723_040000.WAV,2024-07-23,04:00:00,17280488
A10,A10_N2,A10_N2_20240723_140000.WAV,2024-07-23,14:00:00,17280488
A10,A10_N2,A10_N2_20240723_180000.WAV,2024-07-23,18:00:00,17280488
A10,A10_N2,A10_N2_20240724_000000.WAV,2024-07-24,00:00:00,17280488
A10,A10_N2,A10_N2_20240724_040000.WAV,2024-07-24,04:00:00,17280488
A10,A10_N2,A10_N2_20240724_140000.WAV,2024-07-24,14:00:00,17280488
A10,A10_N2,A10_N2_20240724_180000.WAV,2024-07-24,18:00:00,17280488
A10,A10_N2,A10_N2_20240725_000000.WAV,2024-07-25,00:00:00,17280488
A10,A10_N2,A10_N2_20240725_040000.WAV,2024-07-25,04:00:00,17280488
A10,A10_N2,A10_N2_20240725_140000.WAV,2024-07-25,14:00:00,17280488
A10,A10_N2,A10_N2_20240725_180000.WAV,2024-07-25,18:00:00,17280488
A10,A10_N2,A10_N2_20240726_000000.WAV,2024-07-26,00:00:00,17280488
A10,A10_N2,A10_N2_20240726_040000.WAV,2024-07-26,04:00:00,17280488
A10,A10_N2,A10_N2_20240726_140000.WAV,2024-07-26,14:00:00,17280488
A10,A10_N2,A10_N2_20240726_180000.WAV,2024-07-26,18:00:00,17280488
A10,A10_N2,A10_N2_20240727_000000.WAV,2024-07-27,00:00:00,17280488
A10,A10_N2,A10_N2_20240727_040000.WAV,2024-07-27,04:00:00,17280488
A10,A10_N2,A10_N2_20240727_140000.WAV,2024-07-27,14:00:00,17280488
A10,A10_N2,A10_N2_20240727_180000.WAV,2024-07-27,18:00:00,17280488
A10,A10_N2,A10_N2_20240728_000000.WAV,2024-07-28,00:00:00,17280488
A10,A10_N2,A10_N2_20240728_040000.WAV,2024-07-28,04:00:00,17280488
A10,A10_N2,A10_N2_20240728_140000.WAV,2024-07-28,14:00:00,17280488
A10,A10_N2,A10_N2_20240728_180000.WAV,2024-07-28,18:00:00,17280488
A10,A10_N2,A10_N2_20240729_000000.WAV,2024-07-29,00:00:00,17280488
A10,A10_N2,A10_N2_20240729_040000.WAV,2024-07-29,04:00:00,17280488
A10,A10_N2,A10_N2_20240729_140000.WAV,2024-07-29,14:00:00,17280488
A10,A10_N2,A10_N2_20240729_180000.WAV,2024-07-29,18:00:00,17280488
A10,A10_N2,A10_N2_20240730_000000.WAV,2024-07-30,00:00:00,17280488
A10,A10_N2,A10_N2_20240730_040000.WAV,2024-07-30,04:00:00,17280488
A10,A10_N2,A10_N2_20240730_140000.WAV,2024-07-30,14:00:00,17280488
A10,A10_N2,A10_N2_20240730_180000.WAV,2024-07-30,18:00:00,17280488
A10,A10_N2,A10_N2_20240731_000000.WAV,2024-07-31,00:00:00,17280488
A10,A10_N2,A10_N2_20240731_040000.WAV,2024-07-31,04:00:00,17280488
A10,A10_N2,A10_N2_20240731_140000.WAV,2024-07-31,14:00:00,17280488
A10,A10_N2,A10_N2_20240731_180000.WAV,2024-07-31,18:00:00,17280488
A10,A10_N2,A10_N2_20240801_000000.WAV,2024-08-01,00:00:00,17280488
A10,A10_N2,A10_N2_20240801_040000.WAV,2024-08-01,04:00:00,17280488
A10,A10_N2,A10_N2_20240801_140000.WAV,2024-08-01,14:00:00,17280488
A10,A10_N2,A10_N2_20240801_180000.WAV,2024-08-01,18:00:00,17280488
A10,A10_N2,A10_N2_20240802_000000.WAV,2024-08-02,00:00:00,17280488
A10,A10_N2,A10_N2_20240802_040000.WAV,2024-08-02,04:00:00,17280488
A10,A10_N2,A10_N2_20240802_140000.WAV,2024-08-02,14:00:00,17280488
A10,A10_N2,A10_N2_20240802_180000.WAV,2024-08-02,18:00:00,17280488
A10,A10_N2,A10_N2_20240803_000000.WAV,2024-08-03,00:00:00,17280488
A10,A10_N2,A10_N2_20240803_040000.WAV,2024-08-03,04:00:00,17280488
A10,A10_N2,A10_N2_20240803_140000.WAV,2024-08-03,14:00:00,17280488
A10,A10_N2,A10_N2_20240803_180000.WAV,2024-08-03,18:00:00,17280488
A10,A10_N2,A10_N2_20240804_000000.WAV,2024-08-04,00:00:00,17280488
A10,A10_N2,A10_N2_20240804_040000.WAV,2024-08-04,04:00:00,17280488
A10,A10_N2,A10_N2_20240804_140000.WAV,2024-08-04,14:00:00,17280488
A10,A10_N2,A10_N2_20240804_180000.WAV,2024-08-04,18:00:00,17280488
A10,A10_N2,A10_N2_20240805_000000.WAV,2024-08-05,00:00:00,17280488
A10,A10_N2,A10_N2_20240805_040000.WAV,2024-08-05,04:00:00,17280488
A10,A10_N2,A10_N2_20240805_140000.WAV,2024-08-05,14:00:00,17280488
A10,A10_N2,A10_N2_20240805_180000.WAV,2024-08-05,18:00:00,17280488
A10,A10_N2,A10_N2_20240806_000000.WAV,2024-08-06,00:00:00,17280488
A10,A10_N2,A10_N2_20240806_040000.WAV,2024-08-06,04:00:00,17280488
A10,A10_N2,A10_N2_20240806_140000.WAV,2024-08-06,14:00:00,17280488
A10,A10_N2,A10_N2_20240806_180000.WAV,2024-08-06,18:00:00,17280488
A10,A10_N2,A10_N2_20240807_000000.WAV,2024-08-07,00:00:00,17280488
A10,A10_N2,A10_N2_20240807_040000.WAV,2024-08-07,04:00:00,17280488
A10,A10_N2,A10_N2_20240807_140000.WAV,2024-08-07,14:00:00,17280488
A10,A10_N2,A10_N2_20240807_180000.WAV,2024-08-07,18:00:00,17280488
A10,A10_N2,A10_N2_20240808_000000.WAV,2024-08-08,00:00:00,17280488
A10,A10_N2,A10_N2_20240808_040000.WAV,2024-08-08,04:00:00,17280488
A10,A10_N2,A10_N2_20240808_140000.WAV,2024-08-08,14:00:00,17280488
A10,A10_N2,A10_N2_20240808_180000.WAV,2024-08-08,18:00:00,17280488
A10,A10_N2,A10_N2_20240809_000000.WAV,2024-08-09,00:00:00,17280488
A10,A10_N2,A10_N2_20240809_040000.WAV,2024-08-09,04:00:00,17280488
A10,A10_N2,A10_N2_20240809_140000.WAV,2024-08-09,14:00:00,17280488
A10,A10_N2,A10_N2_20240809_180000.WAV,2024-08-09,18:00:00,17280488
A10,A10_N2,A10_N2_20240810_000000.WAV,2024-08-10,00:00:00,17280488
A10,A10_N2,A10_N2_20240810_040000.WAV,2024-08-10,04:00:00,17280488
A10,A10_N2,A10_N2_20240810_140000.WAV,2024-08-10,14:00:00,17280488
A10,A10_N2,A10_N2_20240810_180000.WAV,2024-08-10,18:00:00,17280488
A10,A10_N2,A10_N2_20240811_000000.WAV,2024-08-11,00:00:00,17280488
A10,A10_N2,A10_N2_20240811_040000.WAV,2024-08-11,04:00:00,17280488
A10,A10_N2,A10_N2_20240811_140000.WAV,2024-08-11,14:00:00,17280488
A10,A10_N2,A10_N2_20240811_180000.WAV,2024-08-11,18:00:00,17280488
A10,A10_N2,A10_N2_20240812_000000.WAV,2024-08-12,00:00:00,17280488
A10,A10_N2,A10_N2_20240812_040000.WAV,2024-08-12,04:00:00,17280488
A10,A10_N2,A10_N2_20240812_140000.WAV,2024-08-12,14:00:00,17280488
A10,A10_N2,A10_N2_20240812_180000.WAV,2024-08-12,18:00:00,17280488
A10,A10_N2,A10_N2_20240813_000000.WAV,2024-08-13,00:00:00,17280488
A10,A10_N2,A10_N2_20240813_040000.WAV,2024-08-13,04:00:00,17280488
A10,A10_N2,A10_N2_20240813_140000.WAV,2024-08-13,14:00:00,17280488
A10,A10_N2,A10_N2_20240813_180000.WAV,2024-08-13,18:00:00,17280488
A10,A10_N2,A10_N2_20240814_000000.WAV,2024-08-14,00:00:00,17280488
A10,A10_N2,A10_N2_20240814_040000.WAV,2024-08-14,04:00:00,17280488
A10,A10_N2,A10_N2_20240814_140000.WAV,2024-08-14,14:00:00,17280488
A10,A10_N2,A10_N2_20240814_180000.WAV,2024-08-14,18:00:00,17280488
A10,A10_N2,A10_N2_20240815_000000.WAV,2024-08-15,00:00:00,17280488
A10,A10_N2,A10_N2_20240815_040000.WAV,2024-08-15,04:00:00,17280488
A10,A10_N2,A10_N2_20240815_140000.WAV,2024-08-15,14:00:00,17280488
A10,A10_N2,A10_N2_20240815_180000.WAV,2024-08-15,18:00:00,17280488
A10,A10_N2,A10_N2_20240816_000000.WAV,2024-08-16,00:00:00,17280488
A10,A10_N2,A10_N2_20240816_040000.WAV,2024-08-16,04:00:00,17280488
A10,A10_N2,A10_N2_20240816_140000.WAV,2024-08-16,14:00:00,17280488
A10,A10_N2,A10_N2_20240816_180000.WAV,2024-08-16,18:00:00,17280488
A10,A10_N2,A10_N2_20240817_000000.WAV,2024-08-17,00:00:00,17280488
A10,A10_N2,A10_N2_20240817_040000.WAV,2024-08-17,04:00:00,17280488
A10,A10_N2,A10_N2_20240817_140000.WAV,2024-08-17,14:00:00,17280488
A10,A10_N2,A10_N2_20240817_180000.WAV,2024-08-17,18:00:00,17280488
A10,A10_N2,A10_N2_20240818_000000.WAV,2024-08-18,00:00:00,17280488
A10,A10_N2,A10_N2_20240818_040000.WAV,2024-08-18,04:00:00,17280488
A10,A10_N2,A10_N2_20240818_140000.WAV,2024-08-18,14:00:00,17280488
A10,A10_N2,A10_N2_20240818_180000.WAV,2024-08-18,18:00:00,17280488
A10,A10_N2,A10_N2_20240819_000000.WAV,2024-08-19,00:00:00,17280488
A10,A10_N2,A10_N2_20240819_040000.WAV,2024-08-19,04:00:00,17280488
A10,A10_N2,A10_N2_20240819_140000.WAV,2024-08-19,14:00:00,17280488
A10,A10_N2,A10_N2_20240819_180000.WAV,2024-08-19,18:00:00,17280488
A10,A10_N2,A10_N2_20240820_000000.WAV,2024-08-20,00:00:00,17280488
A10,A10_N2,A10_N2_20240820_040000.WAV,2024-08-20,04:00:00,17280488
A10,A10_N2,A10_N2_20240820_140000.WAV,2024-08-20,14:00:00,17280488
A10,A10_N2,A10_N2_20240820_180000.WAV,2024-08-20,18:00:00,17280488
A10,A10_N2,A10_N2_20240821_000000.WAV,2024-08-21,00:00:00,17280488
A10,A10_N2,A10_N2_20240821_040000.WAV,2024-08-21,04:00:00,17280488
A10,A10_N3,A10-N3_20240326_000000.WAV,2024-03-26,00:00:00,17280488
A10,A10_N3,A10-N3_20240326_040000.WAV,2024-03-26,04:00:00,17280488
A10,A10_N3,A10-N3_20240326_140000.WAV,2024-03-26,14:00:00,17280488
A10,A10_N3,A10-N3_20240326_180000.WAV,2024-03-26,18:00:00,17280488
A10,A10_N3,A10-N3_20240327_000000.WAV,2024-03-27,00:00:00,17280488
A10,A10_N3,A10-N3_20240327_040000.WAV,2024-03-27,04:00:00,17280488
A10,A10_N3,A10-N3_20240327_140000.WAV,2024-03-27,14:00:00,17280488
A10,A10_N3,A10-N3_20240327_180000.WAV,2024-03-27,18:00:00,17280488
A10,A10_N3,A10-N3_20240328_000000.WAV,2024-03-28,00:00:00,17280488
A10,A10_N3,A10-N3_20240328_040000.WAV,2024-03-28,04:00:00,17280488
A10,A10_N3,A10-N3_20240328_140000.WAV,2024-03-28,14:00:00,17280488
A10,A10_N3,A10-N3_20240328_180000.WAV,2024-03-28,18:00:00,17280488
A10,A10_N3,A10-N3_20240329_000000.WAV,2024-03-29,00:00:00,17280488
A10,A10_N3,A10-N3_20240329_040000.WAV,2024-03-29,04:00:00,17280488
A10,A10_N3,A10-N3_20240329_140000.WAV,2024-03-29,14:00:00,17280488
A10,A10_N3,A10-N3_20240329_180000.WAV,2024-03-29,18:00:00,17280488
A10,A10_N3,A10-N3_20240330_000000.WAV,2024-03-30,00:00:00,17280488
A10,A10_N3,A10-N3_20240330_040000.WAV,2024-03-30,04:00:00,17280488
A10,A10_N3,A10-N3_20240330_140000.WAV,2024-03-30,14:00:00,17280488
A10,A10_N3,A10-N3_20240330_180000.WAV,2024-03-30,18:00:00,17280488
A10,A10_N3,A10-N3_20240331_000000.WAV,2024-03-31,00:00:00,17280488
A10,A10_N3,A10-N3_20240331_040000.WAV,2024-03-31,04:00:00,17280488
A10,A10_N3,A10-N3_20240331_140000.WAV,2024-03-31,14:00:00,17280488
A10,A10_N3,A10-N3_20240331_180000.WAV,2024-03-31,18:00:00,17280488
A10,A10_N3,A10-N3_20240401_000000.WAV,2024-04-01,00:00:00,17280488
A10,A10_N3,A10-N3_20240401_040000.WAV,2024-04-01,04:00:00,17280488
A10,A10_N3,A10-N3_20240401_140000.WAV,2024-04-01,14:00:00,17280488
A10,A10_N3,A10-N3_20240401_180000.WAV,2024-04-01,18:00:00,17280488
A10,A10_N3,A10-N3_20240402_000000.WAV,2024-04-02,00:00:00,17280488
A10,A10_N3,A10-N3_20240402_040000.WAV,2024-04-02,04:00:00,17280488
A10,A10_N3,A10-N3_20240402_140000.WAV,2024-04-02,14:00:00,17280488
A10,A10_N3,A10-N3_20240402_180000.WAV,2024-04-02,18:00:00,17280488
A10,A10_N3,A10-N3_20240403_000000.WAV,2024-04-03,00:00:00,17280488
A10,A10_N3,A10-N3_20240403_040000.WAV,2024-04-03,04:00:00,17280488
A10,A10_N3,A10-N3_20240403_140000.WAV,2024-04-03,14:00:00,17280488
A10,A10_N3,A10-N3_20240403_180000.WAV,2024-04-03,18:00:00,17280488
A10,A10_N3,A10-N3_20240404_000000.WAV,2024-04-04,00:00:00,17280488
A10,A10_N3,A10-N3_20240404_040000.WAV,2024-04-04,04:00:00,17280488
A10,A10_N3,A10-N3_20240404_140000.WAV,2024-04-04,14:00:00,17280488
A10,A10_N3,A10-N3_20240404_180000.WAV,2024-04-04,18:00:00,17280488
A10,A10_N3,A10-N3_20240405_000000.WAV,2024-04-05,00:00:00,17280488
A10,A10_N3,A10-N3_20240405_040000.WAV,2024-04-05,04:00:00,17280488
A10,A10_N3,A10-N3_20240405_140000.WAV,2024-04-05,14:00:00,17280488
A10,A10_N3,A10-N3_20240405_180000.WAV,2024-04-05,18:00:00,17280488
A10,A10_N3,A10-N3_20240406_000000.WAV,2024-04-06,00:00:00,17280488
A10,A10_N3,A10-N3_20240406_040000.WAV,2024-04-06,04:00:00,17280488
A10,A10_N3,A10-N3_20240406_140000.WAV,2024-04-06,14:00:00,17280488
A10,A10_N3,A10-N3_20240406_180000.WAV,2024-04-06,18:00:00,17280488
A10,A10_N3,A10-N3_20240407_000000.WAV,2024-04-07,00:00:00,17280488
A10,A10_N3,A10-N3_20240407_040000.WAV,2024-04-07,04:00:00,17280488
A10,A10_N3,A10-N3_20240407_140000.WAV,2024-04-07,14:00:00,17280488
A10,A10_N3,A10-N3_20240407_180000.WAV,2024-04-07,18:00:00,17280488
A10,A10_N3,A10-N3_20240408_000000.WAV,2024-04-08,00:00:00,17280488
A10,A10_N3,A10-N3_20240408_040000.WAV,2024-04-08,04:00:00,17280488
A10,A10_N3,A10-N3_20240408_140000.WAV,2024-04-08,14:00:00,17280488
A10,A10_N3,A10-N3_20240408_180000.WAV,2024-04-08,18:00:00,17280488
A10,A10_N3,A10-N3_20240409_000000.WAV,2024-04-09,00:00:00,17280488
A10,A10_N3,A10-N3_20240409_040000.WAV,2024-04-09,04:00:00,17280488
A10,A10_N3,A10-N3_20240409_140000.WAV,2024-04-09,14:00:00,17280488
A10,A10_N3,A10-N3_20240409_180000.WAV,2024-04-09,18:00:00,17280488
A10,A10_N3,A10-N3_20240410_000000.WAV,2024-04-10,00:00:00,17280488
A10,A10_N3,A10-N3_20240410_040000.WAV,2024-04-10,04:00:00,17280488
A10,A10_N3,A10-N3_20240410_140000.WAV,2024-04-10,14:00:00,17280488
A10,A10_N3,A10-N3_20240410_180000.WAV,2024-04-10,18:00:00,17280488
A10,A10_N3,A10-N3_20240411_000000.WAV,2024-04-11,00:00:00,17280488
A10,A10_N3,A10-N3_20240411_040000.WAV,2024-04-11,04:00:00,17280488
A10,A10_N3,A10-N3_20240411_140000.WAV,2024-04-11,14:00:00,17280488
A10,A10_N3,A10-N3_20240411_180000.WAV,2024-04-11,18:00:00,17280488
A10,A10_N3,A10-N3_20240412_000000.WAV,2024-04-12,00:00:00,17280488
A10,A10_N3,A10-N3_20240412_040000.WAV,2024-04-12,04:00:00,17280488
A10,A10_N3,A10-N3_20240412_140000.WAV,2024-04-12,14:00:00,17280488
A10,A10_N3,A10-N3_20240412_180000.WAV,2024-04-12,18:00:00,17280488
A10,A10_N3,A10-N3_20240413_000000.WAV,2024-04-13,00:00:00,17280488
A10,A10_N3,A10-N3_20240413_040000.WAV,2024-04-13,04:00:00,17280488
A10,A10_N3,A10-N3_20240413_140000.WAV,2024-04-13,14:00:00,17280488
A10,A10_N3,A10-N3_20240413_180000.WAV,2024-04-13,18:00:00,17280488
A10,A10_N3,A10-N3_20240414_000000.WAV,2024-04-14,00:00:00,17280488
A10,A10_N3,A10-N3_20240414_040000.WAV,2024-04-14,04:00:00,17280488
A10,A10_N3,A10-N3_20240414_140000.WAV,2024-04-14,14:00:00,17280488
A10,A10_N3,A10-N3_20240414_180000.WAV,2024-04-14,18:00:00,17280488
A10,A10_N3,A10-N3_20240415_000000.WAV,2024-04-15,00:00:00,17280488
A10,A10_N3,A10-N3_20240415_040000.WAV,2024-04-15,04:00:00,17280488
A10,A10_N3,A10-N3_20240415_140000.WAV,2024-04-15,14:00:00,17280488
A10,A10_N3,A10-N3_20240415_180000.WAV,2024-04-15,18:00:00,17280488
A10,A10_N3,A10-N3_20240416_000000.WAV,2024-04-16,00:00:00,17280488
A10,A10_N3,A10-N3_20240416_040000.WAV,2024-04-16,04:00:00,17280488
A10,A10_N3,A10-N3_20240416_140000.WAV,2024-04-16,14:00:00,17280488
A10,A10_N3,A10-N3_20240416_180000.WAV,2024-04-16,18:00:00,17280488
A10,A10_N3,A10-N3_20240417_000000.WAV,2024-04-17,00:00:00,17280488
A10,A10_N3,A10-N3_20240417_040000.WAV,2024-04-17,04:00:00,17280488
A10,A10_N3,A10-N3_20240417_140000.WAV,2024-04-17,14:00:00,17280488
A10,A10_N3,A10-N3_20240417_180000.WAV,2024-04-17,18:00:00,17280488
A10,A10_N3,A10-N3_20240418_000000.WAV,2024-04-18,00:00:00,17280488
A10,A10_N3,A10-N3_20240418_040000.WAV,2024-04-18,04:00:00,17280488
A10,A10_N3,A10-N3_20240418_140000.WAV,2024-04-18,14:00:00,17280488
A10,A10_N3,A10-N3_20240418_180000.WAV,2024-04-18,18:00:00,17280488
A10,A10_N3,A10-N3_20240419_000000.WAV,2024-04-19,00:00:00,17280488
A10,A10_N3,A10-N3_20240419_040000.WAV,2024-04-19,04:00:00,17280488
A10,A10_N3,A10-N3_20240419_140000.WAV,2024-04-19,14:00:00,17280488
A10,A10_N3,A10-N3_20240419_180000.WAV,2024-04-19,18:00:00,17280488
A10,A10_N3,A10-N3_20240420_000000.WAV,2024-04-20,00:00:00,17280488
A10,A10_N3,A10-N3_20240420_040000.WAV,2024-04-20,04:00:00,17280488
A10,A10_N3,A10-N3_20240420_140000.WAV,2024-04-20,14:00:00,17280488
A10,A10_N3,A10-N3_20240420_180000.WAV,2024-04-20,18:00:00,17280488
A10,A10_N3,A10-N3_20240421_000000.WAV,2024-04-21,00:00:00,17280488
A10,A10_N3,A10-N3_20240421_040000.WAV,2024-04-21,04:00:00,17280488
A10,A10_N3,A10-N3_20240421_140000.WAV,2024-04-21,14:00:00,17280488
A10,A10_N3,A10-N3_20240421_180000.WAV,2024-04-21,18:00:00,17280488
A10,A10_N3,A10-N3_20240422_000000.WAV,2024-04-22,00:00:00,17280488
A10,A10_N3,A10-N3_20240422_040000.WAV,2024-04-22,04:00:00,17280488
A10,A10_N3,A10-N3_20240422_140000.WAV,2024-04-22,14:00:00,17280488
A10,A10_N3,A10-N3_20240422_180000.WAV,2024-04-22,18:00:00,17280488
A10,A10_N3,A10-N3_20240423_000000.WAV,2024-04-23,00:00:00,17280488
A10,A10_N3,A10-N3_20240423_040000.WAV,2024-04-23,04:00:00,17280488
A10,A10_N3,A10-N3_20240423_140000.WAV,2024-04-23,14:00:00,17280488
A10,A10_N3,A10-N3_20240423_180000.WAV,2024-04-23,18:00:00,17280488
A10,A10_N3,A10-N3_20240424_000000.WAV,2024-04-24,00:00:00,17280488
A10,A10_N3,A10-N3_20240424_040000.WAV,2024-04-24,04:00:00,17280488
A10,A10_N3,A10-N3_20240424_140000.WAV,2024-04-24,14:00:00,17280488
A10,A10_N3,A10-N3_20240424_180000.WAV,2024-04-24,18:00:00,17280488
A10,A10_N3,A10-N3_20240425_000000.WAV,2024-04-25,00:00:00,17280488
A10,A10_N3,A10-N3_20240425_040000.WAV,2024-04-25,04:00:00,17280488
A10,A10_N3,A10-N3_20240425_140000.WAV,2024-04-25,14:00:00,17280488
A10,A10_N3,A10-N3_20240425_180000.WAV,2024-04-25,18:00:00,17280488
A10,A10_N3,A10-N3_20240426_000000.WAV,2024-04-26,00:00:00,17280488
A10,A10_N3,A10-N3_20240426_040000.WAV,2024-04-26,04:00:00,17280488
A10,A10_N3,A10-N3_20240426_140000.WAV,2024-04-26,14:00:00,17280488
A10,A10_N3,A10-N3_20240426_180000.WAV,2024-04-26,18:00:00,17280488
A10,A10_N3,A10-N3_20240427_000000.WAV,2024-04-27,00:00:00,17280488
A10,A10_N3,A10-N3_20240427_040000.WAV,2024-04-27,04:00:00,17280488
A10,A10_N3,A10-N3_20240427_140000.WAV,2024-04-27,14:00:00,17280488
A10,A10_N3,A10-N3_20240427_180000.WAV,2024-04-27,18:00:00,17280488
A10,A10_N3,A10-N3_20240428_000000.WAV,2024-04-28,00:00:00,17280488
A10,A10_N3,A10-N3_20240428_040000.WAV,2024-04-28,04:00:00,17280488
A10,A10_N3,A10-N3_20240428_140000.WAV,2024-04-28,14:00:00,17280488
A10,A10_N3,A10-N3_20240428_180000.WAV,2024-04-28,18:00:00,17280488
A10,A10_N3,A10-N3_20240429_000000.WAV,2024-04-29,00:00:00,17280488
A10,A10_N3,A10-N3_20240429_040000.WAV,2024-04-29,04:00:00,17280488
A10,A10_N3,A10-N3_20240429_140000.WAV,2024-04-29,14:00:00,17280488
A10,A10_N3,A10-N3_20240429_180000.WAV,2024-04-29,18:00:00,17280488
A10,A10_N3,A10-N3_20240430_000000.WAV,2024-04-30,00:00:00,17280488
A10,A10_N3,A10-N3_20240430_040000.WAV,2024-04-30,04:00:00,17280488
A10,A10_N3,A10-N3_20240430_140000.WAV,2024-04-30,14:00:00,17280488
A10,A10_N3,A10-N3_20240430_180000.WAV,2024-04-30,18:00:00,17280488
A10,A10_N3,A10-N3_20240501_000000.WAV,2024-05-01,00:00:00,17280488
A10,A10_N3,A10-N3_20240501_040000.WAV,2024-05-01,04:00:00,17280488
A10,A10_N3,A10-N3_20240501_140000.WAV,2024-05-01,14:00:00,17280488
A10,A10_N3,A10-N3_20240501_180000.WAV,2024-05-01,18:00:00,17280488
A10,A10_N3,A10-N3_20240502_000000.WAV,2024-05-02,00:00:00,17280488
A10,A10_N3,A10-N3_20240502_040000.WAV,2024-05-02,04:00:00,17280488
A10,A10_N3,A10-N3_20240502_140000.WAV,2024-05-02,14:00:00,17280488
A10,A10_N3,A10-N3_20240502_180000.WAV,2024-05-02,18:00:00,17280488
A10,A10_N3,A10-N3_20240503_000000.WAV,2024-05-03,00:00:00,17280488
A10,A10_N3,A10-N3_20240503_040000.WAV,2024-05-03,04:00:00,17280488
A10,A10_N3,A10-N3_20240503_140000.WAV,2024-05-03,14:00:00,17280488
A10,A10_N3,A10-N3_20240503_180000.WAV,2024-05-03,18:00:00,17280488
A10,A10_N3,A10-N3_20240504_000000.WAV,2024-05-04,00:00:00,17280488
A10,A10_N3,A10-N3_20240504_040000.WAV,2024-05-04,04:00:00,17280488
A10,A10_N3,A10-N3_20240504_140000.WAV,2024-05-04,14:00:00,17280488
A10,A10_N3,A10-N3_20240504_180000.WAV,2024-05-04,18:00:00,17280488
A10,A10_N3,A10-N3_20240505_000000.WAV,2024-05-05,00:00:00,17280488
A10,A10_N3,A10-N3_20240505_040000.WAV,2024-05-05,04:00:00,17280488
A10,A10_N3,A10-N3_20240505_140000.WAV,2024-05-05,14:00:00,17280488
A10,A10_N3,A10-N3_20240505_180000.WAV,2024-05-05,18:00:00,17280488
A10,A10_N3,A10-N3_20240506_000000.WAV,2024-05-06,00:00:00,17280488
A10,A10_N3,A10-N3_20240506_040000.WAV,2024-05-06,04:00:00,17280488
A10,A10_N3,A10-N3_20240506_140000.WAV,2024-05-06,14:00:00,17280488
A10,A10_N3,A10-N3_20240506_180000.WAV,2024-05-06,18:00:00,17280488
A10,A10_N3,A10-N3_20240507_000000.WAV,2024-05-07,00:00:00,17280488
A10,A10_N3,A10-N3_20240507_040000.WAV,2024-05-07,04:00:00,17280488
A10,A10_N3,A10-N3_20240507_140000.WAV,2024-05-07,14:00:00,17280488
A10,A10_N3,A10-N3_20240507_180000.WAV,2024-05-07,18:00:00,17280488
A10,A10_N3,A10-N3_20240508_000000.WAV,2024-05-08,00:00:00,17280488
A10,A10_N3,A10-N3_20240508_040000.WAV,2024-05-08,04:00:00,17280488
A10,A10_N3,A10-N3_20240508_140000.WAV,2024-05-08,14:00:00,17280488
A10,A10_N3,A10-N3_20240508_180000.WAV,2024-05-08,18:00:00,17280488
A10,A10_N3,A10-N3_20240509_000000.WAV,2024-05-09,00:00:00,17280488
A10,A10_N3,A10-N3_20240509_040000.WAV,2024-05-09,04:00:00,17280488
A10,A10_N3,A10-N3_20240509_140000.WAV,2024-05-09,14:00:00,17280488
A10,A10_N3,A10-N3_20240509_180000.WAV,2024-05-09,18:00:00,17280488
A10,A10_N3,A10-N3_20240510_000000.WAV,2024-05-10,00:00:00,17280488
A10,A10_N3,A10-N3_20240510_040000.WAV,2024-05-10,04:00:00,17280488
A10,A10_N3,A10-N3_20240510_140000.WAV,2024-05-10,14:00:00,17280488
A10,A10_N3,A10-N3_20240510_180000.WAV,2024-05-10,18:00:00,17280488
A10,A10_N3,A10-N3_20240511_000000.WAV,2024-05-11,00:00:00,17280488
A10,A10_N3,A10-N3_20240511_040000.WAV,2024-05-11,04:00:00,17280488
A10,A10_N3,A10-N3_20240511_140000.WAV,2024-05-11,14:00:00,17280488
A10,A10_N3,A10-N3_20240511_180000.WAV,2024-05-11,18:00:00,17280488
A10,A10_N3,A10-N3_20240512_000000.WAV,2024-05-12,00:00:00,17280488
A10,A10_N3,A10-N3_20240512_040000.WAV,2024-05-12,04:00:00,17280488
A10,A10_N3,A10-N3_20240512_140000.WAV,2024-05-12,14:00:00,17280488
A10,A10_N3,A10-N3_20240512_180000.WAV,2024-05-12,18:00:00,17280488
A10,A10_N3,A10-N3_20240513_000000.WAV,2024-05-13,00:00:00,17280488
A10,A10_N3,A10-N3_20240513_040000.WAV,2024-05-13,04:00:00,17280488
A10,A10_N3,A10-N3_20240513_140000.WAV,2024-05-13,14:00:00,17280488
A10,A10_N3,A10-N3_20240513_180000.WAV,2024-05-13,18:00:00,17280488
A10,A10_N3,A10-N3_20240514_000000.WAV,2024-05-14,00:00:00,17280488
A10,A10_N3,A10-N3_20240514_040000.WAV,2024-05-14,04:00:00,17280488
A10,A10_N3,A10-N3_20240514_140000.WAV,2024-05-14,14:00:00,17280488
A10,A10_N3,A10-N3_20240514_180000.WAV,2024-05-14,18:00:00,17280488
A10,A10_N3,A10-N3_20240515_000000.WAV,2024-05-15,00:00:00,17280488
A10,A10_N3,A10-N3_20240515_040000.WAV,2024-05-15,04:00:00,17280488
A10,A10_N3,A10-N3_20240515_140000.WAV,2024-05-15,14:00:00,17280488
A10,A10_N3,A10-N3_20240515_180000.WAV,2024-05-15,18:00:00,17280488
A10,A10_N3,A10-N3_20240516_000000.WAV,2024-05-16,00:00:00,17280488
A10,A10_N3,A10-N3_20240516_040000.WAV,2024-05-16,04:00:00,17280488
A10,A10_N3,A10-N3_20240516_140000.WAV,2024-05-16,14:00:00,17280488
A10,A10_N3,A10-N3_20240516_180000.WAV,2024-05-16,18:00:00,17280488
A10,A10_N3,A10-N3_20240517_000000.WAV,2024-05-17,00:00:00,17280488
A10,A10_N3,A10-N3_20240517_040000.WAV,2024-05-17,04:00:00,17280488
A10,A10_N3,A10-N3_20240517_140000.WAV,2024-05-17,14:00:00,17280488
A10,A10_N3,A10-N3_20240517_180000.WAV,2024-05-17,18:00:00,17280488
A10,A10_N3,A10-N3_20240518_000000.WAV,2024-05-18,00:00:00,17280488
A10,A10_N3,A10-N3_20240518_040000.WAV,2024-05-18,04:00:00,17280488
A10,A10_N3,A10-N3_20240518_140000.WAV,2024-05-18,14:00:00,17280488
A10,A10_N3,A10-N3_20240518_180000.WAV,2024-05-18,18:00:00,17280488
A10,A10_N3,A10-N3_20240519_000000.WAV,2024-05-19,00:00:00,17280488
A10,A10_N3,A10-N3_20240519_040000.WAV,2024-05-19,04:00:00,17280488
A10,A10_N3,A10-N3_20240519_140000.WAV,2024-05-19,14:00:00,17280488
A10,A10_N3,A10-N3_20240519_180000.WAV,2024-05-19,18:00:00,17280488
A10,A10_N3,A10-N3_20240520_000000.WAV,2024-05-20,00:00:00,17280488
A10,A10_N3,A10-N3_20240520_040000.WAV,2024-05-20,04:00:00,17280488
A10,A10_N3,A10-N3_20240520_140000.WAV,2024-05-20,14:00:00,17280488
A10,A10_N3,A10-N3_20240520_180000.WAV,2024-05-20,18:00:00,17280488
A10,A10_N3,A10-N3_20240521_000000.WAV,2024-05-21,00:00:00,17280488
A10,A10_N3,A10-N3_20240521_040000.WAV,2024-05-21,04:00:00,17280488
A10,A10_N3,A10-N3_20240521_140000.WAV,2024-05-21,14:00:00,17280488
A10,A10_N3,A10-N3_20240521_180000.WAV,2024-05-21,18:00:00,17280488
A10,A10_N3,A10-N3_20240522_000000.WAV,2024-05-22,00:00:00,17280488
A10,A10_N3,A10-N3_20240522_040000.WAV,2024-05-22,04:00:00,17280488
A10,A10_N3,A10-N3_20240522_140000.WAV,2024-05-22,14:00:00,17280488
A10,A10_N3,A10-N3_20240522_180000.WAV,2024-05-22,18:00:00,17280488
A10,A10_N3,A10-N3_20240523_000000.WAV,2024-05-23,00:00:00,17280488
A10,A10_N3,A10-N3_20240523_040000.WAV,2024-05-23,04:00:00,17280488
A10,A10_N3,A10-N3_20240523_140000.WAV,2024-05-23,14:00:00,17280488
A10,A10_N3,A10-N3_20240523_180000.WAV,2024-05-23,18:00:00,17280488
A10,A10_N3,A10-N3_20240524_000000.WAV,2024-05-24,00:00:00,17280488
A10,A10_N3,A10-N3_20240524_040000.WAV,2024-05-24,04:00:00,17280488
A10,A10_N3,A10-N3_20240524_140000.WAV,2024-05-24,14:00:00,17280488
A10,A10_N3,A10-N3_20240524_180000.WAV,2024-05-24,18:00:00,17280488
A10,A10_N3,A10-N3_20240525_000000.WAV,2024-05-25,00:00:00,17280488
A10,A10_N3,A10-N3_20240525_040000.WAV,2024-05-25,04:00:00,17280488
A10,A10_N3,A10-N3_20240525_140000.WAV,2024-05-25,14:00:00,17280488
A10,A10_N3,A10-N3_20240525_180000.WAV,2024-05-25,18:00:00,17280488
A10,A10_N3,A10-N3_20240526_000000.WAV,2024-05-26,00:00:00,17280488
A10,A10_N3,A10-N3_20240526_040000.WAV,2024-05-26,04:00:00,17280488
A10,A10_N3,A10-N3_20240526_140000.WAV,2024-05-26,14:00:00,17280488
A10,A10_N3,A10-N3_20240526_180000.WAV,2024-05-26,18:00:00,17280488
A10,A10_N3,A10-N3_20240527_000000.WAV,2024-05-27,00:00:00,17280488
A10,A10_N3,A10-N3_20240527_040000.WAV,2024-05-27,04:00:00,17280488
A10,A10_N3,A10-N3_20240527_140000.WAV,2024-05-27,14:00:00,17280488
A10,A10_N3,A10-N3_20240527_180000.WAV,2024-05-27,18:00:00,17280488
A10,A10_N3,A10-N3_20240528_000000.WAV,2024-05-28,00:00:00,17280488
A10,A10_N3,A10-N3_20240528_040000.WAV,2024-05-28,04:00:00,17280488
A10,A10_N3,A10-N3_20240528_140000.WAV,2024-05-28,14:00:00,17280488
A10,A10_N3,A10-N3_20240528_180000.WAV,2024-05-28,18:00:00,17280488
A10,A10_N3,A10-N3_20240529_000000.WAV,2024-05-29,00:00:00,17280488
A10,A10_N3,A10-N3_20240529_040000.WAV,2024-05-29,04:00:00,17280488
A10,A10_N3,A10-N3_20240529_140000.WAV,2024-05-29,14:00:00,17280488
A10,A10_N3,A10-N3_20240529_180000.WAV,2024-05-29,18:00:00,17280488
A10,A10_N3,A10-N3_20240530_000000.WAV,2024-05-30,00:00:00,17280488
A10,A10_N3,A10-N3_20240530_040000.WAV,2024-05-30,04:00:00,17280488
A10,A10_N3,A10-N3_20240530_140000.WAV,2024-05-30,14:00:00,17280488
A10,A10_N3,A10-N3_20240530_180000.WAV,2024-05-30,18:00:00,17280488
A10,A10_N3,A10-N3_20240531_000000.WAV,2024-05-31,00:00:00,17280488
A10,A10_N3,A10-N3_20240531_040000.WAV,2024-05-31,04:00:00,17280488
A10,A10_N3,A10-N3_20240531_140000.WAV,2024-05-31,14:00:00,17280488
A10,A10_N3,A10-N3_20240531_180000.WAV,2024-05-31,18:00:00,17280488
A10,A10_N3,A10-N3_20240601_000000.WAV,2024-06-01,00:00:00,17280488
A10,A10_N3,A10-N3_20240601_040000.WAV,2024-06-01,04:00:00,17280488
A10,A10_N3,A10-N3_20240601_140000.WAV,2024-06-01,14:00:00,17280488
A10,A10_N3,A10-N3_20240601_180000.WAV,2024-06-01,18:00:00,17280488
A10,A10_N3,A10-N3_20240602_000000.WAV,2024-06-02,00:00:00,17280488
A10,A10_N3,A10-N3_20240602_040000.WAV,2024-06-02,04:00:00,17280488
A10,A10_N3,A10-N3_20240602_140000.WAV,2024-06-02,14:00:00,17280488
A10,A10_N3,A10-N3_20240602_180000.WAV,2024-06-02,18:00:00,17280488
A10,A10_N3,A10-N3_20240603_000000.WAV,2024-06-03,00:00:00,17280488
A10,A10_N3,A10-N3_20240603_040000.WAV,2024-06-03,04:00:00,17280488
A10,A10_N3,A10-N3_20240603_140000.WAV,2024-06-03,14:00:00,17280488
A10,A10_N3,A10-N3_20240603_180000.WAV,2024-06-03,18:00:00,17280488
A10,A10_N3,A10-N3_20240604_000000.WAV,2024-06-04,00:00:00,17280488
A10,A10_N3,A10-N3_20240604_040000.WAV,2024-06-04,04:00:00,17280488
A10,A10_N3,A10-N3_20240604_140000.WAV,2024-06-04,14:00:00,17280488
A10,A10_N3,A10-N3_20240604_180000.WAV,2024-06-04,18:00:00,17280488
A10,A10_N3,A10-N3_20240605_000000.WAV,2024-06-05,00:00:00,17280488
A10,A10_N3,A10-N3_20240605_040000.WAV,2024-06-05,04:00:00,17280488
A10,A10_N3,A10-N3_20240605_140000.WAV,2024-06-05,14:00:00,17280488
A10,A10_N3,A10-N3_20240605_180000.WAV,2024-06-05,18:00:00,17280488
A10,A10_N3,A10-N3_20240606_000000.WAV,2024-06-06,00:00:00,17280488
A10,A10_N3,A10-N3_20240606_040000.WAV,2024-06-06,04:00:00,17280488
A10,A10_N3,A10-N3_20240606_140000.WAV,2024-06-06,14:00:00,17280488
A10,A10_N3,A10-N3_20240606_180000.WAV,2024-06-06,18:00:00,17280488
A10,A10_N3,A10-N3_20240607_000000.WAV,2024-06-07,00:00:00,17280488
A10,A10_N3,A10-N3_20240607_040000.WAV,2024-06-07,04:00:00,17280488
A10,A10_N3,A10-N3_20240607_140000.WAV,2024-06-07,14:00:00,17280488
A10,A10_N3,A10-N3_20240607_180000.WAV,2024-06-07,18:00:00,17280488
A10,A10_N3,A10-N3_20240608_000000.WAV,2024-06-08,00:00:00,17280488
A10,A10_N3,A10-N3_20240608_040000.WAV,2024-06-08,04:00:00,17280488
A10,A10_N3,A10-N3_20240608_140000.WAV,2024-06-08,14:00:00,17280488
A10,A10_N3,A10-N3_20240608_180000.WAV,2024-06-08,18:00:00,17280488
A10,A10_N3,A10-N3_20240609_000000.WAV,2024-06-09,00:00:00,17280488
A10,A10_N3,A10-N3_20240609_040000.WAV,2024-06-09,04:00:00,17280488
A10,A10_N3,A10-N3_20240609_140000.WAV,2024-06-09,14:00:00,17280488
A10,A10_N3,A10-N3_20240609_180000.WAV,2024-06-09,18:00:00,17280488
A10,A10_N3,A10-N3_20240610_000000.WAV,2024-06-10,00:00:00,17280488
A10,A10_N3,A10-N3_20240610_040000.WAV,2024-06-10,04:00:00,17280488
A10,A10_N3,A10-N3_20240610_140000.WAV,2024-06-10,14:00:00,17280488
A10,A10_N3,A10-N3_20240610_180000.WAV,2024-06-10,18:00:00,17280488
A10,A10_N3,A10-N3_20240611_000000.WAV,2024-06-11,00:00:00,17280488
A10,A10_N3,A10-N3_20240611_040000.WAV,2024-06-11,04:00:00,17280488
A10,A10_N3,A10-N3_20240611_140000.WAV,2024-06-11,14:00:00,17280488
A10,A10_N3,A10-N3_20240611_180000.WAV,2024-06-11,18:00:00,17280488
A10,A10_N3,A10-N3_20240612_000000.WAV,2024-06-12,00:00:00,17280488
A10,A10_N3,A10-N3_20240612_040000.WAV,2024-06-12,04:00:00,17280488
A10,A10_N3,A10-N3_20240612_140000.WAV,2024-06-12,14:00:00,17280488
A10,A10_N3,A10-N3_20240612_180000.WAV,2024-06-12,18:00:00,17280488
A10,A10_N3,A10-N3_20240613_000000.WAV,2024-06-13,00:00:00,17280488
A10,A10_N3,A10-N3_20240613_040000.WAV,2024-06-13,04:00:00,17280488
A10,A10_N3,A10-N3_20240613_140000.WAV,2024-06-13,14:00:00,17280488
A10,A10_N3,A10-N3_20240613_180000.WAV,2024-06-13,18:00:00,17280488
A10,A10_N3,A10-N3_20240614_000000.WAV,2024-06-14,00:00:00,17280488
A10,A10_N3,A10-N3_20240614_040000.WAV,2024-06-14,04:00:00,17280488
A10,A10_N3,A10-N3_20240614_140000.WAV,2024-06-14,14:00:00,17280488
A10,A10_N3,A10-N3_20240614_180000.WAV,2024-06-14,18:00:00,17280488
A10,A10_N3,A10-N3_20240615_000000.WAV,2024-06-15,00:00:00,17280488
A10,A10_N3,A10-N3_20240615_040000.WAV,2024-06-15,04:00:00,17280488
A10,A10_N3,A10-N3_20240615_140000.WAV,2024-06-15,14:00:00,17280488
A10,A10_N3,A10-N3_20240615_180000.WAV,2024-06-15,18:00:00,17280488
A10,A10_N3,A10-N3_20240616_000000.WAV,2024-06-16,00:00:00,17280488
A10,A10_N3,A10-N3_20240616_040000.WAV,2024-06-16,04:00:00,17280488
A10,A10_N3,A10-N3_20240616_140000.WAV,2024-06-16,14:00:00,17280488
A10,A10_N3,A10-N3_20240616_180000.WAV,2024-06-16,18:00:00,17280488
A10,A10_N3,A10-N3_20240617_000000.WAV,2024-06-17,00:00:00,17280488
A10,A10_N3,A10-N3_20240617_040000.WAV,2024-06-17,04:00:00,17280488
A10,A10_N3,A10-N3_20240617_140000.WAV,2024-06-17,14:00:00,17280488
A10,A10_N3,A10-N3_20240617_180000.WAV,2024-06-17,18:00:00,17280488
A10,A10_N3,A10-N3_20240618_000000.WAV,2024-06-18,00:00:00,17280488
A10,A10_N3,A10-N3_20240618_040000.WAV,2024-06-18,04:00:00,17280488
A10,A10_N3,A10-N3_20240618_140000.WAV,2024-06-18,14:00:00,17280488
A10,A10_N3,A10-N3_20240618_180000.WAV,2024-06-18,18:00:00,17280488
A10,A10_N3,A10-N3_20240619_000000.WAV,2024-06-19,00:00:00,17280488
A10,A10_N3,A10-N3_20240619_040000.WAV,2024-06-19,04:00:00,17280488
A10,A10_N3,A10-N3_20240619_140000.WAV,2024-06-19,14:00:00,17280488
A10,A10_N3,A10-N3_20240619_180000.WAV,2024-06-19,18:00:00,17280488
A10,A10_N3,A10-N3_20240620_000000.WAV,2024-06-20,00:00:00,17280488
A10,A10_N3,A10-N3_20240620_040000.WAV,2024-06-20,04:00:00,17280488
A10,A10_N3,A10-N3_20240620_140000.WAV,2024-06-20,14:00:00,17280488
A10,A10_N3,A10-N3_20240620_180000.WAV,2024-06-20,18:00:00,17280488
A10,A10_N3,A10-N3_20240621_000000.WAV,2024-06-21,00:00:00,17280488
A10,A10_N3,A10-N3_20240621_040000.WAV,2024-06-21,04:00:00,17280488
A10,A10_N3,A10-N3_20240621_140000.WAV,2024-06-21,14:00:00,17280488
A10,A10_N3,A10-N3_20240621_180000.WAV,2024-06-21,18:00:00,17280488
A10,A10_N3,A10-N3_20240622_000000.WAV,2024-06-22,00:00:00,17280488
A10,A10_N3,A10-N3_20240622_040000.WAV,2024-06-22,04:00:00,17280488
A10,A10_N3,A10-N3_20240622_140000.WAV,2024-06-22,14:00:00,17280488
A10,A10_N3,A10-N3_20240622_180000.WAV,2024-06-22,18:00:00,17280488
A10,A10_N3,A10-N3_20240623_000000.WAV,2024-06-23,00:00:00,17280488
A10,A10_N3,A10-N3_20240623_040000.WAV,2024-06-23,04:00:00,17280488
A10,A10_N3,A10-N3_20240623_140000.WAV,2024-06-23,14:00:00,17280488
A10,A10_N3,A10-N3_20240623_180000.WAV,2024-06-23,18:00:00,17280488
A10,A10_N3,A10-N3_20240624_000000.WAV,2024-06-24,00:00:00,17280488
A10,A10_N3,A10-N3_20240624_040000.WAV,2024-06-24,04:00:00,17280488
A10,A10_N3,A10-N3_20240624_140000.WAV,2024-06-24,14:00:00,17280488
A10,A10_N3,A10-N3_20240624_180000.WAV,2024-06-24,18:00:00,17280488
A10,A10_N3,A10-N3_20240625_000000.WAV,2024-06-25,00:00:00,17280488
A10,A10_N3,A10-N3_20240625_040000.WAV,2024-06-25,04:00:00,17280488
A10,A10_N3,A10-N3_20240625_140000.WAV,2024-06-25,14:00:00,17280488
A10,A10_N3,A10-N3_20240625_180000.WAV,2024-06-25,18:00:00,17280488
A10,A10_N3,A10-N3_20240626_000000.WAV,2024-06-26,00:00:00,17280488
A10,A10_N3,A10-N3_20240626_040000.WAV,2024-06-26,04:00:00,17280488
A10,A10_N3,A10-N3_20240626_140000.WAV,2024-06-26,14:00:00,17280488
A10,A10_N3,A10-N3_20240626_180000.WAV,2024-06-26,18:00:00,17280488
A10,A10_N3,A10-N3_20240627_000000.WAV,2024-06-27,00:00:00,17280488
A10,A10_N3,A10-N3_20240627_040000.WAV,2024-06-27,04:00:00,17280488
A10,A10_N3,A10-N3_20240627_140000.WAV,2024-06-27,14:00:00,17280488
A10,A10_N3,A10-N3_20240627_180000.WAV,2024-06-27,18:00:00,17280488
A10,A10_N3,A10-N3_20240628_000000.WAV,2024-06-28,00:00:00,17280488
A10,A10_N3,A10-N3_20240628_040000.WAV,2024-06-28,04:00:00,17280488
A10,A10_N3,A10-N3_20240628_140000.WAV,2024-06-28,14:00:00,17280488
A10,A10_N3,A10-N3_20240628_180000.WAV,2024-06-28,18:00:00,17280488
A10,A10_N3,A10-N3_20240629_000000.WAV,2024-06-29,00:00:00,17280488
A10,A10_N3,A10-N3_20240629_040000.WAV,2024-06-29,04:00:00,17280488
A10,A10_N3,A10-N3_20240629_140000.WAV,2024-06-29,14:00:00,17280488
A10,A10_N3,A10-N3_20240629_180000.WAV,2024-06-29,18:00:00,17280488
A10,A10_N3,A10-N3_20240630_000000.WAV,2024-06-30,00:00:00,17280488
A10,A10_N3,A10-N3_20240630_040000.WAV,2024-06-30,04:00:00,17280488
A10,A10_N3,A10-N3_20240630_140000.WAV,2024-06-30,14:00:00,17280488
A10,A10_N3,A10-N3_20240630_180000.WAV,2024-06-30,18:00:00,17280488
A10,A10_N3,A10-N3_20240701_000000.WAV,2024-07-01,00:00:00,17280488
A10,A10_N3,A10-N3_20240701_040000.WAV,2024-07-01,04:00:00,17280488
A10,A10_N3,A10-N3_20240701_140000.WAV,2024-07-01,14:00:00,17280488
A10,A10_N3,A10-N3_20240701_180000.WAV,2024-07-01,18:00:00,17280488
A10,A10_N3,A10-N3_20240702_000000.WAV,2024-07-02,00:00:00,17280488
A10,A10_N3,A10-N3_20240702_040000.WAV,2024-07-02,04:00:00,17280488
A10,A10_N3,A10-N3_20240702_140000.WAV,2024-07-02,14:00:00,17280488
A10,A10_N3,A10-N3_20240702_180000.WAV,2024-07-02,18:00:00,17280488
A10,A10_N3,A10-N3_20240703_000000.WAV,2024-07-03,00:00:00,17280488
A10,A10_N3,A10-N3_20240703_040000.WAV,2024-07-03,04:00:00,17280488
A10,A10_N3,A10-N3_20240703_140000.WAV,2024-07-03,14:00:00,17280488
A10,A10_N3,A10-N3_20240703_180000.WAV,2024-07-03,18:00:00,17280488
A10,A10_N3,A10-N3_20240704_000000.WAV,2024-07-04,00:00:00,17280488
A10,A10_N3,A10-N3_20240704_040000.WAV,2024-07-04,04:00:00,17280488
A10,A10_N3,A10-N3_20240704_140000.WAV,2024-07-04,14:00:00,17280488
A10,A10_N3,A10-N3_20240704_180000.WAV,2024-07-04,18:00:00,17280488
A10,A10_N3,A10-N3_20240705_000000.WAV,2024-07-05,00:00:00,17280488
A10,A10_N3,A10-N3_20240705_040000.WAV,2024-07-05,04:00:00,17280488
A10,A10_N3,A10-N3_20240705_140000.WAV,2024-07-05,14:00:00,17280488
A10,A10_N3,A10-N3_20240705_180000.WAV,2024-07-05,18:00:00,17280488
A10,A10_N3,A10-N3_20240706_000000.WAV,2024-07-06,00:00:00,17280488
A10,A10_N3,A10-N3_20240706_040000.WAV,2024-07-06,04:00:00,17280488
A10,A10_N3,A10-N3_20240706_140000.WAV,2024-07-06,14:00:00,17280488
A10,A10_N3,A10-N3_20240706_180000.WAV,2024-07-06,18:00:00,17280488
A10,A10_N3,A10-N3_20240707_000000.WAV,2024-07-07,00:00:00,17280488
A10,A10_N3,A10-N3_20240707_040000.WAV,2024-07-07,04:00:00,17280488
A10,A10_N3,A10-N3_20240707_140000.WAV,2024-07-07,14:00:00,17280488
A10,A10_N3,A10-N3_20240707_180000.WAV,2024-07-07,18:00:00,17280488
A10,A10_N3,A10-N3_20240708_000000.WAV,2024-07-08,00:00:00,17280488
A10,A10_N3,A10-N3_20240708_040000.WAV,2024-07-08,04:00:00,17280488
A10,A10_N3,A10-N3_20240708_140000.WAV,2024-07-08,14:00:00,17280488
A10,A10_N3,A10-N3_20240708_180000.WAV,2024-07-08,18:00:00,17280488
A10,A10_N3,A10-N3_20240709_000000.WAV,2024-07-09,00:00:00,17280488
A10,A10_N3,A10-N3_20240709_040000.WAV,2024-07-09,04:00:00,17280488
A10,A10_N3,A10-N3_20240709_140000.WAV,2024-07-09,14:00:00,17280488
A10,A10_N3,A10-N3_20240709_180000.WAV,2024-07-09,18:00:00,17280488
A10,A10_N3,A10-N3_20240710_000000.WAV,2024-07-10,00:00:00,17280488
A10,A10_N3,A10-N3_20240710_040000.WAV,2024-07-10,04:00:00,17280488
A10,A10_N3,A10-N3_20240710_140000.WAV,2024-07-10,14:00:00,17280488
A10,A10_N3,A10-N3_20240710_180000.WAV,2024-07-10,18:00:00,17280488
A10,A10_N3,A10-N3_20240711_000000.WAV,2024-07-11,00:00:00,17280488
A10,A10_N3,A10-N3_20240711_040000.WAV,2024-07-11,04:00:00,17280488
A10,A10_N3,A10-N3_20240711_140000.WAV,2024-07-11,14:00:00,17280488
A10,A10_N3,A10-N3_20240711_180000.WAV,2024-07-11,18:00:00,17280488
A10,A10_N3,A10-N3_20240712_000000.WAV,2024-07-12,00:00:00,17280488
A10,A10_N3,A10-N3_20240712_040000.WAV,2024-07-12,04:00:00,17280488
A10,A10_N3,A10-N3_20240712_140000.WAV,2024-07-12,14:00:00,17280488
A10,A10_N3,A10-N3_20240712_180000.WAV,2024-07-12,18:00:00,17280488
A10,A10_N3,A10-N3_20240713_000000.WAV,2024-07-13,00:00:00,17280488
A10,A10_N3,A10-N3_20240713_040000.WAV,2024-07-13,04:00:00,17280488
A10,A10_N3,A10-N3_20240713_140000.WAV,2024-07-13,14:00:00,17280488
A10,A10_N3,A10-N3_20240713_180000.WAV,2024-07-13,18:00:00,17280488
A10,A10_N3,A10-N3_20240714_000000.WAV,2024-07-14,00:00:00,17280488
A10,A10_N3,A10-N3_20240714_040000.WAV,2024-07-14,04:00:00,17280488
A10,A10_N3,A10-N3_20240714_140000.WAV,2024-07-14,14:00:00,17280488
A10,A10_N3,A10-N3_20240714_180000.WAV,2024-07-14,18:00:00,17280488
A10,A10_N3,A10-N3_20240715_000000.WAV,2024-07-15,00:00:00,17280488
A10,A10_N3,A10-N3_20240715_040000.WAV,2024-07-15,04:00:00,17280488
A10,A10_N3,A10-N3_20240715_140000.WAV,2024-07-15,14:00:00,17280488
A10,A10_N3,A10-N3_20240715_180000.WAV,2024-07-15,18:00:00,17280488
A10,A10_N3,A10-N3_20240716_000000.WAV,2024-07-16,00:00:00,17280488
A10,A10_N3,A10-N3_20240716_040000.WAV,2024-07-16,04:00:00,17280488
A10,A10_N3,A10-N3_20240716_140000.WAV,2024-07-16,14:00:00,17280488
A10,A10_N3,A10-N3_20240716_180000.WAV,2024-07-16,18:00:00,17280488
A10,A10_N3,A10-N3_20240717_000000.WAV,2024-07-17,00:00:00,17280488
A10,A10_N3,A10-N3_20240717_040000.WAV,2024-07-17,04:00:00,17280488
A10,A10_N3,A10-N3_20240717_140000.WAV,2024-07-17,14:00:00,17280488
A10,A10_N3,A10-N3_20240717_180000.WAV,2024-07-17,18:00:00,17280488
A10,A10_N3,A10-N3_20240718_000000.WAV,2024-07-18,00:00:00,17280488
A10,A10_N3,A10-N3_20240718_040000.WAV,2024-07-18,04:00:00,17280488
A10,A10_N3,A10-N3_20240718_140000.WAV,2024-07-18,14:00:00,17280488
A10,A10_N3,A10-N3_20240718_180000.WAV,2024-07-18,18:00:00,17280488
A10,A10_N3,A10-N3_20240719_000000.WAV,2024-07-19,00:00:00,17280488
A10,A10_N3,A10-N3_20240719_040000.WAV,2024-07-19,04:00:00,17280488
A10,A10_N3,A10-N3_20240719_140000.WAV,2024-07-19,14:00:00,17280488
A10,A10_N3,A10-N3_20240719_180000.WAV,2024-07-19,18:00:00,17280488
A10,A10_N3,A10-N3_20240720_000000.WAV,2024-07-20,00:00:00,17280488
A10,A10_N3,A10-N3_20240720_040000.WAV,2024-07-20,04:00:00,17280488
A10,A10_N3,A10-N3_20240720_140000.WAV,2024-07-20,14:00:00,17280488
A10,A10_N3,A10-N3_20240720_180000.WAV,2024-07-20,18:00:00,17280488
A10,A10_N3,A10-N3_20240721_000000.WAV,2024-07-21,00:00:00,17280488
A10,A10_N3,A10-N3_20240721_040000.WAV,2024-07-21,04:00:00,17280488
A10,A10_N3,A10-N3_20240721_140000.WAV,2024-07-21,14:00:00,17280488
A10,A10_N3,A10-N3_20240721_180000.WAV,2024-07-21,18:00:00,17280488
A10,A10_N3,A10-N3_20240722_000000.WAV,2024-07-22,00:00:00,17280488
A10,A10_N3,A10-N3_20240722_040000.WAV,2024-07-22,04:00:00,17280488
A10,A10_N3,A10-N3_20240722_140000.WAV,2024-07-22,14:00:00,17280488
A10,A10_N3,A10-N3_20240722_180000.WAV,2024-07-22,18:00:00,17280488
A10,A10_N3,A10-N3_20240723_000000.WAV,2024-07-23,00:00:00,17280488
A10,A10_N3,A10-N3_20240723_040000.WAV,2024-07-23,04:00:00,17280488
A10,A10_N3,A10-N3_20240723_140000.WAV,2024-07-23,14:00:00,17280488
A10,A10_N3,A10-N3_20240723_180000.WAV,2024-07-23,18:00:00,17280488
A10,A10_N3,A10-N3_20240724_000000.WAV,2024-07-24,00:00:00,17280488
A10,A10_N3,A10-N3_20240724_040000.WAV,2024-07-24,04:00:00,17280488
A10,A10_N3,A10-N3_20240724_140000.WAV,2024-07-24,14:00:00,17280488
A10,A10_N3,A10-N3_20240724_180000.WAV,2024-07-24,18:00:00,17280488
A10,A10_N3,A10-N3_20240725_000000.WAV,2024-07-25,00:00:00,17280488
A10,A10_N3,A10-N3_20240725_040000.WAV,2024-07-25,04:00:00,17280488
A10,A10_N3,A10-N3_20240725_140000.WAV,2024-07-25,14:00:00,17280488
A10,A10_N3,A10-N3_20240725_180000.WAV,2024-07-25,18:00:00,17280488
A10,A10_N3,A10-N3_20240726_000000.WAV,2024-07-26,00:00:00,17280488
A10,A10_N3,A10-N3_20240726_040000.WAV,2024-07-26,04:00:00,17280488
A10,A10_N3,A10-N3_20240726_140000.WAV,2024-07-26,14:00:00,17280488
A10,A10_N3,A10-N3_20240726_180000.WAV,2024-07-26,18:00:00,17280488
A10,A10_N3,A10-N3_20240727_000000.WAV,2024-07-27,00:00:00,17280488
A10,A10_N3,A10-N3_20240727_040000.WAV,2024-07-27,04:00:00,17280488
A10,A10_N3,A10-N3_20240727_140000.WAV,2024-07-27,14:00:00,17280488
A10,A10_N3,A10-N3_20240727_180000.WAV,2024-07-27,18:00:00,17280488
A10,A10_N3,A10-N3_20240728_000000.WAV,2024-07-28,00:00:00,17280488
A10,A10_N3,A10-N3_20240728_040000.WAV,2024-07-28,04:00:00,17280488
A10,A10_N3,A10-N3_20240728_140000.WAV,2024-07-28,14:00:00,17280488
A10,A10_N3,A10-N3_20240728_180000.WAV,2024-07-28,18:00:00,17280488
A10,A10_N3,A10-N3_20240729_000000.WAV,2024-07-29,00:00:00,17280488
A10,A10_N3,A10-N3_20240729_040000.WAV,2024-07-29,04:00:00,17280488
A10,A10_N3,A10-N3_20240729_140000.WAV,2024-07-29,14:00:00,17280488
A10,A10_N3,A10-N3_20240729_180000.WAV,2024-07-29,18:00:00,17280488
A10,A10_N3,A10-N3_20240730_000000.WAV,2024-07-30,00:00:00,17280488
A10,A10_N3,A10-N3_20240730_040000.WAV,2024-07-30,04:00:00,17280488
A10,A10_N3,A10-N3_20240730_140000.WAV,2024-07-30,14:00:00,17280488
A10,A10_N3,A10-N3_20240730_180000.WAV,2024-07-30,18:00:00,17280488
A10,A10_N3,A10-N3_20240731_000000.WAV,2024-07-31,00:00:00,17280488
A10,A10_N3,A10-N3_20240731_040000.WAV,2024-07-31,04:00:00,17280488
A10,A10_N3,A10-N3_20240731_140000.WAV,2024-07-31,14:00:00,17280488
A10,A10_N3,A10-N3_20240731_180000.WAV,2024-07-31,18:00:00,17280488
A10,A10_N3,A10-N3_20240801_000000.WAV,2024-08-01,00:00:00,17280488
A10,A10_N3,A10-N3_20240801_040000.WAV,2024-08-01,04:00:00,17280488
A10,A10_N3,A10-N3_20240801_140000.WAV,2024-08-01,14:00:00,17280488
A10,A10_N3,A10-N3_20240801_180000.WAV,2024-08-01,18:00:00,17280488
A10,A10_N3,A10-N3_20240802_000000.WAV,2024-08-02,00:00:00,17280488
A10,A10_N3,A10-N3_20240802_040000.WAV,2024-08-02,04:00:00,17280488
A10,A10_N3,A10-N3_20240802_140000.WAV,2024-08-02,14:00:00,17280488
A10,A10_N3,A10-N3_20240802_180000.WAV,2024-08-02,18:00:00,17280488
A10,A10_N3,A10-N3_20240803_000000.WAV,2024-08-03,00:00:00,17280488
A10,A10_N3,A10-N3_20240803_040000.WAV,2024-08-03,04:00:00,17280488
A10,A10_N3,A10-N3_20240803_140000.WAV,2024-08-03,14:00:00,17280488
A10,A10_N3,A10-N3_20240803_180000.WAV,2024-08-03,18:00:00,17280488
A10,A10_N3,A10-N3_20240804_000000.WAV,2024-08-04,00:00:00,17280488
A10,A10_N3,A10-N3_20240804_040000.WAV,2024-08-04,04:00:00,17280488
A10,A10_N3,A10-N3_20240804_140000.WAV,2024-08-04,14:00:00,17280488
A10,A10_N3,A10-N3_20240804_180000.WAV,2024-08-04,18:00:00,17280488
A10,A10_N3,A10-N3_20240805_000000.WAV,2024-08-05,00:00:00,17280488
A10,A10_N3,A10-N3_20240805_040000.WAV,2024-08-05,04:00:00,17280488
A10,A10_N3,A10-N3_20240805_140000.WAV,2024-08-05,14:00:00,17280488
A10,A10_N3,A10-N3_20240805_180000.WAV,2024-08-05,18:00:00,17280488
A10,A10_N3,A10-N3_20240806_000000.WAV,2024-08-06,00:00:00,17280488
A10,A10_N3,A10-N3_20240806_040000.WAV,2024-08-06,04:00:00,17280488
A10,A10_N3,A10-N3_20240806_140000.WAV,2024-08-06,14:00:00,17280488
A10,A10_N3,A10-N3_20240806_180000.WAV,2024-08-06,18:00:00,17280488
A10,A10_N3,A10-N3_20240807_000000.WAV,2024-08-07,00:00:00,17280488
A10,A10_N3,A10-N3_20240807_040000.WAV,2024-08-07,04:00:00,17280488
A10,A10_N3,A10-N3_20240807_140000.WAV,2024-08-07,14:00:00,17280488
A10,A10_N3,A10-N3_20240807_180000.WAV,2024-08-07,18:00:00,17280488
A10,A10_N3,A10-N3_20240808_000000.WAV,2024-08-08,00:00:00,17280488
A10,A10_N3,A10-N3_20240808_040000.WAV,2024-08-08,04:00:00,17280488
A10,A10_N3,A10-N3_20240808_140000.WAV,2024-08-08,14:00:00,17280488
A10,A10_N3,A10-N3_20240808_180000.WAV,2024-08-08,18:00:00,17280488
A10,A10_N3,A10-N3_20240809_000000.WAV,2024-08-09,00:00:00,17280488
A10,A10_N3,A10-N3_20240809_040000.WAV,2024-08-09,04:00:00,17280488
A10,A10_N3,A10-N3_20240809_140000.WAV,2024-08-09,14:00:00,17280488
A10,A10_N3,A10-N3_20240809_180000.WAV,2024-08-09,18:00:00,17280488
A10,A10_N3,A10-N3_20240810_000000.WAV,2024-08-10,00:00:00,17280488
A10,A10_N3,A10-N3_20240810_040000.WAV,2024-08-10,04:00:00,17280488
A10,A10_N3,A10-N3_20240810_140000.WAV,2024-08-10,14:00:00,17280488
A10,A10_N3,A10-N3_20240810_180000.WAV,2024-08-10,18:00:00,17280488
A10,A10_N3,A10-N3_20240811_000000.WAV,2024-08-11,00:00:00,17280488
A10,A10_N3,A10-N3_20240811_040000.WAV,2024-08-11,04:00:00,17280488
A10,A10_N3,A10-N3_20240811_140000.WAV,2024-08-11,14:00:00,17280488
A10,A10_N3,A10-N3_20240811_180000.WAV,2024-08-11,18:00:00,17280488
A10,A10_N3,A10-N3_20240812_000000.WAV,2024-08-12,00:00:00,17280488
A10,A10_N3,A10-N3_20240812_040000.WAV,2024-08-12,04:00:00,17280488
A10,A10_N3,A10-N3_20240812_140000.WAV,2024-08-12,14:00:00,17280488
A10,A10_N3,A10-N3_20240812_180000.WAV,2024-08-12,18:00:00,17280488
A10,A10_N3,A10-N3_20240813_000000.WAV,2024-08-13,00:00:00,17280488
A10,A10_N3,A10-N3_20240813_040000.WAV,2024-08-13,04:00:00,17280488
A10,A10_N3,A10-N3_20240813_140000.WAV,2024-08-13,14:00:00,17280488
A10,A10_N3,A10-N3_20240813_180000.WAV,2024-08-13,18:00:00,17280488
A10,A10_N3,A10-N3_20240814_000000.WAV,2024-08-14,00:00:00,17280488
A10,A10_N3,A10-N3_20240814_040000.WAV,2024-08-14,04:00:00,17280488
A10,A10_N3,A10-N3_20240814_140000.WAV,2024-08-14,14:00:00,17280488
A10,A10_N3,A10-N3_20240814_180000.WAV,2024-08-14,18:00:00,17280488
A10,A10_N3,A10-N3_20240815_000000.WAV,2024-08-15,00:00:00,17280488
A10,A10_N3,A10-N3_20240815_040000.WAV,2024-08-15,04:00:00,17280488
A10,A10_N3,A10-N3_20240815_140000.WAV,2024-08-15,14:00:00,17280488
A10,A10_N3,A10-N3_20240815_180000.WAV,2024-08-15,18:00:00,17280488
A10,A10_N3,A10-N3_20240816_000000.WAV,2024-08-16,00:00:00,17280488
A10,A10_N3,A10-N3_20240816_040000.WAV,2024-08-16,04:00:00,17280488
A10,A10_N3,A10-N3_20240816_140000.WAV,2024-08-16,14:00:00,17280488
A10,A10_N3,A10-N3_20240816_180000.WAV,2024-08-16,18:00:00,17280488
A10,A10_N3,A10-N3_20240817_000000.WAV,2024-08-17,00:00:00,17280488
A10,A10_N3,A10-N3_20240817_040000.WAV,2024-08-17,04:00:00,17280488
A10,A10_N3,A10-N3_20240817_140000.WAV,2024-08-17,14:00:00,17280488
A10,A10_N3,A10-N3_20240817_180000.WAV,2024-08-17,18:00:00,17280488
A10,A10_N3,A10-N3_20240818_000000.WAV,2024-08-18,00:00:00,17280488
A10,A10_N3,A10-N3_20240818_040000.WAV,2024-08-18,04:00:00,17280488
A10,A10_N3,A10-N3_20240818_140000.WAV,2024-08-18,14:00:00,17280488
A10,A10_N3,A10-N3_20240818_180000.WAV,2024-08-18,18:00:00,17280488
A10,A10_N3,A10-N3_20240819_000000.WAV,2024-08-19,00:00:00,17280488
A10,A10_N3,A10-N3_20240819_040000.WAV,2024-08-19,04:00:00,17280488
A10,A10_N3,A10-N3_20240819_140000.WAV,2024-08-19,14:00:00,17280488
A10,A10_N3,A10-N3_20240819_180000.WAV,2024-08-19,18:00:00,17280488
A10,A10_N3,A10-N3_20240820_000000.WAV,2024-08-20,00:00:00,17280488
A10,A10_N3,A10-N3_20240820_040000.WAV,2024-08-20,04:00:00,17280488
A10,A10_N3,A10-N3_20240820_140000.WAV,2024-08-20,14:00:00,17280488
A10,A10_N3,A10-N3_20240820_180000.WAV,2024-08-20,18:00:00,17280488
A10,A10_N3,A10-N3_20240821_000000.WAV,2024-08-21,00:00:00,17280488
A10,A10_N3,A10-N3_20240821_040000.WAV,2024-08-21,04:00:00,17280488
A10,A10_N3,A10-N3_20240821_140000.WAV,2024-08-21,14:00:00,17280488
A10,A10_N3,A10-N3_20240821_180000.WAV,2024-08-21,18:00:00,17280488
A10,A10_N3,A10-N3_20240822_000000.WAV,2024-08-22,00:00:00,17280488
A10,A10_N3,A10-N3_20240822_040000.WAV,2024-08-22,04:00:00,17280488
A10,A10_N3,A10-N3_20240822_140000.WAV,2024-08-22,14:00:00,17280488
A10,A10_N3,A10-N3_20240822_180000.WAV,2024-08-22,18:00:00,17280488
A10,A10_N3,A10-N3_20240823_000000.WAV,2024-08-23,00:00:00,17280488
A10,A10_N3,A10-N3_20240823_040000.WAV,2024-08-23,04:00:00,17280488
A10,A10_N3,A10-N3_20240823_140000.WAV,2024-08-23,14:00:00,17280488
A10,A10_N3,A10-N3_20240823_180000.WAV,2024-08-23,18:00:00,17280488
A10,A10_N3,A10-N3_20240824_000000.WAV,2024-08-24,00:00:00,17280488
A10,A10_N3,A10-N3_20240824_040000.WAV,2024-08-24,04:00:00,17280488
A10,A10_N3,A10-N3_20240824_140000.WAV,2024-08-24,14:00:00,17280488
A10,A10_N3,A10-N3_20240824_180000.WAV,2024-08-24,18:00:00,17280488
A10,A10_N3,A10-N3_20240825_000000.WAV,2024-08-25,00:00:00,17280488
A10,A10_N3,A10-N3_20240825_040000.WAV,2024-08-25,04:00:00,17280488
A10,A10_N3,A10-N3_20240825_140000.WAV,2024-08-25,14:00:00,17280488
A10,A10_N3,A10-N3_20240825_180000.WAV,2024-08-25,18:00:00,17280488
A10,A10_N3,A10-N3_20240826_000000.WAV,2024-08-26,00:00:00,17280488
A10,A10_N3,A10-N3_20240826_040000.WAV,2024-08-26,04:00:00,17280488
A10,A10_N3,A10-N3_20240826_140000.WAV,2024-08-26,14:00:00,17280488
A10,A10_N3,A10-N3_20240826_180000.WAV,2024-08-26,18:00:00,17280488
A10,A10_N3,A10-N3_20240827_000000.WAV,2024-08-27,00:00:00,17280488
A10,A10_N3,A10-N3_20240827_040000.WAV,2024-08-27,04:00:00,17280488
A10,A10_N3,A10-N3_20240827_140000.WAV,2024-08-27,14:00:00,17280488
A10,A10_N3,A10-N3_20240827_180000.WAV,2024-08-27,18:00:00,17280488
A10,A10_N3,A10-N3_20240828_000000.WAV,2024-08-28,00:00:00,17280488
A10,A10_N3,A10-N3_20240828_040000.WAV,2024-08-28,04:00:00,17280488
A10,A10_N3,A10-N3_20240828_140000.WAV,2024-08-28,14:00:00,17280488
A10,A10_N3,A10-N3_20240828_180000.WAV,2024-08-28,18:00:00,17280488
A10,A10_N3,A10-N3_20240829_000000.WAV,2024-08-29,00:00:00,17280488
A10,A10_N3,A10-N3_20240829_040000.WAV,2024-08-29,04:00:00,17280488
A10,A10_N3,A10-N3_20240829_140000.WAV,2024-08-29,14:00:00,17280488
A10,A10_N3,A10-N3_20240829_180000.WAV,2024-08-29,18:00:00,17280488
A10,A10_N3,A10-N3_20240830_000000.WAV,2024-08-30,00:00:00,17280488
A10,A10_N3,A10-N3_20240830_040000.WAV,2024-08-30,04:00:00,17280488
A10,A10_N3,A10-N3_20240830_140000.WAV,2024-08-30,14:00:00,17280488
A10,A10_N3,A10-N3_20240830_180000.WAV,2024-08-30,18:00:00,17280488
A10,A10_N3,A10-N3_20240831_000000.WAV,2024-08-31,00:00:00,17280488
A10,A10_N3,A10-N3_20240831_040000.WAV,2024-08-31,04:00:00,17280488
A10,A10_N3,A10-N3_20240831_140000.WAV,2024-08-31,14:00:00,17280488
A10,A10_N3,A10-N3_20240831_180000.WAV,2024-08-31,18:00:00,17280488
A10,A10_N3,A10-N3_20240901_000000.WAV,2024-09-01,00:00:00,17280488
A10,A10_N3,A10-N3_20240901_040000.WAV,2024-09-01,04:00:00,17280488
A10,A10_N3,A10-N3_20240901_140000.WAV,2024-09-01,14:00:00,17280488
A10,A10_N3,A10-N3_20240901_180000.WAV,2024-09-01,18:00:00,17280488
A10,A10_N3,A10-N3_20240902_000000.WAV,2024-09-02,00:00:00,17280488
A10,A10_N3,A10-N3_20240902_040000.WAV,2024-09-02,04:00:00,17280488
A10,A10_N3,A10-N3_20240902_140000.WAV,2024-09-02,14:00:00,17280488
A10,A10_N3,A10-N3_20240902_180000.WAV,2024-09-02,18:00:00,17280488
A10,A10_N3,A10-N3_20240903_000000.WAV,2024-09-03,00:00:00,17280488
A10,A10_N3,A10-N3_20240903_040000.WAV,2024-09-03,04:00:00,17280488
A10,A10_N3,A10-N3_20240903_140000.WAV,2024-09-03,14:00:00,17280488
A10,A10_N3,A10-N3_20240903_180000.WAV,2024-09-03,18:00:00,17280488
A10,A10_N3,A10-N3_20240904_000000.WAV,2024-09-04,00:00:00,17280488
A10,A10_N3,A10-N3_20240904_040000.WAV,2024-09-04,04:00:00,17280488
A10,A10_N3,A10-N3_20240904_140000.WAV,2024-09-04,14:00:00,17280488
A10,A10_N3,A10-N3_20240904_180000.WAV,2024-09-04,18:00:00,17280488
A10,A10_N3,A10-N3_20240905_000000.WAV,2024-09-05,00:00:00,17280488
A10,A10_N3,A10-N3_20240905_040000.WAV,2024-09-05,04:00:00,17280488
A10,A10_N3,A10-N3_20240905_140000.WAV,2024-09-05,14:00:00,17280488
A10,A10_N3,A10-N3_20240905_180000.WAV,2024-09-05,18:00:00,17280488
A10,A10_N3,A10-N3_20240906_000000.WAV,2024-09-06,00:00:00,17280488
A10,A10_N3,A10-N3_20240906_040000.WAV,2024-09-06,04:00:00,17280488
A10,A10_N3,A10-N3_20240906_140000.WAV,2024-09-06,14:00:00,17280488
A10,A10_N3,A10-N3_20240906_180000.WAV,2024-09-06,18:00:00,17280488
A10,A10_N3,A10-N3_20240907_000000.WAV,2024-09-07,00:00:00,17280488
A10,A10_N3,A10-N3_20240907_040000.WAV,2024-09-07,04:00:00,17280488
A10,A10_N3,A10-N3_20240907_140000.WAV,2024-09-07,14:00:00,17280488
A10,A10_N3,A10-N3_20240907_180000.WAV,2024-09-07,18:00:00,17280488
A10,A10_N3,A10-N3_20240908_000000.WAV,2024-09-08,00:00:00,17280488
A10,A10_N3,A10-N3_20240908_040000.WAV,2024-09-08,04:00:00,17280488
A10,A10_N3,A10-N3_20240908_140000.WAV,2024-09-08,14:00:00,17280488
A10,A10_N3,A10-N3_20240908_180000.WAV,2024-09-08,18:00:00,17280488
A10,A10_N3,A10-N3_20240909_000000.WAV,2024-09-09,00:00:00,17280488
A10,A10_N3,A10-N3_20240909_040000.WAV,2024-09-09,04:00:00,17280488
A10,A10_N3,A10-N3_20240909_140000.WAV,2024-09-09,14:00:00,17280488
A10,A10_N3,A10-N3_20240909_180000.WAV,2024-09-09,18:00:00,17280488
A10,A10_N3,A10-N3_20240910_000000.WAV,2024-09-10,00:00:00,17280488
A10,A10_N3,A10-N3_20240910_040000.WAV,2024-09-10,04:00:00,17280488
A10,A10_N3,A10-N3_20240910_140000.WAV,2024-09-10,14:00:00,17280488
A10,A10_N3,A10-N3_20240910_180000.WAV,2024-09-10,18:00:00,17280488
A10,A10_N3,A10-N3_20240911_000000.WAV,2024-09-11,00:00:00,17280488
A10,A10_N3,A10-N3_20240911_040000.WAV,2024-09-11,04:00:00,17280488
A10,A10_N3,A10-N3_20240911_140000.WAV,2024-09-11,14:00:00,17280488
A10,A10_N3,A10-N3_20240911_180000.WAV,2024-09-11,18:00:00,17280488
A10,A10_N3,A10-N3_20240912_000000.WAV,2024-09-12,00:00:00,17280488
A10,A10_N3,A10-N3_20240912_040000.WAV,2024-09-12,04:00:00,17280488
A10,A10_N3,A10-N3_20240912_140000.WAV,2024-09-12,14:00:00,17280488
A10,A10_N3,A10-N3_20240912_180000.WAV,2024-09-12,18:00:00,17280488
A10,A10_N3,A10-N3_20240913_000000.WAV,2024-09-13,00:00:00,17280488
A10,A10_N3,A10-N3_20240913_040000.WAV,2024-09-13,04:00:00,17280488
A10,A10_N3,A10-N3_20240913_140000.WAV,2024-09-13,14:00:00,17280488
A10,A10_N3,A10-N3_20240913_180000.WAV,2024-09-13,18:00:00,17280488
A10,A10_N3,A10-N3_20240914_000000.WAV,2024-09-14,00:00:00,17280488
A10,A10_N3,A10-N3_20240914_040000.WAV,2024-09-14,04:00:00,17280488
A10,A10_N3,A10-N3_20240914_140000.WAV,2024-09-14,14:00:00,17280488
A10,A10_N3,A10-N3_20240914_180000.WAV,2024-09-14,18:00:00,17280488
A10,A10_N3,A10-N3_20240915_000000.WAV,2024-09-15,00:00:00,17280488
A10,A10_N3,A10-N3_20240915_040000.WAV,2024-09-15,04:00:00,17280488
A10,A10_N3,A10-N3_20240915_140000.WAV,2024-09-15,14:00:00,17280488
A10,A10_N3,A10-N3_20240915_180000.WAV,2024-09-15,18:00:00,17280488
A10,A10_N3,A10-N3_20240916_000000.WAV,2024-09-16,00:00:00,17280488
A10,A10_N3,A10-N3_20240916_040000.WAV,2024-09-16,04:00:00,17280488
A10,A10_N3,A10-N3_20240916_140000.WAV,2024-09-16,14:00:00,17280488
A10,A10_N3,A10-N3_20240916_180000.WAV,2024-09-16,18:00:00,17280488
A10,A10_N3,A10-N3_20240917_000000.WAV,2024-09-17,00:00:00,17280488
A10,A10_N3,A10-N3_20240917_040000.WAV,2024-09-17,04:00:00,17280488
A10,A10_N3,A10-N3_20240917_140000.WAV,2024-09-17,14:00:00,17280488
A10,A10_N3,A10-N3_20240917_180000.WAV,2024-09-17,18:00:00,17280488
A10,A10_N3,A10-N3_20240918_000000.WAV,2024-09-18,00:00:00,17280488
A10,A10_N3,A10-N3_20240918_040000.WAV,2024-09-18,04:00:00,17280488
A10,A10_N3,A10-N3_20240918_140000.WAV,2024-09-18,14:00:00,17280488
A10,A10_N3,A10-N3_20240918_180000.WAV,2024-09-18,18:00:00,17280488
A10,A10_N3,A10-N3_20240919_000000.WAV,2024-09-19,00:00:00,17280488
A10,A10_N3,A10-N3_20240919_040000.WAV,2024-09-19,04:00:00,17280488
A10,A10_N3,A10-N3_20240919_140000.WAV,2024-09-19,14:00:00,17280488
A10,A10_N3,A10-N3_20240919_180000.WAV,2024-09-19,18:00:00,17280488
A10,A10_N3,A10-N3_20240920_000000.WAV,2024-09-20,00:00:00,17280488
A10,A10_N3,A10-N3_20240920_040000.WAV,2024-09-20,04:00:00,17280488
A10,A10_N3,A10-N3_20240920_140000.WAV,2024-09-20,14:00:00,17280488
A10,A10_N3,A10-N3_20240920_180000.WAV,2024-09-20,18:00:00,17280488
A10,A10_N3,A10-N3_20240921_000000.WAV,2024-09-21,00:00:00,17280488
A10,A10_N3,A10-N3_20240921_040000.WAV,2024-09-21,04:00:00,17280488
A10,A10_N3,A10-N3_20240921_140000.WAV,2024-09-21,14:00:00,17280488
A10,A10_N3,A10-N3_20240921_180000.WAV,2024-09-21,18:00:00,17280488
A10,A10_N3,A10-N3_20240922_000000.WAV,2024-09-22,00:00:00,17280488
A10,A10_N3,A10-N3_20240922_040000.WAV,2024-09-22,04:00:00,17280488
A10,A10_N3,A10-N3_20240922_140000.WAV,2024-09-22,14:00:00,17280488
A10,A10_N3,A10-N3_20240922_180000.WAV,2024-09-22,18:00:00,17280488
A10,A10_N3,A10-N3_20240923_000000.WAV,2024-09-23,00:00:00,17280488
A10,A10_N3,A10-N3_20240923_040000.WAV,2024-09-23,04:00:00,17280488
A10,A10_N3,A10-N3_20240923_140000.WAV,2024-09-23,14:00:00,17280488
A10,A10_N3,A10-N3_20240923_180000.WAV,2024-09-23,18:00:00,17280488
A10,A10_N3,A10-N3_20240924_000000.WAV,2024-09-24,00:00:00,17280488
A10,A10_N3,A10-N3_20240924_040000.WAV,2024-09-24,04:00:00,17280488
A10,A10_N3,A10-N3_20240924_140000.WAV,2024-09-24,14:00:00,17280488
A10,A10_N3,A10-N3_20240924_180000.WAV,2024-09-24,18:00:00,17280488
A10,A10_N3,A10-N3_20240925_000000.WAV,2024-09-25,00:00:00,17280488
A10,A10_N3,A10-N3_20240925_040000.WAV,2024-09-25,04:00:00,17280488
A10,A10_N3,A10-N3_20240925_140000.WAV,2024-09-25,14:00:00,17280488
A10,A10_N3,A10-N3_20240925_180000.WAV,2024-09-25,18:00:00,17280488
A10,A10_N3,A10-N3_20240926_000000.WAV,2024-09-26,00:00:00,17280488
A10,A10_N3,A10-N3_20240926_040000.WAV,2024-09-26,04:00:00,17280488
A10,A10_N3,A10-N3_20240926_140000.WAV,2024-09-26,14:00:00,17280488
A10,A10_N3,A10-N3_20240926_180000.WAV,2024-09-26,18:00:00,17280488
A10,A10_N3,A10-N3_20240927_000000.WAV,2024-09-27,00:00:00,17280488
A10,A10_N3,A10-N3_20240927_040000.WAV,2024-09-27,04:00:00,17280488
A10,A10_N3,A10-N3_20240927_140000.WAV,2024-09-27,14:00:00,17280488
A10,A10_N3,A10-N3_20240927_180000.WAV,2024-09-27,18:00:00,17280488
A10,A10_N3,A10-N3_20240928_000000.WAV,2024-09-28,00:00:00,17280488
A10,A10_N3,A10-N3_20240928_040000.WAV,2024-09-28,04:00:00,17280488
A10,A10_N3,A10-N3_20240928_140000.WAV,2024-09-28,14:00:00,17280488
A10,A10_N3,A10-N3_20240928_180000.WAV,2024-09-28,18:00:00,17280488
A10,A10_N3,A10-N3_20240929_000000.WAV,2024-09-29,00:00:00,17280488
A10,A10_N3,A10-N3_20240929_040000.WAV,2024-09-29,04:00:00,17280488
A10,A10_N3,A10-N3_20240929_140000.WAV,2024-09-29,14:00:00,17280488
A10,A10_N3,A10-N3_20240929_180000.WAV,2024-09-29,18:00:00,17280488
A10,A10_N3,A10-N3_20240930_000000.WAV,2024-09-30,00:00:00,17280488
A10,A10_N3,A10-N3_20240930_040000.WAV,2024-09-30,04:00:00,17280488
A10,A10_N3,A10-N3_20240930_140000.WAV,2024-09-30,14:00:00,17280488
A10,A10_N3,A10-N3_20240930_180000.WAV,2024-09-30,18:00:00,17280488
A10,A10_N3,A10-N3_20241001_000000.WAV,2024-10-01,00:00:00,17280488
A10,A10_N3,A10-N3_20241001_040000.WAV,2024-10-01,04:00:00,17280488
A10,A10_N3,A10-N3_20241001_140000.WAV,2024-10-01,14:00:00,17280488
A10,A10_N3,A10-N3_20241001_180000.WAV,2024-10-01,18:00:00,17280488
A10,A10_N3,A10-N3_20241002_000000.WAV,2024-10-02,00:00:00,17280488
A10,A10_N3,A10-N3_20241002_040000.WAV,2024-10-02,04:00:00,17280488
A10,A10_N3,A10-N3_20241002_140000.WAV,2024-10-02,14:00:00,17280488
A10,A10_N3,A10-N3_20241002_180000.WAV,2024-10-02,18:00:00,17280488
A10,A10_N3,A10-N3_20241003_000000.WAV,2024-10-03,00:00:00,17280488
A10,A10_N3,A10-N3_20241003_040000.WAV,2024-10-03,04:00:00,17280488
A10,A10_N3,A10-N3_20241003_140000.WAV,2024-10-03,14:00:00,17280488
A10,A10_N3,A10-N3_20241003_180000.WAV,2024-10-03,18:00:00,17280488
A10,A10_N3,A10-N3_20241004_000000.WAV,2024-10-04,00:00:00,17280488
A10,A10_N3,A10-N3_20241004_040000.WAV,2024-10-04,04:00:00,17280488
A10,A10_N3,A10-N3_20241004_140000.WAV,2024-10-04,14:00:00,17280488
A10,A10_N3,A10-N3_20241004_180000.WAV,2024-10-04,18:00:00,17280488
A10,A10_N3,A10-N3_20241005_000000.WAV,2024-10-05,00:00:00,17280488
A10,A10_N3,A10-N3_20241005_040000.WAV,2024-10-05,04:00:00,17280488
A10,A10_N3,A10-N3_20241005_140000.WAV,2024-10-05,14:00:00,17280488
A10,A10_N3,A10-N3_20241005_180000.WAV,2024-10-05,18:00:00,17280488
A10,A10_N3,A10-N3_20241006_000000.WAV,2024-10-06,00:00:00,17280488
A10,A10_N3,A10-N3_20241006_040000.WAV,2024-10-06,04:00:00,17280488
A10,A10_N3,A10-N3_20241006_140000.WAV,2024-10-06,14:00:00,17280488
A10,A10_N3,A10-N3_20241006_180000.WAV,2024-10-06,18:00:00,17280488
A10,A10_N3,A10-N3_20241007_000000.WAV,2024-10-07,00:00:00,17280488
A10,A10_N3,A10-N3_20241007_040000.WAV,2024-10-07,04:00:00,17280488
A10,A10_N3,A10-N3_20241007_140000.WAV,2024-10-07,14:00:00,17280488
A10,A10_N3,A10-N3_20241007_180000.WAV,2024-10-07,18:00:00,17280488
A10,A10_N3,A10-N3_20241008_000000.WAV,2024-10-08,00:00:00,17280488
A10,A10_N3,A10-N3_20241008_040000.WAV,2024-10-08,04:00:00,17280488
A10,A10_N3,A10-N3_20241008_140000.WAV,2024-10-08,14:00:00,17280488
A10,A10_N3,A10-N3_20241008_180000.WAV,2024-10-08,18:00:00,17280488
A10,A10_N3,A10-N3_20241009_000000.WAV,2024-10-09,00:00:00,17280488
A10,A10_N3,A10-N3_20241009_040000.WAV,2024-10-09,04:00:00,17280488
A10,A10_N3,A10-N3_20241009_140000.WAV,2024-10-09,14:00:00,17280488
A10,A10_N4,A10_N4_20240326_000000.WAV,2024-03-26,00:00:00,17280488
A10,A10_N4,A10_N4_20240326_040000.WAV,2024-03-26,04:00:00,17280488
A10,A10_N4,A10_N4_20240326_140000.WAV,2024-03-26,14:00:00,17280488
A10,A10_N4,A10_N4_20240326_180000.WAV,2024-03-26,18:00:00,17280488
A10,A10_N4,A10_N4_20240327_000000.WAV,2024-03-27,00:00:00,17280488
A10,A10_N4,A10_N4_20240327_040000.WAV,2024-03-27,04:00:00,17280488
A10,A10_N4,A10_N4_20240327_140000.WAV,2024-03-27,14:00:00,17280488
A10,A10_N4,A10_N4_20240327_180000.WAV,2024-03-27,18:00:00,17280488
A10,A10_N4,A10_N4_20240328_000000.WAV,2024-03-28,00:00:00,17280488
A10,A10_N4,A10_N4_20240328_040000.WAV,2024-03-28,04:00:00,17280488
A10,A10_N4,A10_N4_20240328_140000.WAV,2024-03-28,14:00:00,17280488
A10,A10_N4,A10_N4_20240328_180000.WAV,2024-03-28,18:00:00,17280488
A10,A10_N4,A10_N4_20240329_000000.WAV,2024-03-29,00:00:00,17280488
A10,A10_N4,A10_N4_20240329_040000.WAV,2024-03-29,04:00:00,17280488
A10,A10_N4,A10_N4_20240329_140000.WAV,2024-03-29,14:00:00,17280488
A10,A10_N4,A10_N4_20240329_180000.WAV,2024-03-29,18:00:00,17280488
A10,A10_N4,A10_N4_20240330_000000.WAV,2024-03-30,00:00:00,17280488
A10,A10_N4,A10_N4_20240330_040000.WAV,2024-03-30,04:00:00,17280488
A10,A10_N4,A10_N4_20240330_140000.WAV,2024-03-30,14:00:00,17280488
A10,A10_N4,A10_N4_20240330_180000.WAV,2024-03-30,18:00:00,17280488
A10,A10_N4,A10_N4_20240331_000000.WAV,2024-03-31,00:00:00,17280488
A10,A10_N4,A10_N4_20240331_040000.WAV,2024-03-31,04:00:00,17280488
A10,A10_N4,A10_N4_20240331_140000.WAV,2024-03-31,14:00:00,17280488
A10,A10_N4,A10_N4_20240331_180000.WAV,2024-03-31,18:00:00,17280488
A10,A10_N4,A10_N4_20240401_000000.WAV,2024-04-01,00:00:00,17280488
A10,A10_N4,A10_N4_20240401_040000.WAV,2024-04-01,04:00:00,17280488
A10,A10_N4,A10_N4_20240401_140000.WAV,2024-04-01,14:00:00,17280488
A10,A10_N4,A10_N4_20240401_180000.WAV,2024-04-01,18:00:00,17280488
A10,A10_N4,A10_N4_20240402_000000.WAV,2024-04-02,00:00:00,17280488
A10,A10_N4,A10_N4_20240402_040000.WAV,2024-04-02,04:00:00,17280488
A10,A10_N4,A10_N4_20240402_140000.WAV,2024-04-02,14:00:00,17280488
A10,A10_N4,A10_N4_20240402_180000.WAV,2024-04-02,18:00:00,17280488
A10,A10_N4,A10_N4_20240403_000000.WAV,2024-04-03,00:00:00,17280488
A10,A10_N4,A10_N4_20240403_040000.WAV,2024-04-03,04:00:00,17280488
A10,A10_N4,A10_N4_20240403_140000.WAV,2024-04-03,14:00:00,17280488
A10,A10_N4,A10_N4_20240403_180000.WAV,2024-04-03,18:00:00,17280488
A10,A10_N4,A10_N4_20240404_000000.WAV,2024-04-04,00:00:00,17280488
A10,A10_N4,A10_N4_20240404_040000.WAV,2024-04-04,04:00:00,17280488
A10,A10_N4,A10_N4_20240404_140000.WAV,2024-04-04,14:00:00,17280488
A10,A10_N4,A10_N4_20240404_180000.WAV,2024-04-04,18:00:00,17280488
A10,A10_N4,A10_N4_20240405_000000.WAV,2024-04-05,00:00:00,17280488
A10,A10_N4,A10_N4_20240405_040000.WAV,2024-04-05,04:00:00,17280488
A10,A10_N4,A10_N4_20240405_140000.WAV,2024-04-05,14:00:00,17280488
A10,A10_N4,A10_N4_20240405_180000.WAV,2024-04-05,18:00:00,17280488
A10,A10_N4,A10_N4_20240406_000000.WAV,2024-04-06,00:00:00,17280488
A10,A10_N4,A10_N4_20240406_040000.WAV,2024-04-06,04:00:00,17280488
A10,A10_N4,A10_N4_20240406_140000.WAV,2024-04-06,14:00:00,17280488
A10,A10_N4,A10_N4_20240406_180000.WAV,2024-04-06,18:00:00,17280488
A10,A10_N4,A10_N4_20240407_000000.WAV,2024-04-07,00:00:00,17280488
A10,A10_N4,A10_N4_20240407_040000.WAV,2024-04-07,04:00:00,17280488
A10,A10_N4,A10_N4_20240407_140000.WAV,2024-04-07,14:00:00,17280488
A10,A10_N4,A10_N4_20240407_180000.WAV,2024-04-07,18:00:00,17280488
A10,A10_N4,A10_N4_20240408_000000.WAV,2024-04-08,00:00:00,17280488
A10,A10_N4,A10_N4_20240408_040000.WAV,2024-04-08,04:00:00,17280488
A10,A10_N4,A10_N4_20240408_140000.WAV,2024-04-08,14:00:00,17280488
A10,A10_N4,A10_N4_20240408_180000.WAV,2024-04-08,18:00:00,17280488
A10,A10_N4,A10_N4_20240409_000000.WAV,2024-04-09,00:00:00,17280488
A10,A10_N4,A10_N4_20240409_040000.WAV,2024-04-09,04:00:00,17280488
A10,A10_N4,A10_N4_20240409_140000.WAV,2024-04-09,14:00:00,17280488
A10,A10_N4,A10_N4_20240409_180000.WAV,2024-04-09,18:00:00,17280488
A10,A10_N4,A10_N4_20240410_000000.WAV,2024-04-10,00:00:00,17280488
A10,A10_N4,A10_N4_20240410_040000.WAV,2024-04-10,04:00:00,17280488
A10,A10_N4,A10_N4_20240410_140000.WAV,2024-04-10,14:00:00,17280488
A10,A10_N4,A10_N4_20240410_180000.WAV,2024-04-10,18:00:00,17280488
A10,A10_N4,A10_N4_20240411_000000.WAV,2024-04-11,00:00:00,17280488
A10,A10_N4,A10_N4_20240411_040000.WAV,2024-04-11,04:00:00,17280488
A10,A10_N4,A10_N4_20240411_140000.WAV,2024-04-11,14:00:00,17280488
A10,A10_N4,A10_N4_20240411_180000.WAV,2024-04-11,18:00:00,17280488
A10,A10_N4,A10_N4_20240412_000000.WAV,2024-04-12,00:00:00,17280488
A10,A10_N4,A10_N4_20240412_040000.WAV,2024-04-12,04:00:00,17280488
A10,A10_N4,A10_N4_20240412_140000.WAV,2024-04-12,14:00:00,17280488
A10,A10_N4,A10_N4_20240412_180000.WAV,2024-04-12,18:00:00,17280488
A10,A10_N4,A10_N4_20240413_000000.WAV,2024-04-13,00:00:00,17280488
A10,A10_N4,A10_N4_20240413_040000.WAV,2024-04-13,04:00:00,17280488
A10,A10_N4,A10_N4_20240413_140000.WAV,2024-04-13,14:00:00,17280488
A10,A10_N4,A10_N4_20240413_180000.WAV,2024-04-13,18:00:00,17280488
A10,A10_N4,A10_N4_20240414_000000.WAV,2024-04-14,00:00:00,17280488
A10,A10_N4,A10_N4_20240414_040000.WAV,2024-04-14,04:00:00,17280488
A10,A10_N4,A10_N4_20240414_140000.WAV,2024-04-14,14:00:00,17280488
A10,A10_N4,A10_N4_20240414_180000.WAV,2024-04-14,18:00:00,17280488
A10,A10_N4,A10_N4_20240415_000000.WAV,2024-04-15,00:00:00,17280488
A10,A10_N4,A10_N4_20240415_040000.WAV,2024-04-15,04:00:00,17280488
A10,A10_N4,A10_N4_20240415_140000.WAV,2024-04-15,14:00:00,17280488
A10,A10_N4,A10_N4_20240415_180000.WAV,2024-04-15,18:00:00,17280488
A10,A10_N4,A10_N4_20240416_000000.WAV,2024-04-16,00:00:00,17280488
A10,A10_N4,A10_N4_20240416_040000.WAV,2024-04-16,04:00:00,17280488
A10,A10_N4,A10_N4_20240416_140000.WAV,2024-04-16,14:00:00,17280488
A10,A10_N4,A10_N4_20240416_180000.WAV,2024-04-16,18:00:00,17280488
A10,A10_N4,A10_N4_20240417_000000.WAV,2024-04-17,00:00:00,17280488
A10,A10_N4,A10_N4_20240417_040000.WAV,2024-04-17,04:00:00,17280488
A10,A10_N4,A10_N4_20240417_140000.WAV,2024-04-17,14:00:00,17280488
A10,A10_N4,A10_N4_20240417_180000.WAV,2024-04-17,18:00:00,17280488
A10,A10_N4,A10_N4_20240418_000000.WAV,2024-04-18,00:00:00,17280488
A10,A10_N4,A10_N4_20240418_040000.WAV,2024-04-18,04:00:00,17280488
A10,A10_N4,A10_N4_20240418_140000.WAV,2024-04-18,14:00:00,17280488
A10,A10_N4,A10_N4_20240418_180000.WAV,2024-04-18,18:00:00,17280488
A10,A10_N4,A10_N4_20240419_000000.WAV,2024-04-19,00:00:00,17280488
A10,A10_N4,A10_N4_20240419_040000.WAV,2024-04-19,04:00:00,17280488
A10,A10_N4,A10_N4_20240419_140000.WAV,2024-04-19,14:00:00,17280488
A10,A10_N4,A10_N4_20240419_180000.WAV,2024-04-19,18:00:00,17280488
A10,A10_N4,A10_N4_20240420_000000.WAV,2024-04-20,00:00:00,17280488
A10,A10_N4,A10_N4_20240420_040000.WAV,2024-04-20,04:00:00,17280488
A10,A10_N4,A10_N4_20240420_140000.WAV,2024-04-20,14:00:00,17280488
A10,A10_N4,A10_N4_20240420_180000.WAV,2024-04-20,18:00:00,17280488
A10,A10_N4,A10_N4_20240421_000000.WAV,2024-04-21,00:00:00,17280488
A10,A10_N4,A10_N4_20240421_040000.WAV,2024-04-21,04:00:00,17280488
A10,A10_N4,A10_N4_20240421_140000.WAV,2024-04-21,14:00:00,17280488
A10,A10_N4,A10_N4_20240421_180000.WAV,2024-04-21,18:00:00,17280488
A10,A10_N4,A10_N4_20240422_000000.WAV,2024-04-22,00:00:00,17280488
A10,A10_N4,A10_N4_20240422_040000.WAV,2024-04-22,04:00:00,17280488
A10,A10_N4,A10_N4_20240422_140000.WAV,2024-04-22,14:00:00,17280488
A10,A10_N4,A10_N4_20240422_180000.WAV,2024-04-22,18:00:00,17280488
A10,A10_N4,A10_N4_20240423_000000.WAV,2024-04-23,00:00:00,17280488
A10,A10_N4,A10_N4_20240423_040000.WAV,2024-04-23,04:00:00,17280488
A10,A10_N4,A10_N4_20240423_140000.WAV,2024-04-23,14:00:00,17280488
A10,A10_N4,A10_N4_20240423_180000.WAV,2024-04-23,18:00:00,17280488
A10,A10_N4,A10_N4_20240424_000000.WAV,2024-04-24,00:00:00,17280488
A10,A10_N4,A10_N4_20240424_040000.WAV,2024-04-24,04:00:00,17280488
A10,A10_N4,A10_N4_20240424_140000.WAV,2024-04-24,14:00:00,17280488
A10,A10_N4,A10_N4_20240424_180000.WAV,2024-04-24,18:00:00,17280488
A10,A10_N4,A10_N4_20240425_000000.WAV,2024-04-25,00:00:00,17280488
A10,A10_N4,A10_N4_20240425_040000.WAV,2024-04-25,04:00:00,17280488
A10,A10_N4,A10_N4_20240425_140000.WAV,2024-04-25,14:00:00,17280488
A10,A10_N4,A10_N4_20240425_180000.WAV,2024-04-25,18:00:00,17280488
A10,A10_N4,A10_N4_20240426_000000.WAV,2024-04-26,00:00:00,17280488
A10,A10_N4,A10_N4_20240426_040000.WAV,2024-04-26,04:00:00,17280488
A10,A10_N4,A10_N4_20240426_140000.WAV,2024-04-26,14:00:00,17280488
A10,A10_N4,A10_N4_20240426_180000.WAV,2024-04-26,18:00:00,17280488
A10,A10_N4,A10_N4_20240427_000000.WAV,2024-04-27,00:00:00,17280488
A10,A10_N4,A10_N4_20240427_040000.WAV,2024-04-27,04:00:00,17280488
A10,A10_N4,A10_N4_20240427_140000.WAV,2024-04-27,14:00:00,17280488
A10,A10_N4,A10_N4_20240427_180000.WAV,2024-04-27,18:00:00,17280488
A10,A10_N4,A10_N4_20240428_000000.WAV,2024-04-28,00:00:00,17280488
A10,A10_N4,A10_N4_20240428_040000.WAV,2024-04-28,04:00:00,17280488
A10,A10_N4,A10_N4_20240428_140000.WAV,2024-04-28,14:00:00,17280488
A10,A10_N4,A10_N4_20240428_180000.WAV,2024-04-28,18:00:00,17280488
A10,A10_N4,A10_N4_20240429_000000.WAV,2024-04-29,00:00:00,17280488
A10,A10_N4,A10_N4_20240429_040000.WAV,2024-04-29,04:00:00,17280488
A10,A10_N4,A10_N4_20240429_140000.WAV,2024-04-29,14:00:00,17280488
A10,A10_N4,A10_N4_20240429_180000.WAV,2024-04-29,18:00:00,17280488
A10,A10_N4,A10_N4_20240430_000000.WAV,2024-04-30,00:00:00,17280488
A10,A10_N4,A10_N4_20240430_040000.WAV,2024-04-30,04:00:00,17280488
A10,A10_N4,A10_N4_20240430_140000.WAV,2024-04-30,14:00:00,17280488
A10,A10_N4,A10_N4_20240430_180000.WAV,2024-04-30,18:00:00,17280488
A10,A10_N4,A10_N4_20240501_000000.WAV,2024-05-01,00:00:00,17280488
A10,A10_N4,A10_N4_20240501_040000.WAV,2024-05-01,04:00:00,17280488
A10,A10_N4,A10_N4_20240501_140000.WAV,2024-05-01,14:00:00,17280488
A10,A10_N4,A10_N4_20240501_180000.WAV,2024-05-01,18:00:00,17280488
A10,A10_N4,A10_N4_20240502_000000.WAV,2024-05-02,00:00:00,17280488
A10,A10_N4,A10_N4_20240502_040000.WAV,2024-05-02,04:00:00,17280488
A10,A10_N4,A10_N4_20240502_140000.WAV,2024-05-02,14:00:00,17280488
A10,A10_N4,A10_N4_20240502_180000.WAV,2024-05-02,18:00:00,17280488
A10,A10_N4,A10_N4_20240503_000000.WAV,2024-05-03,00:00:00,17280488
A10,A10_N4,A10_N4_20240503_040000.WAV,2024-05-03,04:00:00,17280488
A10,A10_N4,A10_N4_20240503_140000.WAV,2024-05-03,14:00:00,17280488
A10,A10_N4,A10_N4_20240503_180000.WAV,2024-05-03,18:00:00,17280488
A10,A10_N4,A10_N4_20240504_000000.WAV,2024-05-04,00:00:00,17280488
A10,A10_N4,A10_N4_20240504_040000.WAV,2024-05-04,04:00:00,17280488
A10,A10_N4,A10_N4_20240504_140000.WAV,2024-05-04,14:00:00,17280488
A10,A10_N4,A10_N4_20240504_180000.WAV,2024-05-04,18:00:00,17280488
A10,A10_N4,A10_N4_20240505_000000.WAV,2024-05-05,00:00:00,17280488
A10,A10_N4,A10_N4_20240505_040000.WAV,2024-05-05,04:00:00,17280488
A10,A10_N4,A10_N4_20240505_140000.WAV,2024-05-05,14:00:00,17280488
A10,A10_N4,A10_N4_20240505_180000.WAV,2024-05-05,18:00:00,17280488
A10,A10_N4,A10_N4_20240506_000000.WAV,2024-05-06,00:00:00,17280488
A10,A10_N4,A10_N4_20240506_040000.WAV,2024-05-06,04:00:00,17280488
A10,A10_N4,A10_N4_20240506_140000.WAV,2024-05-06,14:00:00,17280488
A10,A10_N4,A10_N4_20240506_180000.WAV,2024-05-06,18:00:00,17280488
A10,A10_N4,A10_N4_20240507_000000.WAV,2024-05-07,00:00:00,17280488
A10,A10_N4,A10_N4_20240507_040000.WAV,2024-05-07,04:00:00,17280488
A10,A10_N4,A10_N4_20240507_140000.WAV,2024-05-07,14:00:00,17280488
A10,A10_N4,A10_N4_20240507_180000.WAV,2024-05-07,18:00:00,17280488
A10,A10_N4,A10_N4_20240508_000000.WAV,2024-05-08,00:00:00,17280488
A10,A10_N4,A10_N4_20240508_040000.WAV,2024-05-08,04:00:00,17280488
A10,A10_N4,A10_N4_20240508_140000.WAV,2024-05-08,14:00:00,17280488
A10,A10_N4,A10_N4_20240508_180000.WAV,2024-05-08,18:00:00,17280488
A10,A10_N4,A10_N4_20240509_000000.WAV,2024-05-09,00:00:00,17280488
A10,A10_N4,A10_N4_20240509_040000.WAV,2024-05-09,04:00:00,17280488
A10,A10_N4,A10_N4_20240509_140000.WAV,2024-05-09,14:00:00,17280488
A10,A10_N4,A10_N4_20240509_180000.WAV,2024-05-09,18:00:00,17280488
A10,A10_N4,A10_N4_20240510_000000.WAV,2024-05-10,00:00:00,17280488
A10,A10_N4,A10_N4_20240510_040000.WAV,2024-05-10,04:00:00,17280488
A10,A10_N4,A10_N4_20240510_140000.WAV,2024-05-10,14:00:00,17280488
A10,A10_N4,A10_N4_20240510_180000.WAV,2024-05-10,18:00:00,17280488
A10,A10_N4,A10_N4_20240511_000000.WAV,2024-05-11,00:00:00,17280488
A10,A10_N4,A10_N4_20240511_040000.WAV,2024-05-11,04:00:00,17280488
A10,A10_N4,A10_N4_20240511_140000.WAV,2024-05-11,14:00:00,17280488
A10,A10_N4,A10_N4_20240511_180000.WAV,2024-05-11,18:00:00,17280488
A10,A10_N4,A10_N4_20240512_000000.WAV,2024-05-12,00:00:00,17280488
A10,A10_N4,A10_N4_20240512_040000.WAV,2024-05-12,04:00:00,17280488
A10,A10_N4,A10_N4_20240512_140000.WAV,2024-05-12,14:00:00,17280488
A10,A10_N4,A10_N4_20240512_180000.WAV,2024-05-12,18:00:00,17280488
A10,A10_N4,A10_N4_20240513_000000.WAV,2024-05-13,00:00:00,17280488
A10,A10_N4,A10_N4_20240513_040000.WAV,2024-05-13,04:00:00,17280488
A10,A10_N4,A10_N4_20240513_140000.WAV,2024-05-13,14:00:00,17280488
A10,A10_N4,A10_N4_20240513_180000.WAV,2024-05-13,18:00:00,17280488
A10,A10_N4,A10_N4_20240514_000000.WAV,2024-05-14,00:00:00,17280488
A10,A10_N4,A10_N4_20240514_040000.WAV,2024-05-14,04:00:00,17280488
A10,A10_N4,A10_N4_20240514_140000.WAV,2024-05-14,14:00:00,17280488
A10,A10_N4,A10_N4_20240514_180000.WAV,2024-05-14,18:00:00,17280488
A10,A10_N4,A10_N4_20240515_000000.WAV,2024-05-15,00:00:00,17280488
A10,A10_N4,A10_N4_20240515_040000.WAV,2024-05-15,04:00:00,17280488
A10,A10_N4,A10_N4_20240515_140000.WAV,2024-05-15,14:00:00,17280488
A10,A10_N4,A10_N4_20240515_180000.WAV,2024-05-15,18:00:00,17280488
A10,A10_N4,A10_N4_20240516_000000.WAV,2024-05-16,00:00:00,17280488
A10,A10_N4,A10_N4_20240516_040000.WAV,2024-05-16,04:00:00,17280488
A10,A10_N4,A10_N4_20240516_140000.WAV,2024-05-16,14:00:00,17280488
A10,A10_N4,A10_N4_20240516_180000.WAV,2024-05-16,18:00:00,17280488
A10,A10_N4,A10_N4_20240517_000000.WAV,2024-05-17,00:00:00,17280488
A10,A10_N4,A10_N4_20240517_040000.WAV,2024-05-17,04:00:00,17280488
A10,A10_N4,A10_N4_20240517_140000.WAV,2024-05-17,14:00:00,17280488
A10,A10_N4,A10_N4_20240517_180000.WAV,2024-05-17,18:00:00,17280488
A10,A10_N4,A10_N4_20240518_000000.WAV,2024-05-18,00:00:00,17280488
A10,A10_N4,A10_N4_20240518_040000.WAV,2024-05-18,04:00:00,17280488
A10,A10_N4,A10_N4_20240518_140000.WAV,2024-05-18,14:00:00,17280488
A10,A10_N4,A10_N4_20240518_180000.WAV,2024-05-18,18:00:00,17280488
A10,A10_N4,A10_N4_20240519_000000.WAV,2024-05-19,00:00:00,17280488
A10,A10_N4,A10_N4_20240519_040000.WAV,2024-05-19,04:00:00,17280488
A10,A10_N4,A10_N4_20240519_140000.WAV,2024-05-19,14:00:00,17280488
A10,A10_N4,A10_N4_20240519_180000.WAV,2024-05-19,18:00:00,17280488
A10,A10_N4,A10_N4_20240520_000000.WAV,2024-05-20,00:00:00,17280488
A10,A10_N4,A10_N4_20240520_040000.WAV,2024-05-20,04:00:00,17280488
A10,A10_N4,A10_N4_20240520_140000.WAV,2024-05-20,14:00:00,17280488
A10,A10_N4,A10_N4_20240520_180000.WAV,2024-05-20,18:00:00,17280488
A10,A10_N4,A10_N4_20240521_000000.WAV,2024-05-21,00:00:00,17280488
A10,A10_N4,A10_N4_20240521_040000.WAV,2024-05-21,04:00:00,17280488
A10,A10_N4,A10_N4_20240521_140000.WAV,2024-05-21,14:00:00,17280488
A10,A10_N4,A10_N4_20240521_180000.WAV,2024-05-21,18:00:00,17280488
A10,A10_N4,A10_N4_20240522_000000.WAV,2024-05-22,00:00:00,17280488
A10,A10_N4,A10_N4_20240522_040000.WAV,2024-05-22,04:00:00,17280488
A10,A10_N4,A10_N4_20240522_140000.WAV,2024-05-22,14:00:00,17280488
A10,A10_N4,A10_N4_20240522_180000.WAV,2024-05-22,18:00:00,17280488
A10,A10_N4,A10_N4_20240523_000000.WAV,2024-05-23,00:00:00,17280488
A10,A10_N4,A10_N4_20240523_040000.WAV,2024-05-23,04:00:00,17280488
A10,A10_N4,A10_N4_20240523_140000.WAV,2024-05-23,14:00:00,17280488
A10,A10_N4,A10_N4_20240523_180000.WAV,2024-05-23,18:00:00,17280488
A10,A10_N4,A10_N4_20240524_000000.WAV,2024-05-24,00:00:00,17280488
A10,A10_N4,A10_N4_20240524_040000.WAV,2024-05-24,04:00:00,17280488
A10,A10_N4,A10_N4_20240524_140000.WAV,2024-05-24,14:00:00,17280488
A10,A10_N4,A10_N4_20240524_180000.WAV,2024-05-24,18:00:00,17280488
A10,A10_N4,A10_N4_20240525_000000.WAV,2024-05-25,00:00:00,17280488
A10,A10_N4,A10_N4_20240525_040000.WAV,2024-05-25,04:00:00,17280488
A10,A10_N4,A10_N4_20240525_140000.WAV,2024-05-25,14:00:00,17280488
A10,A10_N4,A10_N4_20240525_180000.WAV,2024-05-25,18:00:00,17280488
A10,A10_N4,A10_N4_20240526_000000.WAV,2024-05-26,00:00:00,17280488
A10,A10_N4,A10_N4_20240526_040000.WAV,2024-05-26,04:00:00,17280488
A10,A10_N4,A10_N4_20240526_140000.WAV,2024-05-26,14:00:00,17280488
A10,A10_N4,A10_N4_20240526_180000.WAV,2024-05-26,18:00:00,17280488
A10,A10_N4,A10_N4_20240527_000000.WAV,2024-05-27,00:00:00,17280488
A10,A10_N4,A10_N4_20240527_040000.WAV,2024-05-27,04:00:00,17280488
A10,A10_N4,A10_N4_20240527_140000.WAV,2024-05-27,14:00:00,17280488
A10,A10_N4,A10_N4_20240527_180000.WAV,2024-05-27,18:00:00,17280488
A10,A10_N4,A10_N4_20240528_000000.WAV,2024-05-28,00:00:00,17280488
A10,A10_N4,A10_N4_20240528_040000.WAV,2024-05-28,04:00:00,17280488
A10,A10_N4,A10_N4_20240528_140000.WAV,2024-05-28,14:00:00,17280488
A10,A10_N4,A10_N4_20240528_180000.WAV,2024-05-28,18:00:00,17280488
A10,A10_N4,A10_N4_20240529_000000.WAV,2024-05-29,00:00:00,17280488
A10,A10_N4,A10_N4_20240529_040000.WAV,2024-05-29,04:00:00,17280488
A10,A10_N4,A10_N4_20240529_140000.WAV,2024-05-29,14:00:00,17280488
A10,A10_N4,A10_N4_20240529_180000.WAV,2024-05-29,18:00:00,17280488
A10,A10_N4,A10_N4_20240530_000000.WAV,2024-05-30,00:00:00,17280488
A10,A10_N4,A10_N4_20240530_040000.WAV,2024-05-30,04:00:00,17280488
A10,A10_N4,A10_N4_20240530_140000.WAV,2024-05-30,14:00:00,17280488
A10,A10_N4,A10_N4_20240530_180000.WAV,2024-05-30,18:00:00,17280488
A10,A10_N4,A10_N4_20240531_000000.WAV,2024-05-31,00:00:00,17280488
A10,A10_N4,A10_N4_20240531_040000.WAV,2024-05-31,04:00:00,17280488
A10,A10_N4,A10_N4_20240531_140000.WAV,2024-05-31,14:00:00,17280488
A10,A10_N4,A10_N4_20240531_180000.WAV,2024-05-31,18:00:00,17280488
A10,A10_N4,A10_N4_20240601_000000.WAV,2024-06-01,00:00:00,17280488
A10,A10_N4,A10_N4_20240601_040000.WAV,2024-06-01,04:00:00,17280488
A10,A10_N4,A10_N4_20240601_140000.WAV,2024-06-01,14:00:00,17280488
A10,A10_N4,A10_N4_20240601_180000.WAV,2024-06-01,18:00:00,17280488
A10,A10_N4,A10_N4_20240602_000000.WAV,2024-06-02,00:00:00,17280488
A10,A10_N4,A10_N4_20240602_040000.WAV,2024-06-02,04:00:00,17280488
A10,A10_N4,A10_N4_20240602_140000.WAV,2024-06-02,14:00:00,17280488
A10,A10_N4,A10_N4_20240602_180000.WAV,2024-06-02,18:00:00,17280488
A10,A10_N4,A10_N4_20240603_000000.WAV,2024-06-03,00:00:00,17280488
A10,A10_N4,A10_N4_20240603_040000.WAV,2024-06-03,04:00:00,17280488
A10,A10_N4,A10_N4_20240603_140000.WAV,2024-06-03,14:00:00,17280488
A10,A10_N4,A10_N4_20240603_180000.WAV,2024-06-03,18:00:00,17280488
A10,A10_N4,A10_N4_20240604_000000.WAV,2024-06-04,00:00:00,17280488
A10,A10_N4,A10_N4_20240604_040000.WAV,2024-06-04,04:00:00,17280488
A10,A10_N4,A10_N4_20240604_140000.WAV,2024-06-04,14:00:00,17280488
A10,A10_N4,A10_N4_20240604_180000.WAV,2024-06-04,18:00:00,17280488
A10,A10_N4,A10_N4_20240605_000000.WAV,2024-06-05,00:00:00,17280488
A10,A10_N4,A10_N4_20240605_040000.WAV,2024-06-05,04:00:00,17280488
A10,A10_N4,A10_N4_20240605_140000.WAV,2024-06-05,14:00:00,17280488
A10,A10_N4,A10_N4_20240605_180000.WAV,2024-06-05,18:00:00,17280488
A10,A10_N4,A10_N4_20240606_000000.WAV,2024-06-06,00:00:00,17280488
A10,A10_N4,A10_N4_20240606_040000.WAV,2024-06-06,04:00:00,17280488
A10,A10_N4,A10_N4_20240606_140000.WAV,2024-06-06,14:00:00,17280488
A10,A10_N4,A10_N4_20240606_180000.WAV,2024-06-06,18:00:00,17280488
A10,A10_N4,A10_N4_20240607_000000.WAV,2024-06-07,00:00:00,17280488
A10,A10_N4,A10_N4_20240607_040000.WAV,2024-06-07,04:00:00,17280488
A10,A10_N4,A10_N4_20240607_140000.WAV,2024-06-07,14:00:00,17280488
A10,A10_N4,A10_N4_20240607_180000.WAV,2024-06-07,18:00:00,17280488
A10,A10_N4,A10_N4_20240608_000000.WAV,2024-06-08,00:00:00,17280488
A10,A10_N4,A10_N4_20240608_040000.WAV,2024-06-08,04:00:00,17280488
A10,A10_N4,A10_N4_20240608_140000.WAV,2024-06-08,14:00:00,17280488
A10,A10_N4,A10_N4_20240608_180000.WAV,2024-06-08,18:00:00,17280488
A10,A10_N4,A10_N4_20240609_000000.WAV,2024-06-09,00:00:00,17280488
A10,A10_N4,A10_N4_20240609_040000.WAV,2024-06-09,04:00:00,17280488
A10,A10_N4,A10_N4_20240609_140000.WAV,2024-06-09,14:00:00,17280488
A10,A10_N4,A10_N4_20240609_180000.WAV,2024-06-09,18:00:00,17280488
A10,A10_N4,A10_N4_20240610_000000.WAV,2024-06-10,00:00:00,17280488
A10,A10_N4,A10_N4_20240610_040000.WAV,2024-06-10,04:00:00,17280488
A10,A10_N4,A10_N4_20240610_140000.WAV,2024-06-10,14:00:00,17280488
A10,A10_N4,A10_N4_20240610_180000.WAV,2024-06-10,18:00:00,17280488
A10,A10_N4,A10_N4_20240611_000000.WAV,2024-06-11,00:00:00,17280488
A10,A10_N4,A10_N4_20240611_040000.WAV,2024-06-11,04:00:00,17280488
A10,A10_N4,A10_N4_20240611_140000.WAV,2024-06-11,14:00:00,17280488
A10,A10_N4,A10_N4_20240611_180000.WAV,2024-06-11,18:00:00,17280488
A10,A10_N4,A10_N4_20240612_000000.WAV,2024-06-12,00:00:00,17280488
A10,A10_N4,A10_N4_20240612_040000.WAV,2024-06-12,04:00:00,17280488
A10,A10_N4,A10_N4_20240612_140000.WAV,2024-06-12,14:00:00,17280488
A10,A10_N4,A10_N4_20240612_180000.WAV,2024-06-12,18:00:00,17280488
A10,A10_N4,A10_N4_20240613_000000.WAV,2024-06-13,00:00:00,17280488
A10,A10_N4,A10_N4_20240613_040000.WAV,2024-06-13,04:00:00,17280488
A10,A10_N4,A10_N4_20240613_140000.WAV,2024-06-13,14:00:00,17280488
A10,A10_N4,A10_N4_20240613_180000.WAV,2024-06-13,18:00:00,17280488
A10,A10_N4,A10_N4_20240614_000000.WAV,2024-06-14,00:00:00,17280488
A10,A10_N4,A10_N4_20240614_040000.WAV,2024-06-14,04:00:00,17280488
A10,A10_N4,A10_N4_20240614_140000.WAV,2024-06-14,14:00:00,17280488
A10,A10_N4,A10_N4_20240614_180000.WAV,2024-06-14,18:00:00,17280488
A10,A10_N4,A10_N4_20240615_000000.WAV,2024-06-15,00:00:00,17280488
A10,A10_N4,A10_N4_20240615_040000.WAV,2024-06-15,04:00:00,17280488
A10,A10_N4,A10_N4_20240615_140000.WAV,2024-06-15,14:00:00,17280488
A10,A10_N4,A10_N4_20240615_180000.WAV,2024-06-15,18:00:00,17280488
A10,A10_N4,A10_N4_20240616_000000.WAV,2024-06-16,00:00:00,17280488
A10,A10_N4,A10_N4_20240616_040000.WAV,2024-06-16,04:00:00,17280488
A10,A10_N4,A10_N4_20240616_140000.WAV,2024-06-16,14:00:00,17280488
A10,A10_N4,A10_N4_20240616_180000.WAV,2024-06-16,18:00:00,17280488
A10,A10_N4,A10_N4_20240617_000000.WAV,2024-06-17,00:00:00,17280488
A10,A10_N4,A10_N4_20240617_040000.WAV,2024-06-17,04:00:00,17280488
A10,A10_N4,A10_N4_20240617_140000.WAV,2024-06-17,14:00:00,17280488
A10,A10_N4,A10_N4_20240617_180000.WAV,2024-06-17,18:00:00,17280488
A10,A10_N4,A10_N4_20240618_000000.WAV,2024-06-18,00:00:00,17280488
A10,A10_N4,A10_N4_20240618_040000.WAV,2024-06-18,04:00:00,17280488
A10,A10_N4,A10_N4_20240618_140000.WAV,2024-06-18,14:00:00,17280488
A10,A10_N4,A10_N4_20240618_180000.WAV,2024-06-18,18:00:00,17280488
A10,A10_N4,A10_N4_20240619_000000.WAV,2024-06-19,00:00:00,17280488
A10,A10_N4,A10_N4_20240619_040000.WAV,2024-06-19,04:00:00,17280488
A10,A10_N4,A10_N4_20240619_140000.WAV,2024-06-19,14:00:00,17280488
A10,A10_N4,A10_N4_20240619_180000.WAV,2024-06-19,18:00:00,17280488
A10,A10_N4,A10_N4_20240620_000000.WAV,2024-06-20,00:00:00,17280488
A10,A10_N4,A10_N4_20240620_040000.WAV,2024-06-20,04:00:00,17280488
A10,A10_N4,A10_N4_20240620_140000.WAV,2024-06-20,14:00:00,17280488
A10,A10_N4,A10_N4_20240620_180000.WAV,2024-06-20,18:00:00,17280488
A10,A10_N4,A10_N4_20240621_000000.WAV,2024-06-21,00:00:00,17280488
A10,A10_N4,A10_N4_20240621_040000.WAV,2024-06-21,04:00:00,17280488
A10,A10_N4,A10_N4_20240621_140000.WAV,2024-06-21,14:00:00,17280488
A10,A10_N4,A10_N4_20240621_180000.WAV,2024-06-21,18:00:00,17280488
A10,A10_N4,A10_N4_20240622_000000.WAV,2024-06-22,00:00:00,17280488
A10,A10_N4,A10_N4_20240622_040000.WAV,2024-06-22,04:00:00,17280488
A10,A10_N4,A10_N4_20240622_140000.WAV,2024-06-22,14:00:00,17280488
A10,A10_N4,A10_N4_20240622_180000.WAV,2024-06-22,18:00:00,17280488
A10,A10_N4,A10_N4_20240623_000000.WAV,2024-06-23,00:00:00,17280488
A10,A10_N4,A10_N4_20240623_040000.WAV,2024-06-23,04:00:00,17280488
A10,A10_N4,A10_N4_20240623_140000.WAV,2024-06-23,14:00:00,17280488
A10,A10_N4,A10_N4_20240623_180000.WAV,2024-06-23,18:00:00,17280488
A10,A10_N4,A10_N4_20240624_000000.WAV,2024-06-24,00:00:00,17280488
A10,A10_N4,A10_N4_20240624_040000.WAV,2024-06-24,04:00:00,17280488
A10,A10_N4,A10_N4_20240624_140000.WAV,2024-06-24,14:00:00,17280488
A10,A10_N4,A10_N4_20240624_180000.WAV,2024-06-24,18:00:00,17280488
A10,A10_N4,A10_N4_20240625_000000.WAV,2024-06-25,00:00:00,17280488
A10,A10_N4,A10_N4_20240625_040000.WAV,2024-06-25,04:00:00,17280488
A10,A10_N4,A10_N4_20240625_140000.WAV,2024-06-25,14:00:00,17280488
A10,A10_N4,A10_N4_20240625_180000.WAV,2024-06-25,18:00:00,17280488
A10,A10_N4,A10_N4_20240626_000000.WAV,2024-06-26,00:00:00,17280488
A10,A10_N4,A10_N4_20240626_040000.WAV,2024-06-26,04:00:00,17280488
A10,A10_N4,A10_N4_20240626_140000.WAV,2024-06-26,14:00:00,17280488
A10,A10_N4,A10_N4_20240626_180000.WAV,2024-06-26,18:00:00,17280488
A10,A10_N4,A10_N4_20240627_000000.WAV,2024-06-27,00:00:00,17280488
A10,A10_N4,A10_N4_20240627_040000.WAV,2024-06-27,04:00:00,17280488
A10,A10_N4,A10_N4_20240627_140000.WAV,2024-06-27,14:00:00,17280488
A10,A10_N4,A10_N4_20240627_180000.WAV,2024-06-27,18:00:00,17280488
A10,A10_N4,A10_N4_20240628_000000.WAV,2024-06-28,00:00:00,17280488
A10,A10_N4,A10_N4_20240628_040000.WAV,2024-06-28,04:00:00,17280488
A10,A10_N4,A10_N4_20240628_140000.WAV,2024-06-28,14:00:00,17280488
A10,A10_N4,A10_N4_20240628_180000.WAV,2024-06-28,18:00:00,17280488
A10,A10_N4,A10_N4_20240629_000000.WAV,2024-06-29,00:00:00,17280488
A10,A10_N4,A10_N4_20240629_040000.WAV,2024-06-29,04:00:00,17280488
A10,A10_N4,A10_N4_20240629_140000.WAV,2024-06-29,14:00:00,17280488
A10,A10_N4,A10_N4_20240629_180000.WAV,2024-06-29,18:00:00,17280488
A10,A10_N4,A10_N4_20240630_000000.WAV,2024-06-30,00:00:00,17280488
A10,A10_N4,A10_N4_20240630_040000.WAV,2024-06-30,04:00:00,17280488
A10,A10_N4,A10_N4_20240630_140000.WAV,2024-06-30,14:00:00,17280488
A10,A10_N4,A10_N4_20240630_180000.WAV,2024-06-30,18:00:00,17280488
A10,A10_N4,A10_N4_20240701_000000.WAV,2024-07-01,00:00:00,17280488
A10,A10_N4,A10_N4_20240701_040000.WAV,2024-07-01,04:00:00,17280488
A10,A10_N4,A10_N4_20240701_140000.WAV,2024-07-01,14:00:00,17280488
A10,A10_N4,A10_N4_20240701_180000.WAV,2024-07-01,18:00:00,17280488
A10,A10_N4,A10_N4_20240702_000000.WAV,2024-07-02,00:00:00,17280488
A10,A10_N4,A10_N4_20240702_040000.WAV,2024-07-02,04:00:00,17280488
A10,A10_N4,A10_N4_20240702_140000.WAV,2024-07-02,14:00:00,17280488
A10,A10_N4,A10_N4_20240702_180000.WAV,2024-07-02,18:00:00,17280488
A10,A10_N4,A10_N4_20240703_000000.WAV,2024-07-03,00:00:00,17280488
A10,A10_N4,A10_N4_20240703_040000.WAV,2024-07-03,04:00:00,17280488
A10,A10_N4,A10_N4_20240703_140000.WAV,2024-07-03,14:00:00,17280488
A10,A10_N4,A10_N4_20240703_180000.WAV,2024-07-03,18:00:00,17280488
A10,A10_N4,A10_N4_20240704_000000.WAV,2024-07-04,00:00:00,17280488
A10,A10_N4,A10_N4_20240704_040000.WAV,2024-07-04,04:00:00,17280488
A10,A10_N4,A10_N4_20240704_140000.WAV,2024-07-04,14:00:00,17280488
A10,A10_N4,A10_N4_20240704_180000.WAV,2024-07-04,18:00:00,17280488
A10,A10_N4,A10_N4_20240705_000000.WAV,2024-07-05,00:00:00,17280488
A10,A10_N4,A10_N4_20240705_040000.WAV,2024-07-05,04:00:00,17280488
A10,A10_N4,A10_N4_20240705_140000.WAV,2024-07-05,14:00:00,17280488
A10,A10_N4,A10_N4_20240705_180000.WAV,2024-07-05,18:00:00,17280488
A10,A10_N4,A10_N4_20240706_000000.WAV,2024-07-06,00:00:00,17280488
A10,A10_N4,A10_N4_20240706_040000.WAV,2024-07-06,04:00:00,17280488
A10,A10_N4,A10_N4_20240706_140000.WAV,2024-07-06,14:00:00,17280488
A10,A10_N4,A10_N4_20240706_180000.WAV,2024-07-06,18:00:00,17280488
A10,A10_N4,A10_N4_20240707_000000.WAV,2024-07-07,00:00:00,17280488
A10,A10_N4,A10_N4_20240707_040000.WAV,2024-07-07,04:00:00,17280488
A10,A10_N4,A10_N4_20240707_140000.WAV,2024-07-07,14:00:00,17280488
A10,A10_N4,A10_N4_20240707_180000.WAV,2024-07-07,18:00:00,17280488
A10,A10_N4,A10_N4_20240708_000000.WAV,2024-07-08,00:00:00,17280488
A10,A10_N4,A10_N4_20240708_040000.WAV,2024-07-08,04:00:00,17280488
A10,A10_N4,A10_N4_20240708_140000.WAV,2024-07-08,14:00:00,17280488
A10,A10_N4,A10_N4_20240708_180000.WAV,2024-07-08,18:00:00,17280488
A10,A10_N4,A10_N4_20240709_000000.WAV,2024-07-09,00:00:00,17280488
A10,A10_N4,A10_N4_20240709_040000.WAV,2024-07-09,04:00:00,17280488
A10,A10_N4,A10_N4_20240709_140000.WAV,2024-07-09,14:00:00,17280488
A10,A10_N4,A10_N4_20240709_180000.WAV,2024-07-09,18:00:00,17280488
A10,A10_N4,A10_N4_20240710_000000.WAV,2024-07-10,00:00:00,17280488
A10,A10_N4,A10_N4_20240710_040000.WAV,2024-07-10,04:00:00,17280488
A10,A10_N4,A10_N4_20240710_140000.WAV,2024-07-10,14:00:00,17280488
A10,A10_N4,A10_N4_20240710_180000.WAV,2024-07-10,18:00:00,17280488
A10,A10_N4,A10_N4_20240711_000000.WAV,2024-07-11,00:00:00,17280488
A10,A10_N4,A10_N4_20240711_040000.WAV,2024-07-11,04:00:00,17280488
A10,A10_N4,A10_N4_20240711_140000.WAV,2024-07-11,14:00:00,17280488
A10,A10_N4,A10_N4_20240711_180000.WAV,2024-07-11,18:00:00,17280488
A10,A10_N4,A10_N4_20240712_000000.WAV,2024-07-12,00:00:00,17280488
A10,A10_N4,A10_N4_20240712_040000.WAV,2024-07-12,04:00:00,17280488
A10,A10_N4,A10_N4_20240712_140000.WAV,2024-07-12,14:00:00,17280488
A10,A10_N4,A10_N4_20240712_180000.WAV,2024-07-12,18:00:00,17280488
A10,A10_N4,A10_N4_20240713_000000.WAV,2024-07-13,00:00:00,17280488
A10,A10_N4,A10_N4_20240713_040000.WAV,2024-07-13,04:00:00,17280488
A10,A10_N4,A10_N4_20240713_140000.WAV,2024-07-13,14:00:00,17280488
A10,A10_N4,A10_N4_20240713_180000.WAV,2024-07-13,18:00:00,17280488
A10,A10_N4,A10_N4_20240714_000000.WAV,2024-07-14,00:00:00,17280488
A10,A10_N4,A10_N4_20240714_040000.WAV,2024-07-14,04:00:00,17280488
A10,A10_N4,A10_N4_20240714_140000.WAV,2024-07-14,14:00:00,17280488
A10,A10_N4,A10_N4_20240714_180000.WAV,2024-07-14,18:00:00,17280488
A10,A10_N4,A10_N4_20240715_000000.WAV,2024-07-15,00:00:00,17280488
A10,A10_N4,A10_N4_20240715_040000.WAV,2024-07-15,04:00:00,17280488
A10,A10_N4,A10_N4_20240715_140000.WAV,2024-07-15,14:00:00,17280488
A10,A10_N4,A10_N4_20240715_180000.WAV,2024-07-15,18:00:00,17280488
A10,A10_N4,A10_N4_20240716_000000.WAV,2024-07-16,00:00:00,17280488
A10,A10_N4,A10_N4_20240716_040000.WAV,2024-07-16,04:00:00,17280488
A10,A10_N4,A10_N4_20240716_140000.WAV,2024-07-16,14:00:00,17280488
A10,A10_N4,A10_N4_20240716_180000.WAV,2024-07-16,18:00:00,17280488
A10,A10_N4,A10_N4_20240717_000000.WAV,2024-07-17,00:00:00,17280488
A10,A10_N4,A10_N4_20240717_040000.WAV,2024-07-17,04:00:00,17280488
A10,A10_N4,A10_N4_20240717_140000.WAV,2024-07-17,14:00:00,17280488
A10,A10_N4,A10_N4_20240717_180000.WAV,2024-07-17,18:00:00,17280488
A10,A10_N4,A10_N4_20240718_000000.WAV,2024-07-18,00:00:00,17280488
A10,A10_N4,A10_N4_20240718_040000.WAV,2024-07-18,04:00:00,17280488
A10,A10_N4,A10_N4_20240718_140000.WAV,2024-07-18,14:00:00,17280488
A10,A10_N4,A10_N4_20240718_180000.WAV,2024-07-18,18:00:00,17280488
A10,A10_N4,A10_N4_20240719_000000.WAV,2024-07-19,00:00:00,17280488
A10,A10_N4,A10_N4_20240719_040000.WAV,2024-07-19,04:00:00,17280488
A10,A10_N4,A10_N4_20240719_140000.WAV,2024-07-19,14:00:00,17280488
A10,A10_N4,A10_N4_20240719_180000.WAV,2024-07-19,18:00:00,17280488
A10,A10_N4,A10_N4_20240720_000000.WAV,2024-07-20,00:00:00,17280488
A10,A10_N4,A10_N4_20240720_040000.WAV,2024-07-20,04:00:00,17280488
A10,A10_N4,A10_N4_20240720_140000.WAV,2024-07-20,14:00:00,17280488
A10,A10_N4,A10_N4_20240720_180000.WAV,2024-07-20,18:00:00,17280488
A10,A10_N4,A10_N4_20240721_000000.WAV,2024-07-21,00:00:00,17280488
A10,A10_N4,A10_N4_20240721_040000.WAV,2024-07-21,04:00:00,17280488
A10,A10_N4,A10_N4_20240721_140000.WAV,2024-07-21,14:00:00,17280488
A10,A10_N4,A10_N4_20240721_180000.WAV,2024-07-21,18:00:00,17280488
A10,A10_N4,A10_N4_20240722_000000.WAV,2024-07-22,00:00:00,17280488
A10,A10_N4,A10_N4_20240722_040000.WAV,2024-07-22,04:00:00,17280488
A10,A10_N4,A10_N4_20240722_140000.WAV,2024-07-22,14:00:00,17280488
A10,A10_N4,A10_N4_20240722_180000.WAV,2024-07-22,18:00:00,17280488
A10,A10_N4,A10_N4_20240723_000000.WAV,2024-07-23,00:00:00,17280488
A10,A10_N4,A10_N4_20240723_040000.WAV,2024-07-23,04:00:00,17280488
A10,A10_N4,A10_N4_20240723_140000.WAV,2024-07-23,14:00:00,17280488
A10,A10_N4,A10_N4_20240723_180000.WAV,2024-07-23,18:00:00,17280488
A10,A10_N4,A10_N4_20240724_000000.WAV,2024-07-24,00:00:00,17280488
A10,A10_N4,A10_N4_20240724_040000.WAV,2024-07-24,04:00:00,17280488
A10,A10_N4,A10_N4_20240724_140000.WAV,2024-07-24,14:00:00,17280488
A10,A10_N4,A10_N4_20240724_180000.WAV,2024-07-24,18:00:00,17280488
A10,A10_N4,A10_N4_20240725_000000.WAV,2024-07-25,00:00:00,17280488
A10,A10_N4,A10_N4_20240725_040000.WAV,2024-07-25,04:00:00,17280488
A10,A10_N4,A10_N4_20240725_140000.WAV,2024-07-25,14:00:00,17280488
A10,A10_N4,A10_N4_20240725_180000.WAV,2024-07-25,18:00:00,17280488
A10,A10_N4,A10_N4_20240726_000000.WAV,2024-07-26,00:00:00,17280488
A10,A10_N4,A10_N4_20240726_040000.WAV,2024-07-26,04:00:00,17280488
A10,A10_N4,A10_N4_20240726_140000.WAV,2024-07-26,14:00:00,17280488
A10,A10_N4,A10_N4_20240726_180000.WAV,2024-07-26,18:00:00,17280488
A10,A10_N4,A10_N4_20240727_000000.WAV,2024-07-27,00:00:00,17280488
A10,A10_N4,A10_N4_20240727_040000.WAV,2024-07-27,04:00:00,17280488
A10,A10_N4,A10_N4_20240727_140000.WAV,2024-07-27,14:00:00,17280488
A10,A10_N4,A10_N4_20240727_180000.WAV,2024-07-27,18:00:00,17280488
A10,A10_N4,A10_N4_20240728_000000.WAV,2024-07-28,00:00:00,17280488
A10,A10_N4,A10_N4_20240728_040000.WAV,2024-07-28,04:00:00,17280488
A10,A10_N4,A10_N4_20240728_140000.WAV,2024-07-28,14:00:00,17280488
A10,A10_N4,A10_N4_20240728_180000.WAV,2024-07-28,18:00:00,17280488
A10,A10_N4,A10_N4_20240729_000000.WAV,2024-07-29,00:00:00,17280488
A10,A10_N4,A10_N4_20240729_040000.WAV,2024-07-29,04:00:00,17280488
A10,A10_N4,A10_N4_20240729_140000.WAV,2024-07-29,14:00:00,17280488
A10,A10_N4,A10_N4_20240729_180000.WAV,2024-07-29,18:00:00,17280488
A10,A10_N4,A10_N4_20240730_000000.WAV,2024-07-30,00:00:00,17280488
A10,A10_N4,A10_N4_20240730_040000.WAV,2024-07-30,04:00:00,17280488
A10,A10_N4,A10_N4_20240730_140000.WAV,2024-07-30,14:00:00,17280488
A10,A10_N4,A10_N4_20240730_180000.WAV,2024-07-30,18:00:00,17280488
A10,A10_N4,A10_N4_20240731_000000.WAV,2024-07-31,00:00:00,17280488
A10,A10_N4,A10_N4_20240731_040000.WAV,2024-07-31,04:00:00,17280488
A10,A10_N4,A10_N4_20240731_140000.WAV,2024-07-31,14:00:00,17280488
A10,A10_N4,A10_N4_20240731_180000.WAV,2024-07-31,18:00:00,17280488
A10,A10_N4,A10_N4_20240801_000000.WAV,2024-08-01,00:00:00,17280488
A10,A10_N4,A10_N4_20240801_040000.WAV,2024-08-01,04:00:00,17280488
A10,A10_N4,A10_N4_20240801_140000.WAV,2024-08-01,14:00:00,17280488
A10,A10_N4,A10_N4_20240801_180000.WAV,2024-08-01,18:00:00,17280488
A10,A10_N4,A10_N4_20240802_000000.WAV,2024-08-02,00:00:00,17280488
A10,A10_N4,A10_N4_20240802_040000.WAV,2024-08-02,04:00:00,17280488
A10,A10_N4,A10_N4_20240802_140000.WAV,2024-08-02,14:00:00,17280488
A10,A10_N4,A10_N4_20240802_180000.WAV,2024-08-02,18:00:00,17280488
A10,A10_N4,A10_N4_20240803_000000.WAV,2024-08-03,00:00:00,17280488
A10,A10_N4,A10_N4_20240803_040000.WAV,2024-08-03,04:00:00,17280488
A10,A10_N4,A10_N4_20240803_140000.WAV,2024-08-03,14:00:00,17280488
A10,A10_N4,A10_N4_20240803_180000.WAV,2024-08-03,18:00:00,17280488
A10,A10_N4,A10_N4_20240804_000000.WAV,2024-08-04,00:00:00,17280488
A10,A10_N4,A10_N4_20240804_040000.WAV,2024-08-04,04:00:00,17280488
A10,A10_N4,A10_N4_20240804_140000.WAV,2024-08-04,14:00:00,17280488
A10,A10_N4,A10_N4_20240804_180000.WAV,2024-08-04,18:00:00,17280488
A10,A10_N4,A10_N4_20240805_000000.WAV,2024-08-05,00:00:00,17280488
A10,A10_N4,A10_N4_20240805_040000.WAV,2024-08-05,04:00:00,17280488
A10,A10_N4,A10_N4_20240805_140000.WAV,2024-08-05,14:00:00,17280488
A10,A10_N4,A10_N4_20240805_180000.WAV,2024-08-05,18:00:00,17280488
A10,A10_N4,A10_N4_20240806_000000.WAV,2024-08-06,00:00:00,17280488
A10,A10_N4,A10_N4_20240806_040000.WAV,2024-08-06,04:00:00,17280488
A10,A10_N4,A10_N4_20240806_140000.WAV,2024-08-06,14:00:00,17280488
A10,A10_N4,A10_N4_20240806_180000.WAV,2024-08-06,18:00:00,17280488
A10,A10_N4,A10_N4_20240807_000000.WAV,2024-08-07,00:00:00,17280488
A10,A10_N4,A10_N4_20240807_040000.WAV,2024-08-07,04:00:00,17280488
A10,A10_N4,A10_N4_20240807_140000.WAV,2024-08-07,14:00:00,17280488
A10,A10_N4,A10_N4_20240807_180000.WAV,2024-08-07,18:00:00,17280488
A10,A10_N4,A10_N4_20240808_000000.WAV,2024-08-08,00:00:00,17280488
A10,A10_N4,A10_N4_20240808_040000.WAV,2024-08-08,04:00:00,17280488
A10,A10_N4,A10_N4_20240808_140000.WAV,2024-08-08,14:00:00,17280488
A10,A10_N4,A10_N4_20240808_180000.WAV,2024-08-08,18:00:00,17280488
A10,A10_N4,A10_N4_20240809_000000.WAV,2024-08-09,00:00:00,17280488
A10,A10_N4,A10_N4_20240809_040000.WAV,2024-08-09,04:00:00,17280488
A10,A10_N4,A10_N4_20240809_140000.WAV,2024-08-09,14:00:00,17280488
A10,A10_N4,A10_N4_20240809_180000.WAV,2024-08-09,18:00:00,17280488
A10,A10_N4,A10_N4_20240810_000000.WAV,2024-08-10,00:00:00,17280488
A10,A10_N4,A10_N4_20240810_040000.WAV,2024-08-10,04:00:00,17280488
A10,A10_N4,A10_N4_20240810_140000.WAV,2024-08-10,14:00:00,17280488
A10,A10_N4,A10_N4_20240810_180000.WAV,2024-08-10,18:00:00,17280488
A10,A10_N4,A10_N4_20240811_000000.WAV,2024-08-11,00:00:00,17280488
A10,A10_N4,A10_N4_20240811_040000.WAV,2024-08-11,04:00:00,17280488
A10,A10_N4,A10_N4_20240811_140000.WAV,2024-08-11,14:00:00,17280488
A10,A10_N4,A10_N4_20240811_180000.WAV,2024-08-11,18:00:00,17280488
A10,A10_N4,A10_N4_20240812_000000.WAV,2024-08-12,00:00:00,17280488
A10,A10_N4,A10_N4_20240812_040000.WAV,2024-08-12,04:00:00,17280488
A10,A10_N4,A10_N4_20240812_140000.WAV,2024-08-12,14:00:00,17280488
A10,A10_N4,A10_N4_20240812_180000.WAV,2024-08-12,18:00:00,17280488
A10,A10_N4,A10_N4_20240813_000000.WAV,2024-08-13,00:00:00,17280488
A10,A10_N4,A10_N4_20240813_040000.WAV,2024-08-13,04:00:00,17280488
A10,A10_N4,A10_N4_20240813_140000.WAV,2024-08-13,14:00:00,17280488
A10,A10_N4,A10_N4_20240813_180000.WAV,2024-08-13,18:00:00,17280488
A10,A10_N4,A10_N4_20240814_000000.WAV,2024-08-14,00:00:00,17280488
A10,A10_N4,A10_N4_20240814_040000.WAV,2024-08-14,04:00:00,17280488
A10,A10_N4,A10_N4_20240814_140000.WAV,2024-08-14,14:00:00,17280488
A10,A10_N4,A10_N4_20240814_180000.WAV,2024-08-14,18:00:00,17280488
A10,A10_N4,A10_N4_20240815_000000.WAV,2024-08-15,00:00:00,17280488
A10,A10_N4,A10_N4_20240815_040000.WAV,2024-08-15,04:00:00,17280488
A10,A10_N4,A10_N4_20240815_140000.WAV,2024-08-15,14:00:00,17280488
A10,A10_N4,A10_N4_20240815_180000.WAV,2024-08-15,18:00:00,17280488
A10,A10_N4,A10_N4_20240816_000000.WAV,2024-08-16,00:00:00,17280488
A10,A10_N4,A10_N4_20240816_040000.WAV,2024-08-16,04:00:00,17280488
A10,A10_N4,A10_N4_20240816_140000.WAV,2024-08-16,14:00:00,17280488
A10,A10_N4,A10_N4_20240816_180000.WAV,2024-08-16,18:00:00,17280488
A10,A10_N4,A10_N4_20240817_000000.WAV,2024-08-17,00:00:00,17280488
A10,A10_N4,A10_N4_20240817_040000.WAV,2024-08-17,04:00:00,17280488
A10,A10_N4,A10_N4_20240817_140000.WAV,2024-08-17,14:00:00,17280488
A10,A10_N4,A10_N4_20240817_180000.WAV,2024-08-17,18:00:00,17280488
A10,A10_N4,A10_N4_20240818_000000.WAV,2024-08-18,00:00:00,17280488
A10,A10_N4,A10_N4_20240818_040000.WAV,2024-08-18,04:00:00,17280488
A10,A10_N4,A10_N4_20240818_140000.WAV,2024-08-18,14:00:00,17280488
A10,A10_N4,A10_N4_20240818_180000.WAV,2024-08-18,18:00:00,17280488
A10,A10_N4,A10_N4_20240819_000000.WAV,2024-08-19,00:00:00,17280488
A10,A10_N4,A10_N4_20240819_040000.WAV,2024-08-19,04:00:00,17280488
A10,A10_N4,A10_N4_20240819_140000.WAV,2024-08-19,14:00:00,17280488
A10,A10_N4,A10_N4_20240819_180000.WAV,2024-08-19,18:00:00,17280488
A10,A10_N4,A10_N4_20240820_000000.WAV,2024-08-20,00:00:00,17280488
A10,A10_N4,A10_N4_20240820_040000.WAV,2024-08-20,04:00:00,17280488
A10,A10_N4,A10_N4_20240820_140000.WAV,2024-08-20,14:00:00,17280488
A10,A10_N4,A10_N4_20240820_180000.WAV,2024-08-20,18:00:00,17280488
A10,A10_N4,A10_N4_20240821_000000.WAV,2024-08-21,00:00:00,17280488
A10,A10_N4,A10_N4_20240821_040000.WAV,2024-08-21,04:00:00,17280488
A10,A10_N4,A10_N4_20240821_140000.WAV,2024-08-21,14:00:00,17280488
A10,A10_N4,A10_N4_20240821_180000.WAV,2024-08-21,18:00:00,17280488
A10,A10_N4,A10_N4_20240822_000000.WAV,2024-08-22,00:00:00,17280488
A10,A10_N4,A10_N4_20240822_040000.WAV,2024-08-22,04:00:00,17280488
A10,A10_N4,A10_N4_20240822_140000.WAV,2024-08-22,14:00:00,17280488
A10,A10_S2,A10_S2_20240326_000000.WAV,2024-03-26,00:00:00,17280488
A10,A10_S2,A10_S2_20240326_040000.WAV,2024-03-26,04:00:00,17280488
A10,A10_S2,A10_S2_20240326_140000.WAV,2024-03-26,14:00:00,17280488
A10,A10_S2,A10_S2_20240326_180000.WAV,2024-03-26,18:00:00,17280488
A10,A10_S2,A10_S2_20240327_000000.WAV,2024-03-27,00:00:00,17280488
A10,A10_S2,A10_S2_20240327_040000.WAV,2024-03-27,04:00:00,17280488
A10,A10_S2,A10_S2_20240327_140000.WAV,2024-03-27,14:00:00,17280488
A10,A10_S2,A10_S2_20240327_180000.WAV,2024-03-27,18:00:00,17280488
A10,A10_S2,A10_S2_20240328_000000.WAV,2024-03-28,00:00:00,17280488
A10,A10_S2,A10_S2_20240328_040000.WAV,2024-03-28,04:00:00,17280488
A10,A10_S2,A10_S2_20240328_140000.WAV,2024-03-28,14:00:00,17280488
A10,A10_S2,A10_S2_20240328_180000.WAV,2024-03-28,18:00:00,17280488
A10,A10_S2,A10_S2_20240329_000000.WAV,2024-03-29,00:00:00,17280488
A10,A10_S2,A10_S2_20240329_040000.WAV,2024-03-29,04:00:00,17280488
A10,A10_S2,A10_S2_20240329_140000.WAV,2024-03-29,14:00:00,17280488
A10,A10_S2,A10_S2_20240329_180000.WAV,2024-03-29,18:00:00,17280488
A10,A10_S2,A10_S2_20240330_000000.WAV,2024-03-30,00:00:00,17280488
A10,A10_S2,A10_S2_20240330_040000.WAV,2024-03-30,04:00:00,17280488
A10,A10_S2,A10_S2_20240330_140000.WAV,2024-03-30,14:00:00,17280488
A10,A10_S2,A10_S2_20240330_180000.WAV,2024-03-30,18:00:00,17280488
A10,A10_S2,A10_S2_20240331_000000.WAV,2024-03-31,00:00:00,17280488
A10,A10_S2,A10_S2_20240331_040000.WAV,2024-03-31,04:00:00,17280488
A10,A10_S2,A10_S2_20240331_140000.WAV,2024-03-31,14:00:00,17280488
A10,A10_S2,A10_S2_20240331_180000.WAV,2024-03-31,18:00:00,17280488
A10,A10_S2,A10_S2_20240401_000000.WAV,2024-04-01,00:00:00,17280488
A10,A10_S2,A10_S2_20240401_040000.WAV,2024-04-01,04:00:00,17280488
A10,A10_S2,A10_S2_20240401_140000.WAV,2024-04-01,14:00:00,17280488
A10,A10_S2,A10_S2_20240401_180000.WAV,2024-04-01,18:00:00,17280488
A10,A10_S2,A10_S2_20240402_000000.WAV,2024-04-02,00:00:00,17280488
A10,A10_S2,A10_S2_20240402_040000.WAV,2024-04-02,04:00:00,17280488
A10,A10_S2,A10_S2_20240402_140000.WAV,2024-04-02,14:00:00,17280488
A10,A10_S2,A10_S2_20240402_180000.WAV,2024-04-02,18:00:00,17280488
A10,A10_S2,A10_S2_20240403_000000.WAV,2024-04-03,00:00:00,17280488
A10,A10_S2,A10_S2_20240403_040000.WAV,2024-04-03,04:00:00,17280488
A10,A10_S2,A10_S2_20240403_140000.WAV,2024-04-03,14:00:00,17280488
A10,A10_S2,A10_S2_20240403_180000.WAV,2024-04-03,18:00:00,17280488
A10,A10_S2,A10_S2_20240404_000000.WAV,2024-04-04,00:00:00,17280488
A10,A10_S2,A10_S2_20240404_040000.WAV,2024-04-04,04:00:00,17280488
A10,A10_S2,A10_S2_20240404_140000.WAV,2024-04-04,14:00:00,17280488
A10,A10_S2,A10_S2_20240404_180000.WAV,2024-04-04,18:00:00,17280488
A10,A10_S2,A10_S2_20240405_000000.WAV,2024-04-05,00:00:00,17280488
A10,A10_S2,A10_S2_20240405_040000.WAV,2024-04-05,04:00:00,17280488
A10,A10_S2,A10_S2_20240405_140000.WAV,2024-04-05,14:00:00,17280488
A10,A10_S2,A10_S2_20240405_180000.WAV,2024-04-05,18:00:00,17280488
A10,A10_S2,A10_S2_20240406_000000.WAV,2024-04-06,00:00:00,17280488
A10,A10_S2,A10_S2_20240406_040000.WAV,2024-04-06,04:00:00,17280488
A10,A10_S2,A10_S2_20240406_140000.WAV,2024-04-06,14:00:00,17280488
A10,A10_S2,A10_S2_20240406_180000.WAV,2024-04-06,18:00:00,17280488
A10,A10_S2,A10_S2_20240407_000000.WAV,2024-04-07,00:00:00,17280488
A10,A10_S2,A10_S2_20240407_040000.WAV,2024-04-07,04:00:00,17280488
A10,A10_S2,A10_S2_20240407_140000.WAV,2024-04-07,14:00:00,17280488
A10,A10_S2,A10_S2_20240407_180000.WAV,2024-04-07,18:00:00,17280488
A10,A10_S2,A10_S2_20240408_000000.WAV,2024-04-08,00:00:00,17280488
A10,A10_S2,A10_S2_20240408_040000.WAV,2024-04-08,04:00:00,17280488
A10,A10_S2,A10_S2_20240408_140000.WAV,2024-04-08,14:00:00,17280488
A10,A10_S2,A10_S2_20240408_180000.WAV,2024-04-08,18:00:00,17280488
A10,A10_S2,A10_S2_20240409_000000.WAV,2024-04-09,00:00:00,17280488
A10,A10_S2,A10_S2_20240409_040000.WAV,2024-04-09,04:00:00,17280488
A10,A10_S2,A10_S2_20240409_140000.WAV,2024-04-09,14:00:00,17280488
A10,A10_S2,A10_S2_20240409_180000.WAV,2024-04-09,18:00:00,17280488
A10,A10_S2,A10_S2_20240410_000000.WAV,2024-04-10,00:00:00,17280488
A10,A10_S2,A10_S2_20240410_040000.WAV,2024-04-10,04:00:00,17280488
A10,A10_S2,A10_S2_20240410_140000.WAV,2024-04-10,14:00:00,17280488
A10,A10_S2,A10_S2_20240410_180000.WAV,2024-04-10,18:00:00,17280488
A10,A10_S2,A10_S2_20240411_000000.WAV,2024-04-11,00:00:00,17280488
A10,A10_S2,A10_S2_20240411_040000.WAV,2024-04-11,04:00:00,17280488
A10,A10_S2,A10_S2_20240411_140000.WAV,2024-04-11,14:00:00,17280488
A10,A10_S2,A10_S2_20240411_180000.WAV,2024-04-11,18:00:00,17280488
A10,A10_S2,A10_S2_20240412_000000.WAV,2024-04-12,00:00:00,17280488
A10,A10_S2,A10_S2_20240412_040000.WAV,2024-04-12,04:00:00,17280488
A10,A10_S2,A10_S2_20240412_140000.WAV,2024-04-12,14:00:00,17280488
A10,A10_S2,A10_S2_20240412_180000.WAV,2024-04-12,18:00:00,17280488
A10,A10_S2,A10_S2_20240413_000000.WAV,2024-04-13,00:00:00,17280488
A10,A10_S2,A10_S2_20240413_040000.WAV,2024-04-13,04:00:00,17280488
A10,A10_S2,A10_S2_20240413_140000.WAV,2024-04-13,14:00:00,17280488
A10,A10_S2,A10_S2_20240413_180000.WAV,2024-04-13,18:00:00,17280488
A10,A10_S2,A10_S2_20240414_000000.WAV,2024-04-14,00:00:00,17280488
A10,A10_S2,A10_S2_20240414_040000.WAV,2024-04-14,04:00:00,17280488
A10,A10_S2,A10_S2_20240414_140000.WAV,2024-04-14,14:00:00,17280488
A10,A10_S2,A10_S2_20240414_180000.WAV,2024-04-14,18:00:00,17280488
A10,A10_S2,A10_S2_20240415_000000.WAV,2024-04-15,00:00:00,17280488
A10,A10_S2,A10_S2_20240415_040000.WAV,2024-04-15,04:00:00,17280488
A10,A10_S2,A10_S2_20240415_140000.WAV,2024-04-15,14:00:00,17280488
A10,A10_S2,A10_S2_20240415_180000.WAV,2024-04-15,18:00:00,17280488
A10,A10_S2,A10_S2_20240416_000000.WAV,2024-04-16,00:00:00,17280488
A10,A10_S2,A10_S2_20240416_040000.WAV,2024-04-16,04:00:00,17280488
A10,A10_S2,A10_S2_20240416_140000.WAV,2024-04-16,14:00:00,17280488
A10,A10_S2,A10_S2_20240416_180000.WAV,2024-04-16,18:00:00,17280488
A10,A10_S2,A10_S2_20240417_000000.WAV,2024-04-17,00:00:00,17280488
A10,A10_S2,A10_S2_20240417_040000.WAV,2024-04-17,04:00:00,17280488
A10,A10_S2,A10_S2_20240417_140000.WAV,2024-04-17,14:00:00,17280488
A10,A10_S2,A10_S2_20240417_180000.WAV,2024-04-17,18:00:00,17280488
A10,A10_S2,A10_S2_20240418_000000.WAV,2024-04-18,00:00:00,17280488
A10,A10_S2,A10_S2_20240418_040000.WAV,2024-04-18,04:00:00,17280488
A10,A10_S2,A10_S2_20240418_140000.WAV,2024-04-18,14:00:00,17280488
A10,A10_S2,A10_S2_20240418_180000.WAV,2024-04-18,18:00:00,17280488
A10,A10_S2,A10_S2_20240419_000000.WAV,2024-04-19,00:00:00,17280488
A10,A10_S2,A10_S2_20240419_040000.WAV,2024-04-19,04:00:00,17280488
A10,A10_S2,A10_S2_20240419_140000.WAV,2024-04-19,14:00:00,17280488
A10,A10_S2,A10_S2_20240419_180000.WAV,2024-04-19,18:00:00,17280488
A10,A10_S2,A10_S2_20240420_000000.WAV,2024-04-20,00:00:00,17280488
A10,A10_S2,A10_S2_20240420_040000.WAV,2024-04-20,04:00:00,17280488
A10,A10_S2,A10_S2_20240420_140000.WAV,2024-04-20,14:00:00,17280488
A10,A10_S2,A10_S2_20240420_180000.WAV,2024-04-20,18:00:00,17280488
A10,A10_S2,A10_S2_20240421_000000.WAV,2024-04-21,00:00:00,17280488
A10,A10_S2,A10_S2_20240421_040000.WAV,2024-04-21,04:00:00,17280488
A10,A10_S2,A10_S2_20240421_140000.WAV,2024-04-21,14:00:00,17280488
A10,A10_S2,A10_S2_20240421_180000.WAV,2024-04-21,18:00:00,17280488
A10,A10_S2,A10_S2_20240422_000000.WAV,2024-04-22,00:00:00,17280488
A10,A10_S2,A10_S2_20240422_040000.WAV,2024-04-22,04:00:00,17280488
A10,A10_S2,A10_S2_20240422_140000.WAV,2024-04-22,14:00:00,17280488
A10,A10_S2,A10_S2_20240422_180000.WAV,2024-04-22,18:00:00,17280488
A10,A10_S2,A10_S2_20240423_000000.WAV,2024-04-23,00:00:00,17280488
A10,A10_S2,A10_S2_20240423_040000.WAV,2024-04-23,04:00:00,17280488
A10,A10_S2,A10_S2_20240423_140000.WAV,2024-04-23,14:00:00,17280488
A10,A10_S2,A10_S2_20240423_180000.WAV,2024-04-23,18:00:00,17280488
A10,A10_S2,A10_S2_20240424_000000.WAV,2024-04-24,00:00:00,17280488
A10,A10_S2,A10_S2_20240424_040000.WAV,2024-04-24,04:00:00,17280488
A10,A10_S2,A10_S2_20240424_140000.WAV,2024-04-24,14:00:00,17280488
A10,A10_S2,A10_S2_20240424_180000.WAV,2024-04-24,18:00:00,17280488
A10,A10_S2,A10_S2_20240425_000000.WAV,2024-04-25,00:00:00,17280488
A10,A10_S2,A10_S2_20240425_040000.WAV,2024-04-25,04:00:00,17280488
A10,A10_S2,A10_S2_20240425_140000.WAV,2024-04-25,14:00:00,17280488
A10,A10_S2,A10_S2_20240425_180000.WAV,2024-04-25,18:00:00,17280488
A10,A10_S2,A10_S2_20240426_000000.WAV,2024-04-26,00:00:00,17280488
A10,A10_S2,A10_S2_20240426_040000.WAV,2024-04-26,04:00:00,17280488
A10,A10_S2,A10_S2_20240426_140000.WAV,2024-04-26,14:00:00,17280488
A10,A10_S2,A10_S2_20240426_180000.WAV,2024-04-26,18:00:00,17280488
A10,A10_S2,A10_S2_20240427_000000.WAV,2024-04-27,00:00:00,17280488
A10,A10_S2,A10_S2_20240427_040000.WAV,2024-04-27,04:00:00,17280488
A10,A10_S2,A10_S2_20240427_140000.WAV,2024-04-27,14:00:00,17280488
A10,A10_S2,A10_S2_20240427_180000.WAV,2024-04-27,18:00:00,17280488
A10,A10_S2,A10_S2_20240428_000000.WAV,2024-04-28,00:00:00,17280488
A10,A10_S2,A10_S2_20240428_040000.WAV,2024-04-28,04:00:00,17280488
A10,A10_S2,A10_S2_20240428_140000.WAV,2024-04-28,14:00:00,17280488
A10,A10_S2,A10_S2_20240428_180000.WAV,2024-04-28,18:00:00,17280488
A10,A10_S2,A10_S2_20240429_000000.WAV,2024-04-29,00:00:00,17280488
A10,A10_S2,A10_S2_20240429_040000.WAV,2024-04-29,04:00:00,17280488
A10,A10_S2,A10_S2_20240429_140000.WAV,2024-04-29,14:00:00,17280488
A10,A10_S2,A10_S2_20240429_180000.WAV,2024-04-29,18:00:00,17280488
A10,A10_S2,A10_S2_20240430_000000.WAV,2024-04-30,00:00:00,17280488
A10,A10_S2,A10_S2_20240430_040000.WAV,2024-04-30,04:00:00,17280488
A10,A10_S2,A10_S2_20240430_140000.WAV,2024-04-30,14:00:00,17280488
A10,A10_S2,A10_S2_20240430_180000.WAV,2024-04-30,18:00:00,17280488
A10,A10_S2,A10_S2_20240501_000000.WAV,2024-05-01,00:00:00,17280488
A10,A10_S2,A10_S2_20240501_040000.WAV,2024-05-01,04:00:00,17280488
A10,A10_S2,A10_S2_20240501_140000.WAV,2024-05-01,14:00:00,17280488
A10,A10_S2,A10_S2_20240501_180000.WAV,2024-05-01,18:00:00,17280488
A10,A10_S2,A10_S2_20240502_000000.WAV,2024-05-02,00:00:00,17280488
A10,A10_S2,A10_S2_20240502_040000.WAV,2024-05-02,04:00:00,17280488
A10,A10_S2,A10_S2_20240502_140000.WAV,2024-05-02,14:00:00,17280488
A10,A10_S2,A10_S2_20240502_180000.WAV,2024-05-02,18:00:00,17280488
A10,A10_S2,A10_S2_20240503_000000.WAV,2024-05-03,00:00:00,17280488
A10,A10_S2,A10_S2_20240503_040000.WAV,2024-05-03,04:00:00,17280488
A10,A10_S2,A10_S2_20240503_140000.WAV,2024-05-03,14:00:00,17280488
A10,A10_S2,A10_S2_20240503_180000.WAV,2024-05-03,18:00:00,17280488
A10,A10_S2,A10_S2_20240504_000000.WAV,2024-05-04,00:00:00,17280488
A10,A10_S2,A10_S2_20240504_040000.WAV,2024-05-04,04:00:00,17280488
A10,A10_S2,A10_S2_20240504_140000.WAV,2024-05-04,14:00:00,17280488
A10,A10_S2,A10_S2_20240504_180000.WAV,2024-05-04,18:00:00,17280488
A10,A10_S2,A10_S2_20240505_000000.WAV,2024-05-05,00:00:00,17280488
A10,A10_S2,A10_S2_20240505_040000.WAV,2024-05-05,04:00:00,17280488
A10,A10_S2,A10_S2_20240505_140000.WAV,2024-05-05,14:00:00,17280488
A10,A10_S2,A10_S2_20240505_180000.WAV,2024-05-05,18:00:00,17280488
A10,A10_S2,A10_S2_20240506_000000.WAV,2024-05-06,00:00:00,17280488
A10,A10_S2,A10_S2_20240506_040000.WAV,2024-05-06,04:00:00,17280488
A10,A10_S2,A10_S2_20240506_140000.WAV,2024-05-06,14:00:00,17280488
A10,A10_S2,A10_S2_20240506_180000.WAV,2024-05-06,18:00:00,17280488
A10,A10_S2,A10_S2_20240507_000000.WAV,2024-05-07,00:00:00,17280488
A10,A10_S2,A10_S2_20240507_040000.WAV,2024-05-07,04:00:00,17280488
A10,A10_S2,A10_S2_20240507_140000.WAV,2024-05-07,14:00:00,17280488
A10,A10_S2,A10_S2_20240507_180000.WAV,2024-05-07,18:00:00,17280488
A10,A10_S2,A10_S2_20240508_000000.WAV,2024-05-08,00:00:00,17280488
A10,A10_S2,A10_S2_20240508_040000.WAV,2024-05-08,04:00:00,17280488
A10,A10_S2,A10_S2_20240508_140000.WAV,2024-05-08,14:00:00,17280488
A10,A10_S2,A10_S2_20240508_180000.WAV,2024-05-08,18:00:00,17280488
A10,A10_S2,A10_S2_20240509_000000.WAV,2024-05-09,00:00:00,17280488
A10,A10_S2,A10_S2_20240509_040000.WAV,2024-05-09,04:00:00,17280488
A10,A10_S2,A10_S2_20240509_140000.WAV,2024-05-09,14:00:00,17280488
A10,A10_S2,A10_S2_20240509_180000.WAV,2024-05-09,18:00:00,17280488
A10,A10_S2,A10_S2_20240510_000000.WAV,2024-05-10,00:00:00,17280488
A10,A10_S2,A10_S2_20240510_040000.WAV,2024-05-10,04:00:00,17280488
A10,A10_S2,A10_S2_20240510_140000.WAV,2024-05-10,14:00:00,17280488
A10,A10_S2,A10_S2_20240510_180000.WAV,2024-05-10,18:00:00,17280488
A10,A10_S2,A10_S2_20240511_000000.WAV,2024-05-11,00:00:00,17280488
A10,A10_S2,A10_S2_20240511_040000.WAV,2024-05-11,04:00:00,17280488
A10,A10_S2,A10_S2_20240511_140000.WAV,2024-05-11,14:00:00,17280488
A10,A10_S2,A10_S2_20240511_180000.WAV,2024-05-11,18:00:00,17280488
A10,A10_S2,A10_S2_20240512_000000.WAV,2024-05-12,00:00:00,17280488
A10,A10_S2,A10_S2_20240512_040000.WAV,2024-05-12,04:00:00,17280488
A10,A10_S2,A10_S2_20240512_140000.WAV,2024-05-12,14:00:00,17280488
A10,A10_S2,A10_S2_20240512_180000.WAV,2024-05-12,18:00:00,17280488
A10,A10_S2,A10_S2_20240513_000000.WAV,2024-05-13,00:00:00,17280488
A10,A10_S2,A10_S2_20240513_040000.WAV,2024-05-13,04:00:00,17280488
A10,A10_S2,A10_S2_20240513_140000.WAV,2024-05-13,14:00:00,17280488
A10,A10_S2,A10_S2_20240513_180000.WAV,2024-05-13,18:00:00,17280488
A10,A10_S2,A10_S2_20240514_000000.WAV,2024-05-14,00:00:00,17280488
A10,A10_S2,A10_S2_20240514_040000.WAV,2024-05-14,04:00:00,17280488
A10,A10_S2,A10_S2_20240514_140000.WAV,2024-05-14,14:00:00,17280488
A10,A10_S2,A10_S2_20240514_180000.WAV,2024-05-14,18:00:00,17280488
A10,A10_S2,A10_S2_20240515_000000.WAV,2024-05-15,00:00:00,17280488
A10,A10_S2,A10_S2_20240515_040000.WAV,2024-05-15,04:00:00,17280488
A10,A10_S2,A10_S2_20240515_140000.WAV,2024-05-15,14:00:00,17280488
A10,A10_S2,A10_S2_20240515_180000.WAV,2024-05-15,18:00:00,17280488
A10,A10_S2,A10_S2_20240516_000000.WAV,2024-05-16,00:00:00,17280488
A10,A10_S2,A10_S2_20240516_040000.WAV,2024-05-16,04:00:00,17280488
A10,A10_S2,A10_S2_20240516_140000.WAV,2024-05-16,14:00:00,17280488
A10,A10_S2,A10_S2_20240516_180000.WAV,2024-05-16,18:00:00,17280488
A10,A10_S2,A10_S2_20240517_000000.WAV,2024-05-17,00:00:00,17280488
A10,A10_S2,A10_S2_20240517_040000.WAV,2024-05-17,04:00:00,17280488
A10,A10_S2,A10_S2_20240517_140000.WAV,2024-05-17,14:00:00,17280488
A10,A10_S2,A10_S2_20240517_180000.WAV,2024-05-17,18:00:00,17280488
A10,A10_S2,A10_S2_20240518_000000.WAV,2024-05-18,00:00:00,17280488
A10,A10_S2,A10_S2_20240518_040000.WAV,2024-05-18,04:00:00,17280488
A10,A10_S2,A10_S2_20240518_140000.WAV,2024-05-18,14:00:00,17280488
A10,A10_S2,A10_S2_20240518_180000.WAV,2024-05-18,18:00:00,17280488
A10,A10_S2,A10_S2_20240519_000000.WAV,2024-05-19,00:00:00,17280488
A10,A10_S2,A10_S2_20240519_040000.WAV,2024-05-19,04:00:00,17280488
A10,A10_S2,A10_S2_20240519_140000.WAV,2024-05-19,14:00:00,17280488
A10,A10_S2,A10_S2_20240519_180000.WAV,2024-05-19,18:00:00,17280488
A10,A10_S2,A10_S2_20240520_000000.WAV,2024-05-20,00:00:00,17280488
A10,A10_S2,A10_S2_20240520_040000.WAV,2024-05-20,04:00:00,17280488
A10,A10_S2,A10_S2_20240520_140000.WAV,2024-05-20,14:00:00,17280488
A10,A10_S2,A10_S2_20240520_180000.WAV,2024-05-20,18:00:00,17280488
A10,A10_S2,A10_S2_20240521_000000.WAV,2024-05-21,00:00:00,17280488
A10,A10_S2,A10_S2_20240521_040000.WAV,2024-05-21,04:00:00,17280488
A10,A10_S2,A10_S2_20240521_140000.WAV,2024-05-21,14:00:00,17280488
A10,A10_S2,A10_S2_20240521_180000.WAV,2024-05-21,18:00:00,17280488
A10,A10_S2,A10_S2_20240522_000000.WAV,2024-05-22,00:00:00,17280488
A10,A10_S2,A10_S2_20240522_040000.WAV,2024-05-22,04:00:00,17280488
A10,A10_S2,A10_S2_20240522_140000.WAV,2024-05-22,14:00:00,17280488
A10,A10_S2,A10_S2_20240522_180000.WAV,2024-05-22,18:00:00,17280488
A10,A10_S2,A10_S2_20240523_000000.WAV,2024-05-23,00:00:00,17280488
A10,A10_S2,A10_S2_20240523_040000.WAV,2024-05-23,04:00:00,17280488
A10,A10_S2,A10_S2_20240523_140000.WAV,2024-05-23,14:00:00,17280488
A10,A10_S2,A10_S2_20240523_180000.WAV,2024-05-23,18:00:00,17280488
A10,A10_S2,A10_S2_20240524_000000.WAV,2024-05-24,00:00:00,17280488
A10,A10_S2,A10_S2_20240524_040000.WAV,2024-05-24,04:00:00,17280488
A10,A10_S2,A10_S2_20240524_140000.WAV,2024-05-24,14:00:00,17280488
A10,A10_S2,A10_S2_20240524_180000.WAV,2024-05-24,18:00:00,17280488
A10,A10_S2,A10_S2_20240525_000000.WAV,2024-05-25,00:00:00,17280488
A10,A10_S2,A10_S2_20240525_040000.WAV,2024-05-25,04:00:00,17280488
A10,A10_S2,A10_S2_20240525_140000.WAV,2024-05-25,14:00:00,17280488
A10,A10_S2,A10_S2_20240525_180000.WAV,2024-05-25,18:00:00,17280488
A10,A10_S2,A10_S2_20240526_000000.WAV,2024-05-26,00:00:00,17280488
A10,A10_S2,A10_S2_20240526_040000.WAV,2024-05-26,04:00:00,17280488
A10,A10_S2,A10_S2_20240526_140000.WAV,2024-05-26,14:00:00,17280488
A10,A10_S2,A10_S2_20240526_180000.WAV,2024-05-26,18:00:00,17280488
A10,A10_S2,A10_S2_20240527_000000.WAV,2024-05-27,00:00:00,17280488
A10,A10_S2,A10_S2_20240527_040000.WAV,2024-05-27,04:00:00,17280488
A10,A10_S2,A10_S2_20240527_140000.WAV,2024-05-27,14:00:00,17280488
A10,A10_S2,A10_S2_20240527_180000.WAV,2024-05-27,18:00:00,17280488
A10,A10_S2,A10_S2_20240528_000000.WAV,2024-05-28,00:00:00,17280488
A10,A10_S2,A10_S2_20240528_040000.WAV,2024-05-28,04:00:00,17280488
A10,A10_S2,A10_S2_20240528_140000.WAV,2024-05-28,14:00:00,17280488
A10,A10_S2,A10_S2_20240528_180000.WAV,2024-05-28,18:00:00,17280488
A10,A10_S2,A10_S2_20240529_000000.WAV,2024-05-29,00:00:00,17280488
A10,A10_S2,A10_S2_20240529_040000.WAV,2024-05-29,04:00:00,17280488
A10,A10_S2,A10_S2_20240529_140000.WAV,2024-05-29,14:00:00,17280488
A10,A10_S2,A10_S2_20240529_180000.WAV,2024-05-29,18:00:00,17280488
A10,A10_S2,A10_S2_20240530_000000.WAV,2024-05-30,00:00:00,17280488
A10,A10_S2,A10_S2_20240530_040000.WAV,2024-05-30,04:00:00,17280488
A10,A10_S2,A10_S2_20240530_140000.WAV,2024-05-30,14:00:00,17280488
A10,A10_S2,A10_S2_20240530_180000.WAV,2024-05-30,18:00:00,17280488
A10,A10_S2,A10_S2_20240531_000000.WAV,2024-05-31,00:00:00,17280488
A10,A10_S2,A10_S2_20240531_040000.WAV,2024-05-31,04:00:00,17280488
A10,A10_S2,A10_S2_20240531_140000.WAV,2024-05-31,14:00:00,17280488
A10,A10_S2,A10_S2_20240531_180000.WAV,2024-05-31,18:00:00,17280488
A10,A10_S2,A10_S2_20240601_000000.WAV,2024-06-01,00:00:00,17280488
A10,A10_S2,A10_S2_20240601_040000.WAV,2024-06-01,04:00:00,17280488
A10,A10_S2,A10_S2_20240601_140000.WAV,2024-06-01,14:00:00,17280488
A10,A10_S2,A10_S2_20240601_180000.WAV,2024-06-01,18:00:00,17280488
A10,A10_S2,A10_S2_20240602_000000.WAV,2024-06-02,00:00:00,17280488
A10,A10_S2,A10_S2_20240602_040000.WAV,2024-06-02,04:00:00,17280488
A10,A10_S2,A10_S2_20240602_140000.WAV,2024-06-02,14:00:00,17280488
A10,A10_S2,A10_S2_20240602_180000.WAV,2024-06-02,18:00:00,17280488
A10,A10_S2,A10_S2_20240603_000000.WAV,2024-06-03,00:00:00,17280488
A10,A10_S2,A10_S2_20240603_040000.WAV,2024-06-03,04:00:00,17280488
A10,A10_S2,A10_S2_20240603_140000.WAV,2024-06-03,14:00:00,17280488
A10,A10_S2,A10_S2_20240603_180000.WAV,2024-06-03,18:00:00,17280488
A10,A10_S2,A10_S2_20240604_000000.WAV,2024-06-04,00:00:00,17280488
A10,A10_S2,A10_S2_20240604_040000.WAV,2024-06-04,04:00:00,17280488
A10,A10_S2,A10_S2_20240604_140000.WAV,2024-06-04,14:00:00,17280488
A10,A10_S2,A10_S2_20240604_180000.WAV,2024-06-04,18:00:00,17280488
A10,A10_S2,A10_S2_20240605_000000.WAV,2024-06-05,00:00:00,17280488
A10,A10_S2,A10_S2_20240605_040000.WAV,2024-06-05,04:00:00,17280488
A10,A10_S2,A10_S2_20240605_140000.WAV,2024-06-05,14:00:00,17280488
A10,A10_S2,A10_S2_20240605_180000.WAV,2024-06-05,18:00:00,17280488
A10,A10_S2,A10_S2_20240606_000000.WAV,2024-06-06,00:00:00,17280488
A10,A10_S2,A10_S2_20240606_040000.WAV,2024-06-06,04:00:00,17280488
A10,A10_S2,A10_S2_20240606_140000.WAV,2024-06-06,14:00:00,17280488
A10,A10_S2,A10_S2_20240606_180000.WAV,2024-06-06,18:00:00,17280488
A10,A10_S2,A10_S2_20240607_000000.WAV,2024-06-07,00:00:00,17280488
A10,A10_S2,A10_S2_20240607_040000.WAV,2024-06-07,04:00:00,17280488
A10,A10_S2,A10_S2_20240607_140000.WAV,2024-06-07,14:00:00,17280488
A10,A10_S2,A10_S2_20240607_180000.WAV,2024-06-07,18:00:00,17280488
A10,A10_S2,A10_S2_20240608_000000.WAV,2024-06-08,00:00:00,17280488
A10,A10_S2,A10_S2_20240608_040000.WAV,2024-06-08,04:00:00,17280488
A10,A10_S2,A10_S2_20240608_140000.WAV,2024-06-08,14:00:00,17280488
A10,A10_S2,A10_S2_20240608_180000.WAV,2024-06-08,18:00:00,17280488
A10,A10_S2,A10_S2_20240609_000000.WAV,2024-06-09,00:00:00,17280488
A10,A10_S2,A10_S2_20240609_040000.WAV,2024-06-09,04:00:00,17280488
A10,A10_S2,A10_S2_20240609_140000.WAV,2024-06-09,14:00:00,17280488
A10,A10_S2,A10_S2_20240609_180000.WAV,2024-06-09,18:00:00,17280488
A10,A10_S2,A10_S2_20240610_000000.WAV,2024-06-10,00:00:00,17280488
A10,A10_S2,A10_S2_20240610_040000.WAV,2024-06-10,04:00:00,17280488
A10,A10_S2,A10_S2_20240610_140000.WAV,2024-06-10,14:00:00,17280488
A10,A10_S2,A10_S2_20240610_180000.WAV,2024-06-10,18:00:00,17280488
A10,A10_S2,A10_S2_20240611_000000.WAV,2024-06-11,00:00:00,17280488
A10,A10_S2,A10_S2_20240611_040000.WAV,2024-06-11,04:00:00,17280488
A10,A10_S2,A10_S2_20240611_140000.WAV,2024-06-11,14:00:00,17280488
A10,A10_S2,A10_S2_20240611_180000.WAV,2024-06-11,18:00:00,17280488
A10,A10_S2,A10_S2_20240612_000000.WAV,2024-06-12,00:00:00,17280488
A10,A10_S2,A10_S2_20240612_040000.WAV,2024-06-12,04:00:00,17280488
A10,A10_S2,A10_S2_20240612_140000.WAV,2024-06-12,14:00:00,17280488
A10,A10_S2,A10_S2_20240612_180000.WAV,2024-06-12,18:00:00,17280488
A10,A10_S2,A10_S2_20240613_000000.WAV,2024-06-13,00:00:00,17280488
A10,A10_S2,A10_S2_20240613_040000.WAV,2024-06-13,04:00:00,17280488
A10,A10_S2,A10_S2_20240613_140000.WAV,2024-06-13,14:00:00,17280488
A10,A10_S2,A10_S2_20240613_180000.WAV,2024-06-13,18:00:00,17280488
A10,A10_S2,A10_S2_20240614_000000.WAV,2024-06-14,00:00:00,17280488
A10,A10_S2,A10_S2_20240614_040000.WAV,2024-06-14,04:00:00,17280488
A10,A10_S2,A10_S2_20240614_140000.WAV,2024-06-14,14:00:00,17280488
A10,A10_S2,A10_S2_20240614_180000.WAV,2024-06-14,18:00:00,17280488
A10,A10_S2,A10_S2_20240615_000000.WAV,2024-06-15,00:00:00,17280488
A10,A10_S2,A10_S2_20240615_040000.WAV,2024-06-15,04:00:00,17280488
A10,A10_S2,A10_S2_20240615_140000.WAV,2024-06-15,14:00:00,17280488
A10,A10_S2,A10_S2_20240615_180000.WAV,2024-06-15,18:00:00,17280488
A10,A10_S2,A10_S2_20240616_000000.WAV,2024-06-16,00:00:00,17280488
A10,A10_S2,A10_S2_20240616_040000.WAV,2024-06-16,04:00:00,17280488
A10,A10_S2,A10_S2_20240616_140000.WAV,2024-06-16,14:00:00,17280488
A10,A10_S2,A10_S2_20240616_180000.WAV,2024-06-16,18:00:00,17280488
A10,A10_S2,A10_S2_20240617_000000.WAV,2024-06-17,00:00:00,17280488
A10,A10_S2,A10_S2_20240617_040000.WAV,2024-06-17,04:00:00,17280488
A10,A10_S2,A10_S2_20240617_140000.WAV,2024-06-17,14:00:00,17280488
A10,A10_S2,A10_S2_20240617_180000.WAV,2024-06-17,18:00:00,17280488
A10,A10_S2,A10_S2_20240618_000000.WAV,2024-06-18,00:00:00,17280488
A10,A10_S2,A10_S2_20240618_040000.WAV,2024-06-18,04:00:00,17280488
A10,A10_S2,A10_S2_20240618_140000.WAV,2024-06-18,14:00:00,17280488
A10,A10_S2,A10_S2_20240618_180000.WAV,2024-06-18,18:00:00,17280488
A10,A10_S2,A10_S2_20240619_000000.WAV,2024-06-19,00:00:00,17280488
A10,A10_S2,A10_S2_20240619_040000.WAV,2024-06-19,04:00:00,17280488
A10,A10_S2,A10_S2_20240619_140000.WAV,2024-06-19,14:00:00,17280488
A10,A10_S2,A10_S2_20240619_180000.WAV,2024-06-19,18:00:00,17280488
A10,A10_S2,A10_S2_20240620_000000.WAV,2024-06-20,00:00:00,17280488
A10,A10_S2,A10_S2_20240620_040000.WAV,2024-06-20,04:00:00,17280488
A10,A10_S2,A10_S2_20240620_140000.WAV,2024-06-20,14:00:00,17280488
A10,A10_S2,A10_S2_20240620_180000.WAV,2024-06-20,18:00:00,17280488
A10,A10_S2,A10_S2_20240621_000000.WAV,2024-06-21,00:00:00,17280488
A10,A10_S2,A10_S2_20240621_040000.WAV,2024-06-21,04:00:00,17280488
A10,A10_S2,A10_S2_20240621_140000.WAV,2024-06-21,14:00:00,17280488
A10,A10_S2,A10_S2_20240621_180000.WAV,2024-06-21,18:00:00,17280488
A10,A10_S2,A10_S2_20240622_000000.WAV,2024-06-22,00:00:00,17280488
A10,A10_S2,A10_S2_20240622_040000.WAV,2024-06-22,04:00:00,17280488
A10,A10_S2,A10_S2_20240622_140000.WAV,2024-06-22,14:00:00,17280488
A10,A10_S2,A10_S2_20240622_180000.WAV,2024-06-22,18:00:00,17280488
A10,A10_S2,A10_S2_20240623_000000.WAV,2024-06-23,00:00:00,17280488
A10,A10_S2,A10_S2_20240623_040000.WAV,2024-06-23,04:00:00,17280488
A10,A10_S2,A10_S2_20240623_140000.WAV,2024-06-23,14:00:00,17280488
A10,A10_S2,A10_S2_20240623_180000.WAV,2024-06-23,18:00:00,17280488
A10,A10_S2,A10_S2_20240624_000000.WAV,2024-06-24,00:00:00,17280488
A10,A10_S2,A10_S2_20240624_040000.WAV,2024-06-24,04:00:00,17280488
A10,A10_S2,A10_S2_20240624_140000.WAV,2024-06-24,14:00:00,17280488
A10,A10_S2,A10_S2_20240624_180000.WAV,2024-06-24,18:00:00,17280488
A10,A10_S2,A10_S2_20240625_000000.WAV,2024-06-25,00:00:00,17280488
A10,A10_S2,A10_S2_20240625_040000.WAV,2024-06-25,04:00:00,17280488
A10,A10_S2,A10_S2_20240625_140000.WAV,2024-06-25,14:00:00,17280488
A10,A10_S2,A10_S2_20240625_180000.WAV,2024-06-25,18:00:00,17280488
A10,A10_S2,A10_S2_20240626_000000.WAV,2024-06-26,00:00:00,17280488
A10,A10_S2,A10_S2_20240626_040000.WAV,2024-06-26,04:00:00,17280488
A10,A10_S2,A10_S2_20240626_140000.WAV,2024-06-26,14:00:00,17280488
A10,A10_S2,A10_S2_20240626_180000.WAV,2024-06-26,18:00:00,17280488
A10,A10_S2,A10_S2_20240627_000000.WAV,2024-06-27,00:00:00,17280488
A10,A10_S2,A10_S2_20240627_040000.WAV,2024-06-27,04:00:00,17280488
A10,A10_S2,A10_S2_20240627_140000.WAV,2024-06-27,14:00:00,17280488
A10,A10_S2,A10_S2_20240627_180000.WAV,2024-06-27,18:00:00,17280488
A10,A10_S2,A10_S2_20240628_000000.WAV,2024-06-28,00:00:00,17280488
A10,A10_S2,A10_S2_20240628_040000.WAV,2024-06-28,04:00:00,17280488
A10,A10_S2,A10_S2_20240628_140000.WAV,2024-06-28,14:00:00,17280488
A10,A10_S2,A10_S2_20240628_180000.WAV,2024-06-28,18:00:00,17280488
A10,A10_S2,A10_S2_20240629_000000.WAV,2024-06-29,00:00:00,17280488
A10,A10_S2,A10_S2_20240629_040000.WAV,2024-06-29,04:00:00,17280488
A10,A10_S2,A10_S2_20240629_140000.WAV,2024-06-29,14:00:00,17280488
A10,A10_S2,A10_S2_20240629_180000.WAV,2024-06-29,18:00:00,17280488
A10,A10_S2,A10_S2_20240630_000000.WAV,2024-06-30,00:00:00,17280488
A10,A10_S2,A10_S2_20240630_040000.WAV,2024-06-30,04:00:00,17280488
A10,A10_S2,A10_S2_20240630_140000.WAV,2024-06-30,14:00:00,17280488
A10,A10_S2,A10_S2_20240630_180000.WAV,2024-06-30,18:00:00,17280488
A10,A10_S2,A10_S2_20240701_000000.WAV,2024-07-01,00:00:00,17280488
A10,A10_S2,A10_S2_20240701_040000.WAV,2024-07-01,04:00:00,17280488
A10,A10_S2,A10_S2_20240701_140000.WAV,2024-07-01,14:00:00,17280488
A10,A10_S2,A10_S2_20240701_180000.WAV,2024-07-01,18:00:00,17280488
A10,A10_S2,A10_S2_20240702_000000.WAV,2024-07-02,00:00:00,17280488
A10,A10_S2,A10_S2_20240702_040000.WAV,2024-07-02,04:00:00,17280488
A10,A10_S2,A10_S2_20240702_140000.WAV,2024-07-02,14:00:00,17280488
A10,A10_S2,A10_S2_20240702_180000.WAV,2024-07-02,18:00:00,17280488
A10,A10_S2,A10_S2_20240703_000000.WAV,2024-07-03,00:00:00,17280488
A10,A10_S2,A10_S2_20240703_040000.WAV,2024-07-03,04:00:00,17280488
A10,A10_S2,A10_S2_20240703_140000.WAV,2024-07-03,14:00:00,17280488
A10,A10_S2,A10_S2_20240703_180000.WAV,2024-07-03,18:00:00,17280488
A10,A10_S2,A10_S2_20240704_000000.WAV,2024-07-04,00:00:00,17280488
A10,A10_S2,A10_S2_20240704_040000.WAV,2024-07-04,04:00:00,17280488
A10,A10_S2,A10_S2_20240704_140000.WAV,2024-07-04,14:00:00,17280488
A10,A10_S2,A10_S2_20240704_180000.WAV,2024-07-04,18:00:00,17280488
A10,A10_S2,A10_S2_20240705_000000.WAV,2024-07-05,00:00:00,17280488
A10,A10_S2,A10_S2_20240705_040000.WAV,2024-07-05,04:00:00,17280488
A10,A10_S2,A10_S2_20240705_140000.WAV,2024-07-05,14:00:00,17280488
A10,A10_S2,A10_S2_20240705_180000.WAV,2024-07-05,18:00:00,17280488
A10,A10_S2,A10_S2_20240706_000000.WAV,2024-07-06,00:00:00,17280488
A10,A10_S2,A10_S2_20240706_040000.WAV,2024-07-06,04:00:00,17280488
A10,A10_S2,A10_S2_20240706_140000.WAV,2024-07-06,14:00:00,17280488
A10,A10_S2,A10_S2_20240706_180000.WAV,2024-07-06,18:00:00,17280488
A10,A10_S2,A10_S2_20240707_000000.WAV,2024-07-07,00:00:00,17280488
A10,A10_S2,A10_S2_20240707_040000.WAV,2024-07-07,04:00:00,17280488
A10,A10_S2,A10_S2_20240707_140000.WAV,2024-07-07,14:00:00,17280488
A10,A10_S2,A10_S2_20240707_180000.WAV,2024-07-07,18:00:00,17280488
A10,A10_S2,A10_S2_20240708_000000.WAV,2024-07-08,00:00:00,17280488
A10,A10_S2,A10_S2_20240708_040000.WAV,2024-07-08,04:00:00,17280488
A10,A10_S2,A10_S2_20240708_140000.WAV,2024-07-08,14:00:00,17280488
A10,A10_S2,A10_S2_20240708_180000.WAV,2024-07-08,18:00:00,17280488
A10,A10_S2,A10_S2_20240709_000000.WAV,2024-07-09,00:00:00,17280488
A10,A10_S2,A10_S2_20240709_040000.WAV,2024-07-09,04:00:00,17280488
A10,A10_S2,A10_S2_20240709_140000.WAV,2024-07-09,14:00:00,17280488
A10,A10_S2,A10_S2_20240709_180000.WAV,2024-07-09,18:00:00,17280488
A10,A10_S2,A10_S2_20240710_000000.WAV,2024-07-10,00:00:00,17280488
A10,A10_S2,A10_S2_20240710_040000.WAV,2024-07-10,04:00:00,17280488
A10,A10_S2,A10_S2_20240710_140000.WAV,2024-07-10,14:00:00,17280488
A10,A10_S2,A10_S2_20240710_180000.WAV,2024-07-10,18:00:00,17280488
A10,A10_S2,A10_S2_20240711_000000.WAV,2024-07-11,00:00:00,17280488
A10,A10_S2,A10_S2_20240711_040000.WAV,2024-07-11,04:00:00,17280488
A10,A10_S2,A10_S2_20240711_140000.WAV,2024-07-11,14:00:00,17280488
A10,A10_S2,A10_S2_20240711_180000.WAV,2024-07-11,18:00:00,17280488
A10,A10_S2,A10_S2_20240712_000000.WAV,2024-07-12,00:00:00,17280488
A10,A10_S2,A10_S2_20240712_040000.WAV,2024-07-12,04:00:00,17280488
A10,A10_S2,A10_S2_20240712_140000.WAV,2024-07-12,14:00:00,17280488
A10,A10_S2,A10_S2_20240712_180000.WAV,2024-07-12,18:00:00,17280488
A10,A10_S2,A10_S2_20240713_000000.WAV,2024-07-13,00:00:00,17280488
A10,A10_S2,A10_S2_20240713_040000.WAV,2024-07-13,04:00:00,17280488
A10,A10_S2,A10_S2_20240713_140000.WAV,2024-07-13,14:00:00,17280488
A10,A10_S2,A10_S2_20240713_180000.WAV,2024-07-13,18:00:00,17280488
A10,A10_S2,A10_S2_20240714_000000.WAV,2024-07-14,00:00:00,17280488
A10,A10_S2,A10_S2_20240714_040000.WAV,2024-07-14,04:00:00,17280488
A10,A10_S2,A10_S2_20240714_140000.WAV,2024-07-14,14:00:00,17280488
A10,A10_S2,A10_S2_20240714_180000.WAV,2024-07-14,18:00:00,17280488
A10,A10_S2,A10_S2_20240715_000000.WAV,2024-07-15,00:00:00,17280488
A10,A10_S2,A10_S2_20240715_040000.WAV,2024-07-15,04:00:00,17280488
A10,A10_S2,A10_S2_20240715_140000.WAV,2024-07-15,14:00:00,17280488
A10,A10_S2,A10_S2_20240715_180000.WAV,2024-07-15,18:00:00,17280488
A10,A10_S2,A10_S2_20240716_000000.WAV,2024-07-16,00:00:00,17280488
A10,A10_S2,A10_S2_20240716_040000.WAV,2024-07-16,04:00:00,17280488
A10,A10_S2,A10_S2_20240716_140000.WAV,2024-07-16,14:00:00,17280488
A10,A10_S2,A10_S2_20240716_180000.WAV,2024-07-16,18:00:00,17280488
A10,A10_S2,A10_S2_20240717_000000.WAV,2024-07-17,00:00:00,17280488
A10,A10_S2,A10_S2_20240717_040000.WAV,2024-07-17,04:00:00,17280488
A10,A10_S2,A10_S2_20240717_140000.WAV,2024-07-17,14:00:00,17280488
A10,A10_S2,A10_S2_20240717_180000.WAV,2024-07-17,18:00:00,17280488
A10,A10_S2,A10_S2_20240718_000000.WAV,2024-07-18,00:00:00,17280488
A10,A10_S2,A10_S2_20240718_040000.WAV,2024-07-18,04:00:00,17280488
A10,A10_S2,A10_S2_20240718_140000.WAV,2024-07-18,14:00:00,17280488
A10,A10_S2,A10_S2_20240718_180000.WAV,2024-07-18,18:00:00,17280488
A10,A10_S2,A10_S2_20240719_000000.WAV,2024-07-19,00:00:00,17280488
A10,A10_S2,A10_S2_20240719_040000.WAV,2024-07-19,04:00:00,17280488
A10,A10_S2,A10_S2_20240719_140000.WAV,2024-07-19,14:00:00,17280488
A10,A10_S2,A10_S2_20240719_180000.WAV,2024-07-19,18:00:00,17280488
A10,A10_S2,A10_S2_20240720_000000.WAV,2024-07-20,00:00:00,17280488
A10,A10_S2,A10_S2_20240720_040000.WAV,2024-07-20,04:00:00,17280488
A10,A10_S2,A10_S2_20240720_140000.WAV,2024-07-20,14:00:00,17280488
A10,A10_S2,A10_S2_20240720_180000.WAV,2024-07-20,18:00:00,17280488
A10,A10_S2,A10_S2_20240721_000000.WAV,2024-07-21,00:00:00,17280488
A10,A10_S2,A10_S2_20240721_040000.WAV,2024-07-21,04:00:00,17280488
A10,A10_S2,A10_S2_20240721_140000.WAV,2024-07-21,14:00:00,17280488
A10,A10_S2,A10_S2_20240721_180000.WAV,2024-07-21,18:00:00,17280488
A10,A10_S2,A10_S2_20240722_000000.WAV,2024-07-22,00:00:00,17280488
A10,A10_S2,A10_S2_20240722_040000.WAV,2024-07-22,04:00:00,17280488
A10,A10_S2,A10_S2_20240722_140000.WAV,2024-07-22,14:00:00,17280488
A10,A10_S2,A10_S2_20240722_180000.WAV,2024-07-22,18:00:00,17280488
A10,A10_S2,A10_S2_20240723_000000.WAV,2024-07-23,00:00:00,17280488
A10,A10_S2,A10_S2_20240723_040000.WAV,2024-07-23,04:00:00,17280488
A10,A10_S2,A10_S2_20240723_140000.WAV,2024-07-23,14:00:00,17280488
A10,A10_S2,A10_S2_20240723_180000.WAV,2024-07-23,18:00:00,17280488
A10,A10_S2,A10_S2_20240724_000000.WAV,2024-07-24,00:00:00,17280488
A10,A10_S2,A10_S2_20240724_040000.WAV,2024-07-24,04:00:00,17280488
A10,A10_S2,A10_S2_20240724_140000.WAV,2024-07-24,14:00:00,17280488
A10,A10_S2,A10_S2_20240724_180000.WAV,2024-07-24,18:00:00,17280488
A10,A10_S2,A10_S2_20240725_000000.WAV,2024-07-25,00:00:00,17280488
A10,A10_S2,A10_S2_20240725_040000.WAV,2024-07-25,04:00:00,17280488
A10,A10_S2,A10_S2_20240725_140000.WAV,2024-07-25,14:00:00,17280488
A10,A10_S2,A10_S2_20240725_180000.WAV,2024-07-25,18:00:00,17280488
A10,A10_S2,A10_S2_20240726_000000.WAV,2024-07-26,00:00:00,17280488
A10,A10_S2,A10_S2_20240726_040000.WAV,2024-07-26,04:00:00,17280488
A10,A10_S2,A10_S2_20240726_140000.WAV,2024-07-26,14:00:00,17280488
A10,A10_S2,A10_S2_20240726_180000.WAV,2024-07-26,18:00:00,17280488
A10,A10_S2,A10_S2_20240727_000000.WAV,2024-07-27,00:00:00,17280488
A10,A10_S2,A10_S2_20240727_040000.WAV,2024-07-27,04:00:00,17280488
A10,A10_S2,A10_S2_20240727_140000.WAV,2024-07-27,14:00:00,17280488
A10,A10_S2,A10_S2_20240727_180000.WAV,2024-07-27,18:00:00,17280488
A10,A10_S2,A10_S2_20240728_000000.WAV,2024-07-28,00:00:00,17280488
A10,A10_S2,A10_S2_20240728_040000.WAV,2024-07-28,04:00:00,17280488
A10,A10_S2,A10_S2_20240728_140000.WAV,2024-07-28,14:00:00,17280488
A10,A10_S2,A10_S2_20240728_180000.WAV,2024-07-28,18:00:00,17280488
A10,A10_S2,A10_S2_20240729_000000.WAV,2024-07-29,00:00:00,17280488
A10,A10_S2,A10_S2_20240729_040000.WAV,2024-07-29,04:00:00,17280488
A10,A10_S2,A10_S2_20240729_140000.WAV,2024-07-29,14:00:00,17280488
A10,A10_S2,A10_S2_20240729_180000.WAV,2024-07-29,18:00:00,17280488
A10,A10_S2,A10_S2_20240730_000000.WAV,2024-07-30,00:00:00,17280488
A10,A10_S2,A10_S2_20240730_040000.WAV,2024-07-30,04:00:00,17280488
A10,A10_S2,A10_S2_20240730_140000.WAV,2024-07-30,14:00:00,17280488
A10,A10_S2,A10_S2_20240730_180000.WAV,2024-07-30,18:00:00,17280488
A10,A10_S2,A10_S2_20240731_000000.WAV,2024-07-31,00:00:00,17280488
A10,A10_S2,A10_S2_20240731_040000.WAV,2024-07-31,04:00:00,17280488
A10,A10_S2,A10_S2_20240731_140000.WAV,2024-07-31,14:00:00,17280488
A10,A10_S2,A10_S2_20240731_180000.WAV,2024-07-31,18:00:00,17280488
A10,A10_S2,A10_S2_20240801_000000.WAV,2024-08-01,00:00:00,17280488
A10,A10_S2,A10_S2_20240801_040000.WAV,2024-08-01,04:00:00,17280488
A10,A10_S2,A10_S2_20240801_140000.WAV,2024-08-01,14:00:00,17280488
A10,A10_S2,A10_S2_20240801_180000.WAV,2024-08-01,18:00:00,17280488
A10,A10_S2,A10_S2_20240802_000000.WAV,2024-08-02,00:00:00,17280488
A10,A10_S2,A10_S2_20240802_040000.WAV,2024-08-02,04:00:00,17280488
A10,A10_S2,A10_S2_20240802_140000.WAV,2024-08-02,14:00:00,17280488
A10,A10_S2,A10_S2_20240802_180000.WAV,2024-08-02,18:00:00,17280488
A10,A10_S2,A10_S2_20240803_000000.WAV,2024-08-03,00:00:00,17280488
A10,A10_S2,A10_S2_20240803_040000.WAV,2024-08-03,04:00:00,17280488
A10,A10_S2,A10_S2_20240803_140000.WAV,2024-08-03,14:00:00,17280488
A10,A10_S2,A10_S2_20240803_180000.WAV,2024-08-03,18:00:00,17280488
A10,A10_S2,A10_S2_20240804_000000.WAV,2024-08-04,00:00:00,17280488
A10,A10_S2,A10_S2_20240804_040000.WAV,2024-08-04,04:00:00,17280488
A10,A10_S2,A10_S2_20240804_140000.WAV,2024-08-04,14:00:00,17280488
A10,A10_S2,A10_S2_20240804_180000.WAV,2024-08-04,18:00:00,17280488
A10,A10_S2,A10_S2_20240805_000000.WAV,2024-08-05,00:00:00,17280488
A10,A10_S2,A10_S2_20240805_040000.WAV,2024-08-05,04:00:00,17280488
A10,A10_S2,A10_S2_20240805_140000.WAV,2024-08-05,14:00:00,17280488
A10,A10_S2,A10_S2_20240805_180000.WAV,2024-08-05,18:00:00,17280488
A10,A10_S2,A10_S2_20240806_000000.WAV,2024-08-06,00:00:00,17280488
A10,A10_S2,A10_S2_20240806_040000.WAV,2024-08-06,04:00:00,17280488
A10,A10_S2,A10_S2_20240806_140000.WAV,2024-08-06,14:00:00,17280488
A10,A10_S2,A10_S2_20240806_180000.WAV,2024-08-06,18:00:00,17280488
A10,A10_S2,A10_S2_20240807_000000.WAV,2024-08-07,00:00:00,17280488
A10,A10_S2,A10_S2_20240807_040000.WAV,2024-08-07,04:00:00,17280488
A10,A10_S2,A10_S2_20240807_140000.WAV,2024-08-07,14:00:00,17280488
A10,A10_S2,A10_S2_20240807_180000.WAV,2024-08-07,18:00:00,17280488
A10,A10_S2,A10_S2_20240808_000000.WAV,2024-08-08,00:00:00,17280488
A10,A10_S2,A10_S2_20240808_040000.WAV,2024-08-08,04:00:00,17280488
A10,A10_S2,A10_S2_20240808_140000.WAV,2024-08-08,14:00:00,17280488
A10,A10_S2,A10_S2_20240808_180000.WAV,2024-08-08,18:00:00,17280488
A10,A10_S2,A10_S2_20240809_000000.WAV,2024-08-09,00:00:00,17280488
A10,A10_S2,A10_S2_20240809_040000.WAV,2024-08-09,04:00:00,17280488
A10,A10_S2,A10_S2_20240809_140000.WAV,2024-08-09,14:00:00,17280488
A10,A10_S2,A10_S2_20240809_180000.WAV,2024-08-09,18:00:00,17280488
A10,A10_S2,A10_S2_20240810_000000.WAV,2024-08-10,00:00:00,17280488
A10,A10_S2,A10_S2_20240810_040000.WAV,2024-08-10,04:00:00,17280488
A10,A10_S2,A10_S2_20240810_140000.WAV,2024-08-10,14:00:00,17280488
A10,A10_S2,A10_S2_20240810_180000.WAV,2024-08-10,18:00:00,17280488
A10,A10_S2,A10_S2_20240811_000000.WAV,2024-08-11,00:00:00,17280488
A10,A10_S2,A10_S2_20240811_040000.WAV,2024-08-11,04:00:00,17280488
A10,A10_S2,A10_S2_20240811_140000.WAV,2024-08-11,14:00:00,17280488
A10,A10_S2,A10_S2_20240811_180000.WAV,2024-08-11,18:00:00,17280488
A10,A10_S2,A10_S2_20240812_000000.WAV,2024-08-12,00:00:00,17280488
A10,A10_S2,A10_S2_20240812_040000.WAV,2024-08-12,04:00:00,17280488
A10,A10_S2,A10_S2_20240812_140000.WAV,2024-08-12,14:00:00,17280488
A10,A10_S2,A10_S2_20240812_180000.WAV,2024-08-12,18:00:00,17280488
A10,A10_S2,A10_S2_20240813_000000.WAV,2024-08-13,00:00:00,17280488
A10,A10_S2,A10_S2_20240813_040000.WAV,2024-08-13,04:00:00,17280488
A10,A10_S2,A10_S2_20240813_140000.WAV,2024-08-13,14:00:00,17280488
A10,A10_S2,A10_S2_20240813_180000.WAV,2024-08-13,18:00:00,17280488
A10,A10_S2,A10_S2_20240814_000000.WAV,2024-08-14,00:00:00,17280488
A10,A10_S2,A10_S2_20240814_040000.WAV,2024-08-14,04:00:00,17280488
A10,A10_S2,A10_S2_20240814_140000.WAV,2024-08-14,14:00:00,17280488
A10,A10_S2,A10_S2_20240814_180000.WAV,2024-08-14,18:00:00,17280488
A10,A10_S2,A10_S2_20240815_000000.WAV,2024-08-15,00:00:00,17280488
A10,A10_S2,A10_S2_20240815_040000.WAV,2024-08-15,04:00:00,17280488
A10,A10_S2,A10_S2_20240815_140000.WAV,2024-08-15,14:00:00,17280488
A10,A10_S2,A10_S2_20240815_180000.WAV,2024-08-15,18:00:00,17280488
A10,A10_S2,A10_S2_20240816_000000.WAV,2024-08-16,00:00:00,17280488
A10,A10_S2,A10_S2_20240816_040000.WAV,2024-08-16,04:00:00,17280488
A10,A10_S2,A10_S2_20240816_140000.WAV,2024-08-16,14:00:00,17280488
A10,A10_S2,A10_S2_20240816_180000.WAV,2024-08-16,18:00:00,17280488
A10,A10_S2,A10_S2_20240817_000000.WAV,2024-08-17,00:00:00,17280488
A10,A10_S2,A10_S2_20240817_040000.WAV,2024-08-17,04:00:00,17280488
A10,A10_S2,A10_S2_20240817_140000.WAV,2024-08-17,14:00:00,17280488
A10,A10_S2,A10_S2_20240817_180000.WAV,2024-08-17,18:00:00,17280488
A10,A10_S2,A10_S2_20240818_000000.WAV,2024-08-18,00:00:00,17280488
A10,A10_S2,A10_S2_20240818_040000.WAV,2024-08-18,04:00:00,17280488
A10,A10_S2,A10_S2_20240818_140000.WAV,2024-08-18,14:00:00,17280488
A10,A10_S2,A10_S2_20240818_180000.WAV,2024-08-18,18:00:00,17280488
A10,A10_S2,A10_S2_20240819_000000.WAV,2024-08-19,00:00:00,17280488
A10,A10_S2,A10_S2_20240819_040000.WAV,2024-08-19,04:00:00,17280488
A10,A10_S2,A10_S2_20240819_140000.WAV,2024-08-19,14:00:00,17280488
A10,A10_S2,A10_S2_20240819_180000.WAV,2024-08-19,18:00:00,17280488
A10,A10_S2,A10_S2_20240820_000000.WAV,2024-08-20,00:00:00,17280488
A10,A10_S2,A10_S2_20240820_040000.WAV,2024-08-20,04:00:00,17280488
A10,A10_S2,A10_S2_20240820_140000.WAV,2024-08-20,14:00:00,17280488
A10,A10_S2,A10_S2_20240820_180000.WAV,2024-08-20,18:00:00,17280488
A10,A10_S2,A10_S2_20240821_000000.WAV,2024-08-21,00:00:00,17280488
A10,A10_S2,A10_S2_20240821_040000.WAV,2024-08-21,04:00:00,17280488
A10,A10_S2,A10_S2_20240821_140000.WAV,2024-08-21,14:00:00,17280488
A10,A10_S2,A10_S2_20240821_180000.WAV,2024-08-21,18:00:00,17280488
A10,A10_S2,A10_S2_20240822_000000.WAV,2024-08-22,00:00:00,17280488
A10,A10_S2,A10_S2_20240822_040000.WAV,2024-08-22,04:00:00,17280488
A10,A10_S3,A10_S3_20240326_000000.WAV,2024-03-26,00:00:00,17280488
A10,A10_S3,A10_S3_20240326_040000.WAV,2024-03-26,04:00:00,17280488
A10,A10_S3,A10_S3_20240326_140000.WAV,2024-03-26,14:00:00,17280488
A10,A10_S3,A10_S3_20240326_180000.WAV,2024-03-26,18:00:00,17280488
A10,A10_S3,A10_S3_20240327_000000.WAV,2024-03-27,00:00:00,17280488
A10,A10_S3,A10_S3_20240327_040000.WAV,2024-03-27,04:00:00,17280488
A10,A10_S3,A10_S3_20240327_140000.WAV,2024-03-27,14:00:00,17280488
A10,A10_S3,A10_S3_20240327_180000.WAV,2024-03-27,18:00:00,17280488
A10,A10_S3,A10_S3_20240328_000000.WAV,2024-03-28,00:00:00,17280488
A10,A10_S3,A10_S3_20240328_040000.WAV,2024-03-28,04:00:00,17280488
A10,A10_S3,A10_S3_20240328_140000.WAV,2024-03-28,14:00:00,17280488
A10,A10_S3,A10_S3_20240328_180000.WAV,2024-03-28,18:00:00,17280488
A10,A10_S3,A10_S3_20240329_000000.WAV,2024-03-29,00:00:00,17280488
A10,A10_S3,A10_S3_20240329_040000.WAV,2024-03-29,04:00:00,17280488
A10,A10_S3,A10_S3_20240329_140000.WAV,2024-03-29,14:00:00,17280488
A10,A10_S3,A10_S3_20240329_180000.WAV,2024-03-29,18:00:00,17280488
A10,A10_S3,A10_S3_20240330_000000.WAV,2024-03-30,00:00:00,17280488
A10,A10_S3,A10_S3_20240330_040000.WAV,2024-03-30,04:00:00,17280488
A10,A10_S3,A10_S3_20240330_140000.WAV,2024-03-30,14:00:00,17280488
A10,A10_S3,A10_S3_20240330_180000.WAV,2024-03-30,18:00:00,17280488
A10,A10_S3,A10_S3_20240331_000000.WAV,2024-03-31,00:00:00,17280488
A10,A10_S3,A10_S3_20240331_040000.WAV,2024-03-31,04:00:00,17280488
A10,A10_S3,A10_S3_20240331_140000.WAV,2024-03-31,14:00:00,17280488
A10,A10_S3,A10_S3_20240331_180000.WAV,2024-03-31,18:00:00,17280488
A10,A10_S3,A10_S3_20240401_000000.WAV,2024-04-01,00:00:00,17280488
A10,A10_S3,A10_S3_20240401_040000.WAV,2024-04-01,04:00:00,17280488
A10,A10_S3,A10_S3_20240401_140000.WAV,2024-04-01,14:00:00,17280488
A10,A10_S3,A10_S3_20240401_180000.WAV,2024-04-01,18:00:00,17280488
A10,A10_S3,A10_S3_20240402_000000.WAV,2024-04-02,00:00:00,17280488
A10,A10_S3,A10_S3_20240402_040000.WAV,2024-04-02,04:00:00,17280488
A10,A10_S3,A10_S3_20240402_140000.WAV,2024-04-02,14:00:00,17280488
A10,A10_S3,A10_S3_20240402_180000.WAV,2024-04-02,18:00:00,17280488
A10,A10_S3,A10_S3_20240403_000000.WAV,2024-04-03,00:00:00,17280488
A10,A10_S3,A10_S3_20240403_040000.WAV,2024-04-03,04:00:00,17280488
A10,A10_S3,A10_S3_20240403_140000.WAV,2024-04-03,14:00:00,17280488
A10,A10_S3,A10_S3_20240403_180000.WAV,2024-04-03,18:00:00,17280488
A10,A10_S3,A10_S3_20240404_000000.WAV,2024-04-04,00:00:00,17280488
A10,A10_S3,A10_S3_20240404_040000.WAV,2024-04-04,04:00:00,17280488
A10,A10_S3,A10_S3_20240404_140000.WAV,2024-04-04,14:00:00,17280488
A10,A10_S3,A10_S3_20240404_180000.WAV,2024-04-04,18:00:00,17280488
A10,A10_S3,A10_S3_20240405_000000.WAV,2024-04-05,00:00:00,17280488
A10,A10_S3,A10_S3_20240405_040000.WAV,2024-04-05,04:00:00,17280488
A10,A10_S3,A10_S3_20240405_140000.WAV,2024-04-05,14:00:00,17280488
A10,A10_S3,A10_S3_20240405_180000.WAV,2024-04-05,18:00:00,17280488
A10,A10_S3,A10_S3_20240406_000000.WAV,2024-04-06,00:00:00,17280488
A10,A10_S3,A10_S3_20240406_040000.WAV,2024-04-06,04:00:00,17280488
A10,A10_S3,A10_S3_20240406_140000.WAV,2024-04-06,14:00:00,17280488
A10,A10_S3,A10_S3_20240406_180000.WAV,2024-04-06,18:00:00,17280488
A10,A10_S3,A10_S3_20240407_000000.WAV,2024-04-07,00:00:00,17280488
A10,A10_S3,A10_S3_20240407_040000.WAV,2024-04-07,04:00:00,17280488
A10,A10_S3,A10_S3_20240407_140000.WAV,2024-04-07,14:00:00,17280488
A10,A10_S3,A10_S3_20240407_180000.WAV,2024-04-07,18:00:00,17280488
A10,A10_S3,A10_S3_20240408_000000.WAV,2024-04-08,00:00:00,17280488
A10,A10_S3,A10_S3_20240408_040000.WAV,2024-04-08,04:00:00,17280488
A10,A10_S3,A10_S3_20240408_140000.WAV,2024-04-08,14:00:00,17280488
A10,A10_S3,A10_S3_20240408_180000.WAV,2024-04-08,18:00:00,17280488
A10,A10_S3,A10_S3_20240409_000000.WAV,2024-04-09,00:00:00,17280488
A10,A10_S3,A10_S3_20240409_040000.WAV,2024-04-09,04:00:00,17280488
A10,A10_S3,A10_S3_20240409_140000.WAV,2024-04-09,14:00:00,17280488
A10,A10_S3,A10_S3_20240409_180000.WAV,2024-04-09,18:00:00,17280488
A10,A10_S3,A10_S3_20240410_000000.WAV,2024-04-10,00:00:00,17280488
A10,A10_S3,A10_S3_20240410_040000.WAV,2024-04-10,04:00:00,17280488
A10,A10_S3,A10_S3_20240410_140000.WAV,2024-04-10,14:00:00,17280488
A10,A10_S3,A10_S3_20240410_180000.WAV,2024-04-10,18:00:00,17280488
A10,A10_S3,A10_S3_20240411_000000.WAV,2024-04-11,00:00:00,17280488
A10,A10_S3,A10_S3_20240411_040000.WAV,2024-04-11,04:00:00,17280488
A10,A10_S3,A10_S3_20240411_140000.WAV,2024-04-11,14:00:00,17280488
A10,A10_S3,A10_S3_20240411_180000.WAV,2024-04-11,18:00:00,17280488
A10,A10_S3,A10_S3_20240412_000000.WAV,2024-04-12,00:00:00,17280488
A10,A10_S3,A10_S3_20240412_040000.WAV,2024-04-12,04:00:00,17280488
A10,A10_S3,A10_S3_20240412_140000.WAV,2024-04-12,14:00:00,17280488
A10,A10_S3,A10_S3_20240412_180000.WAV,2024-04-12,18:00:00,17280488
A10,A10_S3,A10_S3_20240413_000000.WAV,2024-04-13,00:00:00,17280488
A10,A10_S3,A10_S3_20240413_040000.WAV,2024-04-13,04:00:00,17280488
A10,A10_S3,A10_S3_20240413_140000.WAV,2024-04-13,14:00:00,17280488
A10,A10_S3,A10_S3_20240413_180000.WAV,2024-04-13,18:00:00,17280488
A10,A10_S3,A10_S3_20240414_000000.WAV,2024-04-14,00:00:00,17280488
A10,A10_S3,A10_S3_20240414_040000.WAV,2024-04-14,04:00:00,17280488
A10,A10_S3,A10_S3_20240414_140000.WAV,2024-04-14,14:00:00,17280488
A10,A10_S3,A10_S3_20240414_180000.WAV,2024-04-14,18:00:00,17280488
A10,A10_S3,A10_S3_20240415_000000.WAV,2024-04-15,00:00:00,17280488
A10,A10_S3,A10_S3_20240415_040000.WAV,2024-04-15,04:00:00,17280488
A10,A10_S3,A10_S3_20240415_140000.WAV,2024-04-15,14:00:00,17280488
A10,A10_S3,A10_S3_20240415_180000.WAV,2024-04-15,18:00:00,17280488
A10,A10_S3,A10_S3_20240416_000000.WAV,2024-04-16,00:00:00,17280488
A10,A10_S3,A10_S3_20240416_040000.WAV,2024-04-16,04:00:00,17280488
A10,A10_S3,A10_S3_20240416_140000.WAV,2024-04-16,14:00:00,17280488
A10,A10_S3,A10_S3_20240416_180000.WAV,2024-04-16,18:00:00,17280488
A10,A10_S3,A10_S3_20240417_000000.WAV,2024-04-17,00:00:00,17280488
A10,A10_S3,A10_S3_20240417_040000.WAV,2024-04-17,04:00:00,17280488
A10,A10_S3,A10_S3_20240417_140000.WAV,2024-04-17,14:00:00,17280488
A10,A10_S3,A10_S3_20240417_180000.WAV,2024-04-17,18:00:00,17280488
A10,A10_S3,A10_S3_20240418_000000.WAV,2024-04-18,00:00:00,17280488
A10,A10_S3,A10_S3_20240418_040000.WAV,2024-04-18,04:00:00,17280488
A10,A10_S3,A10_S3_20240418_140000.WAV,2024-04-18,14:00:00,17280488
A10,A10_S3,A10_S3_20240418_180000.WAV,2024-04-18,18:00:00,17280488
A10,A10_S3,A10_S3_20240419_000000.WAV,2024-04-19,00:00:00,17280488
A10,A10_S3,A10_S3_20240419_040000.WAV,2024-04-19,04:00:00,17280488
A10,A10_S3,A10_S3_20240419_140000.WAV,2024-04-19,14:00:00,17280488
A10,A10_S3,A10_S3_20240419_180000.WAV,2024-04-19,18:00:00,17280488
A10,A10_S3,A10_S3_20240420_000000.WAV,2024-04-20,00:00:00,17280488
A10,A10_S3,A10_S3_20240420_040000.WAV,2024-04-20,04:00:00,17280488
A10,A10_S3,A10_S3_20240420_140000.WAV,2024-04-20,14:00:00,17280488
A10,A10_S3,A10_S3_20240420_180000.WAV,2024-04-20,18:00:00,17280488
A10,A10_S3,A10_S3_20240421_000000.WAV,2024-04-21,00:00:00,17280488
A10,A10_S3,A10_S3_20240421_040000.WAV,2024-04-21,04:00:00,17280488
A10,A10_S3,A10_S3_20240421_140000.WAV,2024-04-21,14:00:00,17280488
A10,A10_S3,A10_S3_20240421_180000.WAV,2024-04-21,18:00:00,17280488
A10,A10_S3,A10_S3_20240422_000000.WAV,2024-04-22,00:00:00,17280488
A10,A10_S3,A10_S3_20240422_040000.WAV,2024-04-22,04:00:00,17280488
A10,A10_S3,A10_S3_20240422_140000.WAV,2024-04-22,14:00:00,17280488
A10,A10_S3,A10_S3_20240422_180000.WAV,2024-04-22,18:00:00,17280488
A10,A10_S3,A10_S3_20240423_000000.WAV,2024-04-23,00:00:00,17280488
A10,A10_S3,A10_S3_20240423_040000.WAV,2024-04-23,04:00:00,17280488
A10,A10_S3,A10_S3_20240423_140000.WAV,2024-04-23,14:00:00,17280488
A10,A10_S3,A10_S3_20240423_180000.WAV,2024-04-23,18:00:00,17280488
A10,A10_S3,A10_S3_20240424_000000.WAV,2024-04-24,00:00:00,17280488
A10,A10_S3,A10_S3_20240424_040000.WAV,2024-04-24,04:00:00,17280488
A10,A10_S3,A10_S3_20240424_140000.WAV,2024-04-24,14:00:00,17280488
A10,A10_S3,A10_S3_20240424_180000.WAV,2024-04-24,18:00:00,17280488
A10,A10_S3,A10_S3_20240425_000000.WAV,2024-04-25,00:00:00,17280488
A10,A10_S3,A10_S3_20240425_040000.WAV,2024-04-25,04:00:00,17280488
A10,A10_S3,A10_S3_20240425_140000.WAV,2024-04-25,14:00:00,17280488
A10,A10_S3,A10_S3_20240425_180000.WAV,2024-04-25,18:00:00,17280488
A10,A10_S3,A10_S3_20240426_000000.WAV,2024-04-26,00:00:00,17280488
A10,A10_S3,A10_S3_20240426_040000.WAV,2024-04-26,04:00:00,17280488
A10,A10_S3,A10_S3_20240426_140000.WAV,2024-04-26,14:00:00,17280488
A10,A10_S3,A10_S3_20240426_180000.WAV,2024-04-26,18:00:00,17280488
A10,A10_S3,A10_S3_20240427_000000.WAV,2024-04-27,00:00:00,17280488
A10,A10_S3,A10_S3_20240427_040000.WAV,2024-04-27,04:00:00,17280488
A10,A10_S3,A10_S3_20240427_140000.WAV,2024-04-27,14:00:00,17280488
A10,A10_S3,A10_S3_20240427_180000.WAV,2024-04-27,18:00:00,17280488
A10,A10_S3,A10_S3_20240428_000000.WAV,2024-04-28,00:00:00,17280488
A10,A10_S3,A10_S3_20240428_040000.WAV,2024-04-28,04:00:00,17280488
A10,A10_S3,A10_S3_20240428_140000.WAV,2024-04-28,14:00:00,17280488
A10,A10_S3,A10_S3_20240428_180000.WAV,2024-04-28,18:00:00,17280488
A10,A10_S3,A10_S3_20240429_000000.WAV,2024-04-29,00:00:00,17280488
A10,A10_S3,A10_S3_20240429_040000.WAV,2024-04-29,04:00:00,17280488
A10,A10_S3,A10_S3_20240429_140000.WAV,2024-04-29,14:00:00,17280488
A10,A10_S3,A10_S3_20240429_180000.WAV,2024-04-29,18:00:00,17280488
A10,A10_S3,A10_S3_20240430_000000.WAV,2024-04-30,00:00:00,17280488
A10,A10_S3,A10_S3_20240430_040000.WAV,2024-04-30,04:00:00,17280488
A10,A10_S3,A10_S3_20240430_140000.WAV,2024-04-30,14:00:00,17280488
A10,A10_S3,A10_S3_20240430_180000.WAV,2024-04-30,18:00:00,17280488
A10,A10_S3,A10_S3_20240501_000000.WAV,2024-05-01,00:00:00,17280488
A10,A10_S3,A10_S3_20240501_040000.WAV,2024-05-01,04:00:00,17280488
A10,A10_S3,A10_S3_20240501_140000.WAV,2024-05-01,14:00:00,17280488
A10,A10_S3,A10_S3_20240501_180000.WAV,2024-05-01,18:00:00,17280488
A10,A10_S3,A10_S3_20240502_000000.WAV,2024-05-02,00:00:00,17280488
A10,A10_S3,A10_S3_20240502_040000.WAV,2024-05-02,04:00:00,17280488
A10,A10_S3,A10_S3_20240502_140000.WAV,2024-05-02,14:00:00,17280488
A10,A10_S3,A10_S3_20240502_180000.WAV,2024-05-02,18:00:00,17280488
A10,A10_S3,A10_S3_20240503_000000.WAV,2024-05-03,00:00:00,17280488
A10,A10_S3,A10_S3_20240503_040000.WAV,2024-05-03,04:00:00,17280488
A10,A10_S3,A10_S3_20240503_140000.WAV,2024-05-03,14:00:00,17280488
A10,A10_S3,A10_S3_20240503_180000.WAV,2024-05-03,18:00:00,17280488
A10,A10_S3,A10_S3_20240504_000000.WAV,2024-05-04,00:00:00,17280488
A10,A10_S3,A10_S3_20240504_040000.WAV,2024-05-04,04:00:00,17280488
A10,A10_S3,A10_S3_20240504_140000.WAV,2024-05-04,14:00:00,17280488
A10,A10_S3,A10_S3_20240504_180000.WAV,2024-05-04,18:00:00,17280488
A10,A10_S3,A10_S3_20240505_000000.WAV,2024-05-05,00:00:00,17280488
A10,A10_S3,A10_S3_20240505_040000.WAV,2024-05-05,04:00:00,17280488
A10,A10_S3,A10_S3_20240505_140000.WAV,2024-05-05,14:00:00,17280488
A10,A10_S3,A10_S3_20240505_180000.WAV,2024-05-05,18:00:00,17280488
A10,A10_S3,A10_S3_20240506_000000.WAV,2024-05-06,00:00:00,17280488
A10,A10_S3,A10_S3_20240506_040000.WAV,2024-05-06,04:00:00,17280488
A10,A10_S3,A10_S3_20240506_140000.WAV,2024-05-06,14:00:00,17280488
A10,A10_S3,A10_S3_20240506_180000.WAV,2024-05-06,18:00:00,17280488
A10,A10_S3,A10_S3_20240507_000000.WAV,2024-05-07,00:00:00,17280488
A10,A10_S3,A10_S3_20240507_040000.WAV,2024-05-07,04:00:00,17280488
A10,A10_S3,A10_S3_20240507_140000.WAV,2024-05-07,14:00:00,17280488
A10,A10_S3,A10_S3_20240507_180000.WAV,2024-05-07,18:00:00,17280488
A10,A10_S3,A10_S3_20240508_000000.WAV,2024-05-08,00:00:00,17280488
A10,A10_S3,A10_S3_20240508_040000.WAV,2024-05-08,04:00:00,17280488
A10,A10_S3,A10_S3_20240508_140000.WAV,2024-05-08,14:00:00,17280488
A10,A10_S3,A10_S3_20240508_180000.WAV,2024-05-08,18:00:00,17280488
A10,A10_S3,A10_S3_20240509_000000.WAV,2024-05-09,00:00:00,17280488
A10,A10_S3,A10_S3_20240509_040000.WAV,2024-05-09,04:00:00,17280488
A10,A10_S3,A10_S3_20240509_140000.WAV,2024-05-09,14:00:00,17280488
A10,A10_S3,A10_S3_20240509_180000.WAV,2024-05-09,18:00:00,17280488
A10,A10_S3,A10_S3_20240510_000000.WAV,2024-05-10,00:00:00,17280488
A10,A10_S3,A10_S3_20240510_040000.WAV,2024-05-10,04:00:00,17280488
A10,A10_S3,A10_S3_20240510_140000.WAV,2024-05-10,14:00:00,17280488
A10,A10_S3,A10_S3_20240510_180000.WAV,2024-05-10,18:00:00,17280488
A10,A10_S3,A10_S3_20240511_000000.WAV,2024-05-11,00:00:00,17280488
A10,A10_S3,A10_S3_20240511_040000.WAV,2024-05-11,04:00:00,17280488
A10,A10_S3,A10_S3_20240511_140000.WAV,2024-05-11,14:00:00,17280488
A10,A10_S3,A10_S3_20240511_180000.WAV,2024-05-11,18:00:00,17280488
A10,A10_S3,A10_S3_20240512_000000.WAV,2024-05-12,00:00:00,17280488
A10,A10_S3,A10_S3_20240512_040000.WAV,2024-05-12,04:00:00,17280488
A10,A10_S3,A10_S3_20240512_140000.WAV,2024-05-12,14:00:00,17280488
A10,A10_S3,A10_S3_20240512_180000.WAV,2024-05-12,18:00:00,17280488
A10,A10_S3,A10_S3_20240513_000000.WAV,2024-05-13,00:00:00,17280488
A10,A10_S3,A10_S3_20240513_040000.WAV,2024-05-13,04:00:00,17280488
A10,A10_S3,A10_S3_20240513_140000.WAV,2024-05-13,14:00:00,17280488
A10,A10_S3,A10_S3_20240513_180000.WAV,2024-05-13,18:00:00,17280488
A10,A10_S3,A10_S3_20240514_000000.WAV,2024-05-14,00:00:00,17280488
A10,A10_S3,A10_S3_20240514_040000.WAV,2024-05-14,04:00:00,17280488
A10,A10_S3,A10_S3_20240514_140000.WAV,2024-05-14,14:00:00,17280488
A10,A10_S3,A10_S3_20240514_180000.WAV,2024-05-14,18:00:00,17280488
A10,A10_S3,A10_S3_20240515_000000.WAV,2024-05-15,00:00:00,17280488
A10,A10_S3,A10_S3_20240515_040000.WAV,2024-05-15,04:00:00,17280488
A10,A10_S3,A10_S3_20240515_140000.WAV,2024-05-15,14:00:00,17280488
A10,A10_S3,A10_S3_20240515_180000.WAV,2024-05-15,18:00:00,17280488
A10,A10_S3,A10_S3_20240516_000000.WAV,2024-05-16,00:00:00,17280488
A10,A10_S3,A10_S3_20240516_040000.WAV,2024-05-16,04:00:00,17280488
A10,A10_S3,A10_S3_20240516_140000.WAV,2024-05-16,14:00:00,17280488
A10,A10_S3,A10_S3_20240516_180000.WAV,2024-05-16,18:00:00,17280488
A10,A10_S3,A10_S3_20240517_000000.WAV,2024-05-17,00:00:00,17280488
A10,A10_S3,A10_S3_20240517_040000.WAV,2024-05-17,04:00:00,17280488
A10,A10_S3,A10_S3_20240517_140000.WAV,2024-05-17,14:00:00,17280488
A10,A10_S3,A10_S3_20240517_180000.WAV,2024-05-17,18:00:00,17280488
A10,A10_S3,A10_S3_20240518_000000.WAV,2024-05-18,00:00:00,17280488
A10,A10_S3,A10_S3_20240518_040000.WAV,2024-05-18,04:00:00,17280488
A10,A10_S3,A10_S3_20240518_140000.WAV,2024-05-18,14:00:00,17280488
A10,A10_S3,A10_S3_20240518_180000.WAV,2024-05-18,18:00:00,17280488
A10,A10_S3,A10_S3_20240519_000000.WAV,2024-05-19,00:00:00,17280488
A10,A10_S3,A10_S3_20240519_040000.WAV,2024-05-19,04:00:00,17280488
A10,A10_S3,A10_S3_20240519_140000.WAV,2024-05-19,14:00:00,17280488
A10,A10_S3,A10_S3_20240519_180000.WAV,2024-05-19,18:00:00,17280488
A10,A10_S3,A10_S3_20240520_000000.WAV,2024-05-20,00:00:00,17280488
A10,A10_S3,A10_S3_20240520_040000.WAV,2024-05-20,04:00:00,17280488
A10,A10_S3,A10_S3_20240520_140000.WAV,2024-05-20,14:00:00,17280488
A10,A10_S3,A10_S3_20240520_180000.WAV,2024-05-20,18:00:00,17280488
A10,A10_S3,A10_S3_20240521_000000.WAV,2024-05-21,00:00:00,17280488
A10,A10_S3,A10_S3_20240521_040000.WAV,2024-05-21,04:00:00,17280488
A10,A10_S3,A10_S3_20240521_140000.WAV,2024-05-21,14:00:00,17280488
A10,A10_S3,A10_S3_20240521_180000.WAV,2024-05-21,18:00:00,17280488
A10,A10_S3,A10_S3_20240522_000000.WAV,2024-05-22,00:00:00,17280488
A10,A10_S3,A10_S3_20240522_040000.WAV,2024-05-22,04:00:00,17280488
A10,A10_S3,A10_S3_20240522_140000.WAV,2024-05-22,14:00:00,17280488
A10,A10_S3,A10_S3_20240522_180000.WAV,2024-05-22,18:00:00,17280488
A10,A10_S3,A10_S3_20240523_000000.WAV,2024-05-23,00:00:00,17280488
A10,A10_S3,A10_S3_20240523_040000.WAV,2024-05-23,04:00:00,17280488
A10,A10_S3,A10_S3_20240523_140000.WAV,2024-05-23,14:00:00,17280488
A10,A10_S3,A10_S3_20240523_180000.WAV,2024-05-23,18:00:00,17280488
A10,A10_S3,A10_S3_20240524_000000.WAV,2024-05-24,00:00:00,17280488
A10,A10_S3,A10_S3_20240524_040000.WAV,2024-05-24,04:00:00,17280488
A10,A10_S3,A10_S3_20240524_140000.WAV,2024-05-24,14:00:00,17280488
A10,A10_S3,A10_S3_20240524_180000.WAV,2024-05-24,18:00:00,17280488
A10,A10_S3,A10_S3_20240525_000000.WAV,2024-05-25,00:00:00,17280488
A10,A10_S3,A10_S3_20240525_040000.WAV,2024-05-25,04:00:00,17280488
A10,A10_S3,A10_S3_20240525_140000.WAV,2024-05-25,14:00:00,17280488
A10,A10_S3,A10_S3_20240525_180000.WAV,2024-05-25,18:00:00,17280488
A10,A10_S3,A10_S3_20240526_000000.WAV,2024-05-26,00:00:00,17280488
A10,A10_S3,A10_S3_20240526_040000.WAV,2024-05-26,04:00:00,17280488
A10,A10_S3,A10_S3_20240526_140000.WAV,2024-05-26,14:00:00,17280488
A10,A10_S3,A10_S3_20240526_180000.WAV,2024-05-26,18:00:00,17280488
A10,A10_S3,A10_S3_20240527_000000.WAV,2024-05-27,00:00:00,17280488
A10,A10_S3,A10_S3_20240527_040000.WAV,2024-05-27,04:00:00,17280488
A10,A10_S3,A10_S3_20240527_140000.WAV,2024-05-27,14:00:00,17280488
A10,A10_S3,A10_S3_20240527_180000.WAV,2024-05-27,18:00:00,17280488
A10,A10_S3,A10_S3_20240528_000000.WAV,2024-05-28,00:00:00,17280488
A10,A10_S3,A10_S3_20240528_040000.WAV,2024-05-28,04:00:00,17280488
A10,A10_S3,A10_S3_20240528_140000.WAV,2024-05-28,14:00:00,17280488
A10,A10_S3,A10_S3_20240528_180000.WAV,2024-05-28,18:00:00,17280488
A10,A10_S3,A10_S3_20240529_000000.WAV,2024-05-29,00:00:00,17280488
A10,A10_S3,A10_S3_20240529_040000.WAV,2024-05-29,04:00:00,17280488
A10,A10_S3,A10_S3_20240529_140000.WAV,2024-05-29,14:00:00,17280488
A10,A10_S3,A10_S3_20240529_180000.WAV,2024-05-29,18:00:00,17280488
A10,A10_S3,A10_S3_20240530_000000.WAV,2024-05-30,00:00:00,17280488
A10,A10_S3,A10_S3_20240530_040000.WAV,2024-05-30,04:00:00,17280488
A10,A10_S3,A10_S3_20240530_140000.WAV,2024-05-30,14:00:00,17280488
A10,A10_S3,A10_S3_20240530_180000.WAV,2024-05-30,18:00:00,17280488
A10,A10_S3,A10_S3_20240531_000000.WAV,2024-05-31,00:00:00,17280488
A10,A10_S3,A10_S3_20240531_040000.WAV,2024-05-31,04:00:00,17280488
A10,A10_S3,A10_S3_20240531_140000.WAV,2024-05-31,14:00:00,17280488
A10,A10_S3,A10_S3_20240531_180000.WAV,2024-05-31,18:00:00,17280488
A10,A10_S3,A10_S3_20240601_000000.WAV,2024-06-01,00:00:00,17280488
A10,A10_S3,A10_S3_20240601_040000.WAV,2024-06-01,04:00:00,17280488
A10,A10_S3,A10_S3_20240601_140000.WAV,2024-06-01,14:00:00,17280488
A10,A10_S3,A10_S3_20240601_180000.WAV,2024-06-01,18:00:00,17280488
A10,A10_S3,A10_S3_20240602_000000.WAV,2024-06-02,00:00:00,17280488
A10,A10_S3,A10_S3_20240602_040000.WAV,2024-06-02,04:00:00,17280488
A10,A10_S3,A10_S3_20240602_140000.WAV,2024-06-02,14:00:00,17280488
A10,A10_S3,A10_S3_20240602_180000.WAV,2024-06-02,18:00:00,17280488
A10,A10_S3,A10_S3_20240603_000000.WAV,2024-06-03,00:00:00,17280488
A10,A10_S3,A10_S3_20240603_040000.WAV,2024-06-03,04:00:00,17280488
A10,A10_S3,A10_S3_20240603_140000.WAV,2024-06-03,14:00:00,17280488
A10,A10_S3,A10_S3_20240603_180000.WAV,2024-06-03,18:00:00,17280488
A10,A10_S3,A10_S3_20240604_000000.WAV,2024-06-04,00:00:00,17280488
A10,A10_S3,A10_S3_20240604_040000.WAV,2024-06-04,04:00:00,17280488
A10,A10_S3,A10_S3_20240604_140000.WAV,2024-06-04,14:00:00,17280488
A10,A10_S3,A10_S3_20240604_180000.WAV,2024-06-04,18:00:00,17280488
A10,A10_S3,A10_S3_20240605_000000.WAV,2024-06-05,00:00:00,17280488
A10,A10_S3,A10_S3_20240605_040000.WAV,2024-06-05,04:00:00,17280488
A10,A10_S3,A10_S3_20240605_140000.WAV,2024-06-05,14:00:00,17280488
A10,A10_S3,A10_S3_20240605_180000.WAV,2024-06-05,18:00:00,17280488
A10,A10_S3,A10_S3_20240606_000000.WAV,2024-06-06,00:00:00,17280488
A10,A10_S3,A10_S3_20240606_040000.WAV,2024-06-06,04:00:00,17280488
A10,A10_S3,A10_S3_20240606_140000.WAV,2024-06-06,14:00:00,17280488
A10,A10_S3,A10_S3_20240606_180000.WAV,2024-06-06,18:00:00,17280488
A10,A10_S3,A10_S3_20240607_000000.WAV,2024-06-07,00:00:00,17280488
A10,A10_S3,A10_S3_20240607_040000.WAV,2024-06-07,04:00:00,17280488
A10,A10_S3,A10_S3_20240607_140000.WAV,2024-06-07,14:00:00,17280488
A10,A10_S3,A10_S3_20240607_180000.WAV,2024-06-07,18:00:00,17280488
A10,A10_S3,A10_S3_20240608_000000.WAV,2024-06-08,00:00:00,17280488
A10,A10_S3,A10_S3_20240608_040000.WAV,2024-06-08,04:00:00,17280488
A10,A10_S3,A10_S3_20240608_140000.WAV,2024-06-08,14:00:00,17280488
A10,A10_S3,A10_S3_20240608_180000.WAV,2024-06-08,18:00:00,17280488
A10,A10_S3,A10_S3_20240609_000000.WAV,2024-06-09,00:00:00,17280488
A10,A10_S3,A10_S3_20240609_040000.WAV,2024-06-09,04:00:00,17280488
A10,A10_S3,A10_S3_20240609_140000.WAV,2024-06-09,14:00:00,17280488
A10,A10_S3,A10_S3_20240609_180000.WAV,2024-06-09,18:00:00,17280488
A10,A10_S3,A10_S3_20240610_000000.WAV,2024-06-10,00:00:00,17280488
A10,A10_S3,A10_S3_20240610_040000.WAV,2024-06-10,04:00:00,17280488
A10,A10_S3,A10_S3_20240610_140000.WAV,2024-06-10,14:00:00,17280488
A10,A10_S3,A10_S3_20240610_180000.WAV,2024-06-10,18:00:00,17280488
A10,A10_S3,A10_S3_20240611_000000.WAV,2024-06-11,00:00:00,17280488
A10,A10_S3,A10_S3_20240611_040000.WAV,2024-06-11,04:00:00,17280488
A10,A10_S3,A10_S3_20240611_140000.WAV,2024-06-11,14:00:00,17280488
A10,A10_S3,A10_S3_20240611_180000.WAV,2024-06-11,18:00:00,17280488
A10,A10_S3,A10_S3_20240612_000000.WAV,2024-06-12,00:00:00,17280488
A10,A10_S3,A10_S3_20240612_040000.WAV,2024-06-12,04:00:00,17280488
A10,A10_S3,A10_S3_20240612_140000.WAV,2024-06-12,14:00:00,17280488
A10,A10_S3,A10_S3_20240612_180000.WAV,2024-06-12,18:00:00,17280488
A10,A10_S3,A10_S3_20240613_000000.WAV,2024-06-13,00:00:00,17280488
A10,A10_S3,A10_S3_20240613_040000.WAV,2024-06-13,04:00:00,17280488
A10,A10_S3,A10_S3_20240613_140000.WAV,2024-06-13,14:00:00,17280488
A10,A10_S3,A10_S3_20240613_180000.WAV,2024-06-13,18:00:00,17280488
A10,A10_S3,A10_S3_20240614_000000.WAV,2024-06-14,00:00:00,17280488
A10,A10_S3,A10_S3_20240614_040000.WAV,2024-06-14,04:00:00,17280488
A10,A10_S3,A10_S3_20240614_140000.WAV,2024-06-14,14:00:00,17280488
A10,A10_S3,A10_S3_20240614_180000.WAV,2024-06-14,18:00:00,17280488
A10,A10_S3,A10_S3_20240615_000000.WAV,2024-06-15,00:00:00,17280488
A10,A10_S3,A10_S3_20240615_040000.WAV,2024-06-15,04:00:00,17280488
A10,A10_S3,A10_S3_20240615_140000.WAV,2024-06-15,14:00:00,17280488
A10,A10_S3,A10_S3_20240615_180000.WAV,2024-06-15,18:00:00,17280488
A10,A10_S3,A10_S3_20240616_000000.WAV,2024-06-16,00:00:00,17280488
A10,A10_S3,A10_S3_20240616_040000.WAV,2024-06-16,04:00:00,17280488
A10,A10_S3,A10_S3_20240616_140000.WAV,2024-06-16,14:00:00,17280488
A10,A10_S3,A10_S3_20240616_180000.WAV,2024-06-16,18:00:00,17280488
A10,A10_S3,A10_S3_20240617_000000.WAV,2024-06-17,00:00:00,17280488
A10,A10_S3,A10_S3_20240617_040000.WAV,2024-06-17,04:00:00,17280488
A10,A10_S3,A10_S3_20240617_140000.WAV,2024-06-17,14:00:00,17280488
A10,A10_S3,A10_S3_20240617_180000.WAV,2024-06-17,18:00:00,17280488
A10,A10_S3,A10_S3_20240618_000000.WAV,2024-06-18,00:00:00,17280488
A10,A10_S3,A10_S3_20240618_040000.WAV,2024-06-18,04:00:00,17280488
A10,A10_S3,A10_S3_20240618_140000.WAV,2024-06-18,14:00:00,17280488
A10,A10_S3,A10_S3_20240618_180000.WAV,2024-06-18,18:00:00,17280488
A10,A10_S3,A10_S3_20240619_000000.WAV,2024-06-19,00:00:00,17280488
A10,A10_S3,A10_S3_20240619_040000.WAV,2024-06-19,04:00:00,17280488
A10,A10_S3,A10_S3_20240619_140000.WAV,2024-06-19,14:00:00,17280488
A10,A10_S3,A10_S3_20240619_180000.WAV,2024-06-19,18:00:00,17280488
A10,A10_S3,A10_S3_20240620_000000.WAV,2024-06-20,00:00:00,17280488
A10,A10_S3,A10_S3_20240620_040000.WAV,2024-06-20,04:00:00,17280488
A10,A10_S3,A10_S3_20240620_140000.WAV,2024-06-20,14:00:00,17280488
A10,A10_S3,A10_S3_20240620_180000.WAV,2024-06-20,18:00:00,17280488
A10,A10_S3,A10_S3_20240621_000000.WAV,2024-06-21,00:00:00,17280488
A10,A10_S3,A10_S3_20240621_040000.WAV,2024-06-21,04:00:00,17280488
A10,A10_S3,A10_S3_20240621_140000.WAV,2024-06-21,14:00:00,17280488
A10,A10_S3,A10_S3_20240621_180000.WAV,2024-06-21,18:00:00,17280488
A10,A10_S3,A10_S3_20240622_000000.WAV,2024-06-22,00:00:00,17280488
A10,A10_S3,A10_S3_20240622_040000.WAV,2024-06-22,04:00:00,17280488
A10,A10_S3,A10_S3_20240622_140000.WAV,2024-06-22,14:00:00,17280488
A10,A10_S3,A10_S3_20240622_180000.WAV,2024-06-22,18:00:00,17280488
A10,A10_S3,A10_S3_20240623_000000.WAV,2024-06-23,00:00:00,17280488
A10,A10_S3,A10_S3_20240623_040000.WAV,2024-06-23,04:00:00,17280488
A10,A10_S3,A10_S3_20240623_140000.WAV,2024-06-23,14:00:00,17280488
A10,A10_S3,A10_S3_20240623_180000.WAV,2024-06-23,18:00:00,17280488
A10,A10_S3,A10_S3_20240624_000000.WAV,2024-06-24,00:00:00,17280488
A10,A10_S3,A10_S3_20240624_040000.WAV,2024-06-24,04:00:00,17280488
A10,A10_S3,A10_S3_20240624_140000.WAV,2024-06-24,14:00:00,17280488
A10,A10_S3,A10_S3_20240624_180000.WAV,2024-06-24,18:00:00,17280488
A10,A10_S3,A10_S3_20240625_000000.WAV,2024-06-25,00:00:00,17280488
A10,A10_S3,A10_S3_20240625_040000.WAV,2024-06-25,04:00:00,17280488
A10,A10_S3,A10_S3_20240625_140000.WAV,2024-06-25,14:00:00,17280488
A10,A10_S3,A10_S3_20240625_180000.WAV,2024-06-25,18:00:00,17280488
A10,A10_S3,A10_S3_20240626_000000.WAV,2024-06-26,00:00:00,17280488
A10,A10_S3,A10_S3_20240626_040000.WAV,2024-06-26,04:00:00,17280488
A10,A10_S3,A10_S3_20240626_140000.WAV,2024-06-26,14:00:00,17280488
A10,A10_S3,A10_S3_20240626_180000.WAV,2024-06-26,18:00:00,17280488
A10,A10_S3,A10_S3_20240627_000000.WAV,2024-06-27,00:00:00,17280488
A10,A10_S3,A10_S3_20240627_040000.WAV,2024-06-27,04:00:00,17280488
A10,A10_S3,A10_S3_20240627_140000.WAV,2024-06-27,14:00:00,17280488
A10,A10_S3,A10_S3_20240627_180000.WAV,2024-06-27,18:00:00,17280488
A10,A10_S3,A10_S3_20240628_000000.WAV,2024-06-28,00:00:00,17280488
A10,A10_S3,A10_S3_20240628_040000.WAV,2024-06-28,04:00:00,17280488
A10,A10_S3,A10_S3_20240628_140000.WAV,2024-06-28,14:00:00,17280488
A10,A10_S3,A10_S3_20240628_180000.WAV,2024-06-28,18:00:00,17280488
A10,A10_S3,A10_S3_20240629_000000.WAV,2024-06-29,00:00:00,17280488
A10,A10_S3,A10_S3_20240629_040000.WAV,2024-06-29,04:00:00,17280488
A10,A10_S3,A10_S3_20240629_140000.WAV,2024-06-29,14:00:00,17280488
A10,A10_S3,A10_S3_20240629_180000.WAV,2024-06-29,18:00:00,17280488
A10,A10_S3,A10_S3_20240630_000000.WAV,2024-06-30,00:00:00,17280488
A10,A10_S3,A10_S3_20240630_040000.WAV,2024-06-30,04:00:00,17280488
A10,A10_S3,A10_S3_20240630_140000.WAV,2024-06-30,14:00:00,17280488
A10,A10_S3,A10_S3_20240630_180000.WAV,2024-06-30,18:00:00,17280488
A10,A10_S3,A10_S3_20240701_000000.WAV,2024-07-01,00:00:00,17280488
A10,A10_S3,A10_S3_20240701_040000.WAV,2024-07-01,04:00:00,17280488
A10,A10_S3,A10_S3_20240701_140000.WAV,2024-07-01,14:00:00,17280488
A10,A10_S3,A10_S3_20240701_180000.WAV,2024-07-01,18:00:00,17280488
A10,A10_S3,A10_S3_20240702_000000.WAV,2024-07-02,00:00:00,17280488
A10,A10_S3,A10_S3_20240702_040000.WAV,2024-07-02,04:00:00,17280488
A10,A10_S3,A10_S3_20240702_140000.WAV,2024-07-02,14:00:00,17280488
A10,A10_S3,A10_S3_20240702_180000.WAV,2024-07-02,18:00:00,17280488
A10,A10_S3,A10_S3_20240703_000000.WAV,2024-07-03,00:00:00,17280488
A10,A10_S3,A10_S3_20240703_040000.WAV,2024-07-03,04:00:00,17280488
A10,A10_S3,A10_S3_20240703_140000.WAV,2024-07-03,14:00:00,17280488
A10,A10_S3,A10_S3_20240703_180000.WAV,2024-07-03,18:00:00,17280488
A10,A10_S3,A10_S3_20240704_000000.WAV,2024-07-04,00:00:00,17280488
A10,A10_S3,A10_S3_20240704_040000.WAV,2024-07-04,04:00:00,17280488
A10,A10_S3,A10_S3_20240704_140000.WAV,2024-07-04,14:00:00,17280488
A10,A10_S3,A10_S3_20240704_180000.WAV,2024-07-04,18:00:00,17280488
A10,A10_S3,A10_S3_20240705_000000.WAV,2024-07-05,00:00:00,17280488
A10,A10_S3,A10_S3_20240705_040000.WAV,2024-07-05,04:00:00,17280488
A10,A10_S3,A10_S3_20240705_140000.WAV,2024-07-05,14:00:00,17280488
A10,A10_S3,A10_S3_20240705_180000.WAV,2024-07-05,18:00:00,17280488
A10,A10_S3,A10_S3_20240706_000000.WAV,2024-07-06,00:00:00,17280488
A10,A10_S3,A10_S3_20240706_040000.WAV,2024-07-06,04:00:00,17280488
A10,A10_S3,A10_S3_20240706_140000.WAV,2024-07-06,14:00:00,17280488
A10,A10_S3,A10_S3_20240706_180000.WAV,2024-07-06,18:00:00,17280488
A10,A10_S3,A10_S3_20240707_000000.WAV,2024-07-07,00:00:00,17280488
A10,A10_S3,A10_S3_20240707_040000.WAV,2024-07-07,04:00:00,17280488
A10,A10_S3,A10_S3_20240707_140000.WAV,2024-07-07,14:00:00,17280488
A10,A10_S3,A10_S3_20240707_180000.WAV,2024-07-07,18:00:00,17280488
A10,A10_S3,A10_S3_20240708_000000.WAV,2024-07-08,00:00:00,17280488
A10,A10_S3,A10_S3_20240708_040000.WAV,2024-07-08,04:00:00,17280488
A10,A10_S3,A10_S3_20240708_140000.WAV,2024-07-08,14:00:00,17280488
A10,A10_S3,A10_S3_20240708_180000.WAV,2024-07-08,18:00:00,17280488
A10,A10_S3,A10_S3_20240709_000000.WAV,2024-07-09,00:00:00,17280488
A10,A10_S3,A10_S3_20240709_040000.WAV,2024-07-09,04:00:00,17280488
A10,A10_S3,A10_S3_20240709_140000.WAV,2024-07-09,14:00:00,17280488
A10,A10_S3,A10_S3_20240709_180000.WAV,2024-07-09,18:00:00,17280488
A10,A10_S3,A10_S3_20240710_000000.WAV,2024-07-10,00:00:00,17280488
A10,A10_S3,A10_S3_20240710_040000.WAV,2024-07-10,04:00:00,17280488
A10,A10_S3,A10_S3_20240710_140000.WAV,2024-07-10,14:00:00,17280488
A10,A10_S3,A10_S3_20240710_180000.WAV,2024-07-10,18:00:00,17280488
A10,A10_S3,A10_S3_20240711_000000.WAV,2024-07-11,00:00:00,17280488
A10,A10_S3,A10_S3_20240711_040000.WAV,2024-07-11,04:00:00,17280488
A10,A10_S3,A10_S3_20240711_140000.WAV,2024-07-11,14:00:00,17280488
A10,A10_S3,A10_S3_20240711_180000.WAV,2024-07-11,18:00:00,17280488
A10,A10_S3,A10_S3_20240712_000000.WAV,2024-07-12,00:00:00,17280488
A10,A10_S3,A10_S3_20240712_040000.WAV,2024-07-12,04:00:00,17280488
A10,A10_S3,A10_S3_20240712_140000.WAV,2024-07-12,14:00:00,17280488
A10,A10_S3,A10_S3_20240712_180000.WAV,2024-07-12,18:00:00,17280488
A10,A10_S3,A10_S3_20240713_000000.WAV,2024-07-13,00:00:00,17280488
A10,A10_S3,A10_S3_20240713_040000.WAV,2024-07-13,04:00:00,17280488
A10,A10_S3,A10_S3_20240713_140000.WAV,2024-07-13,14:00:00,17280488
A10,A10_S3,A10_S3_20240713_180000.WAV,2024-07-13,18:00:00,17280488
A10,A10_S3,A10_S3_20240714_000000.WAV,2024-07-14,00:00:00,17280488
A10,A10_S3,A10_S3_20240714_040000.WAV,2024-07-14,04:00:00,17280488
A10,A10_S3,A10_S3_20240714_140000.WAV,2024-07-14,14:00:00,17280488
A10,A10_S3,A10_S3_20240714_180000.WAV,2024-07-14,18:00:00,17280488
A10,A10_S3,A10_S3_20240715_000000.WAV,2024-07-15,00:00:00,17280488
A10,A10_S3,A10_S3_20240715_040000.WAV,2024-07-15,04:00:00,17280488
A10,A10_S3,A10_S3_20240715_140000.WAV,2024-07-15,14:00:00,17280488
A10,A10_S3,A10_S3_20240715_180000.WAV,2024-07-15,18:00:00,17280488
A10,A10_S3,A10_S3_20240716_000000.WAV,2024-07-16,00:00:00,17280488
A10,A10_S3,A10_S3_20240716_040000.WAV,2024-07-16,04:00:00,17280488
A10,A10_S3,A10_S3_20240716_140000.WAV,2024-07-16,14:00:00,17280488
A10,A10_S3,A10_S3_20240716_180000.WAV,2024-07-16,18:00:00,17280488
A10,A10_S3,A10_S3_20240717_000000.WAV,2024-07-17,00:00:00,17280488
A10,A10_S3,A10_S3_20240717_040000.WAV,2024-07-17,04:00:00,17280488
A10,A10_S3,A10_S3_20240717_140000.WAV,2024-07-17,14:00:00,17280488
A10,A10_S3,A10_S3_20240717_180000.WAV,2024-07-17,18:00:00,17280488
A10,A10_S3,A10_S3_20240718_000000.WAV,2024-07-18,00:00:00,17280488
A10,A10_S3,A10_S3_20240718_040000.WAV,2024-07-18,04:00:00,17280488
A10,A10_S3,A10_S3_20240718_140000.WAV,2024-07-18,14:00:00,17280488
A10,A10_S3,A10_S3_20240718_180000.WAV,2024-07-18,18:00:00,17280488
A10,A10_S3,A10_S3_20240719_000000.WAV,2024-07-19,00:00:00,17280488
A10,A10_S3,A10_S3_20240719_040000.WAV,2024-07-19,04:00:00,17280488
A10,A10_S3,A10_S3_20240719_140000.WAV,2024-07-19,14:00:00,17280488
A10,A10_S3,A10_S3_20240719_180000.WAV,2024-07-19,18:00:00,17280488
A10,A10_S3,A10_S3_20240720_000000.WAV,2024-07-20,00:00:00,17280488
A10,A10_S3,A10_S3_20240720_040000.WAV,2024-07-20,04:00:00,17280488
A10,A10_S3,A10_S3_20240720_140000.WAV,2024-07-20,14:00:00,17280488
A10,A10_S3,A10_S3_20240720_180000.WAV,2024-07-20,18:00:00,17280488
A10,A10_S3,A10_S3_20240721_000000.WAV,2024-07-21,00:00:00,17280488
A10,A10_S3,A10_S3_20240721_040000.WAV,2024-07-21,04:00:00,17280488
A10,A10_S3,A10_S3_20240721_140000.WAV,2024-07-21,14:00:00,17280488
A10,A10_S3,A10_S3_20240721_180000.WAV,2024-07-21,18:00:00,17280488
A10,A10_S3,A10_S3_20240722_000000.WAV,2024-07-22,00:00:00,17280488
A10,A10_S3,A10_S3_20240722_040000.WAV,2024-07-22,04:00:00,17280488
A10,A10_S3,A10_S3_20240722_140000.WAV,2024-07-22,14:00:00,17280488
A10,A10_S3,A10_S3_20240722_180000.WAV,2024-07-22,18:00:00,17280488
A10,A10_S3,A10_S3_20240723_000000.WAV,2024-07-23,00:00:00,17280488
A10,A10_S3,A10_S3_20240723_040000.WAV,2024-07-23,04:00:00,17280488
A10,A10_S3,A10_S3_20240723_140000.WAV,2024-07-23,14:00:00,17280488
A10,A10_S3,A10_S3_20240723_180000.WAV,2024-07-23,18:00:00,17280488
A10,A10_S3,A10_S3_20240724_000000.WAV,2024-07-24,00:00:00,17280488
A10,A10_S3,A10_S3_20240724_040000.WAV,2024-07-24,04:00:00,17280488
A10,A10_S3,A10_S3_20240724_140000.WAV,2024-07-24,14:00:00,17280488
A10,A10_S3,A10_S3_20240724_180000.WAV,2024-07-24,18:00:00,17280488
A10,A10_S3,A10_S3_20240725_000000.WAV,2024-07-25,00:00:00,17280488
A10,A10_S3,A10_S3_20240725_040000.WAV,2024-07-25,04:00:00,17280488
A10,A10_S3,A10_S3_20240725_140000.WAV,2024-07-25,14:00:00,17280488
A10,A10_S3,A10_S3_20240725_180000.WAV,2024-07-25,18:00:00,17280488
A10,A10_S3,A10_S3_20240726_000000.WAV,2024-07-26,00:00:00,17280488
A10,A10_S3,A10_S3_20240726_040000.WAV,2024-07-26,04:00:00,17280488
A10,A10_S3,A10_S3_20240726_140000.WAV,2024-07-26,14:00:00,17280488
A10,A10_S3,A10_S3_20240726_180000.WAV,2024-07-26,18:00:00,17280488
A10,A10_S3,A10_S3_20240727_000000.WAV,2024-07-27,00:00:00,17280488
A10,A10_S3,A10_S3_20240727_040000.WAV,2024-07-27,04:00:00,17280488
A10,A10_S3,A10_S3_20240727_140000.WAV,2024-07-27,14:00:00,17280488
A10,A10_S3,A10_S3_20240727_180000.WAV,2024-07-27,18:00:00,17280488
A10,A10_S3,A10_S3_20240728_000000.WAV,2024-07-28,00:00:00,17280488
A10,A10_S3,A10_S3_20240728_040000.WAV,2024-07-28,04:00:00,17280488
A10,A10_S3,A10_S3_20240728_140000.WAV,2024-07-28,14:00:00,17280488
A10,A10_S3,A10_S3_20240728_180000.WAV,2024-07-28,18:00:00,17280488
A10,A10_S3,A10_S3_20240729_000000.WAV,2024-07-29,00:00:00,17280488
A10,A10_S3,A10_S3_20240729_040000.WAV,2024-07-29,04:00:00,17280488
A10,A10_S3,A10_S3_20240729_140000.WAV,2024-07-29,14:00:00,17280488
A10,A10_S3,A10_S3_20240729_180000.WAV,2024-07-29,18:00:00,17280488
A10,A10_S3,A10_S3_20240730_000000.WAV,2024-07-30,00:00:00,17280488
A10,A10_S3,A10_S3_20240730_040000.WAV,2024-07-30,04:00:00,17280488
A10,A10_S3,A10_S3_20240730_140000.WAV,2024-07-30,14:00:00,17280488
A10,A10_S3,A10_S3_20240730_180000.WAV,2024-07-30,18:00:00,17280488
A10,A10_S3,A10_S3_20240731_000000.WAV,2024-07-31,00:00:00,17280488
A10,A10_S3,A10_S3_20240731_040000.WAV,2024-07-31,04:00:00,17280488
A10,A10_S3,A10_S3_20240731_140000.WAV,2024-07-31,14:00:00,17280488
A10,A10_S3,A10_S3_20240731_180000.WAV,2024-07-31,18:00:00,17280488
A10,A10_S3,A10_S3_20240801_000000.WAV,2024-08-01,00:00:00,17280488
A10,A10_S3,A10_S3_20240801_040000.WAV,2024-08-01,04:00:00,17280488
A10,A10_S3,A10_S3_20240801_140000.WAV,2024-08-01,14:00:00,17280488
A10,A10_S3,A10_S3_20240801_180000.WAV,2024-08-01,18:00:00,17280488
A10,A10_S3,A10_S3_20240802_000000.WAV,2024-08-02,00:00:00,17280488
A10,A10_S3,A10_S3_20240802_040000.WAV,2024-08-02,04:00:00,17280488
A10,A10_S3,A10_S3_20240802_140000.WAV,2024-08-02,14:00:00,17280488
A10,A10_S3,A10_S3_20240802_180000.WAV,2024-08-02,18:00:00,17280488
A10,A10_S3,A10_S3_20240803_000000.WAV,2024-08-03,00:00:00,17280488
A10,A10_S3,A10_S3_20240803_040000.WAV,2024-08-03,04:00:00,17280488
A10,A10_S3,A10_S3_20240803_140000.WAV,2024-08-03,14:00:00,17280488
A10,A10_S3,A10_S3_20240803_180000.WAV,2024-08-03,18:00:00,17280488
A10,A10_S3,A10_S3_20240804_000000.WAV,2024-08-04,00:00:00,17280488
A10,A10_S3,A10_S3_20240804_040000.WAV,2024-08-04,04:00:00,17280488
A10,A10_S3,A10_S3_20240804_140000.WAV,2024-08-04,14:00:00,17280488
A10,A10_S3,A10_S3_20240804_180000.WAV,2024-08-04,18:00:00,17280488
A10,A10_S3,A10_S3_20240805_000000.WAV,2024-08-05,00:00:00,17280488
A10,A10_S3,A10_S3_20240805_040000.WAV,2024-08-05,04:00:00,17280488
A10,A10_S3,A10_S3_20240805_140000.WAV,2024-08-05,14:00:00,17280488
A10,A10_S3,A10_S3_20240805_180000.WAV,2024-08-05,18:00:00,17280488
A10,A10_S3,A10_S3_20240806_000000.WAV,2024-08-06,00:00:00,17280488
A10,A10_S3,A10_S3_20240806_040000.WAV,2024-08-06,04:00:00,17280488
A10,A10_S3,A10_S3_20240806_140000.WAV,2024-08-06,14:00:00,17280488
A10,A10_S3,A10_S3_20240806_180000.WAV,2024-08-06,18:00:00,17280488
A10,A10_S3,A10_S3_20240807_000000.WAV,2024-08-07,00:00:00,17280488
A10,A10_S3,A10_S3_20240807_040000.WAV,2024-08-07,04:00:00,17280488
A10,A10_S3,A10_S3_20240807_140000.WAV,2024-08-07,14:00:00,17280488
A10,A10_S3,A10_S3_20240807_180000.WAV,2024-08-07,18:00:00,17280488
A10,A10_S3,A10_S3_20240808_000000.WAV,2024-08-08,00:00:00,17280488
A10,A10_S3,A10_S3_20240808_040000.WAV,2024-08-08,04:00:00,17280488
A10,A10_S3,A10_S3_20240808_140000.WAV,2024-08-08,14:00:00,17280488
A10,A10_S3,A10_S3_20240808_180000.WAV,2024-08-08,18:00:00,17280488
A10,A10_S3,A10_S3_20240809_000000.WAV,2024-08-09,00:00:00,17280488
A10,A10_S3,A10_S3_20240809_040000.WAV,2024-08-09,04:00:00,17280488
A10,A10_S3,A10_S3_20240809_140000.WAV,2024-08-09,14:00:00,17280488
A10,A10_S3,A10_S3_20240809_180000.WAV,2024-08-09,18:00:00,17280488
A10,A10_S3,A10_S3_20240810_000000.WAV,2024-08-10,00:00:00,17280488
A10,A10_S3,A10_S3_20240810_040000.WAV,2024-08-10,04:00:00,17280488
A10,A10_S3,A10_S3_20240810_140000.WAV,2024-08-10,14:00:00,17280488
A10,A10_S3,A10_S3_20240810_180000.WAV,2024-08-10,18:00:00,17280488
A10,A10_S3,A10_S3_20240811_000000.WAV,2024-08-11,00:00:00,17280488
A10,A10_S3,A10_S3_20240811_040000.WAV,2024-08-11,04:00:00,17280488
A10,A10_S3,A10_S3_20240811_140000.WAV,2024-08-11,14:00:00,17280488
A10,A10_S3,A10_S3_20240811_180000.WAV,2024-08-11,18:00:00,17280488
A10,A10_S3,A10_S3_20240812_000000.WAV,2024-08-12,00:00:00,17280488
A10,A10_S3,A10_S3_20240812_040000.WAV,2024-08-12,04:00:00,17280488
A10,A10_S3,A10_S3_20240812_140000.WAV,2024-08-12,14:00:00,17280488
A10,A10_S3,A10_S3_20240812_180000.WAV,2024-08-12,18:00:00,17280488
A10,A10_S3,A10_S3_20240813_000000.WAV,2024-08-13,00:00:00,17280488
A10,A10_S3,A10_S3_20240813_040000.WAV,2024-08-13,04:00:00,17280488
A10,A10_S3,A10_S3_20240813_140000.WAV,2024-08-13,14:00:00,17280488
A10,A10_S3,A10_S3_20240813_180000.WAV,2024-08-13,18:00:00,17280488
A10,A10_S3,A10_S3_20240814_000000.WAV,2024-08-14,00:00:00,17280488
A10,A10_S3,A10_S3_20240814_040000.WAV,2024-08-14,04:00:00,17280488
A10,A10_S3,A10_S3_20240814_140000.WAV,2024-08-14,14:00:00,17280488
A10,A10_S3,A10_S3_20240814_180000.WAV,2024-08-14,18:00:00,17280488
A10,A10_S3,A10_S3_20240815_000000.WAV,2024-08-15,00:00:00,17280488
A10,A10_S3,A10_S3_20240815_040000.WAV,2024-08-15,04:00:00,17280488
A10,A10_S3,A10_S3_20240815_140000.WAV,2024-08-15,14:00:00,17280488
A10,A10_S3,A10_S3_20240815_180000.WAV,2024-08-15,18:00:00,17280488
A10,A10_S3,A10_S3_20240816_000000.WAV,2024-08-16,00:00:00,17280488
A10,A10_S3,A10_S3_20240816_040000.WAV,2024-08-16,04:00:00,17280488
A10,A10_S3,A10_S3_20240816_140000.WAV,2024-08-16,14:00:00,17280488
A10,A10_S3,A10_S3_20240816_180000.WAV,2024-08-16,18:00:00,17280488
A10,A10_S3,A10_S3_20240817_000000.WAV,2024-08-17,00:00:00,17280488
A10,A10_S3,A10_S3_20240817_040000.WAV,2024-08-17,04:00:00,17280488
A10,A10_S3,A10_S3_20240817_140000.WAV,2024-08-17,14:00:00,17280488
A10,A10_S3,A10_S3_20240817_180000.WAV,2024-08-17,18:00:00,17280488
A10,A10_S3,A10_S3_20240818_000000.WAV,2024-08-18,00:00:00,17280488
A10,A10_S3,A10_S3_20240818_040000.WAV,2024-08-18,04:00:00,17280488
A10,A10_S3,A10_S3_20240818_140000.WAV,2024-08-18,14:00:00,17280488
A10,A10_S3,A10_S3_20240818_180000.WAV,2024-08-18,18:00:00,17280488
A10,A10_S3,A10_S3_20240819_000000.WAV,2024-08-19,00:00:00,17280488
A10,A10_S3,A10_S3_20240819_040000.WAV,2024-08-19,04:00:00,17280488
A10,A10_S3,A10_S3_20240819_140000.WAV,2024-08-19,14:00:00,17280488
A10,A10_S3,A10_S3_20240819_180000.WAV,2024-08-19,18:00:00,17280488
A10,A10_S3,A10_S3_20240820_000000.WAV,2024-08-20,00:00:00,17280488
A10,A10_S3,A10_S3_20240820_040000.WAV,2024-08-20,04:00:00,17280488
A10,A10_S3,A10_S3_20240820_140000.WAV,2024-08-20,14:00:00,17280488
A10,A10_S3,A10_S3_20240820_180000.WAV,2024-08-20,18:00:00,17280488
A10,A10_S3,A10_S3_20240821_000000.WAV,2024-08-21,00:00:00,17280488
A10,A10_S3,A10_S3_20240821_040000.WAV,2024-08-21,04:00:00,17280488
A10,A10_S3,A10_S3_20240821_140000.WAV,2024-08-21,14:00:00,17280488
A10,A10_S3,A10_S3_20240821_180000.WAV,2024-08-21,18:00:00,17280488
A10,A10_S3,A10_S3_20240822_000000.WAV,2024-08-22,00:00:00,17280488
A10,A10_S3,A10_S3_20240822_040000.WAV,2024-08-22,04:00:00,17280488
A10,A10_S3,A10_S3_20240822_113105.WAV,2024-08-22,11:31:05,488
A10,A10_S4,A10_S4_20240326_000000.WAV,2024-03-26,00:00:00,17280488
A10,A10_S4,A10_S4_20240326_040000.WAV,2024-03-26,04:00:00,17280488
A10,A10_S4,A10_S4_20240326_140000.WAV,2024-03-26,14:00:00,17280488
A10,A10_S4,A10_S4_20240326_180000.WAV,2024-03-26,18:00:00,17280488
A10,A10_S4,A10_S4_20240327_000000.WAV,2024-03-27,00:00:00,17280488
A10,A10_S4,A10_S4_20240327_040000.WAV,2024-03-27,04:00:00,17280488
A10,A10_S4,A10_S4_20240327_140000.WAV,2024-03-27,14:00:00,17280488
A10,A10_S4,A10_S4_20240327_180000.WAV,2024-03-27,18:00:00,17280488
A10,A10_S4,A10_S4_20240328_000000.WAV,2024-03-28,00:00:00,17280488
A10,A10_S4,A10_S4_20240328_040000.WAV,2024-03-28,04:00:00,17280488
A10,A10_S4,A10_S4_20240328_140000.WAV,2024-03-28,14:00:00,17280488
A10,A10_S4,A10_S4_20240328_180000.WAV,2024-03-28,18:00:00,17280488
A10,A10_S4,A10_S4_20240329_000000.WAV,2024-03-29,00:00:00,17280488
A10,A10_S4,A10_S4_20240329_040000.WAV,2024-03-29,04:00:00,17280488
A10,A10_S4,A10_S4_20240329_140000.WAV,2024-03-29,14:00:00,17280488
A10,A10_S4,A10_S4_20240329_180000.WAV,2024-03-29,18:00:00,17280488
A10,A10_S4,A10_S4_20240330_000000.WAV,2024-03-30,00:00:00,17280488
A10,A10_S4,A10_S4_20240330_040000.WAV,2024-03-30,04:00:00,17280488
A10,A10_S4,A10_S4_20240330_140000.WAV,2024-03-30,14:00:00,17280488
A10,A10_S4,A10_S4_20240330_180000.WAV,2024-03-30,18:00:00,17280488
A10,A10_S4,A10_S4_20240331_000000.WAV,2024-03-31,00:00:00,17280488
A10,A10_S4,A10_S4_20240331_040000.WAV,2024-03-31,04:00:00,17280488
A10,A10_S4,A10_S4_20240331_140000.WAV,2024-03-31,14:00:00,17280488
A10,A10_S4,A10_S4_20240331_180000.WAV,2024-03-31,18:00:00,17280488
A10,A10_S4,A10_S4_20240401_000000.WAV,2024-04-01,00:00:00,17280488
A10,A10_S4,A10_S4_20240401_040000.WAV,2024-04-01,04:00:00,17280488
A10,A10_S4,A10_S4_20240401_140000.WAV,2024-04-01,14:00:00,17280488
A10,A10_S4,A10_S4_20240401_180000.WAV,2024-04-01,18:00:00,17280488
A10,A10_S4,A10_S4_20240402_000000.WAV,2024-04-02,00:00:00,17280488
A10,A10_S4,A10_S4_20240402_040000.WAV,2024-04-02,04:00:00,17280488
A10,A10_S4,A10_S4_20240402_140000.WAV,2024-04-02,14:00:00,17280488
A10,A10_S4,A10_S4_20240402_180000.WAV,2024-04-02,18:00:00,17280488
A10,A10_S4,A10_S4_20240403_000000.WAV,2024-04-03,00:00:00,17280488
A10,A10_S4,A10_S4_20240403_040000.WAV,2024-04-03,04:00:00,17280488
A10,A10_S4,A10_S4_20240403_140000.WAV,2024-04-03,14:00:00,17280488
A10,A10_S4,A10_S4_20240403_180000.WAV,2024-04-03,18:00:00,17280488
A10,A10_S4,A10_S4_20240404_000000.WAV,2024-04-04,00:00:00,17280488
A10,A10_S4,A10_S4_20240404_040000.WAV,2024-04-04,04:00:00,17280488
A10,A10_S4,A10_S4_20240404_140000.WAV,2024-04-04,14:00:00,17280488
A10,A10_S4,A10_S4_20240404_180000.WAV,2024-04-04,18:00:00,17280488
A10,A10_S4,A10_S4_20240405_000000.WAV,2024-04-05,00:00:00,17280488
A10,A10_S4,A10_S4_20240405_040000.WAV,2024-04-05,04:00:00,17280488
A10,A10_S4,A10_S4_20240405_140000.WAV,2024-04-05,14:00:00,17280488
A10,A10_S4,A10_S4_20240405_180000.WAV,2024-04-05,18:00:00,17280488
A10,A10_S4,A10_S4_20240406_000000.WAV,2024-04-06,00:00:00,17280488
A10,A10_S4,A10_S4_20240406_040000.WAV,2024-04-06,04:00:00,17280488
A10,A10_S4,A10_S4_20240406_140000.WAV,2024-04-06,14:00:00,17280488
A10,A10_S4,A10_S4_20240406_180000.WAV,2024-04-06,18:00:00,17280488
A10,A10_S4,A10_S4_20240407_000000.WAV,2024-04-07,00:00:00,17280488
A10,A10_S4,A10_S4_20240407_040000.WAV,2024-04-07,04:00:00,17280488
A10,A10_S4,A10_S4_20240407_140000.WAV,2024-04-07,14:00:00,17280488
A10,A10_S4,A10_S4_20240407_180000.WAV,2024-04-07,18:00:00,17280488
A10,A10_S4,A10_S4_20240408_000000.WAV,2024-04-08,00:00:00,17280488
A10,A10_S4,A10_S4_20240408_040000.WAV,2024-04-08,04:00:00,17280488
A10,A10_S4,A10_S4_20240408_140000.WAV,2024-04-08,14:00:00,17280488
A10,A10_S4,A10_S4_20240408_180000.WAV,2024-04-08,18:00:00,17280488
A10,A10_S4,A10_S4_20240409_000000.WAV,2024-04-09,00:00:00,17280488
A10,A10_S4,A10_S4_20240409_040000.WAV,2024-04-09,04:00:00,17280488
A10,A10_S4,A10_S4_20240409_140000.WAV,2024-04-09,14:00:00,17280488
A10,A10_S4,A10_S4_20240409_180000.WAV,2024-04-09,18:00:00,17280488
A10,A10_S4,A10_S4_20240410_000000.WAV,2024-04-10,00:00:00,17280488
A10,A10_S4,A10_S4_20240410_040000.WAV,2024-04-10,04:00:00,17280488
A10,A10_S4,A10_S4_20240410_140000.WAV,2024-04-10,14:00:00,17280488
A10,A10_S4,A10_S4_20240410_180000.WAV,2024-04-10,18:00:00,17280488
A10,A10_S4,A10_S4_20240411_000000.WAV,2024-04-11,00:00:00,17280488
A10,A10_S4,A10_S4_20240411_040000.WAV,2024-04-11,04:00:00,17280488
A10,A10_S4,A10_S4_20240411_140000.WAV,2024-04-11,14:00:00,17280488
A10,A10_S4,A10_S4_20240411_180000.WAV,2024-04-11,18:00:00,17280488
A10,A10_S4,A10_S4_20240412_000000.WAV,2024-04-12,00:00:00,17280488
A10,A10_S4,A10_S4_20240412_040000.WAV,2024-04-12,04:00:00,17280488
A10,A10_S4,A10_S4_20240412_140000.WAV,2024-04-12,14:00:00,17280488
A10,A10_S4,A10_S4_20240412_180000.WAV,2024-04-12,18:00:00,17280488
A10,A10_S4,A10_S4_20240413_000000.WAV,2024-04-13,00:00:00,17280488
A10,A10_S4,A10_S4_20240413_040000.WAV,2024-04-13,04:00:00,17280488
A10,A10_S4,A10_S4_20240413_140000.WAV,2024-04-13,14:00:00,17280488
A10,A10_S4,A10_S4_20240413_180000.WAV,2024-04-13,18:00:00,17280488
A10,A10_S4,A10_S4_20240414_000000.WAV,2024-04-14,00:00:00,17280488
A10,A10_S4,A10_S4_20240414_040000.WAV,2024-04-14,04:00:00,17280488
A10,A10_S4,A10_S4_20240414_140000.WAV,2024-04-14,14:00:00,17280488
A10,A10_S4,A10_S4_20240414_180000.WAV,2024-04-14,18:00:00,17280488
A10,A10_S4,A10_S4_20240415_000000.WAV,2024-04-15,00:00:00,17280488
A10,A10_S4,A10_S4_20240415_040000.WAV,2024-04-15,04:00:00,17280488
A10,A10_S4,A10_S4_20240415_140000.WAV,2024-04-15,14:00:00,17280488
A10,A10_S4,A10_S4_20240415_180000.WAV,2024-04-15,18:00:00,17280488
A10,A10_S4,A10_S4_20240416_000000.WAV,2024-04-16,00:00:00,17280488
A10,A10_S4,A10_S4_20240416_040000.WAV,2024-04-16,04:00:00,17280488
A10,A10_S4,A10_S4_20240416_140000.WAV,2024-04-16,14:00:00,17280488
A10,A10_S4,A10_S4_20240416_180000.WAV,2024-04-16,18:00:00,17280488
A10,A10_S4,A10_S4_20240417_000000.WAV,2024-04-17,00:00:00,17280488
A10,A10_S4,A10_S4_20240417_040000.WAV,2024-04-17,04:00:00,17280488
A10,A10_S4,A10_S4_20240417_140000.WAV,2024-04-17,14:00:00,17280488
A10,A10_S4,A10_S4_20240417_180000.WAV,2024-04-17,18:00:00,17280488
A10,A10_S4,A10_S4_20240418_000000.WAV,2024-04-18,00:00:00,17280488
A10,A10_S4,A10_S4_20240418_040000.WAV,2024-04-18,04:00:00,17280488
A10,A10_S4,A10_S4_20240418_140000.WAV,2024-04-18,14:00:00,17280488
A10,A10_S4,A10_S4_20240418_180000.WAV,2024-04-18,18:00:00,17280488
A10,A10_S4,A10_S4_20240419_000000.WAV,2024-04-19,00:00:00,17280488
A10,A10_S4,A10_S4_20240419_040000.WAV,2024-04-19,04:00:00,17280488
A10,A10_S4,A10_S4_20240419_140000.WAV,2024-04-19,14:00:00,17280488
A10,A10_S4,A10_S4_20240419_180000.WAV,2024-04-19,18:00:00,17280488
A10,A10_S4,A10_S4_20240420_000000.WAV,2024-04-20,00:00:00,17280488
A10,A10_S4,A10_S4_20240420_040000.WAV,2024-04-20,04:00:00,17280488
A10,A10_S4,A10_S4_20240420_140000.WAV,2024-04-20,14:00:00,17280488
A10,A10_S4,A10_S4_20240420_180000.WAV,2024-04-20,18:00:00,17280488
A10,A10_S4,A10_S4_20240421_000000.WAV,2024-04-21,00:00:00,17280488
A10,A10_S4,A10_S4_20240421_040000.WAV,2024-04-21,04:00:00,17280488
A10,A10_S4,A10_S4_20240421_140000.WAV,2024-04-21,14:00:00,17280488
A10,A10_S4,A10_S4_20240421_180000.WAV,2024-04-21,18:00:00,17280488
A10,A10_S4,A10_S4_20240422_000000.WAV,2024-04-22,00:00:00,17280488
A10,A10_S4,A10_S4_20240422_040000.WAV,2024-04-22,04:00:00,17280488
A10,A10_S4,A10_S4_20240422_140000.WAV,2024-04-22,14:00:00,17280488
A10,A10_S4,A10_S4_20240422_180000.WAV,2024-04-22,18:00:00,17280488
A10,A10_S4,A10_S4_20240423_000000.WAV,2024-04-23,00:00:00,17280488
A10,A10_S4,A10_S4_20240423_040000.WAV,2024-04-23,04:00:00,17280488
A10,A10_S4,A10_S4_20240423_140000.WAV,2024-04-23,14:00:00,17280488
A10,A10_S4,A10_S4_20240423_180000.WAV,2024-04-23,18:00:00,17280488
A10,A10_S4,A10_S4_20240424_000000.WAV,2024-04-24,00:00:00,17280488
A10,A10_S4,A10_S4_20240424_040000.WAV,2024-04-24,04:00:00,17280488
A10,A10_S4,A10_S4_20240424_140000.WAV,2024-04-24,14:00:00,17280488
A10,A10_S4,A10_S4_20240424_180000.WAV,2024-04-24,18:00:00,17280488
A10,A10_S4,A10_S4_20240425_000000.WAV,2024-04-25,00:00:00,17280488
A10,A10_S4,A10_S4_20240425_040000.WAV,2024-04-25,04:00:00,17280488
A10,A10_S4,A10_S4_20240425_140000.WAV,2024-04-25,14:00:00,17280488
A10,A10_S4,A10_S4_20240425_180000.WAV,2024-04-25,18:00:00,17280488
A10,A10_S4,A10_S4_20240426_000000.WAV,2024-04-26,00:00:00,17280488
A10,A10_S4,A10_S4_20240426_040000.WAV,2024-04-26,04:00:00,17280488
A10,A10_S4,A10_S4_20240426_140000.WAV,2024-04-26,14:00:00,17280488
A10,A10_S4,A10_S4_20240426_180000.WAV,2024-04-26,18:00:00,17280488
A10,A10_S4,A10_S4_20240427_000000.WAV,2024-04-27,00:00:00,17280488
A10,A10_S4,A10_S4_20240427_040000.WAV,2024-04-27,04:00:00,17280488
A10,A10_S4,A10_S4_20240427_140000.WAV,2024-04-27,14:00:00,17280488
A10,A10_S4,A10_S4_20240427_180000.WAV,2024-04-27,18:00:00,17280488
A10,A10_S4,A10_S4_20240428_000000.WAV,2024-04-28,00:00:00,17280488
A10,A10_S4,A10_S4_20240428_040000.WAV,2024-04-28,04:00:00,17280488
A10,A10_S4,A10_S4_20240428_140000.WAV,2024-04-28,14:00:00,17280488
A10,A10_S4,A10_S4_20240428_180000.WAV,2024-04-28,18:00:00,17280488
A10,A10_S4,A10_S4_20240429_000000.WAV,2024-04-29,00:00:00,17280488
A10,A10_S4,A10_S4_20240429_040000.WAV,2024-04-29,04:00:00,17280488
A10,A10_S4,A10_S4_20240429_140000.WAV,2024-04-29,14:00:00,17280488
A10,A10_S4,A10_S4_20240429_180000.WAV,2024-04-29,18:00:00,17280488
A10,A10_S4,A10_S4_20240430_000000.WAV,2024-04-30,00:00:00,17280488
A10,A10_S4,A10_S4_20240430_040000.WAV,2024-04-30,04:00:00,17280488
A10,A10_S4,A10_S4_20240430_140000.WAV,2024-04-30,14:00:00,17280488
A10,A10_S4,A10_S4_20240430_180000.WAV,2024-04-30,18:00:00,17280488
A10,A10_S4,A10_S4_20240501_000000.WAV,2024-05-01,00:00:00,17280488
A10,A10_S4,A10_S4_20240501_040000.WAV,2024-05-01,04:00:00,17280488
A10,A10_S4,A10_S4_20240501_140000.WAV,2024-05-01,14:00:00,17280488
A10,A10_S4,A10_S4_20240501_180000.WAV,2024-05-01,18:00:00,17280488
A10,A10_S4,A10_S4_20240502_000000.WAV,2024-05-02,00:00:00,17280488
A10,A10_S4,A10_S4_20240502_040000.WAV,2024-05-02,04:00:00,17280488
A10,A10_S4,A10_S4_20240502_140000.WAV,2024-05-02,14:00:00,17280488
A10,A10_S4,A10_S4_20240502_180000.WAV,2024-05-02,18:00:00,17280488
A10,A10_S4,A10_S4_20240503_000000.WAV,2024-05-03,00:00:00,17280488
A10,A10_S4,A10_S4_20240503_040000.WAV,2024-05-03,04:00:00,17280488
A10,A10_S4,A10_S4_20240503_140000.WAV,2024-05-03,14:00:00,17280488
A10,A10_S4,A10_S4_20240503_180000.WAV,2024-05-03,18:00:00,17280488
A10,A10_S4,A10_S4_20240504_000000.WAV,2024-05-04,00:00:00,17280488
A10,A10_S4,A10_S4_20240504_040000.WAV,2024-05-04,04:00:00,17280488
A10,A10_S4,A10_S4_20240504_140000.WAV,2024-05-04,14:00:00,17280488
A10,A10_S4,A10_S4_20240504_180000.WAV,2024-05-04,18:00:00,17280488
A10,A10_S4,A10_S4_20240505_000000.WAV,2024-05-05,00:00:00,17280488
A10,A10_S4,A10_S4_20240505_040000.WAV,2024-05-05,04:00:00,17280488
A10,A10_S4,A10_S4_20240505_140000.WAV,2024-05-05,14:00:00,17280488
A10,A10_S4,A10_S4_20240505_180000.WAV,2024-05-05,18:00:00,17280488
A10,A10_S4,A10_S4_20240506_000000.WAV,2024-05-06,00:00:00,17280488
A10,A10_S4,A10_S4_20240506_040000.WAV,2024-05-06,04:00:00,17280488
A10,A10_S4,A10_S4_20240506_140000.WAV,2024-05-06,14:00:00,17280488
A10,A10_S4,A10_S4_20240506_180000.WAV,2024-05-06,18:00:00,17280488
A10,A10_S4,A10_S4_20240507_000000.WAV,2024-05-07,00:00:00,17280488
A10,A10_S4,A10_S4_20240507_040000.WAV,2024-05-07,04:00:00,17280488
A10,A10_S4,A10_S4_20240507_140000.WAV,2024-05-07,14:00:00,17280488
A10,A10_S4,A10_S4_20240507_180000.WAV,2024-05-07,18:00:00,17280488
A10,A10_S4,A10_S4_20240508_000000.WAV,2024-05-08,00:00:00,17280488
A10,A10_S4,A10_S4_20240508_040000.WAV,2024-05-08,04:00:00,17280488
A10,A10_S4,A10_S4_20240508_140000.WAV,2024-05-08,14:00:00,17280488
A10,A10_S4,A10_S4_20240508_180000.WAV,2024-05-08,18:00:00,17280488
A10,A10_S4,A10_S4_20240509_000000.WAV,2024-05-09,00:00:00,17280488
A10,A10_S4,A10_S4_20240509_040000.WAV,2024-05-09,04:00:00,17280488
A10,A10_S4,A10_S4_20240509_140000.WAV,2024-05-09,14:00:00,17280488
A10,A10_S4,A10_S4_20240509_180000.WAV,2024-05-09,18:00:00,17280488
A10,A10_S4,A10_S4_20240510_000000.WAV,2024-05-10,00:00:00,17280488
A10,A10_S4,A10_S4_20240510_040000.WAV,2024-05-10,04:00:00,17280488
A10,A10_S4,A10_S4_20240510_140000.WAV,2024-05-10,14:00:00,17280488
A10,A10_S4,A10_S4_20240510_180000.WAV,2024-05-10,18:00:00,17280488
A10,A10_S4,A10_S4_20240511_000000.WAV,2024-05-11,00:00:00,17280488
A10,A10_S4,A10_S4_20240511_040000.WAV,2024-05-11,04:00:00,17280488
A10,A10_S4,A10_S4_20240511_140000.WAV,2024-05-11,14:00:00,17280488
A10,A10_S4,A10_S4_20240511_180000.WAV,2024-05-11,18:00:00,17280488
A10,A10_S4,A10_S4_20240512_000000.WAV,2024-05-12,00:00:00,17280488
A10,A10_S4,A10_S4_20240512_040000.WAV,2024-05-12,04:00:00,17280488
A10,A10_S4,A10_S4_20240512_140000.WAV,2024-05-12,14:00:00,17280488
A10,A10_S4,A10_S4_20240512_180000.WAV,2024-05-12,18:00:00,17280488
A10,A10_S4,A10_S4_20240513_000000.WAV,2024-05-13,00:00:00,17280488
A10,A10_S4,A10_S4_20240513_040000.WAV,2024-05-13,04:00:00,17280488
A10,A10_S4,A10_S4_20240513_140000.WAV,2024-05-13,14:00:00,17280488
A10,A10_S4,A10_S4_20240513_180000.WAV,2024-05-13,18:00:00,17280488
A10,A10_S4,A10_S4_20240514_000000.WAV,2024-05-14,00:00:00,17280488
A10,A10_S4,A10_S4_20240514_040000.WAV,2024-05-14,04:00:00,17280488
A10,A10_S4,A10_S4_20240514_140000.WAV,2024-05-14,14:00:00,17280488
A10,A10_S4,A10_S4_20240514_180000.WAV,2024-05-14,18:00:00,17280488
A10,A10_S4,A10_S4_20240515_000000.WAV,2024-05-15,00:00:00,17280488
A10,A10_S4,A10_S4_20240515_040000.WAV,2024-05-15,04:00:00,17280488
A10,A10_S4,A10_S4_20240515_140000.WAV,2024-05-15,14:00:00,17280488
A10,A10_S4,A10_S4_20240515_180000.WAV,2024-05-15,18:00:00,17280488
A10,A10_S4,A10_S4_20240516_000000.WAV,2024-05-16,00:00:00,17280488
A10,A10_S4,A10_S4_20240516_040000.WAV,2024-05-16,04:00:00,17280488
A10,A10_S4,A10_S4_20240516_140000.WAV,2024-05-16,14:00:00,17280488
A10,A10_S4,A10_S4_20240516_180000.WAV,2024-05-16,18:00:00,17280488
A10,A10_S4,A10_S4_20240517_000000.WAV,2024-05-17,00:00:00,17280488
A10,A10_S4,A10_S4_20240517_040000.WAV,2024-05-17,04:00:00,17280488
A10,A10_S4,A10_S4_20240517_140000.WAV,2024-05-17,14:00:00,17280488
A10,A10_S4,A10_S4_20240517_180000.WAV,2024-05-17,18:00:00,17280488
A10,A10_S4,A10_S4_20240518_000000.WAV,2024-05-18,00:00:00,17280488
A10,A10_S4,A10_S4_20240518_040000.WAV,2024-05-18,04:00:00,17280488
A10,A10_S4,A10_S4_20240518_140000.WAV,2024-05-18,14:00:00,17280488
A10,A10_S4,A10_S4_20240518_180000.WAV,2024-05-18,18:00:00,17280488
A10,A10_S4,A10_S4_20240519_000000.WAV,2024-05-19,00:00:00,17280488
A10,A10_S4,A10_S4_20240519_040000.WAV,2024-05-19,04:00:00,17280488
A10,A10_S4,A10_S4_20240519_140000.WAV,2024-05-19,14:00:00,17280488
A10,A10_S4,A10_S4_20240519_180000.WAV,2024-05-19,18:00:00,17280488
A10,A10_S4,A10_S4_20240520_000000.WAV,2024-05-20,00:00:00,17280488
A10,A10_S4,A10_S4_20240520_040000.WAV,2024-05-20,04:00:00,17280488
A10,A10_S4,A10_S4_20240520_140000.WAV,2024-05-20,14:00:00,17280488
A10,A10_S4,A10_S4_20240520_180000.WAV,2024-05-20,18:00:00,17280488
A10,A10_S4,A10_S4_20240521_000000.WAV,2024-05-21,00:00:00,17280488
A10,A10_S4,A10_S4_20240521_040000.WAV,2024-05-21,04:00:00,17280488
A10,A10_S4,A10_S4_20240521_140000.WAV,2024-05-21,14:00:00,17280488
A10,A10_S4,A10_S4_20240521_180000.WAV,2024-05-21,18:00:00,17280488
A10,A10_S4,A10_S4_20240522_000000.WAV,2024-05-22,00:00:00,17280488
A10,A10_S4,A10_S4_20240522_040000.WAV,2024-05-22,04:00:00,17280488
A10,A10_S4,A10_S4_20240522_140000.WAV,2024-05-22,14:00:00,17280488
A10,A10_S4,A10_S4_20240522_180000.WAV,2024-05-22,18:00:00,17280488
A10,A10_S4,A10_S4_20240523_000000.WAV,2024-05-23,00:00:00,17280488
A10,A10_S4,A10_S4_20240523_040000.WAV,2024-05-23,04:00:00,17280488
A10,A10_S4,A10_S4_20240523_140000.WAV,2024-05-23,14:00:00,17280488
A10,A10_S4,A10_S4_20240523_180000.WAV,2024-05-23,18:00:00,17280488
A10,A10_S4,A10_S4_20240524_000000.WAV,2024-05-24,00:00:00,17280488
A10,A10_S4,A10_S4_20240524_040000.WAV,2024-05-24,04:00:00,17280488
A10,A10_S4,A10_S4_20240524_140000.WAV,2024-05-24,14:00:00,17280488
A10,A10_S4,A10_S4_20240524_180000.WAV,2024-05-24,18:00:00,17280488
A10,A10_S4,A10_S4_20240525_000000.WAV,2024-05-25,00:00:00,17280488
A10,A10_S4,A10_S4_20240525_040000.WAV,2024-05-25,04:00:00,17280488
A10,A10_S4,A10_S4_20240525_140000.WAV,2024-05-25,14:00:00,17280488
A10,A10_S4,A10_S4_20240525_180000.WAV,2024-05-25,18:00:00,17280488
A10,A10_S4,A10_S4_20240526_000000.WAV,2024-05-26,00:00:00,17280488
A10,A10_S4,A10_S4_20240526_040000.WAV,2024-05-26,04:00:00,17280488
A10,A10_S4,A10_S4_20240526_140000.WAV,2024-05-26,14:00:00,17280488
A10,A10_S4,A10_S4_20240526_180000.WAV,2024-05-26,18:00:00,17280488
A10,A10_S4,A10_S4_20240527_000000.WAV,2024-05-27,00:00:00,17280488
A10,A10_S4,A10_S4_20240527_040000.WAV,2024-05-27,04:00:00,17280488
A10,A10_S4,A10_S4_20240527_140000.WAV,2024-05-27,14:00:00,17280488
A10,A10_S4,A10_S4_20240527_180000.WAV,2024-05-27,18:00:00,17280488
A10,A10_S4,A10_S4_20240528_000000.WAV,2024-05-28,00:00:00,17280488
A10,A10_S4,A10_S4_20240528_040000.WAV,2024-05-28,04:00:00,17280488
A10,A10_S4,A10_S4_20240528_140000.WAV,2024-05-28,14:00:00,17280488
A10,A10_S4,A10_S4_20240528_180000.WAV,2024-05-28,18:00:00,17280488
A10,A10_S4,A10_S4_20240529_000000.WAV,2024-05-29,00:00:00,17280488
A10,A10_S4,A10_S4_20240529_040000.WAV,2024-05-29,04:00:00,17280488
A10,A10_S4,A10_S4_20240529_140000.WAV,2024-05-29,14:00:00,17280488
A10,A10_S4,A10_S4_20240529_180000.WAV,2024-05-29,18:00:00,17280488
A10,A10_S4,A10_S4_20240530_000000.WAV,2024-05-30,00:00:00,17280488
A10,A10_S4,A10_S4_20240530_040000.WAV,2024-05-30,04:00:00,17280488
A10,A10_S4,A10_S4_20240530_140000.WAV,2024-05-30,14:00:00,17280488
A10,A10_S4,A10_S4_20240530_180000.WAV,2024-05-30,18:00:00,17280488
A10,A10_S4,A10_S4_20240531_000000.WAV,2024-05-31,00:00:00,17280488
A10,A10_S4,A10_S4_20240531_040000.WAV,2024-05-31,04:00:00,17280488
A10,A10_S4,A10_S4_20240531_140000.WAV,2024-05-31,14:00:00,17280488
A10,A10_S4,A10_S4_20240531_180000.WAV,2024-05-31,18:00:00,17280488
A10,A10_S4,A10_S4_20240601_000000.WAV,2024-06-01,00:00:00,17280488
A10,A10_S4,A10_S4_20240601_040000.WAV,2024-06-01,04:00:00,17280488
A10,A10_S4,A10_S4_20240601_140000.WAV,2024-06-01,14:00:00,17280488
A10,A10_S4,A10_S4_20240601_180000.WAV,2024-06-01,18:00:00,17280488
A10,A10_S4,A10_S4_20240602_000000.WAV,2024-06-02,00:00:00,17280488
A10,A10_S4,A10_S4_20240602_040000.WAV,2024-06-02,04:00:00,17280488
A10,A10_S4,A10_S4_20240602_140000.WAV,2024-06-02,14:00:00,17280488
A10,A10_S4,A10_S4_20240602_180000.WAV,2024-06-02,18:00:00,17280488
A10,A10_S4,A10_S4_20240603_000000.WAV,2024-06-03,00:00:00,17280488
A10,A10_S4,A10_S4_20240603_040000.WAV,2024-06-03,04:00:00,17280488
A10,A10_S4,A10_S4_20240603_140000.WAV,2024-06-03,14:00:00,17280488
A10,A10_S4,A10_S4_20240603_180000.WAV,2024-06-03,18:00:00,17280488
A10,A10_S4,A10_S4_20240604_000000.WAV,2024-06-04,00:00:00,17280488
A10,A10_S4,A10_S4_20240604_040000.WAV,2024-06-04,04:00:00,17280488
A10,A10_S4,A10_S4_20240604_140000.WAV,2024-06-04,14:00:00,17280488
A10,A10_S4,A10_S4_20240604_180000.WAV,2024-06-04,18:00:00,17280488
A10,A10_S4,A10_S4_20240605_000000.WAV,2024-06-05,00:00:00,17280488
A10,A10_S4,A10_S4_20240605_040000.WAV,2024-06-05,04:00:00,17280488
A10,A10_S4,A10_S4_20240605_140000.WAV,2024-06-05,14:00:00,17280488
A10,A10_S4,A10_S4_20240605_180000.WAV,2024-06-05,18:00:00,17280488
A10,A10_S4,A10_S4_20240606_000000.WAV,2024-06-06,00:00:00,17280488
A10,A10_S4,A10_S4_20240606_040000.WAV,2024-06-06,04:00:00,17280488
A10,A10_S4,A10_S4_20240606_140000.WAV,2024-06-06,14:00:00,17280488
A10,A10_S4,A10_S4_20240606_180000.WAV,2024-06-06,18:00:00,17280488
A10,A10_S4,A10_S4_20240607_000000.WAV,2024-06-07,00:00:00,17280488
A10,A10_S4,A10_S4_20240607_040000.WAV,2024-06-07,04:00:00,17280488
A10,A10_S4,A10_S4_20240607_140000.WAV,2024-06-07,14:00:00,17280488
A10,A10_S4,A10_S4_20240607_180000.WAV,2024-06-07,18:00:00,17280488
A10,A10_S4,A10_S4_20240608_000000.WAV,2024-06-08,00:00:00,17280488
A10,A10_S4,A10_S4_20240608_040000.WAV,2024-06-08,04:00:00,17280488
A10,A10_S4,A10_S4_20240608_140000.WAV,2024-06-08,14:00:00,17280488
A10,A10_S4,A10_S4_20240608_180000.WAV,2024-06-08,18:00:00,17280488
A10,A10_S4,A10_S4_20240609_000000.WAV,2024-06-09,00:00:00,17280488
A10,A10_S4,A10_S4_20240609_040000.WAV,2024-06-09,04:00:00,17280488
A10,A10_S4,A10_S4_20240609_140000.WAV,2024-06-09,14:00:00,17280488
A10,A10_S4,A10_S4_20240609_180000.WAV,2024-06-09,18:00:00,17280488
A10,A10_S4,A10_S4_20240610_000000.WAV,2024-06-10,00:00:00,17280488
A10,A10_S4,A10_S4_20240610_040000.WAV,2024-06-10,04:00:00,17280488
A10,A10_S4,A10_S4_20240610_140000.WAV,2024-06-10,14:00:00,17280488
A10,A10_S4,A10_S4_20240610_180000.WAV,2024-06-10,18:00:00,17280488
A10,A10_S4,A10_S4_20240611_000000.WAV,2024-06-11,00:00:00,17280488
A10,A10_S4,A10_S4_20240611_040000.WAV,2024-06-11,04:00:00,17280488
A10,A10_S4,A10_S4_20240611_140000.WAV,2024-06-11,14:00:00,17280488
A10,A10_S4,A10_S4_20240611_180000.WAV,2024-06-11,18:00:00,17280488
A10,A10_S4,A10_S4_20240612_000000.WAV,2024-06-12,00:00:00,17280488
A10,A10_S4,A10_S4_20240612_040000.WAV,2024-06-12,04:00:00,17280488
A10,A10_S4,A10_S4_20240612_140000.WAV,2024-06-12,14:00:00,17280488
A10,A10_S4,A10_S4_20240612_180000.WAV,2024-06-12,18:00:00,17280488
A10,A10_S4,A10_S4_20240613_000000.WAV,2024-06-13,00:00:00,17280488
A10,A10_S4,A10_S4_20240613_040000.WAV,2024-06-13,04:00:00,17280488
A10,A10_S4,A10_S4_20240613_140000.WAV,2024-06-13,14:00:00,17280488
A10,A10_S4,A10_S4_20240613_180000.WAV,2024-06-13,18:00:00,17280488
A10,A10_S4,A10_S4_20240614_000000.WAV,2024-06-14,00:00:00,17280488
A10,A10_S4,A10_S4_20240614_040000.WAV,2024-06-14,04:00:00,17280488
A10,A10_S4,A10_S4_20240614_140000.WAV,2024-06-14,14:00:00,17280488
A10,A10_S4,A10_S4_20240614_180000.WAV,2024-06-14,18:00:00,17280488
A10,A10_S4,A10_S4_20240615_000000.WAV,2024-06-15,00:00:00,17280488
A10,A10_S4,A10_S4_20240615_040000.WAV,2024-06-15,04:00:00,17280488
A10,A10_S4,A10_S4_20240615_140000.WAV,2024-06-15,14:00:00,17280488
A10,A10_S4,A10_S4_20240615_180000.WAV,2024-06-15,18:00:00,17280488
A10,A10_S4,A10_S4_20240616_000000.WAV,2024-06-16,00:00:00,17280488
A10,A10_S4,A10_S4_20240616_040000.WAV,2024-06-16,04:00:00,17280488
A10,A10_S4,A10_S4_20240616_140000.WAV,2024-06-16,14:00:00,17280488
A10,A10_S4,A10_S4_20240616_180000.WAV,2024-06-16,18:00:00,17280488
A10,A10_S4,A10_S4_20240617_000000.WAV,2024-06-17,00:00:00,17280488
A10,A10_S4,A10_S4_20240617_040000.WAV,2024-06-17,04:00:00,17280488
A10,A10_S4,A10_S4_20240617_140000.WAV,2024-06-17,14:00:00,17280488
A10,A10_S4,A10_S4_20240617_180000.WAV,2024-06-17,18:00:00,17280488
A10,A10_S4,A10_S4_20240618_000000.WAV,2024-06-18,00:00:00,17280488
A10,A10_S4,A10_S4_20240618_040000.WAV,2024-06-18,04:00:00,17280488
A10,A10_S4,A10_S4_20240618_140000.WAV,2024-06-18,14:00:00,17280488
A10,A10_S4,A10_S4_20240618_180000.WAV,2024-06-18,18:00:00,17280488
A10,A10_S4,A10_S4_20240619_000000.WAV,2024-06-19,00:00:00,17280488
A10,A10_S4,A10_S4_20240619_040000.WAV,2024-06-19,04:00:00,17280488
A10,A10_S4,A10_S4_20240619_140000.WAV,2024-06-19,14:00:00,17280488
A10,A10_S4,A10_S4_20240619_180000.WAV,2024-06-19,18:00:00,17280488
A10,A10_S4,A10_S4_20240620_000000.WAV,2024-06-20,00:00:00,17280488
A10,A10_S4,A10_S4_20240620_040000.WAV,2024-06-20,04:00:00,17280488
A10,A10_S4,A10_S4_20240620_140000.WAV,2024-06-20,14:00:00,17280488
A10,A10_S4,A10_S4_20240620_180000.WAV,2024-06-20,18:00:00,17280488
A10,A10_S4,A10_S4_20240621_000000.WAV,2024-06-21,00:00:00,17280488
A10,A10_S4,A10_S4_20240621_040000.WAV,2024-06-21,04:00:00,17280488
A10,A10_S4,A10_S4_20240621_140000.WAV,2024-06-21,14:00:00,17280488
A10,A10_S4,A10_S4_20240621_180000.WAV,2024-06-21,18:00:00,17280488
A10,A10_S4,A10_S4_20240622_000000.WAV,2024-06-22,00:00:00,17280488
A10,A10_S4,A10_S4_20240622_040000.WAV,2024-06-22,04:00:00,17280488
A10,A10_S4,A10_S4_20240622_140000.WAV,2024-06-22,14:00:00,17280488
A10,A10_S4,A10_S4_20240622_180000.WAV,2024-06-22,18:00:00,17280488
A10,A10_S4,A10_S4_20240623_000000.WAV,2024-06-23,00:00:00,17280488
A10,A10_S4,A10_S4_20240623_040000.WAV,2024-06-23,04:00:00,17280488
A10,A10_S4,A10_S4_20240623_140000.WAV,2024-06-23,14:00:00,17280488
A10,A10_S4,A10_S4_20240623_180000.WAV,2024-06-23,18:00:00,17280488
A10,A10_S4,A10_S4_20240624_000000.WAV,2024-06-24,00:00:00,17280488
A10,A10_S4,A10_S4_20240624_040000.WAV,2024-06-24,04:00:00,17280488
A10,A10_S4,A10_S4_20240624_140000.WAV,2024-06-24,14:00:00,17280488
A10,A10_S4,A10_S4_20240624_180000.WAV,2024-06-24,18:00:00,17280488
A10,A10_S4,A10_S4_20240625_000000.WAV,2024-06-25,00:00:00,17280488
A10,A10_S4,A10_S4_20240625_040000.WAV,2024-06-25,04:00:00,17280488
A10,A10_S4,A10_S4_20240625_140000.WAV,2024-06-25,14:00:00,17280488
A10,A10_S4,A10_S4_20240625_180000.WAV,2024-06-25,18:00:00,17280488
A10,A10_S4,A10_S4_20240626_000000.WAV,2024-06-26,00:00:00,17280488
A10,A10_S4,A10_S4_20240626_040000.WAV,2024-06-26,04:00:00,17280488
A10,A10_S4,A10_S4_20240626_140000.WAV,2024-06-26,14:00:00,17280488
A10,A10_S4,A10_S4_20240626_180000.WAV,2024-06-26,18:00:00,17280488
A10,A10_S4,A10_S4_20240627_000000.WAV,2024-06-27,00:00:00,17280488
A10,A10_S4,A10_S4_20240627_040000.WAV,2024-06-27,04:00:00,17280488
A10,A10_S4,A10_S4_20240627_140000.WAV,2024-06-27,14:00:00,17280488
A10,A10_S4,A10_S4_20240627_180000.WAV,2024-06-27,18:00:00,17280488
A10,A10_S4,A10_S4_20240628_000000.WAV,2024-06-28,00:00:00,17280488
A10,A10_S4,A10_S4_20240628_040000.WAV,2024-06-28,04:00:00,17280488
A10,A10_S4,A10_S4_20240628_140000.WAV,2024-06-28,14:00:00,17280488
A10,A10_S4,A10_S4_20240628_180000.WAV,2024-06-28,18:00:00,17280488
A10,A10_S4,A10_S4_20240629_000000.WAV,2024-06-29,00:00:00,17280488
A10,A10_S4,A10_S4_20240629_040000.WAV,2024-06-29,04:00:00,17280488
A10,A10_S4,A10_S4_20240629_140000.WAV,2024-06-29,14:00:00,17280488
A10,A10_S4,A10_S4_20240629_180000.WAV,2024-06-29,18:00:00,17280488
A10,A10_S4,A10_S4_20240630_000000.WAV,2024-06-30,00:00:00,17280488
A10,A10_S4,A10_S4_20240630_040000.WAV,2024-06-30,04:00:00,17280488
A10,A10_S4,A10_S4_20240630_140000.WAV,2024-06-30,14:00:00,17280488
A10,A10_S4,A10_S4_20240630_180000.WAV,2024-06-30,18:00:00,17280488
A10,A10_S4,A10_S4_20240701_000000.WAV,2024-07-01,00:00:00,17280488
A10,A10_S4,A10_S4_20240701_040000.WAV,2024-07-01,04:00:00,17280488
A10,A10_S4,A10_S4_20240701_140000.WAV,2024-07-01,14:00:00,17280488
A10,A10_S4,A10_S4_20240701_180000.WAV,2024-07-01,18:00:00,17280488
A10,A10_S4,A10_S4_20240702_000000.WAV,2024-07-02,00:00:00,17280488
A10,A10_S4,A10_S4_20240702_040000.WAV,2024-07-02,04:00:00,17280488
A10,A10_S4,A10_S4_20240702_140000.WAV,2024-07-02,14:00:00,17280488
A10,A10_S4,A10_S4_20240702_180000.WAV,2024-07-02,18:00:00,17280488
A10,A10_S4,A10_S4_20240703_000000.WAV,2024-07-03,00:00:00,17280488
A10,A10_S4,A10_S4_20240703_040000.WAV,2024-07-03,04:00:00,17280488
A10,A10_S4,A10_S4_20240703_140000.WAV,2024-07-03,14:00:00,17280488
A10,A10_S4,A10_S4_20240703_180000.WAV,2024-07-03,18:00:00,17280488
A10,A10_S4,A10_S4_20240704_000000.WAV,2024-07-04,00:00:00,17280488
A10,A10_S4,A10_S4_20240704_040000.WAV,2024-07-04,04:00:00,17280488
A10,A10_S4,A10_S4_20240704_140000.WAV,2024-07-04,14:00:00,17280488
A10,A10_S4,A10_S4_20240704_180000.WAV,2024-07-04,18:00:00,17280488
A10,A10_S4,A10_S4_20240705_000000.WAV,2024-07-05,00:00:00,17280488
A10,A10_S4,A10_S4_20240705_040000.WAV,2024-07-05,04:00:00,17280488
A10,A10_S4,A10_S4_20240705_140000.WAV,2024-07-05,14:00:00,17280488
A10,A10_S4,A10_S4_20240705_180000.WAV,2024-07-05,18:00:00,17280488
A10,A10_S4,A10_S4_20240706_000000.WAV,2024-07-06,00:00:00,17280488
A10,A10_S4,A10_S4_20240706_040000.WAV,2024-07-06,04:00:00,17280488
A10,A10_S4,A10_S4_20240706_140000.WAV,2024-07-06,14:00:00,17280488
A10,A10_S4,A10_S4_20240706_180000.WAV,2024-07-06,18:00:00,17280488
A10,A10_S4,A10_S4_20240707_000000.WAV,2024-07-07,00:00:00,17280488
A10,A10_S4,A10_S4_20240707_040000.WAV,2024-07-07,04:00:00,17280488
A10,A10_S4,A10_S4_20240707_140000.WAV,2024-07-07,14:00:00,17280488
A10,A10_S4,A10_S4_20240707_180000.WAV,2024-07-07,18:00:00,17280488
A10,A10_S4,A10_S4_20240708_000000.WAV,2024-07-08,00:00:00,17280488
A10,A10_S4,A10_S4_20240708_040000.WAV,2024-07-08,04:00:00,17280488
A10,A10_S4,A10_S4_20240708_140000.WAV,2024-07-08,14:00:00,17280488
A10,A10_S4,A10_S4_20240708_180000.WAV,2024-07-08,18:00:00,17280488
A10,A10_S4,A10_S4_20240709_000000.WAV,2024-07-09,00:00:00,17280488
A10,A10_S4,A10_S4_20240709_040000.WAV,2024-07-09,04:00:00,17280488
A10,A10_S4,A10_S4_20240709_140000.WAV,2024-07-09,14:00:00,17280488
A10,A10_S4,A10_S4_20240709_180000.WAV,2024-07-09,18:00:00,17280488
A10,A10_S4,A10_S4_20240710_000000.WAV,2024-07-10,00:00:00,17280488
A10,A10_S4,A10_S4_20240710_040000.WAV,2024-07-10,04:00:00,17280488
A10,A10_S4,A10_S4_20240710_140000.WAV,2024-07-10,14:00:00,17280488
A10,A10_S4,A10_S4_20240710_180000.WAV,2024-07-10,18:00:00,17280488
A10,A10_S4,A10_S4_20240711_000000.WAV,2024-07-11,00:00:00,17280488
A10,A10_S4,A10_S4_20240711_040000.WAV,2024-07-11,04:00:00,17280488
A10,A10_S4,A10_S4_20240711_140000.WAV,2024-07-11,14:00:00,17280488
A10,A10_S4,A10_S4_20240711_180000.WAV,2024-07-11,18:00:00,17280488
A10,A10_S4,A10_S4_20240712_000000.WAV,2024-07-12,00:00:00,17280488
A10,A10_S4,A10_S4_20240712_040000.WAV,2024-07-12,04:00:00,17280488
A10,A10_S4,A10_S4_20240712_140000.WAV,2024-07-12,14:00:00,17280488
A10,A10_S4,A10_S4_20240712_180000.WAV,2024-07-12,18:00:00,17280488
A10,A10_S4,A10_S4_20240713_000000.WAV,2024-07-13,00:00:00,17280488
A10,A10_S4,A10_S4_20240713_040000.WAV,2024-07-13,04:00:00,17280488
A10,A10_S4,A10_S4_20240713_140000.WAV,2024-07-13,14:00:00,17280488
A10,A10_S4,A10_S4_20240713_180000.WAV,2024-07-13,18:00:00,17280488
A10,A10_S4,A10_S4_20240714_000000.WAV,2024-07-14,00:00:00,17280488
A10,A10_S4,A10_S4_20240714_040000.WAV,2024-07-14,04:00:00,17280488
A10,A10_S4,A10_S4_20240714_140000.WAV,2024-07-14,14:00:00,17280488
A10,A10_S4,A10_S4_20240714_180000.WAV,2024-07-14,18:00:00,17280488
A10,A10_S4,A10_S4_20240715_000000.WAV,2024-07-15,00:00:00,17280488
A10,A10_S4,A10_S4_20240715_040000.WAV,2024-07-15,04:00:00,17280488
A10,A10_S4,A10_S4_20240715_140000.WAV,2024-07-15,14:00:00,17280488
A10,A10_S4,A10_S4_20240715_180000.WAV,2024-07-15,18:00:00,17280488
A10,A10_S4,A10_S4_20240716_000000.WAV,2024-07-16,00:00:00,17280488
A10,A10_S4,A10_S4_20240716_040000.WAV,2024-07-16,04:00:00,17280488
A10,A10_S4,A10_S4_20240716_140000.WAV,2024-07-16,14:00:00,17280488
A10,A10_S4,A10_S4_20240716_180000.WAV,2024-07-16,18:00:00,17280488
A10,A10_S4,A10_S4_20240717_000000.WAV,2024-07-17,00:00:00,17280488
A10,A10_S4,A10_S4_20240717_040000.WAV,2024-07-17,04:00:00,17280488
A10,A10_S4,A10_S4_20240717_140000.WAV,2024-07-17,14:00:00,17280488
A10,A10_S4,A10_S4_20240717_180000.WAV,2024-07-17,18:00:00,17280488
A10,A10_S4,A10_S4_20240718_000000.WAV,2024-07-18,00:00:00,17280488
A10,A10_S4,A10_S4_20240718_040000.WAV,2024-07-18,04:00:00,17280488
A10,A10_S4,A10_S4_20240718_140000.WAV,2024-07-18,14:00:00,17280488
A10,A10_S4,A10_S4_20240718_180000.WAV,2024-07-18,18:00:00,17280488
A10,A10_S4,A10_S4_20240719_000000.WAV,2024-07-19,00:00:00,17280488
A10,A10_S4,A10_S4_20240719_040000.WAV,2024-07-19,04:00:00,17280488
A10,A10_S4,A10_S4_20240719_140000.WAV,2024-07-19,14:00:00,17280488
A10,A10_S4,A10_S4_20240719_180000.WAV,2024-07-19,18:00:00,17280488
A10,A10_S4,A10_S4_20240720_000000.WAV,2024-07-20,00:00:00,17280488
A10,A10_S4,A10_S4_20240720_040000.WAV,2024-07-20,04:00:00,17280488
A10,A10_S4,A10_S4_20240720_140000.WAV,2024-07-20,14:00:00,17280488
A10,A10_S4,A10_S4_20240720_180000.WAV,2024-07-20,18:00:00,17280488
A10,A10_S4,A10_S4_20240721_000000.WAV,2024-07-21,00:00:00,17280488
A10,A10_S4,A10_S4_20240721_040000.WAV,2024-07-21,04:00:00,17280488
A10,A10_S4,A10_S4_20240721_140000.WAV,2024-07-21,14:00:00,17280488
A10,A10_S4,A10_S4_20240721_180000.WAV,2024-07-21,18:00:00,17280488
A10,A10_S4,A10_S4_20240722_000000.WAV,2024-07-22,00:00:00,17280488
A10,A10_S4,A10_S4_20240722_040000.WAV,2024-07-22,04:00:00,17280488
A10,A10_S4,A10_S4_20240722_140000.WAV,2024-07-22,14:00:00,17280488
A10,A10_S4,A10_S4_20240722_180000.WAV,2024-07-22,18:00:00,17280488
A10,A10_S4,A10_S4_20240723_000000.WAV,2024-07-23,00:00:00,17280488
A10,A10_S4,A10_S4_20240723_040000.WAV,2024-07-23,04:00:00,17280488
A10,A10_S4,A10_S4_20240723_140000.WAV,2024-07-23,14:00:00,17280488
A10,A10_S4,A10_S4_20240723_180000.WAV,2024-07-23,18:00:00,17280488
A10,A10_S4,A10_S4_20240724_000000.WAV,2024-07-24,00:00:00,17280488
A10,A10_S4,A10_S4_20240724_040000.WAV,2024-07-24,04:00:00,17280488
A10,A10_S4,A10_S4_20240724_140000.WAV,2024-07-24,14:00:00,17280488
A10,A10_S4,A10_S4_20240724_180000.WAV,2024-07-24,18:00:00,17280488
A10,A10_S4,A10_S4_20240725_000000.WAV,2024-07-25,00:00:00,17280488
A10,A10_S4,A10_S4_20240725_040000.WAV,2024-07-25,04:00:00,17280488
A10,A10_S4,A10_S4_20240725_140000.WAV,2024-07-25,14:00:00,17280488
A10,A10_S4,A10_S4_20240725_180000.WAV,2024-07-25,18:00:00,17280488
A10,A10_S4,A10_S4_20240726_000000.WAV,2024-07-26,00:00:00,17280488
A10,A10_S4,A10_S4_20240726_040000.WAV,2024-07-26,04:00:00,17280488
A10,A10_S4,A10_S4_20240726_140000.WAV,2024-07-26,14:00:00,17280488
A10,A10_S4,A10_S4_20240726_180000.WAV,2024-07-26,18:00:00,17280488
A10,A10_S4,A10_S4_20240727_000000.WAV,2024-07-27,00:00:00,17280488
A10,A10_S4,A10_S4_20240727_040000.WAV,2024-07-27,04:00:00,17280488
A10,A10_S4,A10_S4_20240727_140000.WAV,2024-07-27,14:00:00,17280488
A10,A10_S4,A10_S4_20240727_180000.WAV,2024-07-27,18:00:00,17280488
A10,A10_S4,A10_S4_20240728_000000.WAV,2024-07-28,00:00:00,17280488
A10,A10_S4,A10_S4_20240728_040000.WAV,2024-07-28,04:00:00,17280488
A10,A10_S4,A10_S4_20240728_140000.WAV,2024-07-28,14:00:00,17280488
A10,A10_S4,A10_S4_20240728_180000.WAV,2024-07-28,18:00:00,17280488
A10,A10_S4,A10_S4_20240729_000000.WAV,2024-07-29,00:00:00,17280488
A10,A10_S4,A10_S4_20240729_040000.WAV,2024-07-29,04:00:00,17280488
A10,A10_S4,A10_S4_20240729_140000.WAV,2024-07-29,14:00:00,17280488
A10,A10_S4,A10_S4_20240729_180000.WAV,2024-07-29,18:00:00,17280488
A10,A10_S4,A10_S4_20240730_000000.WAV,2024-07-30,00:00:00,17280488
A10,A10_S4,A10_S4_20240730_040000.WAV,2024-07-30,04:00:00,17280488
A10,A10_S4,A10_S4_20240730_140000.WAV,2024-07-30,14:00:00,17280488
A10,A10_S4,A10_S4_20240730_180000.WAV,2024-07-30,18:00:00,17280488
A10,A10_S4,A10_S4_20240731_000000.WAV,2024-07-31,00:00:00,17280488
A10,A10_S4,A10_S4_20240731_040000.WAV,2024-07-31,04:00:00,17280488
A10,A10_S4,A10_S4_20240731_140000.WAV,2024-07-31,14:00:00,17280488
A10,A10_S4,A10_S4_20240731_180000.WAV,2024-07-31,18:00:00,17280488
A10,A10_S4,A10_S4_20240801_000000.WAV,2024-08-01,00:00:00,17280488
A10,A10_S4,A10_S4_20240801_040000.WAV,2024-08-01,04:00:00,17280488
A10,A10_S4,A10_S4_20240801_140000.WAV,2024-08-01,14:00:00,17280488
A10,A10_S4,A10_S4_20240801_180000.WAV,2024-08-01,18:00:00,17280488
A10,A10_S4,A10_S4_20240802_000000.WAV,2024-08-02,00:00:00,17280488
A10,A10_S4,A10_S4_20240802_040000.WAV,2024-08-02,04:00:00,17280488
A10,A10_S4,A10_S4_20240802_140000.WAV,2024-08-02,14:00:00,17280488
A10,A10_S4,A10_S4_20240802_180000.WAV,2024-08-02,18:00:00,17280488
A10,A10_S4,A10_S4_20240803_000000.WAV,2024-08-03,00:00:00,17280488
A10,A10_S4,A10_S4_20240803_040000.WAV,2024-08-03,04:00:00,17280488
A10,A10_S4,A10_S4_20240803_140000.WAV,2024-08-03,14:00:00,17280488
A10,A10_S4,A10_S4_20240803_180000.WAV,2024-08-03,18:00:00,17280488
A10,A10_S4,A10_S4_20240804_000000.WAV,2024-08-04,00:00:00,17280488
A10,A10_S4,A10_S4_20240804_040000.WAV,2024-08-04,04:00:00,17280488
A10,A10_S4,A10_S4_20240804_140000.WAV,2024-08-04,14:00:00,17280488
A10,A10_S4,A10_S4_20240804_180000.WAV,2024-08-04,18:00:00,17280488
A10,A10_S4,A10_S4_20240805_000000.WAV,2024-08-05,00:00:00,17280488
A10,A10_S4,A10_S4_20240805_040000.WAV,2024-08-05,04:00:00,17280488
A10,A10_S4,A10_S4_20240805_140000.WAV,2024-08-05,14:00:00,17280488
A10,A10_S4,A10_S4_20240805_180000.WAV,2024-08-05,18:00:00,17280488
A10,A10_S4,A10_S4_20240806_000000.WAV,2024-08-06,00:00:00,17280488
A10,A10_S4,A10_S4_20240806_040000.WAV,2024-08-06,04:00:00,17280488
A10,A10_S4,A10_S4_20240806_140000.WAV,2024-08-06,14:00:00,17280488
A10,A10_S4,A10_S4_20240806_180000.WAV,2024-08-06,18:00:00,17280488
A10,A10_S4,A10_S4_20240807_000000.WAV,2024-08-07,00:00:00,17280488
A10,A10_S4,A10_S4_20240807_040000.WAV,2024-08-07,04:00:00,17280488
A10,A10_S4,A10_S4_20240807_140000.WAV,2024-08-07,14:00:00,17280488
A10,A10_S4,A10_S4_20240807_180000.WAV,2024-08-07,18:00:00,17280488
A10,A10_S4,A10_S4_20240808_000000.WAV,2024-08-08,00:00:00,17280488
A10,A10_S4,A10_S4_20240808_040000.WAV,2024-08-08,04:00:00,17280488
A10,A10_S4,A10_S4_20240808_140000.WAV,2024-08-08,14:00:00,17280488
A10,A10_S4,A10_S4_20240808_180000.WAV,2024-08-08,18:00:00,17280488
A10,A10_S4,A10_S4_20240809_000000.WAV,2024-08-09,00:00:00,17280488
A10,A10_S4,A10_S4_20240809_040000.WAV,2024-08-09,04:00:00,17280488
A10,A10_S4,A10_S4_20240809_140000.WAV,2024-08-09,14:00:00,17280488
A10,A10_S4,A10_S4_20240809_180000.WAV,2024-08-09,18:00:00,17280488
A10,A10_S4,A10_S4_20240810_000000.WAV,2024-08-10,00:00:00,17280488
A10,A10_S4,A10_S4_20240810_040000.WAV,2024-08-10,04:00:00,17280488
A10,A10_S4,A10_S4_20240810_140000.WAV,2024-08-10,14:00:00,17280488
A10,A10_S4,A10_S4_20240810_180000.WAV,2024-08-10,18:00:00,17280488
A10,A10_S4,A10_S4_20240811_000000.WAV,2024-08-11,00:00:00,17280488
A10,A10_S4,A10_S4_20240811_040000.WAV,2024-08-11,04:00:00,17280488
A10,A10_S4,A10_S4_20240811_140000.WAV,2024-08-11,14:00:00,17280488
A10,A10_S4,A10_S4_20240811_180000.WAV,2024-08-11,18:00:00,17280488
A10,A10_S4,A10_S4_20240812_000000.WAV,2024-08-12,00:00:00,17280488
A10,A10_S4,A10_S4_20240812_040000.WAV,2024-08-12,04:00:00,17280488
A10,A10_S4,A10_S4_20240812_140000.WAV,2024-08-12,14:00:00,17280488
A10,A10_S4,A10_S4_20240812_180000.WAV,2024-08-12,18:00:00,17280488
A10,A10_S4,A10_S4_20240813_000000.WAV,2024-08-13,00:00:00,17280488
A10,A10_S4,A10_S4_20240813_040000.WAV,2024-08-13,04:00:00,17280488
A10,A10_S4,A10_S4_20240813_140000.WAV,2024-08-13,14:00:00,17280488
A10,A10_S4,A10_S4_20240813_180000.WAV,2024-08-13,18:00:00,17280488
A10,A10_S4,A10_S4_20240814_000000.WAV,2024-08-14,00:00:00,17280488
A10,A10_S4,A10_S4_20240814_040000.WAV,2024-08-14,04:00:00,17280488
A10,A10_S4,A10_S4_20240814_140000.WAV,2024-08-14,14:00:00,17280488
A10,A10_S4,A10_S4_20240814_180000.WAV,2024-08-14,18:00:00,17280488
A10,A10_S4,A10_S4_20240815_000000.WAV,2024-08-15,00:00:00,17280488
A10,A10_S4,A10_S4_20240815_040000.WAV,2024-08-15,04:00:00,17280488
A10,A10_S4,A10_S4_20240815_140000.WAV,2024-08-15,14:00:00,17280488
A10,A10_S4,A10_S4_20240815_180000.WAV,2024-08-15,18:00:00,17280488
A10,A10_S4,A10_S4_20240816_000000.WAV,2024-08-16,00:00:00,17280488
A10,A10_S4,A10_S4_20240816_040000.WAV,2024-08-16,04:00:00,17280488
A10,A10_S4,A10_S4_20240816_140000.WAV,2024-08-16,14:00:00,17280488
A10,A10_S4,A10_S4_20240816_180000.WAV,2024-08-16,18:00:00,17280488
A10,A10_S4,A10_S4_20240817_000000.WAV,2024-08-17,00:00:00,17280488
A10,A10_S4,A10_S4_20240817_040000.WAV,2024-08-17,04:00:00,17280488
A10,A10_S4,A10_S4_20240817_140000.WAV,2024-08-17,14:00:00,17280488
A10,A10_S4,A10_S4_20240817_180000.WAV,2024-08-17,18:00:00,17280488
A10,A10_S4,A10_S4_20240818_000000.WAV,2024-08-18,00:00:00,17280488
A10,A10_S4,A10_S4_20240818_040000.WAV,2024-08-18,04:00:00,17280488
A10,A10_S4,A10_S4_20240818_140000.WAV,2024-08-18,14:00:00,17280488
A10,A10_S4,A10_S4_20240818_180000.WAV,2024-08-18,18:00:00,17280488
A10,A10_S4,A10_S4_20240819_000000.WAV,2024-08-19,00:00:00,17280488
A10,A10_S4,A10_S4_20240819_040000.WAV,2024-08-19,04:00:00,17280488
A10,A10_S4,A10_S4_20240819_140000.WAV,2024-08-19,14:00:00,17280488
A10,A10_S4,A10_S4_20240819_180000.WAV,2024-08-19,18:00:00,17280488
A10,A10_S4,A10_S4_20240820_000000.WAV,2024-08-20,00:00:00,17280488
A10,A10_S4,A10_S4_20240820_040000.WAV,2024-08-20,04:00:00,17280488
A10,A10_S4,A10_S4_20240820_140000.WAV,2024-08-20,14:00:00,17280488
A10,A10_S4,A10_S4_20240820_180000.WAV,2024-08-20,18:00:00,17280488
A10,A10_S4,A10_S4_20240821_000000.WAV,2024-08-21,00:00:00,17280488
A10,A10_S4,A10_S4_20240821_040000.WAV,2024-08-21,04:00:00,17280488
A10,A10_S4,A10_S4_20240821_140000.WAV,2024-08-21,14:00:00,17280488
A10,A10_S4,A10_S4_20240821_180000.WAV,2024-08-21,18:00:00,17280488
A10,A10_S4,A10_S4_20240822_000000.WAV,2024-08-22,00:00:00,17280488
A10,A10_S4,A10_S4_20240822_040000.WAV,2024-08-22,04:00:00,17280488
A30,A30,A30_20240325_180000.WAV,2024-03-25,18:00:00,17280488
A30,A30,A30_20240326_000000.WAV,2024-03-26,00:00:00,17280488
A30,A30,A30_20240326_040000.WAV,2024-03-26,04:00:00,17280488
A30,A30,A30_20240326_140000.WAV,2024-03-26,14:00:00,17280488
A30,A30,A30_20240326_180000.WAV,2024-03-26,18:00:00,17280488
A30,A30,A30_20240327_000000.WAV,2024-03-27,00:00:00,17280488
A30,A30,A30_20240327_040000.WAV,2024-03-27,04:00:00,17280488
A30,A30,A30_20240327_140000.WAV,2024-03-27,14:00:00,17280488
A30,A30,A30_20240327_180000.WAV,2024-03-27,18:00:00,17280488
A30,A30,A30_20240328_000000.WAV,2024-03-28,00:00:00,17280488
A30,A30,A30_20240328_040000.WAV,2024-03-28,04:00:00,17280488
A30,A30,A30_20240328_140000.WAV,2024-03-28,14:00:00,17280488
A30,A30,A30_20240328_180000.WAV,2024-03-28,18:00:00,17280488
A30,A30,A30_20240329_000000.WAV,2024-03-29,00:00:00,17280488
A30,A30,A30_20240329_040000.WAV,2024-03-29,04:00:00,17280488
A30,A30,A30_20240329_140000.WAV,2024-03-29,14:00:00,17280488
A30,A30,A30_20240329_180000.WAV,2024-03-29,18:00:00,17280488
A30,A30,A30_20240330_000000.WAV,2024-03-30,00:00:00,17280488
A30,A30,A30_20240330_040000.WAV,2024-03-30,04:00:00,17280488
A30,A30,A30_20240330_140000.WAV,2024-03-30,14:00:00,17280488
A30,A30,A30_20240330_180000.WAV,2024-03-30,18:00:00,17280488
A30,A30,A30_20240331_000000.WAV,2024-03-31,00:00:00,17280488
A30,A30,A30_20240331_040000.WAV,2024-03-31,04:00:00,17280488
A30,A30,A30_20240331_140000.WAV,2024-03-31,14:00:00,17280488
A30,A30,A30_20240331_180000.WAV,2024-03-31,18:00:00,17280488
A30,A30,A30_20240401_000000.WAV,2024-04-01,00:00:00,17280488
A30,A30,A30_20240401_040000.WAV,2024-04-01,04:00:00,17280488
A30,A30,A30_20240401_140000.WAV,2024-04-01,14:00:00,17280488
A30,A30,A30_20240401_180000.WAV,2024-04-01,18:00:00,17280488
A30,A30,A30_20240402_000000.WAV,2024-04-02,00:00:00,17280488
A30,A30,A30_20240402_040000.WAV,2024-04-02,04:00:00,17280488
A30,A30,A30_20240402_140000.WAV,2024-04-02,14:00:00,17280488
A30,A30,A30_20240402_180000.WAV,2024-04-02,18:00:00,17280488
A30,A30,A30_20240403_000000.WAV,2024-04-03,00:00:00,17280488
A30,A30,A30_20240403_040000.WAV,2024-04-03,04:00:00,17280488
A30,A30,A30_20240403_140000.WAV,2024-04-03,14:00:00,17280488
A30,A30,A30_20240403_180000.WAV,2024-04-03,18:00:00,17280488
A30,A30,A30_20240404_000000.WAV,2024-04-04,00:00:00,17280488
A30,A30,A30_20240404_040000.WAV,2024-04-04,04:00:00,17280488
A30,A30,A30_20240404_140000.WAV,2024-04-04,14:00:00,17280488
A30,A30,A30_20240404_180000.WAV,2024-04-04,18:00:00,17280488
A30,A30,A30_20240405_000000.WAV,2024-04-05,00:00:00,17280488
A30,A30,A30_20240405_040000.WAV,2024-04-05,04:00:00,17280488
A30,A30,A30_20240405_140000.WAV,2024-04-05,14:00:00,17280488
A30,A30,A30_20240405_180000.WAV,2024-04-05,18:00:00,17280488
A30,A30,A30_20240406_000000.WAV,2024-04-06,00:00:00,17280488
A30,A30,A30_20240406_040000.WAV,2024-04-06,04:00:00,17280488
A30,A30,A30_20240406_140000.WAV,2024-04-06,14:00:00,17280488
A30,A30,A30_20240406_180000.WAV,2024-04-06,18:00:00,17280488
A30,A30,A30_20240407_000000.WAV,2024-04-07,00:00:00,17280488
A30,A30,A30_20240407_040000.WAV,2024-04-07,04:00:00,17280488
A30,A30,A30_20240407_140000.WAV,2024-04-07,14:00:00,17280488
A30,A30,A30_20240407_180000.WAV,2024-04-07,18:00:00,17280488
A30,A30,A30_20240408_000000.WAV,2024-04-08,00:00:00,17280488
A30,A30,A30_20240408_040000.WAV,2024-04-08,04:00:00,17280488
A30,A30,A30_20240408_140000.WAV,2024-04-08,14:00:00,17280488
A30,A30,A30_20240408_180000.WAV,2024-04-08,18:00:00,17280488
A30,A30,A30_20240409_000000.WAV,2024-04-09,00:00:00,17280488
A30,A30,A30_20240409_040000.WAV,2024-04-09,04:00:00,17280488
A30,A30,A30_20240409_140000.WAV,2024-04-09,14:00:00,17280488
A30,A30,A30_20240409_180000.WAV,2024-04-09,18:00:00,17280488
A30,A30,A30_20240410_000000.WAV,2024-04-10,00:00:00,17280488
A30,A30,A30_20240410_040000.WAV,2024-04-10,04:00:00,17280488
A30,A30,A30_20240410_140000.WAV,2024-04-10,14:00:00,17280488
A30,A30,A30_20240410_180000.WAV,2024-04-10,18:00:00,17280488
A30,A30,A30_20240411_000000.WAV,2024-04-11,00:00:00,17280488
A30,A30,A30_20240411_040000.WAV,2024-04-11,04:00:00,17280488
A30,A30,A30_20240411_140000.WAV,2024-04-11,14:00:00,17280488
A30,A30,A30_20240411_180000.WAV,2024-04-11,18:00:00,17280488
A30,A30,A30_20240412_000000.WAV,2024-04-12,00:00:00,17280488
A30,A30,A30_20240412_040000.WAV,2024-04-12,04:00:00,17280488
A30,A30,A30_20240412_140000.WAV,2024-04-12,14:00:00,17280488
A30,A30,A30_20240412_180000.WAV,2024-04-12,18:00:00,17280488
A30,A30,A30_20240413_000000.WAV,2024-04-13,00:00:00,17280488
A30,A30,A30_20240413_040000.WAV,2024-04-13,04:00:00,17280488
A30,A30,A30_20240413_140000.WAV,2024-04-13,14:00:00,17280488
A30,A30,A30_20240413_180000.WAV,2024-04-13,18:00:00,17280488
A30,A30,A30_20240414_000000.WAV,2024-04-14,00:00:00,17280488
A30,A30,A30_20240414_040000.WAV,2024-04-14,04:00:00,17280488
A30,A30,A30_20240414_140000.WAV,2024-04-14,14:00:00,17280488
A30,A30,A30_20240414_180000.WAV,2024-04-14,18:00:00,17280488
A30,A30,A30_20240415_000000.WAV,2024-04-15,00:00:00,17280488
A30,A30,A30_20240415_040000.WAV,2024-04-15,04:00:00,17280488
A30,A30,A30_20240415_140000.WAV,2024-04-15,14:00:00,17280488
A30,A30,A30_20240415_180000.WAV,2024-04-15,18:00:00,17280488
A30,A30,A30_20240416_000000.WAV,2024-04-16,00:00:00,17280488
A30,A30,A30_20240416_040000.WAV,2024-04-16,04:00:00,17280488
A30,A30,A30_20240416_140000.WAV,2024-04-16,14:00:00,17280488
A30,A30,A30_20240416_180000.WAV,2024-04-16,18:00:00,17280488
A30,A30,A30_20240417_000000.WAV,2024-04-17,00:00:00,17280488
A30,A30,A30_20240417_040000.WAV,2024-04-17,04:00:00,17280488
A30,A30,A30_20240417_140000.WAV,2024-04-17,14:00:00,17280488
A30,A30,A30_20240417_180000.WAV,2024-04-17,18:00:00,17280488
A30,A30,A30_20240418_000000.WAV,2024-04-18,00:00:00,17280488
A30,A30,A30_20240418_040000.WAV,2024-04-18,04:00:00,17280488
A30,A30,A30_20240418_140000.WAV,2024-04-18,14:00:00,17280488
A30,A30,A30_20240418_180000.WAV,2024-04-18,18:00:00,17280488
A30,A30,A30_20240419_000000.WAV,2024-04-19,00:00:00,17280488
A30,A30,A30_20240419_040000.WAV,2024-04-19,04:00:00,17280488
A30,A30,A30_20240419_140000.WAV,2024-04-19,14:00:00,17280488
A30,A30,A30_20240419_180000.WAV,2024-04-19,18:00:00,17280488
A30,A30,A30_20240420_000000.WAV,2024-04-20,00:00:00,17280488
A30,A30,A30_20240420_040000.WAV,2024-04-20,04:00:00,17280488
A30,A30,A30_20240420_140000.WAV,2024-04-20,14:00:00,17280488
A30,A30,A30_20240420_180000.WAV,2024-04-20,18:00:00,17280488
A30,A30,A30_20240421_000000.WAV,2024-04-21,00:00:00,17280488
A30,A30,A30_20240421_040000.WAV,2024-04-21,04:00:00,17280488
A30,A30,A30_20240421_140000.WAV,2024-04-21,14:00:00,17280488
A30,A30,A30_20240421_180000.WAV,2024-04-21,18:00:00,17280488
A30,A30,A30_20240422_000000.WAV,2024-04-22,00:00:00,17280488
A30,A30,A30_20240422_040000.WAV,2024-04-22,04:00:00,17280488
A30,A30,A30_20240422_140000.WAV,2024-04-22,14:00:00,17280488
A30,A30,A30_20240422_180000.WAV,2024-04-22,18:00:00,17280488
A30,A30,A30_20240423_000000.WAV,2024-04-23,00:00:00,17280488
A30,A30,A30_20240423_040000.WAV,2024-04-23,04:00:00,17280488
A30,A30,A30_20240423_140000.WAV,2024-04-23,14:00:00,17280488
A30,A30,A30_20240423_180000.WAV,2024-04-23,18:00:00,17280488
A30,A30,A30_20240424_000000.WAV,2024-04-24,00:00:00,17280488
A30,A30,A30_20240424_040000.WAV,2024-04-24,04:00:00,17280488
A30,A30,A30_20240424_140000.WAV,2024-04-24,14:00:00,17280488
A30,A30,A30_20240424_180000.WAV,2024-04-24,18:00:00,17280488
A30,A30,A30_20240425_000000.WAV,2024-04-25,00:00:00,17280488
A30,A30,A30_20240425_040000.WAV,2024-04-25,04:00:00,17280488
A30,A30,A30_20240425_140000.WAV,2024-04-25,14:00:00,17280488
A30,A30,A30_20240425_180000.WAV,2024-04-25,18:00:00,17280488
A30,A30,A30_20240426_000000.WAV,2024-04-26,00:00:00,17280488
A30,A30,A30_20240426_040000.WAV,2024-04-26,04:00:00,17280488
A30,A30,A30_20240426_140000.WAV,2024-04-26,14:00:00,17280488
A30,A30,A30_20240426_180000.WAV,2024-04-26,18:00:00,17280488
A30,A30,A30_20240427_000000.WAV,2024-04-27,00:00:00,17280488
A30,A30,A30_20240427_040000.WAV,2024-04-27,04:00:00,17280488
A30,A30,A30_20240427_140000.WAV,2024-04-27,14:00:00,17280488
A30,A30,A30_20240427_180000.WAV,2024-04-27,18:00:00,17280488
A30,A30,A30_20240428_000000.WAV,2024-04-28,00:00:00,17280488
A30,A30,A30_20240428_040000.WAV,2024-04-28,04:00:00,17280488
A30,A30,A30_20240428_140000.WAV,2024-04-28,14:00:00,17280488
A30,A30,A30_20240428_180000.WAV,2024-04-28,18:00:00,17280488
A30,A30,A30_20240429_000000.WAV,2024-04-29,00:00:00,17280488
A30,A30,A30_20240429_040000.WAV,2024-04-29,04:00:00,17280488
A30,A30,A30_20240429_140000.WAV,2024-04-29,14:00:00,17280488
A30,A30,A30_20240429_180000.WAV,2024-04-29,18:00:00,17280488
A30,A30,A30_20240430_000000.WAV,2024-04-30,00:00:00,17280488
A30,A30,A30_20240430_040000.WAV,2024-04-30,04:00:00,17280488
A30,A30,A30_20240430_140000.WAV,2024-04-30,14:00:00,17280488
A30,A30,A30_20240430_180000.WAV,2024-04-30,18:00:00,17280488
A30,A30,A30_20240501_000000.WAV,2024-05-01,00:00:00,17280488
A30,A30,A30_20240501_040000.WAV,2024-05-01,04:00:00,17280488
A30,A30,A30_20240501_140000.WAV,2024-05-01,14:00:00,17280488
A30,A30,A30_20240501_180000.WAV,2024-05-01,18:00:00,17280488
A30,A30,A30_20240502_000000.WAV,2024-05-02,00:00:00,17280488
A30,A30,A30_20240502_040000.WAV,2024-05-02,04:00:00,17280488
A30,A30,A30_20240502_140000.WAV,2024-05-02,14:00:00,17280488
A30,A30,A30_20240502_180000.WAV,2024-05-02,18:00:00,17280488
A30,A30,A30_20240503_000000.WAV,2024-05-03,00:00:00,17280488
A30,A30,A30_20240503_040000.WAV,2024-05-03,04:00:00,17280488
A30,A30,A30_20240503_140000.WAV,2024-05-03,14:00:00,17280488
A30,A30,A30_20240503_180000.WAV,2024-05-03,18:00:00,17280488
A30,A30,A30_20240504_000000.WAV,2024-05-04,00:00:00,17280488
A30,A30,A30_20240504_040000.WAV,2024-05-04,04:00:00,17280488
A30,A30,A30_20240504_140000.WAV,2024-05-04,14:00:00,17280488
A30,A30,A30_20240504_180000.WAV,2024-05-04,18:00:00,17280488
A30,A30,A30_20240505_000000.WAV,2024-05-05,00:00:00,17280488
A30,A30,A30_20240505_040000.WAV,2024-05-05,04:00:00,17280488
A30,A30,A30_20240505_140000.WAV,2024-05-05,14:00:00,17280488
A30,A30,A30_20240505_180000.WAV,2024-05-05,18:00:00,17280488
A30,A30,A30_20240506_000000.WAV,2024-05-06,00:00:00,17280488
A30,A30,A30_20240506_040000.WAV,2024-05-06,04:00:00,17280488
A30,A30,A30_20240506_140000.WAV,2024-05-06,14:00:00,17280488
A30,A30,A30_20240506_180000.WAV,2024-05-06,18:00:00,17280488
A30,A30,A30_20240507_000000.WAV,2024-05-07,00:00:00,17280488
A30,A30,A30_20240507_040000.WAV,2024-05-07,04:00:00,17280488
A30,A30,A30_20240507_140000.WAV,2024-05-07,14:00:00,17280488
A30,A30,A30_20240507_180000.WAV,2024-05-07,18:00:00,17280488
A30,A30,A30_20240508_000000.WAV,2024-05-08,00:00:00,17280488
A30,A30,A30_20240508_040000.WAV,2024-05-08,04:00:00,17280488
A30,A30,A30_20240508_140000.WAV,2024-05-08,14:00:00,17280488
A30,A30,A30_20240508_180000.WAV,2024-05-08,18:00:00,17280488
A30,A30,A30_20240509_000000.WAV,2024-05-09,00:00:00,17280488
A30,A30,A30_20240509_040000.WAV,2024-05-09,04:00:00,17280488
A30,A30,A30_20240509_140000.WAV,2024-05-09,14:00:00,17280488
A30,A30,A30_20240509_180000.WAV,2024-05-09,18:00:00,17280488
A30,A30,A30_20240510_000000.WAV,2024-05-10,00:00:00,17280488
A30,A30,A30_20240510_040000.WAV,2024-05-10,04:00:00,17280488
A30,A30,A30_20240510_140000.WAV,2024-05-10,14:00:00,17280488
A30,A30,A30_20240510_180000.WAV,2024-05-10,18:00:00,17280488
A30,A30,A30_20240511_000000.WAV,2024-05-11,00:00:00,17280488
A30,A30,A30_20240511_040000.WAV,2024-05-11,04:00:00,17280488
A30,A30,A30_20240511_140000.WAV,2024-05-11,14:00:00,17280488
A30,A30,A30_20240511_180000.WAV,2024-05-11,18:00:00,17280488
A30,A30,A30_20240512_000000.WAV,2024-05-12,00:00:00,17280488
A30,A30,A30_20240512_040000.WAV,2024-05-12,04:00:00,17280488
A30,A30,A30_20240512_140000.WAV,2024-05-12,14:00:00,17280488
A30,A30,A30_20240512_180000.WAV,2024-05-12,18:00:00,17280488
A30,A30,A30_20240513_000000.WAV,2024-05-13,00:00:00,17280488
A30,A30,A30_20240513_040000.WAV,2024-05-13,04:00:00,17280488
A30,A30,A30_20240513_140000.WAV,2024-05-13,14:00:00,17280488
A30,A30,A30_20240513_180000.WAV,2024-05-13,18:00:00,17280488
A30,A30,A30_20240514_000000.WAV,2024-05-14,00:00:00,17280488
A30,A30,A30_20240514_040000.WAV,2024-05-14,04:00:00,17280488
A30,A30,A30_20240514_140000.WAV,2024-05-14,14:00:00,17280488
A30,A30,A30_20240514_180000.WAV,2024-05-14,18:00:00,17280488
A30,A30,A30_20240515_000000.WAV,2024-05-15,00:00:00,17280488
A30,A30,A30_20240515_040000.WAV,2024-05-15,04:00:00,17280488
A30,A30,A30_20240515_140000.WAV,2024-05-15,14:00:00,17280488
A30,A30,A30_20240515_180000.WAV,2024-05-15,18:00:00,17280488
A30,A30,A30_20240516_000000.WAV,2024-05-16,00:00:00,17280488
A30,A30,A30_20240516_040000.WAV,2024-05-16,04:00:00,17280488
A30,A30,A30_20240516_135819.WAV,2024-05-16,13:58:19,488
A30,A30,A30_20240516_180000.WAV,2024-05-16,18:00:00,17280488
A30,A30,A30_20240517_000000.WAV,2024-05-17,00:00:00,17280488
A30,A30,A30_20240517_040000.WAV,2024-05-17,04:00:00,17280488
A30,A30,A30_20240517_140000.WAV,2024-05-17,14:00:00,17280488
A30,A30,A30_20240517_180000.WAV,2024-05-17,18:00:00,17280488
A30,A30,A30_20240518_000000.WAV,2024-05-18,00:00:00,17280488
A30,A30,A30_20240518_040000.WAV,2024-05-18,04:00:00,17280488
A30,A30,A30_20240518_140000.WAV,2024-05-18,14:00:00,17280488
A30,A30,A30_20240518_180000.WAV,2024-05-18,18:00:00,17280488
A30,A30,A30_20240519_000000.WAV,2024-05-19,00:00:00,17280488
A30,A30,A30_20240519_040000.WAV,2024-05-19,04:00:00,17280488
A30,A30,A30_20240519_140000.WAV,2024-05-19,14:00:00,17280488
A30,A30,A30_20240519_180000.WAV,2024-05-19,18:00:00,17280488
A30,A30,A30_20240520_000000.WAV,2024-05-20,00:00:00,17280488
A30,A30,A30_20240520_040000.WAV,2024-05-20,04:00:00,17280488
A30,A30,A30_20240520_140000.WAV,2024-05-20,14:00:00,17280488
A30,A30,A30_20240520_180000.WAV,2024-05-20,18:00:00,17280488
A30,A30,A30_20240521_000000.WAV,2024-05-21,00:00:00,17280488
A30,A30,A30_20240521_040000.WAV,2024-05-21,04:00:00,17280488
A30,A30,A30_20240521_140000.WAV,2024-05-21,14:00:00,17280488
A30,A30,A30_20240521_180000.WAV,2024-05-21,18:00:00,17280488
A30,A30,A30_20240522_000000.WAV,2024-05-22,00:00:00,17280488
A30,A30,A30_20240522_040000.WAV,2024-05-22,04:00:00,17280488
A30,A30,A30_20240522_140000.WAV,2024-05-22,14:00:00,17280488
A30,A30,A30_20240522_180000.WAV,2024-05-22,18:00:00,17280488
A30,A30,A30_20240523_000000.WAV,2024-05-23,00:00:00,17280488
A30,A30,A30_20240523_040000.WAV,2024-05-23,04:00:00,17280488
A30,A30,A30_20240523_140000.WAV,2024-05-23,14:00:00,17280488
A30,A30,A30_20240523_180000.WAV,2024-05-23,18:00:00,17280488
A30,A30,A30_20240524_000000.WAV,2024-05-24,00:00:00,17280488
A30,A30,A30_20240524_040000.WAV,2024-05-24,04:00:00,17280488
A30,A30,A30_20240524_140000.WAV,2024-05-24,14:00:00,17280488
A30,A30,A30_20240524_180000.WAV,2024-05-24,18:00:00,17280488
A30,A30,A30_20240525_000000.WAV,2024-05-25,00:00:00,17280488
A30,A30,A30_20240525_040000.WAV,2024-05-25,04:00:00,17280488
A30,A30,A30_20240525_140000.WAV,2024-05-25,14:00:00,17280488
A30,A30,A30_20240525_180000.WAV,2024-05-25,18:00:00,17280488
A30,A30,A30_20240526_000000.WAV,2024-05-26,00:00:00,17280488
A30,A30,A30_20240526_040000.WAV,2024-05-26,04:00:00,17280488
A30,A30,A30_20240526_140000.WAV,2024-05-26,14:00:00,17280488
A30,A30,A30_20240526_180000.WAV,2024-05-26,18:00:00,17280488
A30,A30,A30_20240527_000000.WAV,2024-05-27,00:00:00,17280488
A30,A30,A30_20240527_040000.WAV,2024-05-27,04:00:00,17280488
A30,A30,A30_20240527_140000.WAV,2024-05-27,14:00:00,17280488
A30,A30,A30_20240527_180000.WAV,2024-05-27,18:00:00,17280488
A30,A30,A30_20240528_000000.WAV,2024-05-28,00:00:00,17280488
A30,A30,A30_20240528_040000.WAV,2024-05-28,04:00:00,17280488
A30,A30,A30_20240528_140000.WAV,2024-05-28,14:00:00,17280488
A30,A30,A30_20240528_180000.WAV,2024-05-28,18:00:00,17280488
A30,A30,A30_20240529_000000.WAV,2024-05-29,00:00:00,17280488
A30,A30,A30_20240529_040000.WAV,2024-05-29,04:00:00,17280488
A30,A30,A30_20240529_140000.WAV,2024-05-29,14:00:00,17280488
A30,A30,A30_20240529_180000.WAV,2024-05-29,18:00:00,17280488
A30,A30,A30_20240530_000000.WAV,2024-05-30,00:00:00,17280488
A30,A30,A30_20240530_040000.WAV,2024-05-30,04:00:00,17280488
A30,A30,A30_20240530_140000.WAV,2024-05-30,14:00:00,17280488
A30,A30,A30_20240530_180000.WAV,2024-05-30,18:00:00,17280488
A30,A30,A30_20240531_000000.WAV,2024-05-31,00:00:00,17280488
A30,A30,A30_20240531_040000.WAV,2024-05-31,04:00:00,17280488
A30,A30,A30_20240531_140000.WAV,2024-05-31,14:00:00,17280488
A30,A30,A30_20240531_180000.WAV,2024-05-31,18:00:00,17280488
A30,A30,A30_20240601_000000.WAV,2024-06-01,00:00:00,17280488
A30,A30,A30_20240601_040000.WAV,2024-06-01,04:00:00,17280488
A30,A30,A30_20240601_140000.WAV,2024-06-01,14:00:00,17280488
A30,A30,A30_20240601_180000.WAV,2024-06-01,18:00:00,17280488
A30,A30,A30_20240602_000000.WAV,2024-06-02,00:00:00,17280488
A30,A30,A30_20240602_040000.WAV,2024-06-02,04:00:00,17280488
A30,A30,A30_20240602_140000.WAV,2024-06-02,14:00:00,17280488
A30,A30,A30_20240602_180000.WAV,2024-06-02,18:00:00,17280488
A30,A30,A30_20240603_000000.WAV,2024-06-03,00:00:00,17280488
A30,A30,A30_20240603_040000.WAV,2024-06-03,04:00:00,17280488
A30,A30,A30_20240603_140000.WAV,2024-06-03,14:00:00,17280488
A30,A30,A30_20240603_180000.WAV,2024-06-03,18:00:00,17280488
A30,A30,A30_20240604_000000.WAV,2024-06-04,00:00:00,17280488
A30,A30,A30_20240604_040000.WAV,2024-06-04,04:00:00,17280488
A30,A30,A30_20240604_140000.WAV,2024-06-04,14:00:00,17280488
A30,A30,A30_20240604_180000.WAV,2024-06-04,18:00:00,17280488
A30,A30,A30_20240605_000000.WAV,2024-06-05,00:00:00,17280488
A30,A30,A30_20240605_040000.WAV,2024-06-05,04:00:00,17280488
A30,A30,A30_20240605_140000.WAV,2024-06-05,14:00:00,17280488
A30,A30,A30_20240605_180000.WAV,2024-06-05,18:00:00,17280488
A30,A30,A30_20240606_000000.WAV,2024-06-06,00:00:00,17280488
A30,A30,A30_20240606_040000.WAV,2024-06-06,04:00:00,17280488
A30,A30,A30_20240606_140000.WAV,2024-06-06,14:00:00,17280488
A30,A30,A30_20240606_180000.WAV,2024-06-06,18:00:00,17280488
A30,A30,A30_20240607_000000.WAV,2024-06-07,00:00:00,17280488
A30,A30,A30_20240607_040000.WAV,2024-06-07,04:00:00,17280488
A30,A30,A30_20240607_140000.WAV,2024-06-07,14:00:00,17280488
A30,A30,A30_20240607_180000.WAV,2024-06-07,18:00:00,17280488
A30,A30,A30_20240608_000000.WAV,2024-06-08,00:00:00,17280488
A30,A30,A30_20240608_040000.WAV,2024-06-08,04:00:00,17280488
A30,A30,A30_20240608_140000.WAV,2024-06-08,14:00:00,17280488
A30,A30,A30_20240608_180000.WAV,2024-06-08,18:00:00,17280488
A30,A30,A30_20240609_000000.WAV,2024-06-09,00:00:00,17280488
A30,A30,A30_20240609_040000.WAV,2024-06-09,04:00:00,17280488
A30,A30,A30_20240609_140000.WAV,2024-06-09,14:00:00,17280488
A30,A30,A30_20240609_180000.WAV,2024-06-09,18:00:00,17280488
A30,A30,A30_20240610_000000.WAV,2024-06-10,00:00:00,17280488
A30,A30,A30_20240610_040000.WAV,2024-06-10,04:00:00,17280488
A30,A30,A30_20240610_140000.WAV,2024-06-10,14:00:00,17280488
A30,A30,A30_20240610_180000.WAV,2024-06-10,18:00:00,17280488
A30,A30,A30_20240611_000000.WAV,2024-06-11,00:00:00,17280488
A30,A30,A30_20240611_040000.WAV,2024-06-11,04:00:00,17280488
A30,A30,A30_20240611_140000.WAV,2024-06-11,14:00:00,17280488
A30,A30,A30_20240611_180000.WAV,2024-06-11,18:00:00,17280488
A30,A30,A30_20240612_000000.WAV,2024-06-12,00:00:00,17280488
A30,A30,A30_20240612_040000.WAV,2024-06-12,04:00:00,17280488
A30,A30,A30_20240612_140000.WAV,2024-06-12,14:00:00,17280488
A30,A30,A30_20240612_180000.WAV,2024-06-12,18:00:00,17280488
A30,A30,A30_20240613_000000.WAV,2024-06-13,00:00:00,17280488
A30,A30,A30_20240613_040000.WAV,2024-06-13,04:00:00,17280488
A30,A30,A30_20240613_140000.WAV,2024-06-13,14:00:00,17280488
A30,A30,A30_20240613_180000.WAV,2024-06-13,18:00:00,17280488
A30,A30,A30_20240614_000000.WAV,2024-06-14,00:00:00,17280488
A30,A30,A30_20240614_040000.WAV,2024-06-14,04:00:00,17280488
A30,A30,A30_20240614_140000.WAV,2024-06-14,14:00:00,17280488
A30,A30,A30_20240614_180000.WAV,2024-06-14,18:00:00,17280488
A30,A30,A30_20240615_000000.WAV,2024-06-15,00:00:00,17280488
A30,A30,A30_20240615_040000.WAV,2024-06-15,04:00:00,17280488
A30,A30,A30_20240615_140000.WAV,2024-06-15,14:00:00,17280488
A30,A30,A30_20240615_180000.WAV,2024-06-15,18:00:00,17280488
A30,A30,A30_20240616_000000.WAV,2024-06-16,00:00:00,17280488
A30,A30,A30_20240616_040000.WAV,2024-06-16,04:00:00,17280488
A30,A30,A30_20240616_140000.WAV,2024-06-16,14:00:00,17280488
A30,A30,A30_20240616_180000.WAV,2024-06-16,18:00:00,17280488
A30,A30,A30_20240617_000000.WAV,2024-06-17,00:00:00,17280488
A30,A30,A30_20240617_040000.WAV,2024-06-17,04:00:00,17280488
A30,A30,A30_20240617_140000.WAV,2024-06-17,14:00:00,17280488
A30,A30,A30_20240617_180000.WAV,2024-06-17,18:00:00,17280488
A30,A30,A30_20240618_000000.WAV,2024-06-18,00:00:00,17280488
A30,A30,A30_20240618_040000.WAV,2024-06-18,04:00:00,17280488
A30,A30,A30_20240618_140000.WAV,2024-06-18,14:00:00,17280488
A30,A30,A30_20240618_180000.WAV,2024-06-18,18:00:00,17280488
A30,A30,A30_20240619_000000.WAV,2024-06-19,00:00:00,17280488
A30,A30,A30_20240619_040000.WAV,2024-06-19,04:00:00,17280488
A30,A30,A30_20240619_140000.WAV,2024-06-19,14:00:00,17280488
A30,A30,A30_20240619_180000.WAV,2024-06-19,18:00:00,17280488
A30,A30,A30_20240620_000000.WAV,2024-06-20,00:00:00,17280488
A30,A30,A30_20240620_040000.WAV,2024-06-20,04:00:00,17280488
A30,A30,A30_20240620_140000.WAV,2024-06-20,14:00:00,17280488
A30,A30,A30_20240620_180000.WAV,2024-06-20,18:00:00,17280488
A30,A30,A30_20240621_000000.WAV,2024-06-21,00:00:00,17280488
A30,A30,A30_20240621_040000.WAV,2024-06-21,04:00:00,17280488
A30,A30,A30_20240621_140000.WAV,2024-06-21,14:00:00,17280488
A30,A30,A30_20240621_180000.WAV,2024-06-21,18:00:00,17280488
A30,A30,A30_20240622_000000.WAV,2024-06-22,00:00:00,17280488
A30,A30,A30_20240622_040000.WAV,2024-06-22,04:00:00,17280488
A30,A30,A30_20240622_140000.WAV,2024-06-22,14:00:00,17280488
A30,A30,A30_20240622_180000.WAV,2024-06-22,18:00:00,17280488
A30,A30,A30_20240623_000000.WAV,2024-06-23,00:00:00,17280488
A30,A30,A30_20240623_040000.WAV,2024-06-23,04:00:00,17280488
A30,A30,A30_20240623_140000.WAV,2024-06-23,14:00:00,17280488
A30,A30,A30_20240623_180000.WAV,2024-06-23,18:00:00,17280488
A30,A30,A30_20240624_000000.WAV,2024-06-24,00:00:00,17280488
A30,A30,A30_20240624_040000.WAV,2024-06-24,04:00:00,17280488
A30,A30,A30_20240624_140000.WAV,2024-06-24,14:00:00,17280488
A30,A30,A30_20240624_180000.WAV,2024-06-24,18:00:00,17280488
A30,A30,A30_20240625_000000.WAV,2024-06-25,00:00:00,17280488
A30,A30,A30_20240625_040000.WAV,2024-06-25,04:00:00,17280488
A30,A30,A30_20240625_140000.WAV,2024-06-25,14:00:00,17280488
A30,A30,A30_20240625_180000.WAV,2024-06-25,18:00:00,17280488
A30,A30,A30_20240626_000000.WAV,2024-06-26,00:00:00,17280488
A30,A30,A30_20240626_040000.WAV,2024-06-26,04:00:00,17280488
A30,A30,A30_20240626_140000.WAV,2024-06-26,14:00:00,17280488
A30,A30,A30_20240626_180000.WAV,2024-06-26,18:00:00,17280488
A30,A30,A30_20240627_000000.WAV,2024-06-27,00:00:00,17280488
A30,A30,A30_20240627_040000.WAV,2024-06-27,04:00:00,17280488
A30,A30,A30_20240627_140000.WAV,2024-06-27,14:00:00,17280488
A30,A30,A30_20240627_180000.WAV,2024-06-27,18:00:00,17280488
A30,A30,A30_20240628_000000.WAV,2024-06-28,00:00:00,17280488
A30,A30,A30_20240628_040000.WAV,2024-06-28,04:00:00,17280488
A30,A30,A30_20240628_140000.WAV,2024-06-28,14:00:00,17280488
A30,A30,A30_20240628_180000.WAV,2024-06-28,18:00:00,17280488
A30,A30,A30_20240629_000000.WAV,2024-06-29,00:00:00,17280488
A30,A30,A30_20240629_040000.WAV,2024-06-29,04:00:00,17280488
A30,A30,A30_20240629_140000.WAV,2024-06-29,14:00:00,17280488
A30,A30,A30_20240629_180000.WAV,2024-06-29,18:00:00,17280488
A30,A30,A30_20240630_000000.WAV,2024-06-30,00:00:00,17280488
A30,A30,A30_20240630_040000.WAV,2024-06-30,04:00:00,17280488
A30,A30,A30_20240630_140000.WAV,2024-06-30,14:00:00,17280488
A30,A30,A30_20240630_180000.WAV,2024-06-30,18:00:00,17280488
A30,A30,A30_20240701_000000.WAV,2024-07-01,00:00:00,17280488
A30,A30,A30_20240701_040000.WAV,2024-07-01,04:00:00,17280488
A30,A30,A30_20240701_140000.WAV,2024-07-01,14:00:00,17280488
A30,A30,A30_20240701_180000.WAV,2024-07-01,18:00:00,17280488
A30,A30,A30_20240702_000000.WAV,2024-07-02,00:00:00,17280488
A30,A30,A30_20240702_040000.WAV,2024-07-02,04:00:00,17280488
A30,A30,A30_20240702_140000.WAV,2024-07-02,14:00:00,17280488
A30,A30,A30_20240702_180000.WAV,2024-07-02,18:00:00,17280488
A30,A30,A30_20240703_000000.WAV,2024-07-03,00:00:00,17280488
A30,A30,A30_20240703_040000.WAV,2024-07-03,04:00:00,17280488
A30,A30,A30_20240703_140000.WAV,2024-07-03,14:00:00,17280488
A30,A30,A30_20240703_180000.WAV,2024-07-03,18:00:00,17280488
A30,A30,A30_20240704_000000.WAV,2024-07-04,00:00:00,17280488
A30,A30,A30_20240704_040000.WAV,2024-07-04,04:00:00,17280488
A30,A30,A30_20240704_140000.WAV,2024-07-04,14:00:00,17280488
A30,A30,A30_20240704_180000.WAV,2024-07-04,18:00:00,17280488
A30,A30,A30_20240705_000000.WAV,2024-07-05,00:00:00,17280488
A30,A30,A30_20240705_040000.WAV,2024-07-05,04:00:00,17280488
A30,A30,A30_20240705_140000.WAV,2024-07-05,14:00:00,17280488
A30,A30,A30_20240705_180000.WAV,2024-07-05,18:00:00,17280488
A30,A30,A30_20240706_000000.WAV,2024-07-06,00:00:00,17280488
A30,A30,A30_20240706_040000.WAV,2024-07-06,04:00:00,17280488
A30,A30,A30_20240706_140000.WAV,2024-07-06,14:00:00,17280488
A30,A30,A30_20240706_180000.WAV,2024-07-06,18:00:00,17280488
A30,A30,A30_20240707_000000.WAV,2024-07-07,00:00:00,17280488
A30,A30,A30_20240707_040000.WAV,2024-07-07,04:00:00,17280488
A30,A30,A30_20240707_140000.WAV,2024-07-07,14:00:00,17280488
A30,A30,A30_20240707_180000.WAV,2024-07-07,18:00:00,17280488
A30,A30,A30_20240708_000000.WAV,2024-07-08,00:00:00,17280488
A30,A30,A30_20240708_040000.WAV,2024-07-08,04:00:00,17280488
A30,A30,A30_20240708_140000.WAV,2024-07-08,14:00:00,17280488
A30,A30,A30_20240708_180000.WAV,2024-07-08,18:00:00,17280488
A30,A30,A30_20240709_000000.WAV,2024-07-09,00:00:00,17280488
A30,A30,A30_20240709_040000.WAV,2024-07-09,04:00:00,17280488
A30,A30,A30_20240709_140000.WAV,2024-07-09,14:00:00,17280488
A30,A30,A30_20240709_180000.WAV,2024-07-09,18:00:00,17280488
A30,A30,A30_20240710_000000.WAV,2024-07-10,00:00:00,17280488
A30,A30,A30_20240710_040000.WAV,2024-07-10,04:00:00,17280488
A30,A30,A30_20240710_140000.WAV,2024-07-10,14:00:00,17280488
A30,A30,A30_20240710_180000.WAV,2024-07-10,18:00:00,17280488
A30,A30,A30_20240711_000000.WAV,2024-07-11,00:00:00,17280488
A30,A30,A30_20240711_040000.WAV,2024-07-11,04:00:00,17280488
A30,A30,A30_20240711_140000.WAV,2024-07-11,14:00:00,17280488
A30,A30,A30_20240711_180000.WAV,2024-07-11,18:00:00,17280488
A30,A30,A30_20240712_000000.WAV,2024-07-12,00:00:00,17280488
A30,A30,A30_20240712_040000.WAV,2024-07-12,04:00:00,17280488
A30,A30,A30_20240712_140000.WAV,2024-07-12,14:00:00,17280488
A30,A30,A30_20240712_180000.WAV,2024-07-12,18:00:00,17280488
A30,A30,A30_20240713_000000.WAV,2024-07-13,00:00:00,17280488
A30,A30,A30_20240713_040000.WAV,2024-07-13,04:00:00,17280488
A30,A30,A30_20240713_140000.WAV,2024-07-13,14:00:00,17280488
A30,A30,A30_20240713_180000.WAV,2024-07-13,18:00:00,17280488
A30,A30,A30_20240714_000000.WAV,2024-07-14,00:00:00,17280488
A30,A30,A30_20240714_040000.WAV,2024-07-14,04:00:00,17280488
A30,A30,A30_20240714_140000.WAV,2024-07-14,14:00:00,17280488
A30,A30,A30_20240714_180000.WAV,2024-07-14,18:00:00,17280488
A30,A30,A30_20240715_000000.WAV,2024-07-15,00:00:00,17280488
A30,A30,A30_20240715_040000.WAV,2024-07-15,04:00:00,17280488
A30,A30,A30_20240715_140000.WAV,2024-07-15,14:00:00,17280488
A30,A30,A30_20240715_180000.WAV,2024-07-15,18:00:00,17280488
A30,A30,A30_20240716_000000.WAV,2024-07-16,00:00:00,17280488
A30,A30,A30_20240716_040000.WAV,2024-07-16,04:00:00,17280488
A30,A30,A30_20240716_140000.WAV,2024-07-16,14:00:00,17280488
A30,A30,A30_20240716_180000.WAV,2024-07-16,18:00:00,17280488
A30,A30,A30_20240717_000000.WAV,2024-07-17,00:00:00,17280488
A30,A30,A30_20240717_040000.WAV,2024-07-17,04:00:00,17280488
A30,A30,A30_20240717_140000.WAV,2024-07-17,14:00:00,17280488
A30,A30,A30_20240717_180000.WAV,2024-07-17,18:00:00,17280488
A30,A30,A30_20240718_000000.WAV,2024-07-18,00:00:00,17280488
A30,A30,A30_20240718_040000.WAV,2024-07-18,04:00:00,17280488
A30,A30,A30_20240718_140000.WAV,2024-07-18,14:00:00,17280488
A30,A30,A30_20240718_180000.WAV,2024-07-18,18:00:00,17280488
A30,A30,A30_20240719_000000.WAV,2024-07-19,00:00:00,17280488
A30,A30,A30_20240719_040000.WAV,2024-07-19,04:00:00,17280488
A30,A30,A30_20240719_140000.WAV,2024-07-19,14:00:00,17280488
A30,A30,A30_20240719_180000.WAV,2024-07-19,18:00:00,17280488
A30,A30,A30_20240720_000000.WAV,2024-07-20,00:00:00,17280488
A30,A30,A30_20240720_040000.WAV,2024-07-20,04:00:00,17280488
A30,A30,A30_20240720_140000.WAV,2024-07-20,14:00:00,17280488
A30,A30,A30_20240720_180000.WAV,2024-07-20,18:00:00,17280488
A30,A30,A30_20240721_000000.WAV,2024-07-21,00:00:00,17280488
A30,A30,A30_20240721_040000.WAV,2024-07-21,04:00:00,17280488
A30,A30,A30_20240721_140000.WAV,2024-07-21,14:00:00,17280488
A30,A30,A30_20240721_180000.WAV,2024-07-21,18:00:00,17280488
A30,A30,A30_20240722_000000.WAV,2024-07-22,00:00:00,17280488
A30,A30,A30_20240722_040000.WAV,2024-07-22,04:00:00,17280488
A30,A30,A30_20240722_140000.WAV,2024-07-22,14:00:00,17280488
A30,A30,A30_20240722_180000.WAV,2024-07-22,18:00:00,17280488
A30,A30,A30_20240723_000000.WAV,2024-07-23,00:00:00,17280488
A30,A30,A30_20240723_040000.WAV,2024-07-23,04:00:00,17280488
A30,A30,A30_20240723_140000.WAV,2024-07-23,14:00:00,17280488
A30,A30,A30_20240723_180000.WAV,2024-07-23,18:00:00,17280488
A30,A30,A30_20240724_000000.WAV,2024-07-24,00:00:00,17280488
A30,A30,A30_20240724_040000.WAV,2024-07-24,04:00:00,17280488
A30,A30,A30_20240724_140000.WAV,2024-07-24,14:00:00,17280488
A30,A30,A30_20240724_180000.WAV,2024-07-24,18:00:00,17280488
A30,A30,A30_20240725_000000.WAV,2024-07-25,00:00:00,17280488
A30,A30,A30_20240725_040000.WAV,2024-07-25,04:00:00,17280488
A30,A30,A30_20240725_140000.WAV,2024-07-25,14:00:00,17280488
A30,A30,A30_20240725_180000.WAV,2024-07-25,18:00:00,17280488
A30,A30,A30_20240726_000000.WAV,2024-07-26,00:00:00,17280488
A30,A30,A30_20240726_040000.WAV,2024-07-26,04:00:00,17280488
A30,A30,A30_20240726_140000.WAV,2024-07-26,14:00:00,17280488
A30,A30,A30_20240726_180000.WAV,2024-07-26,18:00:00,17280488
A30,A30,A30_20240727_000000.WAV,2024-07-27,00:00:00,17280488
A30,A30,A30_20240727_040000.WAV,2024-07-27,04:00:00,17280488
A30,A30,A30_20240727_140000.WAV,2024-07-27,14:00:00,17280488
A30,A30,A30_20240727_180000.WAV,2024-07-27,18:00:00,17280488
A30,A30,A30_20240728_000000.WAV,2024-07-28,00:00:00,17280488
A30,A30,A30_20240728_040000.WAV,2024-07-28,04:00:00,17280488
A30,A30,A30_20240728_140000.WAV,2024-07-28,14:00:00,17280488
A30,A30,A30_20240728_180000.WAV,2024-07-28,18:00:00,17280488
A30,A30,A30_20240729_000000.WAV,2024-07-29,00:00:00,17280488
A30,A30,A30_20240729_040000.WAV,2024-07-29,04:00:00,17280488
A30,A30,A30_20240729_140000.WAV,2024-07-29,14:00:00,17280488
A30,A30,A30_20240729_180000.WAV,2024-07-29,18:00:00,17280488
A30,A30,A30_20240730_000000.WAV,2024-07-30,00:00:00,17280488
A30,A30,A30_20240730_040000.WAV,2024-07-30,04:00:00,17280488
A30,A30,A30_20240730_140000.WAV,2024-07-30,14:00:00,17280488
A30,A30,A30_20240730_180000.WAV,2024-07-30,18:00:00,17280488
A30,A30,A30_20240731_000000.WAV,2024-07-31,00:00:00,17280488
A30,A30,A30_20240731_040000.WAV,2024-07-31,04:00:00,17280488
A30,A30,A30_20240731_140000.WAV,2024-07-31,14:00:00,17280488
A30,A30,A30_20240731_180000.WAV,2024-07-31,18:00:00,17280488
A30,A30,A30_20240801_000000.WAV,2024-08-01,00:00:00,17280488
A30,A30,A30_20240801_040000.WAV,2024-08-01,04:00:00,17280488
A30,A30,A30_20240801_140000.WAV,2024-08-01,14:00:00,17280488
A30,A30,A30_20240801_180000.WAV,2024-08-01,18:00:00,17280488
A30,A30,A30_20240802_000000.WAV,2024-08-02,00:00:00,17280488
A30,A30,A30_20240802_040000.WAV,2024-08-02,04:00:00,17280488
A30,A30,A30_20240802_140000.WAV,2024-08-02,14:00:00,17280488
A30,A30,A30_20240802_180000.WAV,2024-08-02,18:00:00,17280488
A30,A30,A30_20240803_000000.WAV,2024-08-03,00:00:00,17280488
A30,A30,A30_20240803_040000.WAV,2024-08-03,04:00:00,17280488
A30,A30,A30_20240803_140000.WAV,2024-08-03,14:00:00,17280488
A30,A30,A30_20240803_180000.WAV,2024-08-03,18:00:00,17280488
A30,A30,A30_20240804_000000.WAV,2024-08-04,00:00:00,17280488
A30,A30,A30_20240804_040000.WAV,2024-08-04,04:00:00,17280488
A30,A30,A30_20240804_140000.WAV,2024-08-04,14:00:00,17280488
A30,A30,A30_20240804_180000.WAV,2024-08-04,18:00:00,17280488
A30,A30,A30_20240805_000000.WAV,2024-08-05,00:00:00,17280488
A30,A30,A30_20240805_040000.WAV,2024-08-05,04:00:00,17280488
A30,A30,A30_20240805_140000.WAV,2024-08-05,14:00:00,17280488
A30,A30,A30_20240805_180000.WAV,2024-08-05,18:00:00,17280488
A30,A30,A30_20240806_000000.WAV,2024-08-06,00:00:00,17280488
A30,A30,A30_20240806_040000.WAV,2024-08-06,04:00:00,17280488
A30,A30,A30_20240806_140000.WAV,2024-08-06,14:00:00,17280488
A30,A30,A30_20240806_180000.WAV,2024-08-06,18:00:00,17280488
A30,A30,A30_20240807_000000.WAV,2024-08-07,00:00:00,17280488
A30,A30,A30_20240807_040000.WAV,2024-08-07,04:00:00,17280488
A30,A30,A30_20240807_140000.WAV,2024-08-07,14:00:00,17280488
A30,A30,A30_20240807_180000.WAV,2024-08-07,18:00:00,17280488
A30,A30,A30_20240808_000000.WAV,2024-08-08,00:00:00,17280488
A30,A30,A30_20240808_040000.WAV,2024-08-08,04:00:00,17280488
A30,A30,A30_20240808_140000.WAV,2024-08-08,14:00:00,17280488
A30,A30,A30_20240808_180000.WAV,2024-08-08,18:00:00,17280488
A30,A30,A30_20240809_000000.WAV,2024-08-09,00:00:00,17280488
A30,A30,A30_20240809_040000.WAV,2024-08-09,04:00:00,17280488
A30,A30,A30_20240809_140000.WAV,2024-08-09,14:00:00,17280488
A30,A30,A30_20240809_180000.WAV,2024-08-09,18:00:00,17280488
A30,A30,A30_20240810_000000.WAV,2024-08-10,00:00:00,17280488
A30,A30,A30_20240810_040000.WAV,2024-08-10,04:00:00,17280488
A30,A30,A30_20240810_140000.WAV,2024-08-10,14:00:00,17280488
A30,A30,A30_20240810_180000.WAV,2024-08-10,18:00:00,17280488
A30,A30,A30_20240811_000000.WAV,2024-08-11,00:00:00,17280488
A30,A30,A30_20240811_040000.WAV,2024-08-11,04:00:00,17280488
A30,A30,A30_20240811_140000.WAV,2024-08-11,14:00:00,17280488
A30,A30,A30_20240811_180000.WAV,2024-08-11,18:00:00,17280488
A30,A30,A30_20240812_000000.WAV,2024-08-12,00:00:00,17280488
A30,A30,A30_20240812_040000.WAV,2024-08-12,04:00:00,17280488
A30,A30,A30_20240812_140000.WAV,2024-08-12,14:00:00,17280488
A30,A30,A30_20240812_180000.WAV,2024-08-12,18:00:00,17280488
A30,A30,A30_20240813_000000.WAV,2024-08-13,00:00:00,17280488
A30,A30,A30_20240813_040000.WAV,2024-08-13,04:00:00,17280488
A30,A30,A30_20240813_140000.WAV,2024-08-13,14:00:00,17280488
A30,A30,A30_20240813_180000.WAV,2024-08-13,18:00:00,17280488
A30,A30,A30_20240814_000000.WAV,2024-08-14,00:00:00,17280488
A30,A30,A30_20240814_040000.WAV,2024-08-14,04:00:00,17280488
A30,A30,A30_20240814_140000.WAV,2024-08-14,14:00:00,17280488
A30,A30,A30_20240814_180000.WAV,2024-08-14,18:00:00,17280488
A30,A30,A30_20240815_000000.WAV,2024-08-15,00:00:00,17280488
A30,A30,A30_20240815_040000.WAV,2024-08-15,04:00:00,17280488
A30,A30,A30_20240815_140000.WAV,2024-08-15,14:00:00,17280488
A30,A30,A30_20240815_180000.WAV,2024-08-15,18:00:00,17280488
A30,A30,A30_20240816_000000.WAV,2024-08-16,00:00:00,17280488
A30,A30,A30_20240816_040000.WAV,2024-08-16,04:00:00,17280488
A30,A30,A30_20240816_140000.WAV,2024-08-16,14:00:00,17280488
A30,A30,A30_20240816_180000.WAV,2024-08-16,18:00:00,17280488
A30,A30,A30_20240817_000000.WAV,2024-08-17,00:00:00,17280488
A30,A30,A30_20240817_040000.WAV,2024-08-17,04:00:00,17280488
A30,A30,A30_20240817_140000.WAV,2024-08-17,14:00:00,17280488
A30,A30,A30_20240817_180000.WAV,2024-08-17,18:00:00,17280488
A30,A30,A30_20240818_000000.WAV,2024-08-18,00:00:00,17280488
A30,A30,A30_20240818_040000.WAV,2024-08-18,04:00:00,17280488
A30,A30,A30_20240818_140000.WAV,2024-08-18,14:00:00,17280488
A30,A30,A30_20240818_180000.WAV,2024-08-18,18:00:00,17280488
A30,A30,A30_20240819_000000.WAV,2024-08-19,00:00:00,17280488
A30,A30,A30_20240819_040000.WAV,2024-08-19,04:00:00,17280488
A30,A30,A30_20240819_140000.WAV,2024-08-19,14:00:00,17280488
A30,A30,A30_20240819_180000.WAV,2024-08-19,18:00:00,17280488
A30,A30,A30_20240820_000000.WAV,2024-08-20,00:00:00,17280488
A30,A30,A30_20240820_040000.WAV,2024-08-20,04:00:00,17280488
A30,A30,A30_20240820_140000.WAV,2024-08-20,14:00:00,17280488
A30,A30,A30_20240820_180000.WAV,2024-08-20,18:00:00,17280488
A30,A30,A30_20240821_000000.WAV,2024-08-21,00:00:00,17280488
A30,A30,A30_20240821_040000.WAV,2024-08-21,04:00:00,17280488
A30,A30,A30_20240821_140000.WAV,2024-08-21,14:00:00,17280488
R104,R104_N1,R104_N1_20240325_180000.WAV,2024-03-25,18:00:00,17280488
R104,R104_N1,R104_N1_20240326_000000.WAV,2024-03-26,00:00:00,17280488
R104,R104_N1,R104_N1_20240326_040000.WAV,2024-03-26,04:00:00,17280488
R104,R104_N1,R104_N1_20240326_140000.WAV,2024-03-26,14:00:00,17280488
R104,R104_N1,R104_N1_20240326_180000.WAV,2024-03-26,18:00:00,17280488
R104,R104_N1,R104_N1_20240327_000000.WAV,2024-03-27,00:00:00,17280488
R104,R104_N1,R104_N1_20240327_040000.WAV,2024-03-27,04:00:00,17280488
R104,R104_N1,R104_N1_20240327_140000.WAV,2024-03-27,14:00:00,17280488
R104,R104_N1,R104_N1_20240327_180000.WAV,2024-03-27,18:00:00,17280488
R104,R104_N1,R104_N1_20240328_000000.WAV,2024-03-28,00:00:00,17280488
R104,R104_N1,R104_N1_20240328_040000.WAV,2024-03-28,04:00:00,17280488
R104,R104_N1,R104_N1_20240328_140000.WAV,2024-03-28,14:00:00,17280488
R104,R104_N1,R104_N1_20240328_180000.WAV,2024-03-28,18:00:00,17280488
R104,R104_N1,R104_N1_20240329_000000.WAV,2024-03-29,00:00:00,17280488
R104,R104_N1,R104_N1_20240329_040000.WAV,2024-03-29,04:00:00,17280488
R104,R104_N1,R104_N1_20240329_140000.WAV,2024-03-29,14:00:00,17280488
R104,R104_N1,R104_N1_20240329_180000.WAV,2024-03-29,18:00:00,17280488
R104,R104_N1,R104_N1_20240330_000000.WAV,2024-03-30,00:00:00,17280488
R104,R104_N1,R104_N1_20240330_040000.WAV,2024-03-30,04:00:00,17280488
R104,R104_N1,R104_N1_20240330_140000.WAV,2024-03-30,14:00:00,17280488
R104,R104_N1,R104_N1_20240330_180000.WAV,2024-03-30,18:00:00,17280488
R104,R104_N1,R104_N1_20240331_000000.WAV,2024-03-31,00:00:00,17280488
R104,R104_N1,R104_N1_20240331_040000.WAV,2024-03-31,04:00:00,17280488
R104,R104_N1,R104_N1_20240331_140000.WAV,2024-03-31,14:00:00,17280488
R104,R104_N1,R104_N1_20240331_180000.WAV,2024-03-31,18:00:00,17280488
R104,R104_N1,R104_N1_20240401_000000.WAV,2024-04-01,00:00:00,17280488
R104,R104_N1,R104_N1_20240401_040000.WAV,2024-04-01,04:00:00,17280488
R104,R104_N1,R104_N1_20240401_140000.WAV,2024-04-01,14:00:00,17280488
R104,R104_N1,R104_N1_20240401_180000.WAV,2024-04-01,18:00:00,17280488
R104,R104_N1,R104_N1_20240402_000000.WAV,2024-04-02,00:00:00,17280488
R104,R104_N1,R104_N1_20240402_040000.WAV,2024-04-02,04:00:00,17280488
R104,R104_N1,R104_N1_20240402_140000.WAV,2024-04-02,14:00:00,17280488
R104,R104_N1,R104_N1_20240402_180000.WAV,2024-04-02,18:00:00,17280488
R104,R104_N1,R104_N1_20240403_000000.WAV,2024-04-03,00:00:00,17280488
R104,R104_N1,R104_N1_20240403_040000.WAV,2024-04-03,04:00:00,17280488
R104,R104_N1,R104_N1_20240403_140000.WAV,2024-04-03,14:00:00,17280488
R104,R104_N1,R104_N1_20240403_180000.WAV,2024-04-03,18:00:00,17280488
R104,R104_N1,R104_N1_20240404_000000.WAV,2024-04-04,00:00:00,17280488
R104,R104_N1,R104_N1_20240404_040000.WAV,2024-04-04,04:00:00,17280488
R104,R104_N1,R104_N1_20240404_140000.WAV,2024-04-04,14:00:00,17280488
R104,R104_N1,R104_N1_20240404_180000.WAV,2024-04-04,18:00:00,17280488
R104,R104_N1,R104_N1_20240405_000000.WAV,2024-04-05,00:00:00,17280488
R104,R104_N1,R104_N1_20240405_040000.WAV,2024-04-05,04:00:00,17280488
R104,R104_N1,R104_N1_20240405_140000.WAV,2024-04-05,14:00:00,17280488
R104,R104_N1,R104_N1_20240405_180000.WAV,2024-04-05,18:00:00,17280488
R104,R104_N1,R104_N1_20240406_000000.WAV,2024-04-06,00:00:00,17280488
R104,R104_N1,R104_N1_20240406_040000.WAV,2024-04-06,04:00:00,17280488
R104,R104_N1,R104_N1_20240406_140000.WAV,2024-04-06,14:00:00,17280488
R104,R104_N1,R104_N1_20240406_180000.WAV,2024-04-06,18:00:00,17280488
R104,R104_N1,R104_N1_20240407_000000.WAV,2024-04-07,00:00:00,17280488
R104,R104_N1,R104_N1_20240407_040000.WAV,2024-04-07,04:00:00,17280488
R104,R104_N1,R104_N1_20240407_140000.WAV,2024-04-07,14:00:00,17280488
R104,R104_N1,R104_N1_20240407_180000.WAV,2024-04-07,18:00:00,17280488
R104,R104_N1,R104_N1_20240408_000000.WAV,2024-04-08,00:00:00,17280488
R104,R104_N1,R104_N1_20240408_040000.WAV,2024-04-08,04:00:00,17280488
R104,R104_N1,R104_N1_20240408_140000.WAV,2024-04-08,14:00:00,17280488
R104,R104_N1,R104_N1_20240408_180000.WAV,2024-04-08,18:00:00,17280488
R104,R104_N1,R104_N1_20240409_000000.WAV,2024-04-09,00:00:00,17280488
R104,R104_N1,R104_N1_20240409_040000.WAV,2024-04-09,04:00:00,17280488
R104,R104_N1,R104_N1_20240409_140000.WAV,2024-04-09,14:00:00,17280488
R104,R104_N1,R104_N1_20240409_180000.WAV,2024-04-09,18:00:00,17280488
R104,R104_N1,R104_N1_20240410_000000.WAV,2024-04-10,00:00:00,17280488
R104,R104_N1,R104_N1_20240410_040000.WAV,2024-04-10,04:00:00,17280488
R104,R104_N1,R104_N1_20240410_140000.WAV,2024-04-10,14:00:00,17280488
R104,R104_N1,R104_N1_20240410_180000.WAV,2024-04-10,18:00:00,17280488
R104,R104_N1,R104_N1_20240411_000000.WAV,2024-04-11,00:00:00,17280488
R104,R104_N1,R104_N1_20240411_040000.WAV,2024-04-11,04:00:00,17280488
R104,R104_N1,R104_N1_20240411_140000.WAV,2024-04-11,14:00:00,17280488
R104,R104_N1,R104_N1_20240411_180000.WAV,2024-04-11,18:00:00,17280488
R104,R104_N1,R104_N1_20240412_000000.WAV,2024-04-12,00:00:00,17280488
R104,R104_N1,R104_N1_20240412_040000.WAV,2024-04-12,04:00:00,17280488
R104,R104_N1,R104_N1_20240412_140000.WAV,2024-04-12,14:00:00,17280488
R104,R104_N1,R104_N1_20240412_180000.WAV,2024-04-12,18:00:00,17280488
R104,R104_N1,R104_N1_20240413_000000.WAV,2024-04-13,00:00:00,17280488
R104,R104_N1,R104_N1_20240413_040000.WAV,2024-04-13,04:00:00,17280488
R104,R104_N1,R104_N1_20240413_140000.WAV,2024-04-13,14:00:00,17280488
R104,R104_N1,R104_N1_20240413_180000.WAV,2024-04-13,18:00:00,17280488
R104,R104_N1,R104_N1_20240414_000000.WAV,2024-04-14,00:00:00,17280488
R104,R104_N1,R104_N1_20240414_040000.WAV,2024-04-14,04:00:00,17280488
R104,R104_N1,R104_N1_20240414_140000.WAV,2024-04-14,14:00:00,17280488
R104,R104_N1,R104_N1_20240414_180000.WAV,2024-04-14,18:00:00,17280488
R104,R104_N1,R104_N1_20240415_000000.WAV,2024-04-15,00:00:00,17280488
R104,R104_N1,R104_N1_20240415_040000.WAV,2024-04-15,04:00:00,17280488
R104,R104_N1,R104_N1_20240415_140000.WAV,2024-04-15,14:00:00,17280488
R104,R104_N1,R104_N1_20240415_180000.WAV,2024-04-15,18:00:00,17280488
R104,R104_N1,R104_N1_20240416_000000.WAV,2024-04-16,00:00:00,17280488
R104,R104_N1,R104_N1_20240416_040000.WAV,2024-04-16,04:00:00,17280488
R104,R104_N1,R104_N1_20240416_140000.WAV,2024-04-16,14:00:00,17280488
R104,R104_N1,R104_N1_20240416_180000.WAV,2024-04-16,18:00:00,17280488
R104,R104_N1,R104_N1_20240417_000000.WAV,2024-04-17,00:00:00,17280488
R104,R104_N1,R104_N1_20240417_040000.WAV,2024-04-17,04:00:00,17280488
R104,R104_N1,R104_N1_20240417_140000.WAV,2024-04-17,14:00:00,17280488
R104,R104_N1,R104_N1_20240417_180000.WAV,2024-04-17,18:00:00,17280488
R104,R104_N1,R104_N1_20240418_000000.WAV,2024-04-18,00:00:00,17280488
R104,R104_N1,R104_N1_20240418_040000.WAV,2024-04-18,04:00:00,17280488
R104,R104_N1,R104_N1_20240418_140000.WAV,2024-04-18,14:00:00,17280488
R104,R104_N1,R104_N1_20240418_180000.WAV,2024-04-18,18:00:00,17280488
R104,R104_N1,R104_N1_20240419_000000.WAV,2024-04-19,00:00:00,17280488
R104,R104_N1,R104_N1_20240419_040000.WAV,2024-04-19,04:00:00,17280488
R104,R104_N1,R104_N1_20240419_140000.WAV,2024-04-19,14:00:00,17280488
R104,R104_N1,R104_N1_20240419_180000.WAV,2024-04-19,18:00:00,17280488
R104,R104_N1,R104_N1_20240420_000000.WAV,2024-04-20,00:00:00,17280488
R104,R104_N1,R104_N1_20240420_040000.WAV,2024-04-20,04:00:00,17280488
R104,R104_N1,R104_N1_20240420_140000.WAV,2024-04-20,14:00:00,17280488
R104,R104_N1,R104_N1_20240420_180000.WAV,2024-04-20,18:00:00,17280488
R104,R104_N1,R104_N1_20240421_000000.WAV,2024-04-21,00:00:00,17280488
R104,R104_N1,R104_N1_20240421_040000.WAV,2024-04-21,04:00:00,17280488
R104,R104_N1,R104_N1_20240421_140000.WAV,2024-04-21,14:00:00,17280488
R104,R104_N1,R104_N1_20240421_180000.WAV,2024-04-21,18:00:00,17280488
R104,R104_N1,R104_N1_20240422_000000.WAV,2024-04-22,00:00:00,17280488
R104,R104_N1,R104_N1_20240422_040000.WAV,2024-04-22,04:00:00,17280488
R104,R104_N1,R104_N1_20240422_140000.WAV,2024-04-22,14:00:00,17280488
R104,R104_N1,R104_N1_20240422_180000.WAV,2024-04-22,18:00:00,17280488
R104,R104_N1,R104_N1_20240423_000000.WAV,2024-04-23,00:00:00,17280488
R104,R104_N1,R104_N1_20240423_040000.WAV,2024-04-23,04:00:00,17280488
R104,R104_N1,R104_N1_20240423_140000.WAV,2024-04-23,14:00:00,17280488
R104,R104_N1,R104_N1_20240423_180000.WAV,2024-04-23,18:00:00,17280488
R104,R104_N1,R104_N1_20240424_000000.WAV,2024-04-24,00:00:00,17280488
R104,R104_N1,R104_N1_20240424_040000.WAV,2024-04-24,04:00:00,17280488
R104,R104_N1,R104_N1_20240424_140000.WAV,2024-04-24,14:00:00,17280488
R104,R104_N1,R104_N1_20240424_180000.WAV,2024-04-24,18:00:00,17280488
R104,R104_N1,R104_N1_20240425_000000.WAV,2024-04-25,00:00:00,17280488
R104,R104_N1,R104_N1_20240425_040000.WAV,2024-04-25,04:00:00,17280488
R104,R104_N1,R104_N1_20240425_140000.WAV,2024-04-25,14:00:00,17280488
R104,R104_N1,R104_N1_20240425_180000.WAV,2024-04-25,18:00:00,17280488
R104,R104_N1,R104_N1_20240426_000000.WAV,2024-04-26,00:00:00,17280488
R104,R104_N1,R104_N1_20240426_040000.WAV,2024-04-26,04:00:00,17280488
R104,R104_N1,R104_N1_20240426_140000.WAV,2024-04-26,14:00:00,17280488
R104,R104_N1,R104_N1_20240426_180000.WAV,2024-04-26,18:00:00,17280488
R104,R104_N1,R104_N1_20240427_000000.WAV,2024-04-27,00:00:00,17280488
R104,R104_N1,R104_N1_20240427_040000.WAV,2024-04-27,04:00:00,17280488
R104,R104_N1,R104_N1_20240427_140000.WAV,2024-04-27,14:00:00,17280488
R104,R104_N1,R104_N1_20240427_180000.WAV,2024-04-27,18:00:00,17280488
R104,R104_N1,R104_N1_20240428_000000.WAV,2024-04-28,00:00:00,17280488
R104,R104_N1,R104_N1_20240428_040000.WAV,2024-04-28,04:00:00,17280488
R104,R104_N1,R104_N1_20240428_140000.WAV,2024-04-28,14:00:00,17280488
R104,R104_N1,R104_N1_20240428_180000.WAV,2024-04-28,18:00:00,17280488
R104,R104_N1,R104_N1_20240429_000000.WAV,2024-04-29,00:00:00,17280488
R104,R104_N1,R104_N1_20240429_040000.WAV,2024-04-29,04:00:00,17280488
R104,R104_N1,R104_N1_20240429_140000.WAV,2024-04-29,14:00:00,17280488
R104,R104_N1,R104_N1_20240429_180000.WAV,2024-04-29,18:00:00,17280488
R104,R104_N1,R104_N1_20240430_000000.WAV,2024-04-30,00:00:00,17280488
R104,R104_N1,R104_N1_20240430_040000.WAV,2024-04-30,04:00:00,17280488
R104,R104_N1,R104_N1_20240430_140000.WAV,2024-04-30,14:00:00,17280488
R104,R104_N1,R104_N1_20240430_180000.WAV,2024-04-30,18:00:00,17280488
R104,R104_N1,R104_N1_20240501_000000.WAV,2024-05-01,00:00:00,17280488
R104,R104_N1,R104_N1_20240501_040000.WAV,2024-05-01,04:00:00,17280488
R104,R104_N1,R104_N1_20240501_140000.WAV,2024-05-01,14:00:00,17280488
R104,R104_N1,R104_N1_20240501_180000.WAV,2024-05-01,18:00:00,17280488
R104,R104_N1,R104_N1_20240502_000000.WAV,2024-05-02,00:00:00,17280488
R104,R104_N1,R104_N1_20240502_040000.WAV,2024-05-02,04:00:00,17280488
R104,R104_N1,R104_N1_20240502_140000.WAV,2024-05-02,14:00:00,17280488
R104,R104_N1,R104_N1_20240502_180000.WAV,2024-05-02,18:00:00,17280488
R104,R104_N1,R104_N1_20240503_000000.WAV,2024-05-03,00:00:00,17280488
R104,R104_N1,R104_N1_20240503_040000.WAV,2024-05-03,04:00:00,17280488
R104,R104_N1,R104_N1_20240503_140000.WAV,2024-05-03,14:00:00,17280488
R104,R104_N1,R104_N1_20240503_180000.WAV,2024-05-03,18:00:00,17280488
R104,R104_N1,R104_N1_20240504_000000.WAV,2024-05-04,00:00:00,17280488
R104,R104_N1,R104_N1_20240504_040000.WAV,2024-05-04,04:00:00,17280488
R104,R104_N1,R104_N1_20240504_140000.WAV,2024-05-04,14:00:00,17280488
R104,R104_N1,R104_N1_20240504_180000.WAV,2024-05-04,18:00:00,17280488
R104,R104_N1,R104_N1_20240505_000000.WAV,2024-05-05,00:00:00,17280488
R104,R104_N1,R104_N1_20240505_040000.WAV,2024-05-05,04:00:00,17280488
R104,R104_N1,R104_N1_20240505_140000.WAV,2024-05-05,14:00:00,17280488
R104,R104_N1,R104_N1_20240505_180000.WAV,2024-05-05,18:00:00,17280488
R104,R104_N1,R104_N1_20240506_000000.WAV,2024-05-06,00:00:00,17280488
R104,R104_N1,R104_N1_20240506_040000.WAV,2024-05-06,04:00:00,17280488
R104,R104_N1,R104_N1_20240506_140000.WAV,2024-05-06,14:00:00,17280488
R104,R104_N1,R104_N1_20240506_180000.WAV,2024-05-06,18:00:00,17280488
R104,R104_N1,R104_N1_20240507_000000.WAV,2024-05-07,00:00:00,17280488
R104,R104_N1,R104_N1_20240507_040000.WAV,2024-05-07,04:00:00,17280488
R104,R104_N1,R104_N1_20240507_140000.WAV,2024-05-07,14:00:00,17280488
R104,R104_N1,R104_N1_20240507_180000.WAV,2024-05-07,18:00:00,17280488
R104,R104_N1,R104_N1_20240508_000000.WAV,2024-05-08,00:00:00,17280488
R104,R104_N1,R104_N1_20240508_040000.WAV,2024-05-08,04:00:00,17280488
R104,R104_N1,R104_N1_20240508_140000.WAV,2024-05-08,14:00:00,17280488
R104,R104_N1,R104_N1_20240508_180000.WAV,2024-05-08,18:00:00,17280488
R104,R104_N1,R104_N1_20240509_000000.WAV,2024-05-09,00:00:00,17280488
R104,R104_N1,R104_N1_20240509_040000.WAV,2024-05-09,04:00:00,17280488
R104,R104_N1,R104_N1_20240509_140000.WAV,2024-05-09,14:00:00,17280488
R104,R104_N1,R104_N1_20240509_180000.WAV,2024-05-09,18:00:00,17280488
R104,R104_N1,R104_N1_20240510_000000.WAV,2024-05-10,00:00:00,17280488
R104,R104_N1,R104_N1_20240510_040000.WAV,2024-05-10,04:00:00,17280488
R104,R104_N1,R104_N1_20240510_140000.WAV,2024-05-10,14:00:00,17280488
R104,R104_N1,R104_N1_20240510_180000.WAV,2024-05-10,18:00:00,17280488
R104,R104_N1,R104_N1_20240511_000000.WAV,2024-05-11,00:00:00,17280488
R104,R104_N1,R104_N1_20240511_040000.WAV,2024-05-11,04:00:00,17280488
R104,R104_N1,R104_N1_20240511_140000.WAV,2024-05-11,14:00:00,17280488
R104,R104_N1,R104_N1_20240511_180000.WAV,2024-05-11,18:00:00,17280488
R104,R104_N1,R104_N1_20240512_000000.WAV,2024-05-12,00:00:00,17280488
R104,R104_N1,R104_N1_20240512_040000.WAV,2024-05-12,04:00:00,17280488
R104,R104_N1,R104_N1_20240512_140000.WAV,2024-05-12,14:00:00,17280488
R104,R104_N1,R104_N1_20240512_180000.WAV,2024-05-12,18:00:00,17280488
R104,R104_N1,R104_N1_20240513_000000.WAV,2024-05-13,00:00:00,17280488
R104,R104_N1,R104_N1_20240513_040000.WAV,2024-05-13,04:00:00,17280488
R104,R104_N1,R104_N1_20240513_140000.WAV,2024-05-13,14:00:00,17280488
R104,R104_N1,R104_N1_20240513_180000.WAV,2024-05-13,18:00:00,17280488
R104,R104_N1,R104_N1_20240514_000000.WAV,2024-05-14,00:00:00,17280488
R104,R104_N1,R104_N1_20240514_040000.WAV,2024-05-14,04:00:00,17280488
R104,R104_N1,R104_N1_20240514_140000.WAV,2024-05-14,14:00:00,17280488
R104,R104_N1,R104_N1_20240514_180000.WAV,2024-05-14,18:00:00,17280488
R104,R104_N1,R104_N1_20240515_000000.WAV,2024-05-15,00:00:00,17280488
R104,R104_N1,R104_N1_20240515_040000.WAV,2024-05-15,04:00:00,17280488
R104,R104_N1,R104_N1_20240515_140000.WAV,2024-05-15,14:00:00,17280488
R104,R104_N1,R104_N1_20240515_180000.WAV,2024-05-15,18:00:00,17280488
R104,R104_N1,R104_N1_20240516_000000.WAV,2024-05-16,00:00:00,17280488
R104,R104_N1,R104_N1_20240516_040000.WAV,2024-05-16,04:00:00,17280488
R104,R104_N1,R104_N1_20240516_140000.WAV,2024-05-16,14:00:00,17280488
R104,R104_N1,R104_N1_20240516_180000.WAV,2024-05-16,18:00:00,17280488
R104,R104_N1,R104_N1_20240517_000000.WAV,2024-05-17,00:00:00,17280488
R104,R104_N1,R104_N1_20240517_040000.WAV,2024-05-17,04:00:00,17280488
R104,R104_N1,R104_N1_20240517_140000.WAV,2024-05-17,14:00:00,17280488
R104,R104_N1,R104_N1_20240517_180000.WAV,2024-05-17,18:00:00,17280488
R104,R104_N1,R104_N1_20240518_000000.WAV,2024-05-18,00:00:00,17280488
R104,R104_N1,R104_N1_20240518_040000.WAV,2024-05-18,04:00:00,17280488
R104,R104_N1,R104_N1_20240518_140000.WAV,2024-05-18,14:00:00,17280488
R104,R104_N1,R104_N1_20240518_180000.WAV,2024-05-18,18:00:00,17280488
R104,R104_N1,R104_N1_20240519_000000.WAV,2024-05-19,00:00:00,17280488
R104,R104_N1,R104_N1_20240519_040000.WAV,2024-05-19,04:00:00,17280488
R104,R104_N1,R104_N1_20240519_140000.WAV,2024-05-19,14:00:00,17280488
R104,R104_N1,R104_N1_20240519_180000.WAV,2024-05-19,18:00:00,17280488
R104,R104_N1,R104_N1_20240520_000000.WAV,2024-05-20,00:00:00,17280488
R104,R104_N1,R104_N1_20240520_040000.WAV,2024-05-20,04:00:00,17280488
R104,R104_N1,R104_N1_20240520_140000.WAV,2024-05-20,14:00:00,17280488
R104,R104_N1,R104_N1_20240520_180000.WAV,2024-05-20,18:00:00,17280488
R104,R104_N1,R104_N1_20240521_000000.WAV,2024-05-21,00:00:00,17280488
R104,R104_N1,R104_N1_20240521_040000.WAV,2024-05-21,04:00:00,17280488
R104,R104_N1,R104_N1_20240521_140000.WAV,2024-05-21,14:00:00,17280488
R104,R104_N1,R104_N1_20240521_180000.WAV,2024-05-21,18:00:00,17280488
R104,R104_N1,R104_N1_20240522_000000.WAV,2024-05-22,00:00:00,17280488
R104,R104_N1,R104_N1_20240522_040000.WAV,2024-05-22,04:00:00,17280488
R104,R104_N1,R104_N1_20240522_140000.WAV,2024-05-22,14:00:00,17280488
R104,R104_N1,R104_N1_20240522_180000.WAV,2024-05-22,18:00:00,17280488
R104,R104_N1,R104_N1_20240523_000000.WAV,2024-05-23,00:00:00,17280488
R104,R104_N1,R104_N1_20240523_040000.WAV,2024-05-23,04:00:00,17280488
R104,R104_N1,R104_N1_20240523_140000.WAV,2024-05-23,14:00:00,17280488
R104,R104_N1,R104_N1_20240523_180000.WAV,2024-05-23,18:00:00,17280488
R104,R104_N1,R104_N1_20240524_000000.WAV,2024-05-24,00:00:00,17280488
R104,R104_N1,R104_N1_20240524_040000.WAV,2024-05-24,04:00:00,17280488
R104,R104_N1,R104_N1_20240524_140000.WAV,2024-05-24,14:00:00,17280488
R104,R104_N1,R104_N1_20240524_180000.WAV,2024-05-24,18:00:00,17280488
R104,R104_N1,R104_N1_20240525_000000.WAV,2024-05-25,00:00:00,17280488
R104,R104_N1,R104_N1_20240525_040000.WAV,2024-05-25,04:00:00,17280488
R104,R104_N1,R104_N1_20240525_140000.WAV,2024-05-25,14:00:00,17280488
R104,R104_N1,R104_N1_20240525_180000.WAV,2024-05-25,18:00:00,17280488
R104,R104_N1,R104_N1_20240526_000000.WAV,2024-05-26,00:00:00,17280488
R104,R104_N1,R104_N1_20240526_040000.WAV,2024-05-26,04:00:00,17280488
R104,R104_N1,R104_N1_20240526_140000.WAV,2024-05-26,14:00:00,17280488
R104,R104_N1,R104_N1_20240526_180000.WAV,2024-05-26,18:00:00,17280488
R104,R104_N1,R104_N1_20240527_000000.WAV,2024-05-27,00:00:00,17280488
R104,R104_N1,R104_N1_20240527_040000.WAV,2024-05-27,04:00:00,17280488
R104,R104_N1,R104_N1_20240527_140000.WAV,2024-05-27,14:00:00,17280488
R104,R104_N1,R104_N1_20240527_180000.WAV,2024-05-27,18:00:00,17280488
R104,R104_N1,R104_N1_20240528_000000.WAV,2024-05-28,00:00:00,17280488
R104,R104_N1,R104_N1_20240528_040000.WAV,2024-05-28,04:00:00,17280488
R104,R104_N1,R104_N1_20240528_140000.WAV,2024-05-28,14:00:00,17280488
R104,R104_N1,R104_N1_20240528_180000.WAV,2024-05-28,18:00:00,17280488
R104,R104_N1,R104_N1_20240529_000000.WAV,2024-05-29,00:00:00,17280488
R104,R104_N1,R104_N1_20240529_040000.WAV,2024-05-29,04:00:00,17280488
R104,R104_N1,R104_N1_20240529_140000.WAV,2024-05-29,14:00:00,17280488
R104,R104_N1,R104_N1_20240529_180000.WAV,2024-05-29,18:00:00,17280488
R104,R104_N1,R104_N1_20240530_000000.WAV,2024-05-30,00:00:00,17280488
R104,R104_N1,R104_N1_20240530_040000.WAV,2024-05-30,04:00:00,17280488
R104,R104_N1,R104_N1_20240530_140000.WAV,2024-05-30,14:00:00,17280488
R104,R104_N1,R104_N1_20240530_180000.WAV,2024-05-30,18:00:00,17280488
R104,R104_N1,R104_N1_20240531_000000.WAV,2024-05-31,00:00:00,17280488
R104,R104_N1,R104_N1_20240531_040000.WAV,2024-05-31,04:00:00,17280488
R104,R104_N1,R104_N1_20240531_140000.WAV,2024-05-31,14:00:00,17280488
R104,R104_N1,R104_N1_20240531_180000.WAV,2024-05-31,18:00:00,17280488
R104,R104_N1,R104_N1_20240601_000000.WAV,2024-06-01,00:00:00,17280488
R104,R104_N1,R104_N1_20240601_040000.WAV,2024-06-01,04:00:00,17280488
R104,R104_N1,R104_N1_20240601_140000.WAV,2024-06-01,14:00:00,17280488
R104,R104_N1,R104_N1_20240601_180000.WAV,2024-06-01,18:00:00,17280488
R104,R104_N1,R104_N1_20240602_000000.WAV,2024-06-02,00:00:00,17280488
R104,R104_N1,R104_N1_20240602_040000.WAV,2024-06-02,04:00:00,17280488
R104,R104_N1,R104_N1_20240602_140000.WAV,2024-06-02,14:00:00,17280488
R104,R104_N1,R104_N1_20240602_180000.WAV,2024-06-02,18:00:00,17280488
R104,R104_N1,R104_N1_20240603_000000.WAV,2024-06-03,00:00:00,17280488
R104,R104_N1,R104_N1_20240603_040000.WAV,2024-06-03,04:00:00,17280488
R104,R104_N1,R104_N1_20240603_140000.WAV,2024-06-03,14:00:00,17280488
R104,R104_N1,R104_N1_20240603_180000.WAV,2024-06-03,18:00:00,17280488
R104,R104_N1,R104_N1_20240604_000000.WAV,2024-06-04,00:00:00,17280488
R104,R104_N1,R104_N1_20240604_040000.WAV,2024-06-04,04:00:00,17280488
R104,R104_N1,R104_N1_20240604_140000.WAV,2024-06-04,14:00:00,17280488
R104,R104_N1,R104_N1_20240604_180000.WAV,2024-06-04,18:00:00,17280488
R104,R104_N1,R104_N1_20240605_000000.WAV,2024-06-05,00:00:00,17280488
R104,R104_N1,R104_N1_20240605_040000.WAV,2024-06-05,04:00:00,17280488
R104,R104_N1,R104_N1_20240605_140000.WAV,2024-06-05,14:00:00,17280488
R104,R104_N1,R104_N1_20240605_180000.WAV,2024-06-05,18:00:00,17280488
R104,R104_N1,R104_N1_20240606_000000.WAV,2024-06-06,00:00:00,17280488
R104,R104_N1,R104_N1_20240606_040000.WAV,2024-06-06,04:00:00,17280488
R104,R104_N1,R104_N1_20240606_140000.WAV,2024-06-06,14:00:00,17280488
R104,R104_N1,R104_N1_20240606_180000.WAV,2024-06-06,18:00:00,17280488
R104,R104_N1,R104_N1_20240607_000000.WAV,2024-06-07,00:00:00,17280488
R104,R104_N1,R104_N1_20240607_040000.WAV,2024-06-07,04:00:00,17280488
R104,R104_N1,R104_N1_20240607_140000.WAV,2024-06-07,14:00:00,17280488
R104,R104_N1,R104_N1_20240607_180000.WAV,2024-06-07,18:00:00,17280488
R104,R104_N1,R104_N1_20240608_000000.WAV,2024-06-08,00:00:00,17280488
R104,R104_N1,R104_N1_20240608_040000.WAV,2024-06-08,04:00:00,17280488
R104,R104_N1,R104_N1_20240608_140000.WAV,2024-06-08,14:00:00,17280488
R104,R104_N1,R104_N1_20240608_180000.WAV,2024-06-08,18:00:00,17280488
R104,R104_N1,R104_N1_20240609_000000.WAV,2024-06-09,00:00:00,17280488
R104,R104_N1,R104_N1_20240609_040000.WAV,2024-06-09,04:00:00,17280488
R104,R104_N1,R104_N1_20240609_140000.WAV,2024-06-09,14:00:00,17280488
R104,R104_N1,R104_N1_20240609_180000.WAV,2024-06-09,18:00:00,17280488
R104,R104_N1,R104_N1_20240610_000000.WAV,2024-06-10,00:00:00,17280488
R104,R104_N1,R104_N1_20240610_040000.WAV,2024-06-10,04:00:00,17280488
R104,R104_N1,R104_N1_20240610_140000.WAV,2024-06-10,14:00:00,17280488
R104,R104_N1,R104_N1_20240610_180000.WAV,2024-06-10,18:00:00,17280488
R104,R104_N1,R104_N1_20240611_000000.WAV,2024-06-11,00:00:00,17280488
R104,R104_N1,R104_N1_20240611_040000.WAV,2024-06-11,04:00:00,17280488
R104,R104_N1,R104_N1_20240611_140000.WAV,2024-06-11,14:00:00,17280488
R104,R104_N1,R104_N1_20240611_180000.WAV,2024-06-11,18:00:00,17280488
R104,R104_N1,R104_N1_20240612_000000.WAV,2024-06-12,00:00:00,17280488
R104,R104_N1,R104_N1_20240612_040000.WAV,2024-06-12,04:00:00,17280488
R104,R104_N1,R104_N1_20240612_140000.WAV,2024-06-12,14:00:00,17280488
R104,R104_N1,R104_N1_20240612_180000.WAV,2024-06-12,18:00:00,17280488
R104,R104_N1,R104_N1_20240613_000000.WAV,2024-06-13,00:00:00,17280488
R104,R104_N1,R104_N1_20240613_040000.WAV,2024-06-13,04:00:00,17280488
R104,R104_N1,R104_N1_20240613_140000.WAV,2024-06-13,14:00:00,17280488
R104,R104_N1,R104_N1_20240613_180000.WAV,2024-06-13,18:00:00,17280488
R104,R104_N1,R104_N1_20240614_000000.WAV,2024-06-14,00:00:00,17280488
R104,R104_N1,R104_N1_20240614_040000.WAV,2024-06-14,04:00:00,17280488
R104,R104_N1,R104_N1_20240614_140000.WAV,2024-06-14,14:00:00,17280488
R104,R104_N1,R104_N1_20240614_180000.WAV,2024-06-14,18:00:00,17280488
R104,R104_N1,R104_N1_20240615_000000.WAV,2024-06-15,00:00:00,17280488
R104,R104_N1,R104_N1_20240615_040000.WAV,2024-06-15,04:00:00,17280488
R104,R104_N1,R104_N1_20240615_140000.WAV,2024-06-15,14:00:00,17280488
R104,R104_N1,R104_N1_20240615_180000.WAV,2024-06-15,18:00:00,17280488
R104,R104_N1,R104_N1_20240616_000000.WAV,2024-06-16,00:00:00,17280488
R104,R104_N1,R104_N1_20240616_040000.WAV,2024-06-16,04:00:00,17280488
R104,R104_N1,R104_N1_20240616_140000.WAV,2024-06-16,14:00:00,17280488
R104,R104_N1,R104_N1_20240616_180000.WAV,2024-06-16,18:00:00,17280488
R104,R104_N1,R104_N1_20240617_000000.WAV,2024-06-17,00:00:00,17280488
R104,R104_N1,R104_N1_20240617_040000.WAV,2024-06-17,04:00:00,17280488
R104,R104_N1,R104_N1_20240617_140000.WAV,2024-06-17,14:00:00,17280488
R104,R104_N1,R104_N1_20240617_180000.WAV,2024-06-17,18:00:00,17280488
R104,R104_N1,R104_N1_20240618_000000.WAV,2024-06-18,00:00:00,17280488
R104,R104_N1,R104_N1_20240618_040000.WAV,2024-06-18,04:00:00,17280488
R104,R104_N1,R104_N1_20240618_140000.WAV,2024-06-18,14:00:00,17280488
R104,R104_N1,R104_N1_20240618_180000.WAV,2024-06-18,18:00:00,17280488
R104,R104_N1,R104_N1_20240619_000000.WAV,2024-06-19,00:00:00,17280488
R104,R104_N1,R104_N1_20240619_040000.WAV,2024-06-19,04:00:00,17280488
R104,R104_N1,R104_N1_20240619_140000.WAV,2024-06-19,14:00:00,17280488
R104,R104_N1,R104_N1_20240619_180000.WAV,2024-06-19,18:00:00,17280488
R104,R104_N1,R104_N1_20240620_000000.WAV,2024-06-20,00:00:00,17280488
R104,R104_N1,R104_N1_20240620_040000.WAV,2024-06-20,04:00:00,17280488
R104,R104_N1,R104_N1_20240620_140000.WAV,2024-06-20,14:00:00,17280488
R104,R104_N1,R104_N1_20240620_180000.WAV,2024-06-20,18:00:00,17280488
R104,R104_N1,R104_N1_20240621_000000.WAV,2024-06-21,00:00:00,17280488
R104,R104_N1,R104_N1_20240621_040000.WAV,2024-06-21,04:00:00,17280488
R104,R104_N1,R104_N1_20240621_140000.WAV,2024-06-21,14:00:00,17280488
R104,R104_N1,R104_N1_20240621_180000.WAV,2024-06-21,18:00:00,17280488
R104,R104_N1,R104_N1_20240622_000000.WAV,2024-06-22,00:00:00,17280488
R104,R104_N1,R104_N1_20240622_040000.WAV,2024-06-22,04:00:00,17280488
R104,R104_N1,R104_N1_20240622_140000.WAV,2024-06-22,14:00:00,17280488
R104,R104_N1,R104_N1_20240622_180000.WAV,2024-06-22,18:00:00,17280488
R104,R104_N1,R104_N1_20240623_000000.WAV,2024-06-23,00:00:00,17280488
R104,R104_N1,R104_N1_20240623_040000.WAV,2024-06-23,04:00:00,17280488
R104,R104_N1,R104_N1_20240623_140000.WAV,2024-06-23,14:00:00,17280488
R104,R104_N1,R104_N1_20240623_180000.WAV,2024-06-23,18:00:00,17280488
R104,R104_N1,R104_N1_20240624_000000.WAV,2024-06-24,00:00:00,17280488
R104,R104_N1,R104_N1_20240624_040000.WAV,2024-06-24,04:00:00,17280488
R104,R104_N1,R104_N1_20240624_140000.WAV,2024-06-24,14:00:00,17280488
R104,R104_N1,R104_N1_20240624_180000.WAV,2024-06-24,18:00:00,17280488
R104,R104_N1,R104_N1_20240625_000000.WAV,2024-06-25,00:00:00,17280488
R104,R104_N1,R104_N1_20240625_040000.WAV,2024-06-25,04:00:00,17280488
R104,R104_N1,R104_N1_20240625_140000.WAV,2024-06-25,14:00:00,17280488
R104,R104_N1,R104_N1_20240625_180000.WAV,2024-06-25,18:00:00,17280488
R104,R104_N1,R104_N1_20240626_000000.WAV,2024-06-26,00:00:00,17280488
R104,R104_N1,R104_N1_20240626_040000.WAV,2024-06-26,04:00:00,17280488
R104,R104_N1,R104_N1_20240626_140000.WAV,2024-06-26,14:00:00,17280488
R104,R104_N1,R104_N1_20240626_180000.WAV,2024-06-26,18:00:00,17280488
R104,R104_N1,R104_N1_20240627_000000.WAV,2024-06-27,00:00:00,17280488
R104,R104_N1,R104_N1_20240627_040000.WAV,2024-06-27,04:00:00,17280488
R104,R104_N1,R104_N1_20240627_140000.WAV,2024-06-27,14:00:00,17280488
R104,R104_N1,R104_N1_20240627_180000.WAV,2024-06-27,18:00:00,17280488
R104,R104_N1,R104_N1_20240628_000000.WAV,2024-06-28,00:00:00,17280488
R104,R104_N1,R104_N1_20240628_040000.WAV,2024-06-28,04:00:00,17280488
R104,R104_N1,R104_N1_20240628_140000.WAV,2024-06-28,14:00:00,17280488
R104,R104_N1,R104_N1_20240628_180000.WAV,2024-06-28,18:00:00,17280488
R104,R104_N1,R104_N1_20240629_000000.WAV,2024-06-29,00:00:00,17280488
R104,R104_N1,R104_N1_20240629_040000.WAV,2024-06-29,04:00:00,17280488
R104,R104_N1,R104_N1_20240629_140000.WAV,2024-06-29,14:00:00,17280488
R104,R104_N1,R104_N1_20240629_180000.WAV,2024-06-29,18:00:00,17280488
R104,R104_N1,R104_N1_20240630_000000.WAV,2024-06-30,00:00:00,17280488
R104,R104_N1,R104_N1_20240630_040000.WAV,2024-06-30,04:00:00,17280488
R104,R104_N1,R104_N1_20240630_140000.WAV,2024-06-30,14:00:00,17280488
R104,R104_N1,R104_N1_20240630_180000.WAV,2024-06-30,18:00:00,17280488
R104,R104_N1,R104_N1_20240701_000000.WAV,2024-07-01,00:00:00,17280488
R104,R104_N1,R104_N1_20240701_040000.WAV,2024-07-01,04:00:00,17280488
R104,R104_N1,R104_N1_20240701_140000.WAV,2024-07-01,14:00:00,17280488
R104,R104_N1,R104_N1_20240701_180000.WAV,2024-07-01,18:00:00,17280488
R104,R104_N1,R104_N1_20240702_000000.WAV,2024-07-02,00:00:00,17280488
R104,R104_N1,R104_N1_20240702_040000.WAV,2024-07-02,04:00:00,17280488
R104,R104_N1,R104_N1_20240702_140000.WAV,2024-07-02,14:00:00,17280488
R104,R104_N1,R104_N1_20240702_180000.WAV,2024-07-02,18:00:00,17280488
R104,R104_N1,R104_N1_20240703_000000.WAV,2024-07-03,00:00:00,17280488
R104,R104_N1,R104_N1_20240703_040000.WAV,2024-07-03,04:00:00,17280488
R104,R104_N1,R104_N1_20240703_140000.WAV,2024-07-03,14:00:00,17280488
R104,R104_N1,R104_N1_20240703_180000.WAV,2024-07-03,18:00:00,17280488
R104,R104_N1,R104_N1_20240704_000000.WAV,2024-07-04,00:00:00,17280488
R104,R104_N1,R104_N1_20240704_040000.WAV,2024-07-04,04:00:00,17280488
R104,R104_N1,R104_N1_20240704_140000.WAV,2024-07-04,14:00:00,17280488
R104,R104_N1,R104_N1_20240704_180000.WAV,2024-07-04,18:00:00,17280488
R104,R104_N1,R104_N1_20240705_000000.WAV,2024-07-05,00:00:00,17280488
R104,R104_N1,R104_N1_20240705_040000.WAV,2024-07-05,04:00:00,17280488
R104,R104_N1,R104_N1_20240705_140000.WAV,2024-07-05,14:00:00,17280488
R104,R104_N1,R104_N1_20240705_180000.WAV,2024-07-05,18:00:00,17280488
R104,R104_N1,R104_N1_20240706_000000.WAV,2024-07-06,00:00:00,17280488
R104,R104_N1,R104_N1_20240706_040000.WAV,2024-07-06,04:00:00,17280488
R104,R104_N1,R104_N1_20240706_140000.WAV,2024-07-06,14:00:00,17280488
R104,R104_N1,R104_N1_20240706_180000.WAV,2024-07-06,18:00:00,17280488
R104,R104_N1,R104_N1_20240707_000000.WAV,2024-07-07,00:00:00,17280488
R104,R104_N1,R104_N1_20240707_040000.WAV,2024-07-07,04:00:00,17280488
R104,R104_N1,R104_N1_20240707_140000.WAV,2024-07-07,14:00:00,17280488
R104,R104_N1,R104_N1_20240707_180000.WAV,2024-07-07,18:00:00,17280488
R104,R104_N1,R104_N1_20240708_000000.WAV,2024-07-08,00:00:00,17280488
R104,R104_N1,R104_N1_20240708_040000.WAV,2024-07-08,04:00:00,17280488
R104,R104_N1,R104_N1_20240708_140000.WAV,2024-07-08,14:00:00,17280488
R104,R104_N1,R104_N1_20240708_180000.WAV,2024-07-08,18:00:00,17280488
R104,R104_N1,R104_N1_20240709_000000.WAV,2024-07-09,00:00:00,17280488
R104,R104_N1,R104_N1_20240709_040000.WAV,2024-07-09,04:00:00,17280488
R104,R104_N1,R104_N1_20240709_140000.WAV,2024-07-09,14:00:00,17280488
R104,R104_N1,R104_N1_20240709_180000.WAV,2024-07-09,18:00:00,17280488
R104,R104_N1,R104_N1_20240710_000000.WAV,2024-07-10,00:00:00,17280488
R104,R104_N1,R104_N1_20240710_040000.WAV,2024-07-10,04:00:00,17280488
R104,R104_N1,R104_N1_20240710_140000.WAV,2024-07-10,14:00:00,17280488
R104,R104_N1,R104_N1_20240710_180000.WAV,2024-07-10,18:00:00,17280488
R104,R104_N1,R104_N1_20240711_000000.WAV,2024-07-11,00:00:00,17280488
R104,R104_N1,R104_N1_20240711_040000.WAV,2024-07-11,04:00:00,17280488
R104,R104_N1,R104_N1_20240711_140000.WAV,2024-07-11,14:00:00,17280488
R104,R104_N1,R104_N1_20240711_180000.WAV,2024-07-11,18:00:00,17280488
R104,R104_N1,R104_N1_20240712_000000.WAV,2024-07-12,00:00:00,17280488
R104,R104_N1,R104_N1_20240712_040000.WAV,2024-07-12,04:00:00,17280488
R104,R104_N1,R104_N1_20240712_140000.WAV,2024-07-12,14:00:00,17280488
R104,R104_N1,R104_N1_20240712_180000.WAV,2024-07-12,18:00:00,17280488
R104,R104_N1,R104_N1_20240713_000000.WAV,2024-07-13,00:00:00,17280488
R104,R104_N1,R104_N1_20240713_040000.WAV,2024-07-13,04:00:00,17280488
R104,R104_N1,R104_N1_20240713_140000.WAV,2024-07-13,14:00:00,17280488
R104,R104_N1,R104_N1_20240713_180000.WAV,2024-07-13,18:00:00,17280488
R104,R104_N1,R104_N1_20240714_000000.WAV,2024-07-14,00:00:00,17280488
R104,R104_N1,R104_N1_20240714_040000.WAV,2024-07-14,04:00:00,17280488
R104,R104_N1,R104_N1_20240714_140000.WAV,2024-07-14,14:00:00,17280488
R104,R104_N1,R104_N1_20240714_180000.WAV,2024-07-14,18:00:00,17280488
R104,R104_N1,R104_N1_20240715_000000.WAV,2024-07-15,00:00:00,17280488
R104,R104_N1,R104_N1_20240715_040000.WAV,2024-07-15,04:00:00,17280488
R104,R104_N1,R104_N1_20240715_140000.WAV,2024-07-15,14:00:00,17280488
R104,R104_N1,R104_N1_20240715_180000.WAV,2024-07-15,18:00:00,17280488
R104,R104_N1,R104_N1_20240716_000000.WAV,2024-07-16,00:00:00,17280488
R104,R104_N1,R104_N1_20240716_040000.WAV,2024-07-16,04:00:00,17280488
R104,R104_N1,R104_N1_20240716_140000.WAV,2024-07-16,14:00:00,17280488
R104,R104_N1,R104_N1_20240716_180000.WAV,2024-07-16,18:00:00,17280488
R104,R104_N1,R104_N1_20240717_000000.WAV,2024-07-17,00:00:00,17280488
R104,R104_N1,R104_N1_20240717_040000.WAV,2024-07-17,04:00:00,17280488
R104,R104_N1,R104_N1_20240717_140000.WAV,2024-07-17,14:00:00,17280488
R104,R104_N1,R104_N1_20240717_180000.WAV,2024-07-17,18:00:00,17280488
R104,R104_N1,R104_N1_20240718_000000.WAV,2024-07-18,00:00:00,17280488
R104,R104_N1,R104_N1_20240718_040000.WAV,2024-07-18,04:00:00,17280488
R104,R104_N1,R104_N1_20240718_140000.WAV,2024-07-18,14:00:00,17280488
R104,R104_N1,R104_N1_20240718_180000.WAV,2024-07-18,18:00:00,17280488
R104,R104_N1,R104_N1_20240719_000000.WAV,2024-07-19,00:00:00,17280488
R104,R104_N1,R104_N1_20240719_040000.WAV,2024-07-19,04:00:00,17280488
R104,R104_N1,R104_N1_20240719_140000.WAV,2024-07-19,14:00:00,17280488
R104,R104_N1,R104_N1_20240719_180000.WAV,2024-07-19,18:00:00,17280488
R104,R104_N1,R104_N1_20240720_000000.WAV,2024-07-20,00:00:00,17280488
R104,R104_N1,R104_N1_20240720_040000.WAV,2024-07-20,04:00:00,17280488
R104,R104_N1,R104_N1_20240720_140000.WAV,2024-07-20,14:00:00,17280488
R104,R104_N1,R104_N1_20240720_180000.WAV,2024-07-20,18:00:00,17280488
R104,R104_N1,R104_N1_20240721_000000.WAV,2024-07-21,00:00:00,17280488
R104,R104_N1,R104_N1_20240721_040000.WAV,2024-07-21,04:00:00,17280488
R104,R104_N1,R104_N1_20240721_140000.WAV,2024-07-21,14:00:00,17280488
R104,R104_N1,R104_N1_20240721_180000.WAV,2024-07-21,18:00:00,17280488
R104,R104_N1,R104_N1_20240722_000000.WAV,2024-07-22,00:00:00,17280488
R104,R104_N1,R104_N1_20240722_040000.WAV,2024-07-22,04:00:00,17280488
R104,R104_N1,R104_N1_20240722_140000.WAV,2024-07-22,14:00:00,17280488
R104,R104_N1,R104_N1_20240722_180000.WAV,2024-07-22,18:00:00,17280488
R104,R104_N1,R104_N1_20240723_000000.WAV,2024-07-23,00:00:00,17280488
R104,R104_N1,R104_N1_20240723_040000.WAV,2024-07-23,04:00:00,17280488
R104,R104_N1,R104_N1_20240723_140000.WAV,2024-07-23,14:00:00,17280488
R104,R104_N1,R104_N1_20240723_180000.WAV,2024-07-23,18:00:00,17280488
R104,R104_N1,R104_N1_20240724_000000.WAV,2024-07-24,00:00:00,17280488
R104,R104_N1,R104_N1_20240724_040000.WAV,2024-07-24,04:00:00,17280488
R104,R104_N1,R104_N1_20240724_140000.WAV,2024-07-24,14:00:00,17280488
R104,R104_N1,R104_N1_20240724_180000.WAV,2024-07-24,18:00:00,17280488
R104,R104_N1,R104_N1_20240725_000000.WAV,2024-07-25,00:00:00,17280488
R104,R104_N1,R104_N1_20240725_040000.WAV,2024-07-25,04:00:00,17280488
R104,R104_N1,R104_N1_20240725_140000.WAV,2024-07-25,14:00:00,17280488
R104,R104_N1,R104_N1_20240725_180000.WAV,2024-07-25,18:00:00,17280488
R104,R104_N1,R104_N1_20240726_000000.WAV,2024-07-26,00:00:00,17280488
R104,R104_N1,R104_N1_20240726_040000.WAV,2024-07-26,04:00:00,17280488
R104,R104_N1,R104_N1_20240726_140000.WAV,2024-07-26,14:00:00,17280488
R104,R104_N1,R104_N1_20240726_180000.WAV,2024-07-26,18:00:00,17280488
R104,R104_N1,R104_N1_20240727_000000.WAV,2024-07-27,00:00:00,17280488
R104,R104_N1,R104_N1_20240727_040000.WAV,2024-07-27,04:00:00,17280488
R104,R104_N1,R104_N1_20240727_140000.WAV,2024-07-27,14:00:00,17280488
R104,R104_N1,R104_N1_20240727_180000.WAV,2024-07-27,18:00:00,17280488
R104,R104_N1,R104_N1_20240728_000000.WAV,2024-07-28,00:00:00,17280488
R104,R104_N1,R104_N1_20240728_040000.WAV,2024-07-28,04:00:00,17280488
R104,R104_N1,R104_N1_20240728_140000.WAV,2024-07-28,14:00:00,17280488
R104,R104_N1,R104_N1_20240728_180000.WAV,2024-07-28,18:00:00,17280488
R104,R104_N1,R104_N1_20240729_000000.WAV,2024-07-29,00:00:00,17280488
R104,R104_N1,R104_N1_20240729_040000.WAV,2024-07-29,04:00:00,17280488
R104,R104_N1,R104_N1_20240729_140000.WAV,2024-07-29,14:00:00,17280488
R104,R104_N1,R104_N1_20240729_180000.WAV,2024-07-29,18:00:00,17280488
R104,R104_N1,R104_N1_20240730_000000.WAV,2024-07-30,00:00:00,17280488
R104,R104_N1,R104_N1_20240730_040000.WAV,2024-07-30,04:00:00,17280488
R104,R104_N1,R104_N1_20240730_140000.WAV,2024-07-30,14:00:00,17280488
R104,R104_N1,R104_N1_20240730_180000.WAV,2024-07-30,18:00:00,17280488
R104,R104_N1,R104_N1_20240731_000000.WAV,2024-07-31,00:00:00,17280488
R104,R104_N1,R104_N1_20240731_040000.WAV,2024-07-31,04:00:00,17280488
R104,R104_N1,R104_N1_20240731_140000.WAV,2024-07-31,14:00:00,17280488
R104,R104_N1,R104_N1_20240731_180000.WAV,2024-07-31,18:00:00,17280488
R104,R104_N1,R104_N1_20240801_000000.WAV,2024-08-01,00:00:00,17280488
R104,R104_N1,R104_N1_20240801_040000.WAV,2024-08-01,04:00:00,17280488
R104,R104_N1,R104_N1_20240801_140000.WAV,2024-08-01,14:00:00,17280488
R104,R104_N1,R104_N1_20240801_180000.WAV,2024-08-01,18:00:00,17280488
R104,R104_N1,R104_N1_20240802_000000.WAV,2024-08-02,00:00:00,17280488
R104,R104_N1,R104_N1_20240802_040000.WAV,2024-08-02,04:00:00,17280488
R104,R104_N1,R104_N1_20240802_140000.WAV,2024-08-02,14:00:00,17280488
R104,R104_N1,R104_N1_20240802_180000.WAV,2024-08-02,18:00:00,17280488
R104,R104_N1,R104_N1_20240803_000000.WAV,2024-08-03,00:00:00,17280488
R104,R104_N1,R104_N1_20240803_040000.WAV,2024-08-03,04:00:00,17280488
R104,R104_N1,R104_N1_20240803_140000.WAV,2024-08-03,14:00:00,17280488
R104,R104_N1,R104_N1_20240803_180000.WAV,2024-08-03,18:00:00,17280488
R104,R104_N1,R104_N1_20240804_000000.WAV,2024-08-04,00:00:00,17280488
R104,R104_N1,R104_N1_20240804_040000.WAV,2024-08-04,04:00:00,17280488
R104,R104_N1,R104_N1_20240804_140000.WAV,2024-08-04,14:00:00,17280488
R104,R104_N1,R104_N1_20240804_180000.WAV,2024-08-04,18:00:00,17280488
R104,R104_N1,R104_N1_20240805_000000.WAV,2024-08-05,00:00:00,17280488
R104,R104_N1,R104_N1_20240805_040000.WAV,2024-08-05,04:00:00,17280488
R104,R104_N1,R104_N1_20240805_140000.WAV,2024-08-05,14:00:00,17280488
R104,R104_N1,R104_N1_20240805_180000.WAV,2024-08-05,18:00:00,17280488
R104,R104_N1,R104_N1_20240806_000000.WAV,2024-08-06,00:00:00,17280488
R104,R104_N1,R104_N1_20240806_040000.WAV,2024-08-06,04:00:00,17280488
R104,R104_N1,R104_N1_20240806_140000.WAV,2024-08-06,14:00:00,17280488
R104,R104_N1,R104_N1_20240806_180000.WAV,2024-08-06,18:00:00,17280488
R104,R104_N1,R104_N1_20240807_000000.WAV,2024-08-07,00:00:00,17280488
R104,R104_N1,R104_N1_20240807_040000.WAV,2024-08-07,04:00:00,17280488
R104,R104_N1,R104_N1_20240807_140000.WAV,2024-08-07,14:00:00,17280488
R104,R104_N1,R104_N1_20240807_180000.WAV,2024-08-07,18:00:00,17280488
R104,R104_N1,R104_N1_20240808_000000.WAV,2024-08-08,00:00:00,17280488
R104,R104_N1,R104_N1_20240808_040000.WAV,2024-08-08,04:00:00,17280488
R104,R104_N1,R104_N1_20240808_140000.WAV,2024-08-08,14:00:00,17280488
R104,R104_N1,R104_N1_20240808_180000.WAV,2024-08-08,18:00:00,17280488
R104,R104_N1,R104_N1_20240809_000000.WAV,2024-08-09,00:00:00,17280488
R104,R104_N1,R104_N1_20240809_040000.WAV,2024-08-09,04:00:00,17280488
R104,R104_N1,R104_N1_20240809_140000.WAV,2024-08-09,14:00:00,17280488
R104,R104_N1,R104_N1_20240809_180000.WAV,2024-08-09,18:00:00,17280488
R104,R104_N1,R104_N1_20240810_000000.WAV,2024-08-10,00:00:00,17280488
R104,R104_N1,R104_N1_20240810_040000.WAV,2024-08-10,04:00:00,17280488
R104,R104_N1,R104_N1_20240810_140000.WAV,2024-08-10,14:00:00,17280488
R104,R104_N1,R104_N1_20240810_180000.WAV,2024-08-10,18:00:00,17280488
R104,R104_N1,R104_N1_20240811_000000.WAV,2024-08-11,00:00:00,17280488
R104,R104_N1,R104_N1_20240811_040000.WAV,2024-08-11,04:00:00,17280488
R104,R104_N1,R104_N1_20240811_140000.WAV,2024-08-11,14:00:00,17280488
R104,R104_N1,R104_N1_20240811_180000.WAV,2024-08-11,18:00:00,17280488
R104,R104_N1,R104_N1_20240812_000000.WAV,2024-08-12,00:00:00,17280488
R104,R104_N1,R104_N1_20240812_040000.WAV,2024-08-12,04:00:00,17280488
R104,R104_N1,R104_N1_20240812_140000.WAV,2024-08-12,14:00:00,17280488
R104,R104_N1,R104_N1_20240812_180000.WAV,2024-08-12,18:00:00,17280488
R104,R104_N1,R104_N1_20240813_000000.WAV,2024-08-13,00:00:00,17280488
R104,R104_N1,R104_N1_20240813_040000.WAV,2024-08-13,04:00:00,17280488
R104,R104_N1,R104_N1_20240813_140000.WAV,2024-08-13,14:00:00,17280488
R104,R104_N1,R104_N1_20240813_180000.WAV,2024-08-13,18:00:00,17280488
R104,R104_N1,R104_N1_20240814_000000.WAV,2024-08-14,00:00:00,17280488
R104,R104_N1,R104_N1_20240814_040000.WAV,2024-08-14,04:00:00,17280488
R104,R104_N1,R104_N1_20240814_140000.WAV,2024-08-14,14:00:00,17280488
R104,R104_N1,R104_N1_20240814_180000.WAV,2024-08-14,18:00:00,17280488
R104,R104_N1,R104_N1_20240815_000000.WAV,2024-08-15,00:00:00,17280488
R104,R104_N1,R104_N1_20240815_040000.WAV,2024-08-15,04:00:00,17280488
R104,R104_N1,R104_N1_20240815_140000.WAV,2024-08-15,14:00:00,17280488
R104,R104_N1,R104_N1_20240815_180000.WAV,2024-08-15,18:00:00,17280488
R104,R104_N1,R104_N1_20240816_000000.WAV,2024-08-16,00:00:00,17280488
R104,R104_N1,R104_N1_20240816_040000.WAV,2024-08-16,04:00:00,17280488
R104,R104_N1,R104_N1_20240816_140000.WAV,2024-08-16,14:00:00,17280488
R104,R104_N1,R104_N1_20240816_180000.WAV,2024-08-16,18:00:00,17280488
R104,R104_N1,R104_N1_20240817_000000.WAV,2024-08-17,00:00:00,17280488
R104,R104_N1,R104_N1_20240817_040000.WAV,2024-08-17,04:00:00,17280488
R104,R104_N1,R104_N1_20240817_140000.WAV,2024-08-17,14:00:00,17280488
R104,R104_N1,R104_N1_20240817_180000.WAV,2024-08-17,18:00:00,17280488
R104,R104_N1,R104_N1_20240818_000000.WAV,2024-08-18,00:00:00,17280488
R104,R104_N1,R104_N1_20240818_040000.WAV,2024-08-18,04:00:00,17280488
R104,R104_N1,R104_N1_20240818_140000.WAV,2024-08-18,14:00:00,17280488
R104,R104_N1,R104_N1_20240818_180000.WAV,2024-08-18,18:00:00,17280488
R104,R104_N1,R104_N1_20240819_000000.WAV,2024-08-19,00:00:00,17280488
R104,R104_N1,R104_N1_20240819_040000.WAV,2024-08-19,04:00:00,17280488
R104,R104_N1,R104_N1_20240819_140000.WAV,2024-08-19,14:00:00,17280488
R104,R104_N1,R104_N1_20240819_180000.WAV,2024-08-19,18:00:00,17280488
R104,R104_N1,R104_N1_20240820_000000.WAV,2024-08-20,00:00:00,17280488
R104,R104_N1,R104_N1_20240820_040000.WAV,2024-08-20,04:00:00,17280488
R104,R104_N1,R104_N1_20240820_140000.WAV,2024-08-20,14:00:00,17280488
R104,R104_N1,R104_N1_20240820_180000.WAV,2024-08-20,18:00:00,17280488
R104,R104_N1,R104_N1_20240821_000000.WAV,2024-08-21,00:00:00,17280488
R104,R104_N1,R104_N1_20240821_040000.WAV,2024-08-21,04:00:00,17280488
R104,R104_N1,R104_N1_20240821_140000.WAV,2024-08-21,14:00:00,17280488
R104,R104_N2,R104_N2_20240325_180000.WAV,2024-03-25,18:00:00,17280488
R104,R104_N2,R104_N2_20240326_000000.WAV,2024-03-26,00:00:00,17280488
R104,R104_N2,R104_N2_20240326_040000.WAV,2024-03-26,04:00:00,17280488
R104,R104_N2,R104_N2_20240326_140000.WAV,2024-03-26,14:00:00,17280488
R104,R104_N2,R104_N2_20240326_180000.WAV,2024-03-26,18:00:00,17280488
R104,R104_N2,R104_N2_20240327_000000.WAV,2024-03-27,00:00:00,17280488
R104,R104_N2,R104_N2_20240327_040000.WAV,2024-03-27,04:00:00,17280488
R104,R104_N2,R104_N2_20240327_140000.WAV,2024-03-27,14:00:00,17280488
R104,R104_N2,R104_N2_20240327_180000.WAV,2024-03-27,18:00:00,17280488
R104,R104_N2,R104_N2_20240328_000000.WAV,2024-03-28,00:00:00,17280488
R104,R104_N2,R104_N2_20240328_040000.WAV,2024-03-28,04:00:00,17280488
R104,R104_N2,R104_N2_20240328_140000.WAV,2024-03-28,14:00:00,17280488
R104,R104_N2,R104_N2_20240328_180000.WAV,2024-03-28,18:00:00,17280488
R104,R104_N2,R104_N2_20240329_000000.WAV,2024-03-29,00:00:00,17280488
R104,R104_N2,R104_N2_20240329_040000.WAV,2024-03-29,04:00:00,17280488
R104,R104_N2,R104_N2_20240329_140000.WAV,2024-03-29,14:00:00,17280488
R104,R104_N2,R104_N2_20240329_180000.WAV,2024-03-29,18:00:00,17280488
R104,R104_N2,R104_N2_20240330_000000.WAV,2024-03-30,00:00:00,17280488
R104,R104_N2,R104_N2_20240330_040000.WAV,2024-03-30,04:00:00,17280488
R104,R104_N2,R104_N2_20240330_140000.WAV,2024-03-30,14:00:00,17280488
R104,R104_N2,R104_N2_20240330_180000.WAV,2024-03-30,18:00:00,17280488
R104,R104_N2,R104_N2_20240331_000000.WAV,2024-03-31,00:00:00,17280488
R104,R104_N2,R104_N2_20240331_040000.WAV,2024-03-31,04:00:00,17280488
R104,R104_N2,R104_N2_20240331_140000.WAV,2024-03-31,14:00:00,17280488
R104,R104_N2,R104_N2_20240331_180000.WAV,2024-03-31,18:00:00,17280488
R104,R104_N2,R104_N2_20240401_000000.WAV,2024-04-01,00:00:00,17280488
R104,R104_N2,R104_N2_20240401_040000.WAV,2024-04-01,04:00:00,17280488
R104,R104_N2,R104_N2_20240401_140000.WAV,2024-04-01,14:00:00,17280488
R104,R104_N2,R104_N2_20240401_180000.WAV,2024-04-01,18:00:00,17280488
R104,R104_N2,R104_N2_20240402_000000.WAV,2024-04-02,00:00:00,17280488
R104,R104_N2,R104_N2_20240402_040000.WAV,2024-04-02,04:00:00,17280488
R104,R104_N2,R104_N2_20240402_140000.WAV,2024-04-02,14:00:00,17280488
R104,R104_N2,R104_N2_20240402_180000.WAV,2024-04-02,18:00:00,17280488
R104,R104_N2,R104_N2_20240403_000000.WAV,2024-04-03,00:00:00,17280488
R104,R104_N2,R104_N2_20240403_040000.WAV,2024-04-03,04:00:00,17280488
R104,R104_N2,R104_N2_20240403_140000.WAV,2024-04-03,14:00:00,17280488
R104,R104_N2,R104_N2_20240403_180000.WAV,2024-04-03,18:00:00,17280488
R104,R104_N2,R104_N2_20240404_000000.WAV,2024-04-04,00:00:00,17280488
R104,R104_N2,R104_N2_20240404_040000.WAV,2024-04-04,04:00:00,17280488
R104,R104_N2,R104_N2_20240404_140000.WAV,2024-04-04,14:00:00,17280488
R104,R104_N2,R104_N2_20240404_180000.WAV,2024-04-04,18:00:00,17280488
R104,R104_N2,R104_N2_20240405_000000.WAV,2024-04-05,00:00:00,17280488
R104,R104_N2,R104_N2_20240405_040000.WAV,2024-04-05,04:00:00,17280488
R104,R104_N2,R104_N2_20240405_140000.WAV,2024-04-05,14:00:00,17280488
R104,R104_N2,R104_N2_20240405_180000.WAV,2024-04-05,18:00:00,17280488
R104,R104_N2,R104_N2_20240406_000000.WAV,2024-04-06,00:00:00,17280488
R104,R104_N2,R104_N2_20240406_040000.WAV,2024-04-06,04:00:00,17280488
R104,R104_N2,R104_N2_20240406_140000.WAV,2024-04-06,14:00:00,17280488
R104,R104_N2,R104_N2_20240406_180000.WAV,2024-04-06,18:00:00,17280488
R104,R104_N2,R104_N2_20240407_000000.WAV,2024-04-07,00:00:00,17280488
R104,R104_N2,R104_N2_20240407_040000.WAV,2024-04-07,04:00:00,17280488
R104,R104_N2,R104_N2_20240407_140000.WAV,2024-04-07,14:00:00,17280488
R104,R104_N2,R104_N2_20240407_180000.WAV,2024-04-07,18:00:00,17280488
R104,R104_N2,R104_N2_20240408_000000.WAV,2024-04-08,00:00:00,17280488
R104,R104_N2,R104_N2_20240408_040000.WAV,2024-04-08,04:00:00,17280488
R104,R104_N2,R104_N2_20240408_140000.WAV,2024-04-08,14:00:00,17280488
R104,R104_N2,R104_N2_20240408_180000.WAV,2024-04-08,18:00:00,17280488
R104,R104_N2,R104_N2_20240409_000000.WAV,2024-04-09,00:00:00,17280488
R104,R104_N2,R104_N2_20240409_040000.WAV,2024-04-09,04:00:00,17280488
R104,R104_N2,R104_N2_20240409_140000.WAV,2024-04-09,14:00:00,17280488
R104,R104_N2,R104_N2_20240409_180000.WAV,2024-04-09,18:00:00,17280488
R104,R104_N2,R104_N2_20240410_000000.WAV,2024-04-10,00:00:00,17280488
R104,R104_N2,R104_N2_20240410_040000.WAV,2024-04-10,04:00:00,17280488
R104,R104_N2,R104_N2_20240410_140000.WAV,2024-04-10,14:00:00,17280488
R104,R104_N2,R104_N2_20240410_180000.WAV,2024-04-10,18:00:00,17280488
R104,R104_N2,R104_N2_20240411_000000.WAV,2024-04-11,00:00:00,17280488
R104,R104_N2,R104_N2_20240411_040000.WAV,2024-04-11,04:00:00,17280488
R104,R104_N2,R104_N2_20240411_140000.WAV,2024-04-11,14:00:00,17280488
R104,R104_N2,R104_N2_20240411_180000.WAV,2024-04-11,18:00:00,17280488
R104,R104_N2,R104_N2_20240412_000000.WAV,2024-04-12,00:00:00,17280488
R104,R104_N2,R104_N2_20240412_040000.WAV,2024-04-12,04:00:00,17280488
R104,R104_N2,R104_N2_20240412_140000.WAV,2024-04-12,14:00:00,17280488
R104,R104_N2,R104_N2_20240412_180000.WAV,2024-04-12,18:00:00,17280488
R104,R104_N2,R104_N2_20240413_000000.WAV,2024-04-13,00:00:00,17280488
R104,R104_N2,R104_N2_20240413_040000.WAV,2024-04-13,04:00:00,17280488
R104,R104_N2,R104_N2_20240413_140000.WAV,2024-04-13,14:00:00,17280488
R104,R104_N2,R104_N2_20240413_180000.WAV,2024-04-13,18:00:00,17280488
R104,R104_N2,R104_N2_20240414_000000.WAV,2024-04-14,00:00:00,17280488
R104,R104_N2,R104_N2_20240414_040000.WAV,2024-04-14,04:00:00,17280488
R104,R104_N2,R104_N2_20240414_140000.WAV,2024-04-14,14:00:00,17280488
R104,R104_N2,R104_N2_20240414_180000.WAV,2024-04-14,18:00:00,17280488
R104,R104_N2,R104_N2_20240415_000000.WAV,2024-04-15,00:00:00,17280488
R104,R104_N2,R104_N2_20240415_040000.WAV,2024-04-15,04:00:00,17280488
R104,R104_N2,R104_N2_20240415_140000.WAV,2024-04-15,14:00:00,17280488
R104,R104_N2,R104_N2_20240415_180000.WAV,2024-04-15,18:00:00,17280488
R104,R104_N2,R104_N2_20240416_000000.WAV,2024-04-16,00:00:00,17280488
R104,R104_N2,R104_N2_20240416_040000.WAV,2024-04-16,04:00:00,17280488
R104,R104_N2,R104_N2_20240416_140000.WAV,2024-04-16,14:00:00,17280488
R104,R104_N2,R104_N2_20240416_180000.WAV,2024-04-16,18:00:00,17280488
R104,R104_N2,R104_N2_20240417_000000.WAV,2024-04-17,00:00:00,17280488
R104,R104_N2,R104_N2_20240417_040000.WAV,2024-04-17,04:00:00,17280488
R104,R104_N2,R104_N2_20240417_140000.WAV,2024-04-17,14:00:00,17280488
R104,R104_N2,R104_N2_20240417_180000.WAV,2024-04-17,18:00:00,17280488
R104,R104_N2,R104_N2_20240418_000000.WAV,2024-04-18,00:00:00,17280488
R104,R104_N2,R104_N2_20240418_040000.WAV,2024-04-18,04:00:00,17280488
R104,R104_N2,R104_N2_20240418_140000.WAV,2024-04-18,14:00:00,17280488
R104,R104_N2,R104_N2_20240418_180000.WAV,2024-04-18,18:00:00,17280488
R104,R104_N2,R104_N2_20240419_000000.WAV,2024-04-19,00:00:00,17280488
R104,R104_N2,R104_N2_20240419_040000.WAV,2024-04-19,04:00:00,17280488
R104,R104_N2,R104_N2_20240419_140000.WAV,2024-04-19,14:00:00,17280488
R104,R104_N2,R104_N2_20240419_180000.WAV,2024-04-19,18:00:00,17280488
R104,R104_N2,R104_N2_20240420_000000.WAV,2024-04-20,00:00:00,17280488
R104,R104_N2,R104_N2_20240420_040000.WAV,2024-04-20,04:00:00,17280488
R104,R104_N2,R104_N2_20240420_140000.WAV,2024-04-20,14:00:00,17280488
R104,R104_N2,R104_N2_20240420_180000.WAV,2024-04-20,18:00:00,17280488
R104,R104_N2,R104_N2_20240421_000000.WAV,2024-04-21,00:00:00,17280488
R104,R104_N2,R104_N2_20240421_040000.WAV,2024-04-21,04:00:00,17280488
R104,R104_N2,R104_N2_20240421_140000.WAV,2024-04-21,14:00:00,17280488
R104,R104_N2,R104_N2_20240421_180000.WAV,2024-04-21,18:00:00,17280488
R104,R104_N2,R104_N2_20240422_000000.WAV,2024-04-22,00:00:00,17280488
R104,R104_N2,R104_N2_20240422_040000.WAV,2024-04-22,04:00:00,17280488
R104,R104_N2,R104_N2_20240422_140000.WAV,2024-04-22,14:00:00,17280488
R104,R104_N2,R104_N2_20240422_180000.WAV,2024-04-22,18:00:00,17280488
R104,R104_N2,R104_N2_20240423_000000.WAV,2024-04-23,00:00:00,17280488
R104,R104_N2,R104_N2_20240423_040000.WAV,2024-04-23,04:00:00,17280488
R104,R104_N2,R104_N2_20240423_140000.WAV,2024-04-23,14:00:00,17280488
R104,R104_N2,R104_N2_20240423_180000.WAV,2024-04-23,18:00:00,17280488
R104,R104_N2,R104_N2_20240424_000000.WAV,2024-04-24,00:00:00,17280488
R104,R104_N2,R104_N2_20240424_040000.WAV,2024-04-24,04:00:00,17280488
R104,R104_N2,R104_N2_20240424_140000.WAV,2024-04-24,14:00:00,17280488
R104,R104_N2,R104_N2_20240424_180000.WAV,2024-04-24,18:00:00,17280488
R104,R104_N2,R104_N2_20240425_000000.WAV,2024-04-25,00:00:00,17280488
R104,R104_N2,R104_N2_20240425_040000.WAV,2024-04-25,04:00:00,17280488
R104,R104_N2,R104_N2_20240425_140000.WAV,2024-04-25,14:00:00,17280488
R104,R104_N2,R104_N2_20240425_180000.WAV,2024-04-25,18:00:00,17280488
R104,R104_N2,R104_N2_20240426_000000.WAV,2024-04-26,00:00:00,17280488
R104,R104_N2,R104_N2_20240426_040000.WAV,2024-04-26,04:00:00,17280488
R104,R104_N2,R104_N2_20240426_140000.WAV,2024-04-26,14:00:00,17280488
R104,R104_N2,R104_N2_20240426_180000.WAV,2024-04-26,18:00:00,17280488
R104,R104_N2,R104_N2_20240427_000000.WAV,2024-04-27,00:00:00,17280488
R104,R104_N2,R104_N2_20240427_040000.WAV,2024-04-27,04:00:00,17280488
R104,R104_N2,R104_N2_20240427_140000.WAV,2024-04-27,14:00:00,17280488
R104,R104_N2,R104_N2_20240427_180000.WAV,2024-04-27,18:00:00,17280488
R104,R104_N2,R104_N2_20240428_000000.WAV,2024-04-28,00:00:00,17280488
R104,R104_N2,R104_N2_20240428_040000.WAV,2024-04-28,04:00:00,17280488
R104,R104_N2,R104_N2_20240428_140000.WAV,2024-04-28,14:00:00,17280488
R104,R104_N2,R104_N2_20240428_180000.WAV,2024-04-28,18:00:00,17280488
R104,R104_N2,R104_N2_20240429_000000.WAV,2024-04-29,00:00:00,17280488
R104,R104_N2,R104_N2_20240429_040000.WAV,2024-04-29,04:00:00,17280488
R104,R104_N2,R104_N2_20240429_140000.WAV,2024-04-29,14:00:00,17280488
R104,R104_N2,R104_N2_20240429_180000.WAV,2024-04-29,18:00:00,17280488
R104,R104_N2,R104_N2_20240430_000000.WAV,2024-04-30,00:00:00,17280488
R104,R104_N2,R104_N2_20240430_040000.WAV,2024-04-30,04:00:00,17280488
R104,R104_N2,R104_N2_20240430_140000.WAV,2024-04-30,14:00:00,17280488
R104,R104_N2,R104_N2_20240430_180000.WAV,2024-04-30,18:00:00,17280488
R104,R104_N2,R104_N2_20240501_000000.WAV,2024-05-01,00:00:00,17280488
R104,R104_N2,R104_N2_20240501_040000.WAV,2024-05-01,04:00:00,17280488
R104,R104_N2,R104_N2_20240501_140000.WAV,2024-05-01,14:00:00,17280488
R104,R104_N2,R104_N2_20240501_180000.WAV,2024-05-01,18:00:00,17280488
R104,R104_N2,R104_N2_20240502_000000.WAV,2024-05-02,00:00:00,17280488
R104,R104_N2,R104_N2_20240502_040000.WAV,2024-05-02,04:00:00,17280488
R104,R104_N2,R104_N2_20240502_140000.WAV,2024-05-02,14:00:00,17280488
R104,R104_N2,R104_N2_20240502_180000.WAV,2024-05-02,18:00:00,17280488
R104,R104_N2,R104_N2_20240503_000000.WAV,2024-05-03,00:00:00,17280488
R104,R104_N2,R104_N2_20240503_040000.WAV,2024-05-03,04:00:00,17280488
R104,R104_N2,R104_N2_20240503_140000.WAV,2024-05-03,14:00:00,17280488
R104,R104_N2,R104_N2_20240503_180000.WAV,2024-05-03,18:00:00,17280488
R104,R104_N2,R104_N2_20240504_000000.WAV,2024-05-04,00:00:00,17280488
R104,R104_N2,R104_N2_20240504_040000.WAV,2024-05-04,04:00:00,17280488
R104,R104_N2,R104_N2_20240504_140000.WAV,2024-05-04,14:00:00,17280488
R104,R104_N2,R104_N2_20240504_180000.WAV,2024-05-04,18:00:00,17280488
R104,R104_N2,R104_N2_20240505_000000.WAV,2024-05-05,00:00:00,17280488
R104,R104_N2,R104_N2_20240505_040000.WAV,2024-05-05,04:00:00,17280488
R104,R104_N2,R104_N2_20240505_140000.WAV,2024-05-05,14:00:00,17280488
R104,R104_N2,R104_N2_20240505_180000.WAV,2024-05-05,18:00:00,17280488
R104,R104_N2,R104_N2_20240506_000000.WAV,2024-05-06,00:00:00,17280488
R104,R104_N2,R104_N2_20240506_040000.WAV,2024-05-06,04:00:00,17280488
R104,R104_N2,R104_N2_20240506_140000.WAV,2024-05-06,14:00:00,17280488
R104,R104_N2,R104_N2_20240506_180000.WAV,2024-05-06,18:00:00,17280488
R104,R104_N2,R104_N2_20240507_000000.WAV,2024-05-07,00:00:00,17280488
R104,R104_N2,R104_N2_20240507_040000.WAV,2024-05-07,04:00:00,17280488
R104,R104_N2,R104_N2_20240507_140000.WAV,2024-05-07,14:00:00,17280488
R104,R104_N2,R104_N2_20240507_180000.WAV,2024-05-07,18:00:00,17280488
R104,R104_N2,R104_N2_20240508_000000.WAV,2024-05-08,00:00:00,17280488
R104,R104_N2,R104_N2_20240508_040000.WAV,2024-05-08,04:00:00,17280488
R104,R104_N2,R104_N2_20240508_140000.WAV,2024-05-08,14:00:00,17280488
R104,R104_N2,R104_N2_20240508_180000.WAV,2024-05-08,18:00:00,17280488
R104,R104_N2,R104_N2_20240509_000000.WAV,2024-05-09,00:00:00,17280488
R104,R104_N2,R104_N2_20240509_040000.WAV,2024-05-09,04:00:00,17280488
R104,R104_N2,R104_N2_20240509_140000.WAV,2024-05-09,14:00:00,17280488
R104,R104_N2,R104_N2_20240509_180000.WAV,2024-05-09,18:00:00,17280488
R104,R104_N2,R104_N2_20240510_000000.WAV,2024-05-10,00:00:00,17280488
R104,R104_N2,R104_N2_20240510_040000.WAV,2024-05-10,04:00:00,17280488
R104,R104_N2,R104_N2_20240510_140000.WAV,2024-05-10,14:00:00,17280488
R104,R104_N2,R104_N2_20240510_180000.WAV,2024-05-10,18:00:00,17280488
R104,R104_N2,R104_N2_20240511_000000.WAV,2024-05-11,00:00:00,17280488
R104,R104_N2,R104_N2_20240511_040000.WAV,2024-05-11,04:00:00,17280488
R104,R104_N2,R104_N2_20240511_140000.WAV,2024-05-11,14:00:00,17280488
R104,R104_N2,R104_N2_20240511_180000.WAV,2024-05-11,18:00:00,17280488
R104,R104_N2,R104_N2_20240512_000000.WAV,2024-05-12,00:00:00,17280488
R104,R104_N2,R104_N2_20240512_040000.WAV,2024-05-12,04:00:00,17280488
R104,R104_N2,R104_N2_20240512_140000.WAV,2024-05-12,14:00:00,17280488
R104,R104_N2,R104_N2_20240512_180000.WAV,2024-05-12,18:00:00,17280488
R104,R104_N2,R104_N2_20240513_000000.WAV,2024-05-13,00:00:00,17280488
R104,R104_N2,R104_N2_20240513_040000.WAV,2024-05-13,04:00:00,17280488
R104,R104_N2,R104_N2_20240513_140000.WAV,2024-05-13,14:00:00,17280488
R104,R104_N2,R104_N2_20240513_180000.WAV,2024-05-13,18:00:00,17280488
R104,R104_N2,R104_N2_20240514_000000.WAV,2024-05-14,00:00:00,17280488
R104,R104_N2,R104_N2_20240514_040000.WAV,2024-05-14,04:00:00,17280488
R104,R104_N2,R104_N2_20240514_140000.WAV,2024-05-14,14:00:00,17280488
R104,R104_N2,R104_N2_20240514_180000.WAV,2024-05-14,18:00:00,17280488
R104,R104_N2,R104_N2_20240515_000000.WAV,2024-05-15,00:00:00,17280488
R104,R104_N2,R104_N2_20240515_040000.WAV,2024-05-15,04:00:00,17280488
R104,R104_N2,R104_N2_20240515_140000.WAV,2024-05-15,14:00:00,17280488
R104,R104_N2,R104_N2_20240515_180000.WAV,2024-05-15,18:00:00,17280488
R104,R104_N2,R104_N2_20240516_000000.WAV,2024-05-16,00:00:00,17280488
R104,R104_N2,R104_N2_20240516_040000.WAV,2024-05-16,04:00:00,17280488
R104,R104_N2,R104_N2_20240516_134141.WAV,2024-05-16,13:41:41,229376
R104,R104_N2,R104_N2_20240516_140000.WAV,2024-05-16,14:00:00,17280488
R104,R104_N2,R104_N2_20240516_180000.WAV,2024-05-16,18:00:00,17280488
R104,R104_N2,R104_N2_20240517_000000.WAV,2024-05-17,00:00:00,17280488
R104,R104_N2,R104_N2_20240517_040000.WAV,2024-05-17,04:00:00,17280488
R104,R104_N2,R104_N2_20240517_140000.WAV,2024-05-17,14:00:00,17280488
R104,R104_N2,R104_N2_20240517_180000.WAV,2024-05-17,18:00:00,17280488
R104,R104_N2,R104_N2_20240518_000000.WAV,2024-05-18,00:00:00,17280488
R104,R104_N2,R104_N2_20240518_040000.WAV,2024-05-18,04:00:00,17280488
R104,R104_N2,R104_N2_20240518_140000.WAV,2024-05-18,14:00:00,17280488
R104,R104_N2,R104_N2_20240518_180000.WAV,2024-05-18,18:00:00,17280488
R104,R104_N2,R104_N2_20240519_000000.WAV,2024-05-19,00:00:00,17280488
R104,R104_N2,R104_N2_20240519_040000.WAV,2024-05-19,04:00:00,17280488
R104,R104_N2,R104_N2_20240519_140000.WAV,2024-05-19,14:00:00,17280488
R104,R104_N2,R104_N2_20240519_180000.WAV,2024-05-19,18:00:00,17280488
R104,R104_N2,R104_N2_20240520_000000.WAV,2024-05-20,00:00:00,17280488
R104,R104_N2,R104_N2_20240520_040000.WAV,2024-05-20,04:00:00,17280488
R104,R104_N2,R104_N2_20240520_140000.WAV,2024-05-20,14:00:00,17280488
R104,R104_N2,R104_N2_20240520_180000.WAV,2024-05-20,18:00:00,17280488
R104,R104_N2,R104_N2_20240521_000000.WAV,2024-05-21,00:00:00,17280488
R104,R104_N2,R104_N2_20240521_040000.WAV,2024-05-21,04:00:00,17280488
R104,R104_N2,R104_N2_20240521_140000.WAV,2024-05-21,14:00:00,17280488
R104,R104_N2,R104_N2_20240521_180000.WAV,2024-05-21,18:00:00,17280488
R104,R104_N2,R104_N2_20240522_000000.WAV,2024-05-22,00:00:00,17280488
R104,R104_N2,R104_N2_20240522_040000.WAV,2024-05-22,04:00:00,17280488
R104,R104_N2,R104_N2_20240522_140000.WAV,2024-05-22,14:00:00,17280488
R104,R104_N2,R104_N2_20240522_180000.WAV,2024-05-22,18:00:00,17280488
R104,R104_N2,R104_N2_20240523_000000.WAV,2024-05-23,00:00:00,17280488
R104,R104_N2,R104_N2_20240523_040000.WAV,2024-05-23,04:00:00,17280488
R104,R104_N2,R104_N2_20240523_140000.WAV,2024-05-23,14:00:00,17280488
R104,R104_N2,R104_N2_20240523_180000.WAV,2024-05-23,18:00:00,17280488
R104,R104_N2,R104_N2_20240524_000000.WAV,2024-05-24,00:00:00,17280488
R104,R104_N2,R104_N2_20240524_040000.WAV,2024-05-24,04:00:00,17280488
R104,R104_N2,R104_N2_20240524_140000.WAV,2024-05-24,14:00:00,17280488
R104,R104_N2,R104_N2_20240524_180000.WAV,2024-05-24,18:00:00,17280488
R104,R104_N2,R104_N2_20240525_000000.WAV,2024-05-25,00:00:00,17280488
R104,R104_N2,R104_N2_20240525_040000.WAV,2024-05-25,04:00:00,17280488
R104,R104_N2,R104_N2_20240525_140000.WAV,2024-05-25,14:00:00,17280488
R104,R104_N2,R104_N2_20240525_180000.WAV,2024-05-25,18:00:00,17280488
R104,R104_N2,R104_N2_20240526_000000.WAV,2024-05-26,00:00:00,17280488
R104,R104_N2,R104_N2_20240526_040000.WAV,2024-05-26,04:00:00,17280488
R104,R104_N2,R104_N2_20240526_140000.WAV,2024-05-26,14:00:00,17280488
R104,R104_N2,R104_N2_20240526_180000.WAV,2024-05-26,18:00:00,17280488
R104,R104_N2,R104_N2_20240527_000000.WAV,2024-05-27,00:00:00,17280488
R104,R104_N2,R104_N2_20240527_040000.WAV,2024-05-27,04:00:00,17280488
R104,R104_N2,R104_N2_20240527_140000.WAV,2024-05-27,14:00:00,17280488
R104,R104_N2,R104_N2_20240527_180000.WAV,2024-05-27,18:00:00,17280488
R104,R104_N2,R104_N2_20240528_000000.WAV,2024-05-28,00:00:00,17280488
R104,R104_N2,R104_N2_20240528_040000.WAV,2024-05-28,04:00:00,17280488
R104,R104_N2,R104_N2_20240528_140000.WAV,2024-05-28,14:00:00,17280488
R104,R104_N2,R104_N2_20240528_180000.WAV,2024-05-28,18:00:00,17280488
R104,R104_N2,R104_N2_20240529_000000.WAV,2024-05-29,00:00:00,17280488
R104,R104_N2,R104_N2_20240529_040000.WAV,2024-05-29,04:00:00,17280488
R104,R104_N2,R104_N2_20240529_140000.WAV,2024-05-29,14:00:00,17280488
R104,R104_N2,R104_N2_20240529_180000.WAV,2024-05-29,18:00:00,17280488
R104,R104_N2,R104_N2_20240530_000000.WAV,2024-05-30,00:00:00,17280488
R104,R104_N2,R104_N2_20240530_040000.WAV,2024-05-30,04:00:00,17280488
R104,R104_N2,R104_N2_20240530_140000.WAV,2024-05-30,14:00:00,17280488
R104,R104_N2,R104_N2_20240530_180000.WAV,2024-05-30,18:00:00,17280488
R104,R104_N2,R104_N2_20240531_000000.WAV,2024-05-31,00:00:00,17280488
R104,R104_N2,R104_N2_20240531_040000.WAV,2024-05-31,04:00:00,17280488
R104,R104_N2,R104_N2_20240531_140000.WAV,2024-05-31,14:00:00,17280488
R104,R104_N2,R104_N2_20240531_180000.WAV,2024-05-31,18:00:00,17280488
R104,R104_N2,R104_N2_20240601_000000.WAV,2024-06-01,00:00:00,17280488
R104,R104_N2,R104_N2_20240601_040000.WAV,2024-06-01,04:00:00,17280488
R104,R104_N2,R104_N2_20240601_140000.WAV,2024-06-01,14:00:00,17280488
R104,R104_N2,R104_N2_20240601_180000.WAV,2024-06-01,18:00:00,17280488
R104,R104_N2,R104_N2_20240602_000000.WAV,2024-06-02,00:00:00,17280488
R104,R104_N2,R104_N2_20240602_040000.WAV,2024-06-02,04:00:00,17280488
R104,R104_N2,R104_N2_20240602_140000.WAV,2024-06-02,14:00:00,17280488
R104,R104_N2,R104_N2_20240602_180000.WAV,2024-06-02,18:00:00,17280488
R104,R104_N2,R104_N2_20240603_000000.WAV,2024-06-03,00:00:00,17280488
R104,R104_N2,R104_N2_20240603_040000.WAV,2024-06-03,04:00:00,17280488
R104,R104_N2,R104_N2_20240603_140000.WAV,2024-06-03,14:00:00,17280488
R104,R104_N2,R104_N2_20240603_180000.WAV,2024-06-03,18:00:00,17280488
R104,R104_N2,R104_N2_20240604_000000.WAV,2024-06-04,00:00:00,17280488
R104,R104_N2,R104_N2_20240604_040000.WAV,2024-06-04,04:00:00,17280488
R104,R104_N2,R104_N2_20240604_140000.WAV,2024-06-04,14:00:00,17280488
R104,R104_N2,R104_N2_20240604_180000.WAV,2024-06-04,18:00:00,17280488
R104,R104_N2,R104_N2_20240605_000000.WAV,2024-06-05,00:00:00,17280488
R104,R104_N2,R104_N2_20240605_040000.WAV,2024-06-05,04:00:00,17280488
R104,R104_N2,R104_N2_20240605_140000.WAV,2024-06-05,14:00:00,17280488
R104,R104_N2,R104_N2_20240605_180000.WAV,2024-06-05,18:00:00,17280488
R104,R104_N2,R104_N2_20240606_000000.WAV,2024-06-06,00:00:00,17280488
R104,R104_N2,R104_N2_20240606_040000.WAV,2024-06-06,04:00:00,17280488
R104,R104_N2,R104_N2_20240606_140000.WAV,2024-06-06,14:00:00,17280488
R104,R104_N2,R104_N2_20240606_180000.WAV,2024-06-06,18:00:00,17280488
R104,R104_N2,R104_N2_20240607_000000.WAV,2024-06-07,00:00:00,17280488
R104,R104_N2,R104_N2_20240607_040000.WAV,2024-06-07,04:00:00,17280488
R104,R104_N2,R104_N2_20240607_140000.WAV,2024-06-07,14:00:00,17280488
R104,R104_N2,R104_N2_20240607_180000.WAV,2024-06-07,18:00:00,17280488
R104,R104_N2,R104_N2_20240608_000000.WAV,2024-06-08,00:00:00,17280488
R104,R104_N2,R104_N2_20240608_040000.WAV,2024-06-08,04:00:00,17280488
R104,R104_N2,R104_N2_20240608_140000.WAV,2024-06-08,14:00:00,17280488
R104,R104_N2,R104_N2_20240608_180000.WAV,2024-06-08,18:00:00,17280488
R104,R104_N2,R104_N2_20240609_000000.WAV,2024-06-09,00:00:00,17280488
R104,R104_N2,R104_N2_20240609_040000.WAV,2024-06-09,04:00:00,17280488
R104,R104_N2,R104_N2_20240609_140000.WAV,2024-06-09,14:00:00,17280488
R104,R104_N2,R104_N2_20240609_180000.WAV,2024-06-09,18:00:00,17280488
R104,R104_N2,R104_N2_20240610_000000.WAV,2024-06-10,00:00:00,17280488
R104,R104_N2,R104_N2_20240610_040000.WAV,2024-06-10,04:00:00,17280488
R104,R104_N2,R104_N2_20240610_140000.WAV,2024-06-10,14:00:00,17280488
R104,R104_N2,R104_N2_20240610_180000.WAV,2024-06-10,18:00:00,17280488
R104,R104_N2,R104_N2_20240611_000000.WAV,2024-06-11,00:00:00,17280488
R104,R104_N2,R104_N2_20240611_040000.WAV,2024-06-11,04:00:00,17280488
R104,R104_N2,R104_N2_20240611_140000.WAV,2024-06-11,14:00:00,17280488
R104,R104_N2,R104_N2_20240611_180000.WAV,2024-06-11,18:00:00,17280488
R104,R104_N2,R104_N2_20240612_000000.WAV,2024-06-12,00:00:00,17280488
R104,R104_N2,R104_N2_20240612_040000.WAV,2024-06-12,04:00:00,17280488
R104,R104_N2,R104_N2_20240612_140000.WAV,2024-06-12,14:00:00,17280488
R104,R104_N2,R104_N2_20240612_180000.WAV,2024-06-12,18:00:00,17280488
R104,R104_N2,R104_N2_20240613_000000.WAV,2024-06-13,00:00:00,17280488
R104,R104_N2,R104_N2_20240613_040000.WAV,2024-06-13,04:00:00,17280488
R104,R104_N2,R104_N2_20240613_140000.WAV,2024-06-13,14:00:00,17280488
R104,R104_N2,R104_N2_20240613_180000.WAV,2024-06-13,18:00:00,17280488
R104,R104_N2,R104_N2_20240614_000000.WAV,2024-06-14,00:00:00,17280488
R104,R104_N2,R104_N2_20240614_040000.WAV,2024-06-14,04:00:00,17280488
R104,R104_N2,R104_N2_20240614_140000.WAV,2024-06-14,14:00:00,17280488
R104,R104_N2,R104_N2_20240614_180000.WAV,2024-06-14,18:00:00,17280488
R104,R104_N2,R104_N2_20240615_000000.WAV,2024-06-15,00:00:00,17280488
R104,R104_N2,R104_N2_20240615_040000.WAV,2024-06-15,04:00:00,17280488
R104,R104_N2,R104_N2_20240615_140000.WAV,2024-06-15,14:00:00,17280488
R104,R104_N2,R104_N2_20240615_180000.WAV,2024-06-15,18:00:00,17280488
R104,R104_N2,R104_N2_20240616_000000.WAV,2024-06-16,00:00:00,17280488
R104,R104_N2,R104_N2_20240616_040000.WAV,2024-06-16,04:00:00,17280488
R104,R104_N2,R104_N2_20240616_140000.WAV,2024-06-16,14:00:00,17280488
R104,R104_N2,R104_N2_20240616_180000.WAV,2024-06-16,18:00:00,17280488
R104,R104_N2,R104_N2_20240617_000000.WAV,2024-06-17,00:00:00,17280488
R104,R104_N2,R104_N2_20240617_040000.WAV,2024-06-17,04:00:00,17280488
R104,R104_N2,R104_N2_20240617_140000.WAV,2024-06-17,14:00:00,17280488
R104,R104_N2,R104_N2_20240617_180000.WAV,2024-06-17,18:00:00,17280488
R104,R104_N2,R104_N2_20240618_000000.WAV,2024-06-18,00:00:00,17280488
R104,R104_N2,R104_N2_20240618_040000.WAV,2024-06-18,04:00:00,17280488
R104,R104_N2,R104_N2_20240618_140000.WAV,2024-06-18,14:00:00,17280488
R104,R104_N2,R104_N2_20240618_180000.WAV,2024-06-18,18:00:00,17280488
R104,R104_N2,R104_N2_20240619_000000.WAV,2024-06-19,00:00:00,17280488
R104,R104_N2,R104_N2_20240619_040000.WAV,2024-06-19,04:00:00,17280488
R104,R104_N2,R104_N2_20240619_140000.WAV,2024-06-19,14:00:00,17280488
R104,R104_N2,R104_N2_20240619_180000.WAV,2024-06-19,18:00:00,17280488
R104,R104_N2,R104_N2_20240620_000000.WAV,2024-06-20,00:00:00,17280488
R104,R104_N2,R104_N2_20240620_040000.WAV,2024-06-20,04:00:00,17280488
R104,R104_N2,R104_N2_20240620_140000.WAV,2024-06-20,14:00:00,17280488
R104,R104_N2,R104_N2_20240620_180000.WAV,2024-06-20,18:00:00,17280488
R104,R104_N2,R104_N2_20240621_000000.WAV,2024-06-21,00:00:00,17280488
R104,R104_N2,R104_N2_20240621_040000.WAV,2024-06-21,04:00:00,17280488
R104,R104_N2,R104_N2_20240621_140000.WAV,2024-06-21,14:00:00,17280488
R104,R104_N2,R104_N2_20240621_180000.WAV,2024-06-21,18:00:00,17280488
R104,R104_N2,R104_N2_20240622_000000.WAV,2024-06-22,00:00:00,17280488
R104,R104_N2,R104_N2_20240622_040000.WAV,2024-06-22,04:00:00,17280488
R104,R104_N2,R104_N2_20240622_140000.WAV,2024-06-22,14:00:00,17280488
R104,R104_N2,R104_N2_20240622_180000.WAV,2024-06-22,18:00:00,17280488
R104,R104_N2,R104_N2_20240623_000000.WAV,2024-06-23,00:00:00,17280488
R104,R104_N2,R104_N2_20240623_040000.WAV,2024-06-23,04:00:00,17280488
R104,R104_N2,R104_N2_20240623_140000.WAV,2024-06-23,14:00:00,17280488
R104,R104_N2,R104_N2_20240623_180000.WAV,2024-06-23,18:00:00,17280488
R104,R104_N2,R104_N2_20240624_000000.WAV,2024-06-24,00:00:00,17280488
R104,R104_N2,R104_N2_20240624_040000.WAV,2024-06-24,04:00:00,17280488
R104,R104_N2,R104_N2_20240624_140000.WAV,2024-06-24,14:00:00,17280488
R104,R104_N2,R104_N2_20240624_180000.WAV,2024-06-24,18:00:00,17280488
R104,R104_N2,R104_N2_20240625_000000.WAV,2024-06-25,00:00:00,17280488
R104,R104_N2,R104_N2_20240625_040000.WAV,2024-06-25,04:00:00,17280488
R104,R104_N2,R104_N2_20240625_140000.WAV,2024-06-25,14:00:00,17280488
R104,R104_N2,R104_N2_20240625_180000.WAV,2024-06-25,18:00:00,17280488
R104,R104_N2,R104_N2_20240626_000000.WAV,2024-06-26,00:00:00,17280488
R104,R104_N2,R104_N2_20240626_040000.WAV,2024-06-26,04:00:00,17280488
R104,R104_N2,R104_N2_20240626_140000.WAV,2024-06-26,14:00:00,17280488
R104,R104_N2,R104_N2_20240626_180000.WAV,2024-06-26,18:00:00,17280488
R104,R104_N2,R104_N2_20240627_000000.WAV,2024-06-27,00:00:00,17280488
R104,R104_N2,R104_N2_20240627_040000.WAV,2024-06-27,04:00:00,17280488
R104,R104_N2,R104_N2_20240627_140000.WAV,2024-06-27,14:00:00,17280488
R104,R104_N2,R104_N2_20240627_180000.WAV,2024-06-27,18:00:00,17280488
R104,R104_N2,R104_N2_20240628_000000.WAV,2024-06-28,00:00:00,17280488
R104,R104_N2,R104_N2_20240628_040000.WAV,2024-06-28,04:00:00,17280488
R104,R104_N2,R104_N2_20240628_140000.WAV,2024-06-28,14:00:00,17280488
R104,R104_N2,R104_N2_20240628_180000.WAV,2024-06-28,18:00:00,17280488
R104,R104_N2,R104_N2_20240629_000000.WAV,2024-06-29,00:00:00,17280488
R104,R104_N2,R104_N2_20240629_040000.WAV,2024-06-29,04:00:00,17280488
R104,R104_N2,R104_N2_20240629_140000.WAV,2024-06-29,14:00:00,17280488
R104,R104_N2,R104_N2_20240629_180000.WAV,2024-06-29,18:00:00,17280488
R104,R104_N2,R104_N2_20240630_000000.WAV,2024-06-30,00:00:00,17280488
R104,R104_N2,R104_N2_20240630_040000.WAV,2024-06-30,04:00:00,17280488
R104,R104_N2,R104_N2_20240630_140000.WAV,2024-06-30,14:00:00,17280488
R104,R104_N2,R104_N2_20240630_180000.WAV,2024-06-30,18:00:00,17280488
R104,R104_N2,R104_N2_20240701_000000.WAV,2024-07-01,00:00:00,17280488
R104,R104_N2,R104_N2_20240701_040000.WAV,2024-07-01,04:00:00,17280488
R104,R104_N2,R104_N2_20240701_140000.WAV,2024-07-01,14:00:00,17280488
R104,R104_N2,R104_N2_20240701_180000.WAV,2024-07-01,18:00:00,17280488
R104,R104_N2,R104_N2_20240702_000000.WAV,2024-07-02,00:00:00,17280488
R104,R104_N2,R104_N2_20240702_040000.WAV,2024-07-02,04:00:00,17280488
R104,R104_N2,R104_N2_20240702_140000.WAV,2024-07-02,14:00:00,17280488
R104,R104_N2,R104_N2_20240702_180000.WAV,2024-07-02,18:00:00,17280488
R104,R104_N2,R104_N2_20240703_000000.WAV,2024-07-03,00:00:00,17280488
R104,R104_N2,R104_N2_20240703_040000.WAV,2024-07-03,04:00:00,17280488
R104,R104_N2,R104_N2_20240703_140000.WAV,2024-07-03,14:00:00,17280488
R104,R104_N2,R104_N2_20240703_180000.WAV,2024-07-03,18:00:00,17280488
R104,R104_N2,R104_N2_20240704_000000.WAV,2024-07-04,00:00:00,17280488
R104,R104_N2,R104_N2_20240704_040000.WAV,2024-07-04,04:00:00,17280488
R104,R104_N2,R104_N2_20240704_140000.WAV,2024-07-04,14:00:00,17280488
R104,R104_N2,R104_N2_20240704_180000.WAV,2024-07-04,18:00:00,17280488
R104,R104_N2,R104_N2_20240705_000000.WAV,2024-07-05,00:00:00,17280488
R104,R104_N2,R104_N2_20240705_040000.WAV,2024-07-05,04:00:00,17280488
R104,R104_N2,R104_N2_20240705_140000.WAV,2024-07-05,14:00:00,17280488
R104,R104_N2,R104_N2_20240705_180000.WAV,2024-07-05,18:00:00,17280488
R104,R104_N2,R104_N2_20240706_000000.WAV,2024-07-06,00:00:00,17280488
R104,R104_N2,R104_N2_20240706_040000.WAV,2024-07-06,04:00:00,17280488
R104,R104_N2,R104_N2_20240706_140000.WAV,2024-07-06,14:00:00,17280488
R104,R104_N2,R104_N2_20240706_180000.WAV,2024-07-06,18:00:00,17280488
R104,R104_N2,R104_N2_20240707_000000.WAV,2024-07-07,00:00:00,17280488
R104,R104_N2,R104_N2_20240707_040000.WAV,2024-07-07,04:00:00,17280488
R104,R104_N2,R104_N2_20240707_140000.WAV,2024-07-07,14:00:00,17280488
R104,R104_N2,R104_N2_20240707_180000.WAV,2024-07-07,18:00:00,17280488
R104,R104_N2,R104_N2_20240708_000000.WAV,2024-07-08,00:00:00,17280488
R104,R104_N2,R104_N2_20240708_040000.WAV,2024-07-08,04:00:00,17280488
R104,R104_N2,R104_N2_20240708_140000.WAV,2024-07-08,14:00:00,17280488
R104,R104_N2,R104_N2_20240708_180000.WAV,2024-07-08,18:00:00,17280488
R104,R104_N2,R104_N2_20240709_000000.WAV,2024-07-09,00:00:00,17280488
R104,R104_N2,R104_N2_20240709_040000.WAV,2024-07-09,04:00:00,17280488
R104,R104_N2,R104_N2_20240709_140000.WAV,2024-07-09,14:00:00,17280488
R104,R104_N2,R104_N2_20240709_180000.WAV,2024-07-09,18:00:00,17280488
R104,R104_N2,R104_N2_20240710_000000.WAV,2024-07-10,00:00:00,17280488
R104,R104_N2,R104_N2_20240710_040000.WAV,2024-07-10,04:00:00,17280488
R104,R104_N2,R104_N2_20240710_140000.WAV,2024-07-10,14:00:00,17280488
R104,R104_N2,R104_N2_20240710_180000.WAV,2024-07-10,18:00:00,17280488
R104,R104_N2,R104_N2_20240711_000000.WAV,2024-07-11,00:00:00,17280488
R104,R104_N2,R104_N2_20240711_040000.WAV,2024-07-11,04:00:00,17280488
R104,R104_N2,R104_N2_20240711_140000.WAV,2024-07-11,14:00:00,17280488
R104,R104_N2,R104_N2_20240711_180000.WAV,2024-07-11,18:00:00,17280488
R104,R104_N2,R104_N2_20240712_000000.WAV,2024-07-12,00:00:00,17280488
R104,R104_N2,R104_N2_20240712_040000.WAV,2024-07-12,04:00:00,17280488
R104,R104_N2,R104_N2_20240712_140000.WAV,2024-07-12,14:00:00,17280488
R104,R104_N2,R104_N2_20240712_180000.WAV,2024-07-12,18:00:00,17280488
R104,R104_N2,R104_N2_20240713_000000.WAV,2024-07-13,00:00:00,17280488
R104,R104_N2,R104_N2_20240713_040000.WAV,2024-07-13,04:00:00,17280488
R104,R104_N2,R104_N2_20240713_140000.WAV,2024-07-13,14:00:00,17280488
R104,R104_N2,R104_N2_20240713_180000.WAV,2024-07-13,18:00:00,17280488
R104,R104_N2,R104_N2_20240714_000000.WAV,2024-07-14,00:00:00,17280488
R104,R104_N2,R104_N2_20240714_040000.WAV,2024-07-14,04:00:00,17280488
R104,R104_N2,R104_N2_20240714_140000.WAV,2024-07-14,14:00:00,17280488
R104,R104_N2,R104_N2_20240714_180000.WAV,2024-07-14,18:00:00,17280488
R104,R104_N2,R104_N2_20240715_000000.WAV,2024-07-15,00:00:00,17280488
R104,R104_N2,R104_N2_20240715_040000.WAV,2024-07-15,04:00:00,17280488
R104,R104_N2,R104_N2_20240715_140000.WAV,2024-07-15,14:00:00,17280488
R104,R104_N2,R104_N2_20240715_180000.WAV,2024-07-15,18:00:00,17280488
R104,R104_N2,R104_N2_20240716_000000.WAV,2024-07-16,00:00:00,17280488
R104,R104_N2,R104_N2_20240716_040000.WAV,2024-07-16,04:00:00,17280488
R104,R104_N2,R104_N2_20240716_140000.WAV,2024-07-16,14:00:00,17280488
R104,R104_N2,R104_N2_20240716_180000.WAV,2024-07-16,18:00:00,17280488
R104,R104_N2,R104_N2_20240717_000000.WAV,2024-07-17,00:00:00,17280488
R104,R104_N2,R104_N2_20240717_040000.WAV,2024-07-17,04:00:00,17280488
R104,R104_N2,R104_N2_20240717_140000.WAV,2024-07-17,14:00:00,17280488
R104,R104_N2,R104_N2_20240717_180000.WAV,2024-07-17,18:00:00,17280488
R104,R104_N2,R104_N2_20240718_000000.WAV,2024-07-18,00:00:00,17280488
R104,R104_N2,R104_N2_20240718_040000.WAV,2024-07-18,04:00:00,17280488
R104,R104_N2,R104_N2_20240718_140000.WAV,2024-07-18,14:00:00,17280488
R104,R104_N2,R104_N2_20240718_180000.WAV,2024-07-18,18:00:00,17280488
R104,R104_N2,R104_N2_20240719_000000.WAV,2024-07-19,00:00:00,17280488
R104,R104_N2,R104_N2_20240719_040000.WAV,2024-07-19,04:00:00,17280488
R104,R104_N2,R104_N2_20240719_140000.WAV,2024-07-19,14:00:00,17280488
R104,R104_N2,R104_N2_20240719_180000.WAV,2024-07-19,18:00:00,17280488
R104,R104_N2,R104_N2_20240720_000000.WAV,2024-07-20,00:00:00,17280488
R104,R104_N2,R104_N2_20240720_040000.WAV,2024-07-20,04:00:00,17280488
R104,R104_N2,R104_N2_20240720_140000.WAV,2024-07-20,14:00:00,17280488
R104,R104_N2,R104_N2_20240720_180000.WAV,2024-07-20,18:00:00,17280488
R104,R104_N2,R104_N2_20240721_000000.WAV,2024-07-21,00:00:00,17280488
R104,R104_N2,R104_N2_20240721_040000.WAV,2024-07-21,04:00:00,17280488
R104,R104_N2,R104_N2_20240721_140000.WAV,2024-07-21,14:00:00,17280488
R104,R104_N2,R104_N2_20240721_180000.WAV,2024-07-21,18:00:00,17280488
R104,R104_N2,R104_N2_20240722_000000.WAV,2024-07-22,00:00:00,17280488
R104,R104_N2,R104_N2_20240722_040000.WAV,2024-07-22,04:00:00,17280488
R104,R104_N2,R104_N2_20240722_140000.WAV,2024-07-22,14:00:00,17280488
R104,R104_N2,R104_N2_20240722_180000.WAV,2024-07-22,18:00:00,17280488
R104,R104_N2,R104_N2_20240723_000000.WAV,2024-07-23,00:00:00,17280488
R104,R104_N2,R104_N2_20240723_040000.WAV,2024-07-23,04:00:00,17280488
R104,R104_N2,R104_N2_20240723_140000.WAV,2024-07-23,14:00:00,17280488
R104,R104_N2,R104_N2_20240723_180000.WAV,2024-07-23,18:00:00,17280488
R104,R104_N2,R104_N2_20240724_000000.WAV,2024-07-24,00:00:00,17280488
R104,R104_N2,R104_N2_20240724_040000.WAV,2024-07-24,04:00:00,17280488
R104,R104_N2,R104_N2_20240724_140000.WAV,2024-07-24,14:00:00,17280488
R104,R104_N2,R104_N2_20240724_180000.WAV,2024-07-24,18:00:00,17280488
R104,R104_N2,R104_N2_20240725_000000.WAV,2024-07-25,00:00:00,17280488
R104,R104_N2,R104_N2_20240725_040000.WAV,2024-07-25,04:00:00,17280488
R104,R104_N2,R104_N2_20240725_140000.WAV,2024-07-25,14:00:00,17280488
R104,R104_N2,R104_N2_20240725_180000.WAV,2024-07-25,18:00:00,17280488
R104,R104_N2,R104_N2_20240726_000000.WAV,2024-07-26,00:00:00,17280488
R104,R104_N2,R104_N2_20240726_040000.WAV,2024-07-26,04:00:00,17280488
R104,R104_N2,R104_N2_20240726_140000.WAV,2024-07-26,14:00:00,17280488
R104,R104_N2,R104_N2_20240726_180000.WAV,2024-07-26,18:00:00,17280488
R104,R104_N2,R104_N2_20240727_000000.WAV,2024-07-27,00:00:00,17280488
R104,R104_N2,R104_N2_20240727_040000.WAV,2024-07-27,04:00:00,17280488
R104,R104_N2,R104_N2_20240727_140000.WAV,2024-07-27,14:00:00,17280488
R104,R104_N2,R104_N2_20240727_180000.WAV,2024-07-27,18:00:00,17280488
R104,R104_N2,R104_N2_20240728_000000.WAV,2024-07-28,00:00:00,17280488
R104,R104_N2,R104_N2_20240728_040000.WAV,2024-07-28,04:00:00,17280488
R104,R104_N2,R104_N2_20240728_140000.WAV,2024-07-28,14:00:00,17280488
R104,R104_N2,R104_N2_20240728_180000.WAV,2024-07-28,18:00:00,17280488
R104,R104_N2,R104_N2_20240729_000000.WAV,2024-07-29,00:00:00,17280488
R104,R104_N2,R104_N2_20240729_040000.WAV,2024-07-29,04:00:00,17280488
R104,R104_N2,R104_N2_20240729_140000.WAV,2024-07-29,14:00:00,17280488
R104,R104_N2,R104_N2_20240729_180000.WAV,2024-07-29,18:00:00,17280488
R104,R104_N2,R104_N2_20240730_000000.WAV,2024-07-30,00:00:00,17280488
R104,R104_N2,R104_N2_20240730_040000.WAV,2024-07-30,04:00:00,17280488
R104,R104_N2,R104_N2_20240730_140000.WAV,2024-07-30,14:00:00,17280488
R104,R104_N2,R104_N2_20240730_180000.WAV,2024-07-30,18:00:00,17280488
R104,R104_N2,R104_N2_20240731_000000.WAV,2024-07-31,00:00:00,17280488
R104,R104_N2,R104_N2_20240731_040000.WAV,2024-07-31,04:00:00,17280488
R104,R104_N2,R104_N2_20240731_140000.WAV,2024-07-31,14:00:00,17280488
R104,R104_N2,R104_N2_20240731_180000.WAV,2024-07-31,18:00:00,17280488
R104,R104_N2,R104_N2_20240801_000000.WAV,2024-08-01,00:00:00,17280488
R104,R104_N2,R104_N2_20240801_040000.WAV,2024-08-01,04:00:00,17280488
R104,R104_N2,R104_N2_20240801_140000.WAV,2024-08-01,14:00:00,17280488
R104,R104_N2,R104_N2_20240801_180000.WAV,2024-08-01,18:00:00,17280488
R104,R104_N2,R104_N2_20240802_000000.WAV,2024-08-02,00:00:00,17280488
R104,R104_N2,R104_N2_20240802_040000.WAV,2024-08-02,04:00:00,17280488
R104,R104_N2,R104_N2_20240802_140000.WAV,2024-08-02,14:00:00,17280488
R104,R104_N2,R104_N2_20240802_180000.WAV,2024-08-02,18:00:00,17280488
R104,R104_N2,R104_N2_20240803_000000.WAV,2024-08-03,00:00:00,17280488
R104,R104_N2,R104_N2_20240803_040000.WAV,2024-08-03,04:00:00,17280488
R104,R104_N2,R104_N2_20240803_140000.WAV,2024-08-03,14:00:00,17280488
R104,R104_N2,R104_N2_20240803_180000.WAV,2024-08-03,18:00:00,17280488
R104,R104_N2,R104_N2_20240804_000000.WAV,2024-08-04,00:00:00,17280488
R104,R104_N2,R104_N2_20240804_040000.WAV,2024-08-04,04:00:00,17280488
R104,R104_N2,R104_N2_20240804_140000.WAV,2024-08-04,14:00:00,17280488
R104,R104_N2,R104_N2_20240804_180000.WAV,2024-08-04,18:00:00,17280488
R104,R104_N2,R104_N2_20240805_000000.WAV,2024-08-05,00:00:00,17280488
R104,R104_N2,R104_N2_20240805_040000.WAV,2024-08-05,04:00:00,17280488
R104,R104_N2,R104_N2_20240805_140000.WAV,2024-08-05,14:00:00,17280488
R104,R104_N2,R104_N2_20240805_180000.WAV,2024-08-05,18:00:00,17280488
R104,R104_N2,R104_N2_20240806_000000.WAV,2024-08-06,00:00:00,17280488
R104,R104_N2,R104_N2_20240806_040000.WAV,2024-08-06,04:00:00,17280488
R104,R104_N2,R104_N2_20240806_140000.WAV,2024-08-06,14:00:00,17280488
R104,R104_N2,R104_N2_20240806_180000.WAV,2024-08-06,18:00:00,17280488
R104,R104_N2,R104_N2_20240807_000000.WAV,2024-08-07,00:00:00,17280488
R104,R104_N2,R104_N2_20240807_040000.WAV,2024-08-07,04:00:00,17280488
R104,R104_N2,R104_N2_20240807_140000.WAV,2024-08-07,14:00:00,17280488
R104,R104_N2,R104_N2_20240807_180000.WAV,2024-08-07,18:00:00,17280488
R104,R104_N2,R104_N2_20240808_000000.WAV,2024-08-08,00:00:00,17280488
R104,R104_N2,R104_N2_20240808_040000.WAV,2024-08-08,04:00:00,17280488
R104,R104_N2,R104_N2_20240808_140000.WAV,2024-08-08,14:00:00,17280488
R104,R104_N2,R104_N2_20240808_180000.WAV,2024-08-08,18:00:00,17280488
R104,R104_N2,R104_N2_20240809_000000.WAV,2024-08-09,00:00:00,17280488
R104,R104_N2,R104_N2_20240809_040000.WAV,2024-08-09,04:00:00,17280488
R104,R104_N2,R104_N2_20240809_140000.WAV,2024-08-09,14:00:00,17280488
R104,R104_N2,R104_N2_20240809_180000.WAV,2024-08-09,18:00:00,17280488
R104,R104_N2,R104_N2_20240810_000000.WAV,2024-08-10,00:00:00,17280488
R104,R104_N2,R104_N2_20240810_040000.WAV,2024-08-10,04:00:00,17280488
R104,R104_N2,R104_N2_20240810_140000.WAV,2024-08-10,14:00:00,17280488
R104,R104_N2,R104_N2_20240810_180000.WAV,2024-08-10,18:00:00,17280488
R104,R104_N2,R104_N2_20240811_000000.WAV,2024-08-11,00:00:00,17280488
R104,R104_N2,R104_N2_20240811_040000.WAV,2024-08-11,04:00:00,17280488
R104,R104_N2,R104_N2_20240811_140000.WAV,2024-08-11,14:00:00,17280488
R104,R104_N2,R104_N2_20240811_180000.WAV,2024-08-11,18:00:00,17280488
R104,R104_N2,R104_N2_20240812_000000.WAV,2024-08-12,00:00:00,17280488
R104,R104_N2,R104_N2_20240812_040000.WAV,2024-08-12,04:00:00,17280488
R104,R104_N2,R104_N2_20240812_140000.WAV,2024-08-12,14:00:00,17280488
R104,R104_N2,R104_N2_20240812_180000.WAV,2024-08-12,18:00:00,17280488
R104,R104_N2,R104_N2_20240813_000000.WAV,2024-08-13,00:00:00,17280488
R104,R104_N2,R104_N2_20240813_040000.WAV,2024-08-13,04:00:00,17280488
R104,R104_N2,R104_N2_20240813_140000.WAV,2024-08-13,14:00:00,17280488
R104,R104_N2,R104_N2_20240813_180000.WAV,2024-08-13,18:00:00,17280488
R104,R104_N2,R104_N2_20240814_000000.WAV,2024-08-14,00:00:00,17280488
R104,R104_N2,R104_N2_20240814_040000.WAV,2024-08-14,04:00:00,17280488
R104,R104_N2,R104_N2_20240814_140000.WAV,2024-08-14,14:00:00,17280488
R104,R104_N2,R104_N2_20240814_180000.WAV,2024-08-14,18:00:00,17280488
R104,R104_N2,R104_N2_20240815_000000.WAV,2024-08-15,00:00:00,17280488
R104,R104_N2,R104_N2_20240815_040000.WAV,2024-08-15,04:00:00,17280488
R104,R104_N2,R104_N2_20240815_140000.WAV,2024-08-15,14:00:00,17280488
R104,R104_N2,R104_N2_20240815_180000.WAV,2024-08-15,18:00:00,17280488
R104,R104_N2,R104_N2_20240816_000000.WAV,2024-08-16,00:00:00,17280488
R104,R104_N2,R104_N2_20240816_040000.WAV,2024-08-16,04:00:00,17280488
R104,R104_N2,R104_N2_20240816_140000.WAV,2024-08-16,14:00:00,17280488
R104,R104_N2,R104_N2_20240816_180000.WAV,2024-08-16,18:00:00,17280488
R104,R104_N2,R104_N2_20240817_000000.WAV,2024-08-17,00:00:00,17280488
R104,R104_N2,R104_N2_20240817_040000.WAV,2024-08-17,04:00:00,17280488
R104,R104_N2,R104_N2_20240817_140000.WAV,2024-08-17,14:00:00,17280488
R104,R104_N2,R104_N2_20240817_180000.WAV,2024-08-17,18:00:00,17280488
R104,R104_N2,R104_N2_20240818_000000.WAV,2024-08-18,00:00:00,17280488
R104,R104_N2,R104_N2_20240818_040000.WAV,2024-08-18,04:00:00,17280488
R104,R104_N2,R104_N2_20240818_140000.WAV,2024-08-18,14:00:00,17280488
R104,R104_N2,R104_N2_20240818_180000.WAV,2024-08-18,18:00:00,17280488
R104,R104_N2,R104_N2_20240819_000000.WAV,2024-08-19,00:00:00,17280488
R104,R104_N2,R104_N2_20240819_040000.WAV,2024-08-19,04:00:00,17280488
R104,R104_N2,R104_N2_20240819_140000.WAV,2024-08-19,14:00:00,17280488
R104,R104_N2,R104_N2_20240819_180000.WAV,2024-08-19,18:00:00,17280488
R104,R104_N2,R104_N2_20240820_000000.WAV,2024-08-20,00:00:00,17280488
R104,R104_N2,R104_N2_20240820_040000.WAV,2024-08-20,04:00:00,17280488
R104,R104_N2,R104_N2_20240820_140000.WAV,2024-08-20,14:00:00,17280488
R104,R104_N2,R104_N2_20240820_180000.WAV,2024-08-20,18:00:00,17280488
R104,R104_N2,R104_N2_20240821_000000.WAV,2024-08-21,00:00:00,17280488
R104,R104_N2,R104_N2_20240821_040000.WAV,2024-08-21,04:00:00,17280488
R104,R104_N2,R104_N2_20240821_140000.WAV,2024-08-21,14:00:00,17280488
R217,R217_1,R217_1_20240325_180000.WAV,2024-03-25,18:00:00,17280488
R217,R217_1,R217_1_20240326_000000.WAV,2024-03-26,00:00:00,17280488
R217,R217_1,R217_1_20240326_040000.WAV,2024-03-26,04:00:00,17280488
R217,R217_1,R217_1_20240326_140000.WAV,2024-03-26,14:00:00,17280488
R217,R217_1,R217_1_20240326_180000.WAV,2024-03-26,18:00:00,17280488
R217,R217_1,R217_1_20240327_000000.WAV,2024-03-27,00:00:00,17280488
R217,R217_1,R217_1_20240327_040000.WAV,2024-03-27,04:00:00,17280488
R217,R217_1,R217_1_20240327_140000.WAV,2024-03-27,14:00:00,17280488
R217,R217_1,R217_1_20240327_180000.WAV,2024-03-27,18:00:00,17280488
R217,R217_1,R217_1_20240328_000000.WAV,2024-03-28,00:00:00,17280488
R217,R217_1,R217_1_20240328_040000.WAV,2024-03-28,04:00:00,17280488
R217,R217_1,R217_1_20240328_140000.WAV,2024-03-28,14:00:00,17280488
R217,R217_1,R217_1_20240328_180000.WAV,2024-03-28,18:00:00,17280488
R217,R217_1,R217_1_20240329_000000.WAV,2024-03-29,00:00:00,17280488
R217,R217_1,R217_1_20240329_040000.WAV,2024-03-29,04:00:00,17280488
R217,R217_1,R217_1_20240329_140000.WAV,2024-03-29,14:00:00,17280488
R217,R217_1,R217_1_20240329_180000.WAV,2024-03-29,18:00:00,17280488
R217,R217_1,R217_1_20240330_000000.WAV,2024-03-30,00:00:00,17280488
R217,R217_1,R217_1_20240330_040000.WAV,2024-03-30,04:00:00,17280488
R217,R217_1,R217_1_20240330_140000.WAV,2024-03-30,14:00:00,17280488
R217,R217_1,R217_1_20240330_180000.WAV,2024-03-30,18:00:00,17280488
R217,R217_1,R217_1_20240331_000000.WAV,2024-03-31,00:00:00,17280488
R217,R217_1,R217_1_20240331_040000.WAV,2024-03-31,04:00:00,17280488
R217,R217_1,R217_1_20240331_140000.WAV,2024-03-31,14:00:00,17280488
R217,R217_1,R217_1_20240331_180000.WAV,2024-03-31,18:00:00,17280488
R217,R217_1,R217_1_20240401_000000.WAV,2024-04-01,00:00:00,17280488
R217,R217_1,R217_1_20240401_040000.WAV,2024-04-01,04:00:00,17280488
R217,R217_1,R217_1_20240401_140000.WAV,2024-04-01,14:00:00,17280488
R217,R217_1,R217_1_20240401_180000.WAV,2024-04-01,18:00:00,17280488
R217,R217_1,R217_1_20240402_000000.WAV,2024-04-02,00:00:00,17280488
R217,R217_1,R217_1_20240402_040000.WAV,2024-04-02,04:00:00,17280488
R217,R217_1,R217_1_20240402_140000.WAV,2024-04-02,14:00:00,17280488
R217,R217_1,R217_1_20240402_180000.WAV,2024-04-02,18:00:00,17280488
R217,R217_1,R217_1_20240403_000000.WAV,2024-04-03,00:00:00,17280488
R217,R217_1,R217_1_20240403_040000.WAV,2024-04-03,04:00:00,17280488
R217,R217_1,R217_1_20240403_140000.WAV,2024-04-03,14:00:00,17280488
R217,R217_1,R217_1_20240403_180000.WAV,2024-04-03,18:00:00,17280488
R217,R217_1,R217_1_20240404_000000.WAV,2024-04-04,00:00:00,17280488
R217,R217_1,R217_1_20240404_040000.WAV,2024-04-04,04:00:00,17280488
R217,R217_1,R217_1_20240404_140000.WAV,2024-04-04,14:00:00,17280488
R217,R217_1,R217_1_20240404_180000.WAV,2024-04-04,18:00:00,17280488
R217,R217_1,R217_1_20240405_000000.WAV,2024-04-05,00:00:00,17280488
R217,R217_1,R217_1_20240405_040000.WAV,2024-04-05,04:00:00,17280488
R217,R217_1,R217_1_20240405_140000.WAV,2024-04-05,14:00:00,17280488
R217,R217_1,R217_1_20240405_180000.WAV,2024-04-05,18:00:00,17280488
R217,R217_1,R217_1_20240406_000000.WAV,2024-04-06,00:00:00,17280488
R217,R217_1,R217_1_20240406_040000.WAV,2024-04-06,04:00:00,17280488
R217,R217_1,R217_1_20240406_140000.WAV,2024-04-06,14:00:00,17280488
R217,R217_1,R217_1_20240406_180000.WAV,2024-04-06,18:00:00,17280488
R217,R217_1,R217_1_20240407_000000.WAV,2024-04-07,00:00:00,17280488
R217,R217_1,R217_1_20240407_040000.WAV,2024-04-07,04:00:00,17280488
R217,R217_1,R217_1_20240407_140000.WAV,2024-04-07,14:00:00,17280488
R217,R217_1,R217_1_20240407_180000.WAV,2024-04-07,18:00:00,17280488
R217,R217_1,R217_1_20240408_000000.WAV,2024-04-08,00:00:00,17280488
R217,R217_1,R217_1_20240408_040000.WAV,2024-04-08,04:00:00,17280488
R217,R217_1,R217_1_20240408_140000.WAV,2024-04-08,14:00:00,17280488
R217,R217_1,R217_1_20240408_180000.WAV,2024-04-08,18:00:00,17280488
R217,R217_1,R217_1_20240409_000000.WAV,2024-04-09,00:00:00,17280488
R217,R217_1,R217_1_20240409_040000.WAV,2024-04-09,04:00:00,17280488
R217,R217_1,R217_1_20240409_140000.WAV,2024-04-09,14:00:00,17280488
R217,R217_1,R217_1_20240409_180000.WAV,2024-04-09,18:00:00,17280488
R217,R217_1,R217_1_20240410_000000.WAV,2024-04-10,00:00:00,17280488
R217,R217_1,R217_1_20240410_040000.WAV,2024-04-10,04:00:00,17280488
R217,R217_1,R217_1_20240410_140000.WAV,2024-04-10,14:00:00,17280488
R217,R217_1,R217_1_20240410_180000.WAV,2024-04-10,18:00:00,17280488
R217,R217_1,R217_1_20240411_000000.WAV,2024-04-11,00:00:00,17280488
R217,R217_1,R217_1_20240411_040000.WAV,2024-04-11,04:00:00,17280488
R217,R217_1,R217_1_20240411_140000.WAV,2024-04-11,14:00:00,17280488
R217,R217_1,R217_1_20240411_180000.WAV,2024-04-11,18:00:00,17280488
R217,R217_1,R217_1_20240412_000000.WAV,2024-04-12,00:00:00,17280488
R217,R217_1,R217_1_20240412_040000.WAV,2024-04-12,04:00:00,17280488
R217,R217_1,R217_1_20240412_140000.WAV,2024-04-12,14:00:00,17280488
R217,R217_1,R217_1_20240412_180000.WAV,2024-04-12,18:00:00,17280488
R217,R217_1,R217_1_20240413_000000.WAV,2024-04-13,00:00:00,17280488
R217,R217_1,R217_1_20240413_040000.WAV,2024-04-13,04:00:00,17280488
R217,R217_1,R217_1_20240413_140000.WAV,2024-04-13,14:00:00,17280488
R217,R217_1,R217_1_20240413_180000.WAV,2024-04-13,18:00:00,17280488
R217,R217_1,R217_1_20240414_000000.WAV,2024-04-14,00:00:00,17280488
R217,R217_1,R217_1_20240414_040000.WAV,2024-04-14,04:00:00,17280488
R217,R217_1,R217_1_20240414_140000.WAV,2024-04-14,14:00:00,17280488
R217,R217_1,R217_1_20240414_180000.WAV,2024-04-14,18:00:00,17280488
R217,R217_1,R217_1_20240415_000000.WAV,2024-04-15,00:00:00,17280488
R217,R217_1,R217_1_20240415_040000.WAV,2024-04-15,04:00:00,17280488
R217,R217_1,R217_1_20240415_140000.WAV,2024-04-15,14:00:00,17280488
R217,R217_1,R217_1_20240415_180000.WAV,2024-04-15,18:00:00,17280488
R217,R217_1,R217_1_20240416_000000.WAV,2024-04-16,00:00:00,17280488
R217,R217_1,R217_1_20240416_040000.WAV,2024-04-16,04:00:00,17280488
R217,R217_1,R217_1_20240416_140000.WAV,2024-04-16,14:00:00,17280488
R217,R217_1,R217_1_20240416_180000.WAV,2024-04-16,18:00:00,17280488
R217,R217_1,R217_1_20240417_000000.WAV,2024-04-17,00:00:00,17280488
R217,R217_1,R217_1_20240417_040000.WAV,2024-04-17,04:00:00,17280488
R217,R217_1,R217_1_20240417_140000.WAV,2024-04-17,14:00:00,17280488
R217,R217_1,R217_1_20240417_180000.WAV,2024-04-17,18:00:00,17280488
R217,R217_1,R217_1_20240418_000000.WAV,2024-04-18,00:00:00,17280488
R217,R217_1,R217_1_20240418_040000.WAV,2024-04-18,04:00:00,17280488
R217,R217_1,R217_1_20240418_140000.WAV,2024-04-18,14:00:00,17280488
R217,R217_1,R217_1_20240418_180000.WAV,2024-04-18,18:00:00,17280488
R217,R217_1,R217_1_20240419_000000.WAV,2024-04-19,00:00:00,17280488
R217,R217_1,R217_1_20240419_040000.WAV,2024-04-19,04:00:00,17280488
R217,R217_1,R217_1_20240419_140000.WAV,2024-04-19,14:00:00,17280488
R217,R217_1,R217_1_20240419_180000.WAV,2024-04-19,18:00:00,17280488
R217,R217_1,R217_1_20240420_000000.WAV,2024-04-20,00:00:00,17280488
R217,R217_1,R217_1_20240420_040000.WAV,2024-04-20,04:00:00,17280488
R217,R217_1,R217_1_20240420_140000.WAV,2024-04-20,14:00:00,17280488
R217,R217_1,R217_1_20240420_180000.WAV,2024-04-20,18:00:00,17280488
R217,R217_1,R217_1_20240421_000000.WAV,2024-04-21,00:00:00,17280488
R217,R217_1,R217_1_20240421_040000.WAV,2024-04-21,04:00:00,17280488
R217,R217_1,R217_1_20240421_140000.WAV,2024-04-21,14:00:00,17280488
R217,R217_1,R217_1_20240421_180000.WAV,2024-04-21,18:00:00,17280488
R217,R217_1,R217_1_20240422_000000.WAV,2024-04-22,00:00:00,17280488
R217,R217_1,R217_1_20240422_040000.WAV,2024-04-22,04:00:00,17280488
R217,R217_1,R217_1_20240422_140000.WAV,2024-04-22,14:00:00,17280488
R217,R217_1,R217_1_20240422_180000.WAV,2024-04-22,18:00:00,17280488
R217,R217_1,R217_1_20240423_000000.WAV,2024-04-23,00:00:00,17280488
R217,R217_1,R217_1_20240423_040000.WAV,2024-04-23,04:00:00,17280488
R217,R217_1,R217_1_20240423_140000.WAV,2024-04-23,14:00:00,17280488
R217,R217_1,R217_1_20240423_180000.WAV,2024-04-23,18:00:00,17280488
R217,R217_1,R217_1_20240424_000000.WAV,2024-04-24,00:00:00,17280488
R217,R217_1,R217_1_20240424_040000.WAV,2024-04-24,04:00:00,17280488
R217,R217_1,R217_1_20240424_140000.WAV,2024-04-24,14:00:00,17280488
R217,R217_1,R217_1_20240424_180000.WAV,2024-04-24,18:00:00,17280488
R217,R217_1,R217_1_20240425_000000.WAV,2024-04-25,00:00:00,17280488
R217,R217_1,R217_1_20240425_040000.WAV,2024-04-25,04:00:00,17280488
R217,R217_1,R217_1_20240425_140000.WAV,2024-04-25,14:00:00,17280488
R217,R217_1,R217_1_20240425_180000.WAV,2024-04-25,18:00:00,17280488
R217,R217_1,R217_1_20240426_000000.WAV,2024-04-26,00:00:00,17280488
R217,R217_1,R217_1_20240426_040000.WAV,2024-04-26,04:00:00,17280488
R217,R217_1,R217_1_20240426_140000.WAV,2024-04-26,14:00:00,17280488
R217,R217_1,R217_1_20240426_180000.WAV,2024-04-26,18:00:00,17280488
R217,R217_1,R217_1_20240427_000000.WAV,2024-04-27,00:00:00,17280488
R217,R217_1,R217_1_20240427_040000.WAV,2024-04-27,04:00:00,17280488
R217,R217_1,R217_1_20240427_140000.WAV,2024-04-27,14:00:00,17280488
R217,R217_1,R217_1_20240427_180000.WAV,2024-04-27,18:00:00,17280488
R217,R217_1,R217_1_20240428_000000.WAV,2024-04-28,00:00:00,17280488
R217,R217_1,R217_1_20240428_040000.WAV,2024-04-28,04:00:00,17280488
R217,R217_1,R217_1_20240428_140000.WAV,2024-04-28,14:00:00,17280488
R217,R217_1,R217_1_20240428_180000.WAV,2024-04-28,18:00:00,17280488
R217,R217_1,R217_1_20240429_000000.WAV,2024-04-29,00:00:00,17280488
R217,R217_1,R217_1_20240429_040000.WAV,2024-04-29,04:00:00,17280488
R217,R217_1,R217_1_20240429_140000.WAV,2024-04-29,14:00:00,17280488
R217,R217_1,R217_1_20240429_180000.WAV,2024-04-29,18:00:00,17280488
R217,R217_1,R217_1_20240430_000000.WAV,2024-04-30,00:00:00,17280488
R217,R217_1,R217_1_20240430_040000.WAV,2024-04-30,04:00:00,17280488
R217,R217_1,R217_1_20240430_140000.WAV,2024-04-30,14:00:00,17280488
R217,R217_1,R217_1_20240430_180000.WAV,2024-04-30,18:00:00,17280488
R217,R217_1,R217_1_20240501_000000.WAV,2024-05-01,00:00:00,17280488
R217,R217_1,R217_1_20240501_040000.WAV,2024-05-01,04:00:00,17280488
R217,R217_1,R217_1_20240501_140000.WAV,2024-05-01,14:00:00,17280488
R217,R217_1,R217_1_20240501_180000.WAV,2024-05-01,18:00:00,17280488
R217,R217_1,R217_1_20240502_000000.WAV,2024-05-02,00:00:00,17280488
R217,R217_1,R217_1_20240502_040000.WAV,2024-05-02,04:00:00,17280488
R217,R217_1,R217_1_20240502_140000.WAV,2024-05-02,14:00:00,17280488
R217,R217_1,R217_1_20240502_180000.WAV,2024-05-02,18:00:00,17280488
R217,R217_1,R217_1_20240503_000000.WAV,2024-05-03,00:00:00,17280488
R217,R217_1,R217_1_20240503_040000.WAV,2024-05-03,04:00:00,17280488
R217,R217_1,R217_1_20240503_140000.WAV,2024-05-03,14:00:00,17280488
R217,R217_1,R217_1_20240503_180000.WAV,2024-05-03,18:00:00,17280488
R217,R217_1,R217_1_20240504_000000.WAV,2024-05-04,00:00:00,17280488
R217,R217_1,R217_1_20240504_040000.WAV,2024-05-04,04:00:00,17280488
R217,R217_1,R217_1_20240504_140000.WAV,2024-05-04,14:00:00,17280488
R217,R217_1,R217_1_20240504_180000.WAV,2024-05-04,18:00:00,17280488
R217,R217_1,R217_1_20240505_000000.WAV,2024-05-05,00:00:00,17280488
R217,R217_1,R217_1_20240505_040000.WAV,2024-05-05,04:00:00,17280488
R217,R217_1,R217_1_20240505_140000.WAV,2024-05-05,14:00:00,17280488
R217,R217_1,R217_1_20240505_180000.WAV,2024-05-05,18:00:00,17280488
R217,R217_1,R217_1_20240506_000000.WAV,2024-05-06,00:00:00,17280488
R217,R217_1,R217_1_20240506_040000.WAV,2024-05-06,04:00:00,17280488
R217,R217_1,R217_1_20240506_140000.WAV,2024-05-06,14:00:00,17280488
R217,R217_1,R217_1_20240506_180000.WAV,2024-05-06,18:00:00,17280488
R217,R217_1,R217_1_20240507_000000.WAV,2024-05-07,00:00:00,17280488
R217,R217_1,R217_1_20240507_040000.WAV,2024-05-07,04:00:00,17280488
R217,R217_1,R217_1_20240507_140000.WAV,2024-05-07,14:00:00,17280488
R217,R217_1,R217_1_20240507_180000.WAV,2024-05-07,18:00:00,17280488
R217,R217_1,R217_1_20240508_000000.WAV,2024-05-08,00:00:00,17280488
R217,R217_1,R217_1_20240508_040000.WAV,2024-05-08,04:00:00,17280488
R217,R217_1,R217_1_20240508_140000.WAV,2024-05-08,14:00:00,17280488
R217,R217_1,R217_1_20240508_180000.WAV,2024-05-08,18:00:00,17280488
R217,R217_1,R217_1_20240509_000000.WAV,2024-05-09,00:00:00,17280488
R217,R217_1,R217_1_20240509_040000.WAV,2024-05-09,04:00:00,17280488
R217,R217_1,R217_1_20240509_140000.WAV,2024-05-09,14:00:00,17280488
R217,R217_1,R217_1_20240509_180000.WAV,2024-05-09,18:00:00,17280488
R217,R217_1,R217_1_20240510_000000.WAV,2024-05-10,00:00:00,17280488
R217,R217_1,R217_1_20240510_040000.WAV,2024-05-10,04:00:00,17280488
R217,R217_1,R217_1_20240510_140000.WAV,2024-05-10,14:00:00,17280488
R217,R217_1,R217_1_20240510_180000.WAV,2024-05-10,18:00:00,17280488
R217,R217_1,R217_1_20240511_000000.WAV,2024-05-11,00:00:00,17280488
R217,R217_1,R217_1_20240511_040000.WAV,2024-05-11,04:00:00,17280488
R217,R217_1,R217_1_20240511_140000.WAV,2024-05-11,14:00:00,17280488
R217,R217_1,R217_1_20240511_180000.WAV,2024-05-11,18:00:00,17280488
R217,R217_1,R217_1_20240512_000000.WAV,2024-05-12,00:00:00,17280488
R217,R217_1,R217_1_20240512_040000.WAV,2024-05-12,04:00:00,17280488
R217,R217_1,R217_1_20240512_140000.WAV,2024-05-12,14:00:00,17280488
R217,R217_1,R217_1_20240512_180000.WAV,2024-05-12,18:00:00,17280488
R217,R217_1,R217_1_20240513_000000.WAV,2024-05-13,00:00:00,17280488
R217,R217_1,R217_1_20240513_040000.WAV,2024-05-13,04:00:00,17280488
R217,R217_1,R217_1_20240513_140000.WAV,2024-05-13,14:00:00,17280488
R217,R217_1,R217_1_20240513_180000.WAV,2024-05-13,18:00:00,17280488
R217,R217_1,R217_1_20240514_000000.WAV,2024-05-14,00:00:00,17280488
R217,R217_1,R217_1_20240514_040000.WAV,2024-05-14,04:00:00,17280488
R217,R217_1,R217_1_20240514_140000.WAV,2024-05-14,14:00:00,17280488
R217,R217_1,R217_1_20240514_180000.WAV,2024-05-14,18:00:00,17280488
R217,R217_1,R217_1_20240515_000000.WAV,2024-05-15,00:00:00,17280488
R217,R217_1,R217_1_20240515_040000.WAV,2024-05-15,04:00:00,17280488
R217,R217_1,R217_1_20240515_140000.WAV,2024-05-15,14:00:00,17280488
R217,R217_1,R217_1_20240515_180000.WAV,2024-05-15,18:00:00,17280488
R217,R217_1,R217_1_20240516_000000.WAV,2024-05-16,00:00:00,17280488
R217,R217_1,R217_1_20240516_040000.WAV,2024-05-16,04:00:00,17280488
R217,R217_1,R217_1_20240516_140000.WAV,2024-05-16,14:00:00,17280488
R217,R217_1,R217_1_20240516_180000.WAV,2024-05-16,18:00:00,17280488
R217,R217_1,R217_1_20240517_000000.WAV,2024-05-17,00:00:00,17280488
R217,R217_1,R217_1_20240517_040000.WAV,2024-05-17,04:00:00,17280488
R217,R217_1,R217_1_20240517_140000.WAV,2024-05-17,14:00:00,17280488
R217,R217_1,R217_1_20240517_180000.WAV,2024-05-17,18:00:00,17280488
R217,R217_1,R217_1_20240518_000000.WAV,2024-05-18,00:00:00,17280488
R217,R217_1,R217_1_20240518_040000.WAV,2024-05-18,04:00:00,17280488
R217,R217_1,R217_1_20240518_140000.WAV,2024-05-18,14:00:00,17280488
R217,R217_1,R217_1_20240518_180000.WAV,2024-05-18,18:00:00,17280488
R217,R217_1,R217_1_20240519_000000.WAV,2024-05-19,00:00:00,17280488
R217,R217_1,R217_1_20240519_040000.WAV,2024-05-19,04:00:00,17280488
R217,R217_1,R217_1_20240519_140000.WAV,2024-05-19,14:00:00,17280488
R217,R217_1,R217_1_20240519_180000.WAV,2024-05-19,18:00:00,17280488
R217,R217_1,R217_1_20240520_000000.WAV,2024-05-20,00:00:00,17280488
R217,R217_1,R217_1_20240520_040000.WAV,2024-05-20,04:00:00,17280488
R217,R217_1,R217_1_20240520_140000.WAV,2024-05-20,14:00:00,17280488
R217,R217_1,R217_1_20240520_180000.WAV,2024-05-20,18:00:00,17280488
R217,R217_1,R217_1_20240521_000000.WAV,2024-05-21,00:00:00,17280488
R217,R217_1,R217_1_20240521_040000.WAV,2024-05-21,04:00:00,17280488
R217,R217_1,R217_1_20240521_140000.WAV,2024-05-21,14:00:00,17280488
R217,R217_1,R217_1_20240521_180000.WAV,2024-05-21,18:00:00,17280488
R217,R217_1,R217_1_20240522_000000.WAV,2024-05-22,00:00:00,17280488
R217,R217_1,R217_1_20240522_040000.WAV,2024-05-22,04:00:00,17280488
R217,R217_1,R217_1_20240522_140000.WAV,2024-05-22,14:00:00,17280488
R217,R217_1,R217_1_20240522_180000.WAV,2024-05-22,18:00:00,17280488
R217,R217_1,R217_1_20240523_000000.WAV,2024-05-23,00:00:00,17280488
R217,R217_1,R217_1_20240523_040000.WAV,2024-05-23,04:00:00,17280488
R217,R217_1,R217_1_20240523_140000.WAV,2024-05-23,14:00:00,17280488
R217,R217_1,R217_1_20240523_180000.WAV,2024-05-23,18:00:00,17280488
R217,R217_1,R217_1_20240524_000000.WAV,2024-05-24,00:00:00,17280488
R217,R217_1,R217_1_20240524_040000.WAV,2024-05-24,04:00:00,17280488
R217,R217_1,R217_1_20240524_140000.WAV,2024-05-24,14:00:00,17280488
R217,R217_1,R217_1_20240524_180000.WAV,2024-05-24,18:00:00,17280488
R217,R217_1,R217_1_20240525_000000.WAV,2024-05-25,00:00:00,17280488
R217,R217_1,R217_1_20240525_040000.WAV,2024-05-25,04:00:00,17280488
R217,R217_1,R217_1_20240525_140000.WAV,2024-05-25,14:00:00,17280488
R217,R217_1,R217_1_20240525_180000.WAV,2024-05-25,18:00:00,17280488
R217,R217_1,R217_1_20240526_000000.WAV,2024-05-26,00:00:00,17280488
R217,R217_1,R217_1_20240526_040000.WAV,2024-05-26,04:00:00,17280488
R217,R217_1,R217_1_20240526_140000.WAV,2024-05-26,14:00:00,17280488
R217,R217_1,R217_1_20240526_180000.WAV,2024-05-26,18:00:00,17280488
R217,R217_1,R217_1_20240527_000000.WAV,2024-05-27,00:00:00,17280488
R217,R217_1,R217_1_20240527_040000.WAV,2024-05-27,04:00:00,17280488
R217,R217_1,R217_1_20240527_140000.WAV,2024-05-27,14:00:00,17280488
R217,R217_1,R217_1_20240527_180000.WAV,2024-05-27,18:00:00,17280488
R217,R217_1,R217_1_20240528_000000.WAV,2024-05-28,00:00:00,17280488
R217,R217_1,R217_1_20240528_040000.WAV,2024-05-28,04:00:00,17280488
R217,R217_1,R217_1_20240528_140000.WAV,2024-05-28,14:00:00,17280488
R217,R217_1,R217_1_20240528_180000.WAV,2024-05-28,18:00:00,17280488
R217,R217_1,R217_1_20240529_000000.WAV,2024-05-29,00:00:00,17280488
R217,R217_1,R217_1_20240529_040000.WAV,2024-05-29,04:00:00,17280488
R217,R217_1,R217_1_20240529_140000.WAV,2024-05-29,14:00:00,17280488
R217,R217_1,R217_1_20240529_180000.WAV,2024-05-29,18:00:00,17280488
R217,R217_1,R217_1_20240530_000000.WAV,2024-05-30,00:00:00,17280488
R217,R217_1,R217_1_20240530_040000.WAV,2024-05-30,04:00:00,17280488
R217,R217_1,R217_1_20240530_140000.WAV,2024-05-30,14:00:00,17280488
R217,R217_1,R217_1_20240530_180000.WAV,2024-05-30,18:00:00,17280488
R217,R217_1,R217_1_20240531_000000.WAV,2024-05-31,00:00:00,17280488
R217,R217_1,R217_1_20240531_040000.WAV,2024-05-31,04:00:00,17280488
R217,R217_1,R217_1_20240531_140000.WAV,2024-05-31,14:00:00,17280488
R217,R217_1,R217_1_20240531_180000.WAV,2024-05-31,18:00:00,17280488
R217,R217_1,R217_1_20240601_000000.WAV,2024-06-01,00:00:00,17280488
R217,R217_1,R217_1_20240601_040000.WAV,2024-06-01,04:00:00,17280488
R217,R217_1,R217_1_20240601_140000.WAV,2024-06-01,14:00:00,17280488
R217,R217_1,R217_1_20240601_180000.WAV,2024-06-01,18:00:00,17280488
R217,R217_1,R217_1_20240602_000000.WAV,2024-06-02,00:00:00,17280488
R217,R217_1,R217_1_20240602_040000.WAV,2024-06-02,04:00:00,17280488
R217,R217_1,R217_1_20240602_140000.WAV,2024-06-02,14:00:00,17280488
R217,R217_1,R217_1_20240602_180000.WAV,2024-06-02,18:00:00,17280488
R217,R217_1,R217_1_20240603_000000.WAV,2024-06-03,00:00:00,17280488
R217,R217_1,R217_1_20240603_040000.WAV,2024-06-03,04:00:00,17280488
R217,R217_1,R217_1_20240603_140000.WAV,2024-06-03,14:00:00,17280488
R217,R217_1,R217_1_20240603_180000.WAV,2024-06-03,18:00:00,17280488
R217,R217_1,R217_1_20240604_000000.WAV,2024-06-04,00:00:00,17280488
R217,R217_1,R217_1_20240604_040000.WAV,2024-06-04,04:00:00,17280488
R217,R217_1,R217_1_20240604_140000.WAV,2024-06-04,14:00:00,17280488
R217,R217_1,R217_1_20240604_180000.WAV,2024-06-04,18:00:00,17280488
R217,R217_1,R217_1_20240605_000000.WAV,2024-06-05,00:00:00,17280488
R217,R217_1,R217_1_20240605_040000.WAV,2024-06-05,04:00:00,17280488
R217,R217_1,R217_1_20240605_140000.WAV,2024-06-05,14:00:00,17280488
R217,R217_1,R217_1_20240605_180000.WAV,2024-06-05,18:00:00,17280488
R217,R217_1,R217_1_20240606_000000.WAV,2024-06-06,00:00:00,17280488
R217,R217_1,R217_1_20240606_040000.WAV,2024-06-06,04:00:00,17280488
R217,R217_1,R217_1_20240606_140000.WAV,2024-06-06,14:00:00,17280488
R217,R217_1,R217_1_20240606_180000.WAV,2024-06-06,18:00:00,17280488
R217,R217_1,R217_1_20240607_000000.WAV,2024-06-07,00:00:00,17280488
R217,R217_1,R217_1_20240607_040000.WAV,2024-06-07,04:00:00,17280488
R217,R217_1,R217_1_20240607_140000.WAV,2024-06-07,14:00:00,17280488
R217,R217_1,R217_1_20240607_180000.WAV,2024-06-07,18:00:00,17280488
R217,R217_1,R217_1_20240608_000000.WAV,2024-06-08,00:00:00,17280488
R217,R217_1,R217_1_20240608_040000.WAV,2024-06-08,04:00:00,17280488
R217,R217_1,R217_1_20240608_140000.WAV,2024-06-08,14:00:00,17280488
R217,R217_1,R217_1_20240608_180000.WAV,2024-06-08,18:00:00,17280488
R217,R217_1,R217_1_20240609_000000.WAV,2024-06-09,00:00:00,17280488
R217,R217_1,R217_1_20240609_040000.WAV,2024-06-09,04:00:00,17280488
R217,R217_1,R217_1_20240609_140000.WAV,2024-06-09,14:00:00,17280488
R217,R217_1,R217_1_20240609_180000.WAV,2024-06-09,18:00:00,17280488
R217,R217_1,R217_1_20240610_000000.WAV,2024-06-10,00:00:00,17280488
R217,R217_1,R217_1_20240610_040000.WAV,2024-06-10,04:00:00,17280488
R217,R217_1,R217_1_20240610_140000.WAV,2024-06-10,14:00:00,17280488
R217,R217_1,R217_1_20240610_180000.WAV,2024-06-10,18:00:00,17280488
R217,R217_1,R217_1_20240611_000000.WAV,2024-06-11,00:00:00,17280488
R217,R217_1,R217_1_20240611_040000.WAV,2024-06-11,04:00:00,17280488
R217,R217_1,R217_1_20240611_140000.WAV,2024-06-11,14:00:00,17280488
R217,R217_1,R217_1_20240611_180000.WAV,2024-06-11,18:00:00,17280488
R217,R217_1,R217_1_20240612_000000.WAV,2024-06-12,00:00:00,17280488
R217,R217_1,R217_1_20240612_040000.WAV,2024-06-12,04:00:00,17280488
R217,R217_1,R217_1_20240612_140000.WAV,2024-06-12,14:00:00,17280488
R217,R217_1,R217_1_20240612_180000.WAV,2024-06-12,18:00:00,17280488
R217,R217_1,R217_1_20240613_000000.WAV,2024-06-13,00:00:00,17280488
R217,R217_1,R217_1_20240613_040000.WAV,2024-06-13,04:00:00,17280488
R217,R217_1,R217_1_20240613_140000.WAV,2024-06-13,14:00:00,17280488
R217,R217_1,R217_1_20240613_180000.WAV,2024-06-13,18:00:00,17280488
R217,R217_1,R217_1_20240614_000000.WAV,2024-06-14,00:00:00,17280488
R217,R217_1,R217_1_20240614_040000.WAV,2024-06-14,04:00:00,17280488
R217,R217_1,R217_1_20240614_140000.WAV,2024-06-14,14:00:00,17280488
R217,R217_1,R217_1_20240614_180000.WAV,2024-06-14,18:00:00,17280488
R217,R217_1,R217_1_20240615_000000.WAV,2024-06-15,00:00:00,17280488
R217,R217_1,R217_1_20240615_040000.WAV,2024-06-15,04:00:00,17280488
R217,R217_1,R217_1_20240615_140000.WAV,2024-06-15,14:00:00,17280488
R217,R217_1,R217_1_20240615_180000.WAV,2024-06-15,18:00:00,17280488
R217,R217_1,R217_1_20240616_000000.WAV,2024-06-16,00:00:00,17280488
R217,R217_1,R217_1_20240616_040000.WAV,2024-06-16,04:00:00,17280488
R217,R217_1,R217_1_20240616_140000.WAV,2024-06-16,14:00:00,17280488
R217,R217_1,R217_1_20240616_180000.WAV,2024-06-16,18:00:00,17280488
R217,R217_1,R217_1_20240617_000000.WAV,2024-06-17,00:00:00,17280488
R217,R217_1,R217_1_20240617_040000.WAV,2024-06-17,04:00:00,17280488
R217,R217_1,R217_1_20240617_140000.WAV,2024-06-17,14:00:00,17280488
R217,R217_1,R217_1_20240617_180000.WAV,2024-06-17,18:00:00,17280488
R217,R217_1,R217_1_20240618_000000.WAV,2024-06-18,00:00:00,17280488
R217,R217_1,R217_1_20240618_040000.WAV,2024-06-18,04:00:00,17280488
R217,R217_1,R217_1_20240618_140000.WAV,2024-06-18,14:00:00,17280488
R217,R217_1,R217_1_20240618_180000.WAV,2024-06-18,18:00:00,17280488
R217,R217_1,R217_1_20240619_000000.WAV,2024-06-19,00:00:00,17280488
R217,R217_1,R217_1_20240619_040000.WAV,2024-06-19,04:00:00,17280488
R217,R217_1,R217_1_20240619_140000.WAV,2024-06-19,14:00:00,17280488
R217,R217_1,R217_1_20240619_180000.WAV,2024-06-19,18:00:00,17280488
R217,R217_1,R217_1_20240620_000000.WAV,2024-06-20,00:00:00,17280488
R217,R217_1,R217_1_20240620_040000.WAV,2024-06-20,04:00:00,17280488
R217,R217_1,R217_1_20240620_140000.WAV,2024-06-20,14:00:00,17280488
R217,R217_1,R217_1_20240620_180000.WAV,2024-06-20,18:00:00,17280488
R217,R217_1,R217_1_20240621_000000.WAV,2024-06-21,00:00:00,17280488
R217,R217_1,R217_1_20240621_040000.WAV,2024-06-21,04:00:00,17280488
R217,R217_1,R217_1_20240621_140000.WAV,2024-06-21,14:00:00,17280488
R217,R217_1,R217_1_20240621_180000.WAV,2024-06-21,18:00:00,17280488
R217,R217_1,R217_1_20240622_000000.WAV,2024-06-22,00:00:00,17280488
R217,R217_1,R217_1_20240622_040000.WAV,2024-06-22,04:00:00,17280488
R217,R217_1,R217_1_20240622_140000.WAV,2024-06-22,14:00:00,17280488
R217,R217_1,R217_1_20240622_180000.WAV,2024-06-22,18:00:00,17280488
R217,R217_1,R217_1_20240623_000000.WAV,2024-06-23,00:00:00,17280488
R217,R217_1,R217_1_20240623_040000.WAV,2024-06-23,04:00:00,17280488
R217,R217_1,R217_1_20240623_140000.WAV,2024-06-23,14:00:00,17280488
R217,R217_1,R217_1_20240623_180000.WAV,2024-06-23,18:00:00,17280488
R217,R217_1,R217_1_20240624_000000.WAV,2024-06-24,00:00:00,17280488
R217,R217_1,R217_1_20240624_040000.WAV,2024-06-24,04:00:00,17280488
R217,R217_1,R217_1_20240624_140000.WAV,2024-06-24,14:00:00,17280488
R217,R217_1,R217_1_20240624_180000.WAV,2024-06-24,18:00:00,17280488
R217,R217_1,R217_1_20240625_000000.WAV,2024-06-25,00:00:00,17280488
R217,R217_1,R217_1_20240625_040000.WAV,2024-06-25,04:00:00,17280488
R217,R217_1,R217_1_20240625_140000.WAV,2024-06-25,14:00:00,17280488
R217,R217_1,R217_1_20240625_180000.WAV,2024-06-25,18:00:00,17280488
R217,R217_1,R217_1_20240626_000000.WAV,2024-06-26,00:00:00,17280488
R217,R217_1,R217_1_20240626_040000.WAV,2024-06-26,04:00:00,17280488
R217,R217_1,R217_1_20240626_140000.WAV,2024-06-26,14:00:00,17280488
R217,R217_1,R217_1_20240626_180000.WAV,2024-06-26,18:00:00,17280488
R217,R217_1,R217_1_20240627_000000.WAV,2024-06-27,00:00:00,17280488
R217,R217_1,R217_1_20240627_040000.WAV,2024-06-27,04:00:00,17280488
R217,R217_1,R217_1_20240627_140000.WAV,2024-06-27,14:00:00,17280488
R217,R217_1,R217_1_20240627_180000.WAV,2024-06-27,18:00:00,17280488
R217,R217_1,R217_1_20240628_000000.WAV,2024-06-28,00:00:00,17280488
R217,R217_1,R217_1_20240628_040000.WAV,2024-06-28,04:00:00,17280488
R217,R217_1,R217_1_20240628_140000.WAV,2024-06-28,14:00:00,17280488
R217,R217_1,R217_1_20240628_180000.WAV,2024-06-28,18:00:00,17280488
R217,R217_1,R217_1_20240629_000000.WAV,2024-06-29,00:00:00,17280488
R217,R217_1,R217_1_20240629_040000.WAV,2024-06-29,04:00:00,17280488
R217,R217_1,R217_1_20240629_140000.WAV,2024-06-29,14:00:00,17280488
R217,R217_1,R217_1_20240629_180000.WAV,2024-06-29,18:00:00,17280488
R217,R217_1,R217_1_20240630_000000.WAV,2024-06-30,00:00:00,17280488
R217,R217_1,R217_1_20240630_040000.WAV,2024-06-30,04:00:00,17280488
R217,R217_1,R217_1_20240630_140000.WAV,2024-06-30,14:00:00,17280488
R217,R217_1,R217_1_20240630_180000.WAV,2024-06-30,18:00:00,17280488
R217,R217_1,R217_1_20240701_000000.WAV,2024-07-01,00:00:00,17280488
R217,R217_1,R217_1_20240701_040000.WAV,2024-07-01,04:00:00,17280488
R217,R217_1,R217_1_20240701_140000.WAV,2024-07-01,14:00:00,17280488
R217,R217_1,R217_1_20240701_180000.WAV,2024-07-01,18:00:00,17280488
R217,R217_1,R217_1_20240702_000000.WAV,2024-07-02,00:00:00,17280488
R217,R217_1,R217_1_20240702_040000.WAV,2024-07-02,04:00:00,17280488
R217,R217_1,R217_1_20240702_140000.WAV,2024-07-02,14:00:00,17280488
R217,R217_1,R217_1_20240702_180000.WAV,2024-07-02,18:00:00,17280488
R217,R217_1,R217_1_20240703_000000.WAV,2024-07-03,00:00:00,17280488
R217,R217_1,R217_1_20240703_040000.WAV,2024-07-03,04:00:00,17280488
R217,R217_1,R217_1_20240703_140000.WAV,2024-07-03,14:00:00,17280488
R217,R217_1,R217_1_20240703_180000.WAV,2024-07-03,18:00:00,17280488
R217,R217_1,R217_1_20240704_000000.WAV,2024-07-04,00:00:00,17280488
R217,R217_1,R217_1_20240704_040000.WAV,2024-07-04,04:00:00,17280488
R217,R217_1,R217_1_20240704_140000.WAV,2024-07-04,14:00:00,17280488
R217,R217_1,R217_1_20240704_180000.WAV,2024-07-04,18:00:00,17280488
R217,R217_1,R217_1_20240705_000000.WAV,2024-07-05,00:00:00,17280488
R217,R217_1,R217_1_20240705_040000.WAV,2024-07-05,04:00:00,17280488
R217,R217_1,R217_1_20240705_140000.WAV,2024-07-05,14:00:00,17280488
R217,R217_1,R217_1_20240705_180000.WAV,2024-07-05,18:00:00,17280488
R217,R217_1,R217_1_20240706_000000.WAV,2024-07-06,00:00:00,17280488
R217,R217_1,R217_1_20240706_040000.WAV,2024-07-06,04:00:00,17280488
R217,R217_1,R217_1_20240706_140000.WAV,2024-07-06,14:00:00,17280488
R217,R217_1,R217_1_20240706_180000.WAV,2024-07-06,18:00:00,17280488
R217,R217_1,R217_1_20240707_000000.WAV,2024-07-07,00:00:00,17280488
R217,R217_1,R217_1_20240707_040000.WAV,2024-07-07,04:00:00,17280488
R217,R217_1,R217_1_20240707_140000.WAV,2024-07-07,14:00:00,17280488
R217,R217_1,R217_1_20240707_180000.WAV,2024-07-07,18:00:00,17280488
R217,R217_1,R217_1_20240708_000000.WAV,2024-07-08,00:00:00,17280488
R217,R217_1,R217_1_20240708_040000.WAV,2024-07-08,04:00:00,17280488
R217,R217_1,R217_1_20240708_140000.WAV,2024-07-08,14:00:00,17280488
R217,R217_1,R217_1_20240708_180000.WAV,2024-07-08,18:00:00,17280488
R217,R217_1,R217_1_20240709_000000.WAV,2024-07-09,00:00:00,17280488
R217,R217_1,R217_1_20240709_040000.WAV,2024-07-09,04:00:00,17280488
R217,R217_1,R217_1_20240709_140000.WAV,2024-07-09,14:00:00,17280488
R217,R217_1,R217_1_20240709_180000.WAV,2024-07-09,18:00:00,17280488
R217,R217_1,R217_1_20240710_000000.WAV,2024-07-10,00:00:00,17280488
R217,R217_1,R217_1_20240710_040000.WAV,2024-07-10,04:00:00,17280488
R217,R217_1,R217_1_20240710_140000.WAV,2024-07-10,14:00:00,17280488
R217,R217_1,R217_1_20240710_180000.WAV,2024-07-10,18:00:00,17280488
R217,R217_1,R217_1_20240711_000000.WAV,2024-07-11,00:00:00,17280488
R217,R217_1,R217_1_20240711_040000.WAV,2024-07-11,04:00:00,17280488
R217,R217_1,R217_1_20240711_140000.WAV,2024-07-11,14:00:00,17280488
R217,R217_1,R217_1_20240711_180000.WAV,2024-07-11,18:00:00,17280488
R217,R217_1,R217_1_20240712_000000.WAV,2024-07-12,00:00:00,17280488
R217,R217_1,R217_1_20240712_040000.WAV,2024-07-12,04:00:00,17280488
R217,R217_1,R217_1_20240712_140000.WAV,2024-07-12,14:00:00,17280488
R217,R217_1,R217_1_20240712_180000.WAV,2024-07-12,18:00:00,17280488
R217,R217_1,R217_1_20240713_000000.WAV,2024-07-13,00:00:00,17280488
R217,R217_1,R217_1_20240713_040000.WAV,2024-07-13,04:00:00,17280488
R217,R217_1,R217_1_20240713_140000.WAV,2024-07-13,14:00:00,17280488
R217,R217_1,R217_1_20240713_180000.WAV,2024-07-13,18:00:00,17280488
R217,R217_1,R217_1_20240714_000000.WAV,2024-07-14,00:00:00,17280488
R217,R217_1,R217_1_20240714_040000.WAV,2024-07-14,04:00:00,17280488
R217,R217_1,R217_1_20240714_140000.WAV,2024-07-14,14:00:00,17280488
R217,R217_1,R217_1_20240714_180000.WAV,2024-07-14,18:00:00,17280488
R217,R217_1,R217_1_20240715_000000.WAV,2024-07-15,00:00:00,17280488
R217,R217_1,R217_1_20240715_040000.WAV,2024-07-15,04:00:00,17280488
R217,R217_1,R217_1_20240715_140000.WAV,2024-07-15,14:00:00,17280488
R217,R217_1,R217_1_20240715_180000.WAV,2024-07-15,18:00:00,17280488
R217,R217_1,R217_1_20240716_000000.WAV,2024-07-16,00:00:00,17280488
R217,R217_1,R217_1_20240716_040000.WAV,2024-07-16,04:00:00,17280488
R217,R217_1,R217_1_20240716_140000.WAV,2024-07-16,14:00:00,17280488
R217,R217_1,R217_1_20240716_180000.WAV,2024-07-16,18:00:00,17280488
R217,R217_1,R217_1_20240717_000000.WAV,2024-07-17,00:00:00,17280488
R217,R217_1,R217_1_20240717_040000.WAV,2024-07-17,04:00:00,17280488
R217,R217_1,R217_1_20240717_140000.WAV,2024-07-17,14:00:00,17280488
R217,R217_1,R217_1_20240717_180000.WAV,2024-07-17,18:00:00,17280488
R217,R217_1,R217_1_20240718_000000.WAV,2024-07-18,00:00:00,17280488
R217,R217_1,R217_1_20240718_040000.WAV,2024-07-18,04:00:00,17280488
R217,R217_1,R217_1_20240718_140000.WAV,2024-07-18,14:00:00,17280488
R217,R217_1,R217_1_20240718_180000.WAV,2024-07-18,18:00:00,17280488
R217,R217_1,R217_1_20240719_000000.WAV,2024-07-19,00:00:00,17280488
R217,R217_1,R217_1_20240719_040000.WAV,2024-07-19,04:00:00,17280488
R217,R217_1,R217_1_20240719_140000.WAV,2024-07-19,14:00:00,17280488
R217,R217_1,R217_1_20240719_180000.WAV,2024-07-19,18:00:00,17280488
R217,R217_1,R217_1_20240720_000000.WAV,2024-07-20,00:00:00,17280488
R217,R217_1,R217_1_20240720_040000.WAV,2024-07-20,04:00:00,17280488
R217,R217_1,R217_1_20240720_140000.WAV,2024-07-20,14:00:00,17280488
R217,R217_1,R217_1_20240720_180000.WAV,2024-07-20,18:00:00,17280488
R217,R217_1,R217_1_20240721_000000.WAV,2024-07-21,00:00:00,17280488
R217,R217_1,R217_1_20240721_040000.WAV,2024-07-21,04:00:00,17280488
R217,R217_1,R217_1_20240721_140000.WAV,2024-07-21,14:00:00,17280488
R217,R217_1,R217_1_20240721_180000.WAV,2024-07-21,18:00:00,17280488
R217,R217_1,R217_1_20240722_000000.WAV,2024-07-22,00:00:00,17280488
R217,R217_1,R217_1_20240722_040000.WAV,2024-07-22,04:00:00,17280488
R217,R217_1,R217_1_20240722_140000.WAV,2024-07-22,14:00:00,17280488
R217,R217_1,R217_1_20240722_180000.WAV,2024-07-22,18:00:00,17280488
R217,R217_1,R217_1_20240723_000000.WAV,2024-07-23,00:00:00,17280488
R217,R217_1,R217_1_20240723_040000.WAV,2024-07-23,04:00:00,17280488
R217,R217_1,R217_1_20240723_140000.WAV,2024-07-23,14:00:00,17280488
R217,R217_1,R217_1_20240723_180000.WAV,2024-07-23,18:00:00,17280488
R217,R217_1,R217_1_20240724_000000.WAV,2024-07-24,00:00:00,17280488
R217,R217_1,R217_1_20240724_040000.WAV,2024-07-24,04:00:00,17280488
R217,R217_1,R217_1_20240724_140000.WAV,2024-07-24,14:00:00,17280488
R217,R217_1,R217_1_20240724_180000.WAV,2024-07-24,18:00:00,17280488
R217,R217_1,R217_1_20240725_000000.WAV,2024-07-25,00:00:00,17280488
R217,R217_1,R217_1_20240725_040000.WAV,2024-07-25,04:00:00,17280488
R217,R217_1,R217_1_20240725_140000.WAV,2024-07-25,14:00:00,17280488
R217,R217_1,R217_1_20240725_180000.WAV,2024-07-25,18:00:00,17280488
R217,R217_1,R217_1_20240726_000000.WAV,2024-07-26,00:00:00,17280488
R217,R217_1,R217_1_20240726_040000.WAV,2024-07-26,04:00:00,17280488
R217,R217_1,R217_1_20240726_140000.WAV,2024-07-26,14:00:00,17280488
R217,R217_1,R217_1_20240726_180000.WAV,2024-07-26,18:00:00,17280488
R217,R217_1,R217_1_20240727_000000.WAV,2024-07-27,00:00:00,17280488
R217,R217_1,R217_1_20240727_040000.WAV,2024-07-27,04:00:00,17280488
R217,R217_1,R217_1_20240727_140000.WAV,2024-07-27,14:00:00,17280488
R217,R217_1,R217_1_20240727_180000.WAV,2024-07-27,18:00:00,17280488
R217,R217_1,R217_1_20240728_000000.WAV,2024-07-28,00:00:00,17280488
R217,R217_1,R217_1_20240728_040000.WAV,2024-07-28,04:00:00,17280488
R217,R217_1,R217_1_20240728_140000.WAV,2024-07-28,14:00:00,17280488
R217,R217_1,R217_1_20240728_180000.WAV,2024-07-28,18:00:00,17280488
R217,R217_1,R217_1_20240729_000000.WAV,2024-07-29,00:00:00,17280488
R217,R217_1,R217_1_20240729_040000.WAV,2024-07-29,04:00:00,17280488
R217,R217_1,R217_1_20240729_140000.WAV,2024-07-29,14:00:00,17280488
R217,R217_1,R217_1_20240729_180000.WAV,2024-07-29,18:00:00,17280488
R217,R217_1,R217_1_20240730_000000.WAV,2024-07-30,00:00:00,17280488
R217,R217_1,R217_1_20240730_040000.WAV,2024-07-30,04:00:00,17280488
R217,R217_1,R217_1_20240730_140000.WAV,2024-07-30,14:00:00,17280488
R217,R217_1,R217_1_20240730_180000.WAV,2024-07-30,18:00:00,17280488
R217,R217_1,R217_1_20240731_000000.WAV,2024-07-31,00:00:00,17280488
R217,R217_1,R217_1_20240731_040000.WAV,2024-07-31,04:00:00,17280488
R217,R217_1,R217_1_20240731_140000.WAV,2024-07-31,14:00:00,17280488
R217,R217_1,R217_1_20240731_180000.WAV,2024-07-31,18:00:00,17280488
R217,R217_1,R217_1_20240801_000000.WAV,2024-08-01,00:00:00,17280488
R217,R217_1,R217_1_20240801_040000.WAV,2024-08-01,04:00:00,17280488
R217,R217_1,R217_1_20240801_140000.WAV,2024-08-01,14:00:00,17280488
R217,R217_1,R217_1_20240801_180000.WAV,2024-08-01,18:00:00,17280488
R217,R217_1,R217_1_20240802_000000.WAV,2024-08-02,00:00:00,17280488
R217,R217_1,R217_1_20240802_040000.WAV,2024-08-02,04:00:00,17280488
R217,R217_1,R217_1_20240802_140000.WAV,2024-08-02,14:00:00,17280488
R217,R217_1,R217_1_20240802_180000.WAV,2024-08-02,18:00:00,17280488
R217,R217_1,R217_1_20240803_000000.WAV,2024-08-03,00:00:00,17280488
R217,R217_1,R217_1_20240803_040000.WAV,2024-08-03,04:00:00,17280488
R217,R217_1,R217_1_20240803_140000.WAV,2024-08-03,14:00:00,17280488
R217,R217_1,R217_1_20240803_180000.WAV,2024-08-03,18:00:00,17280488
R217,R217_1,R217_1_20240804_000000.WAV,2024-08-04,00:00:00,17280488
R217,R217_1,R217_1_20240804_040000.WAV,2024-08-04,04:00:00,17280488
R217,R217_1,R217_1_20240804_140000.WAV,2024-08-04,14:00:00,17280488
R217,R217_1,R217_1_20240804_180000.WAV,2024-08-04,18:00:00,17280488
R217,R217_1,R217_1_20240805_000000.WAV,2024-08-05,00:00:00,17280488
R217,R217_1,R217_1_20240805_040000.WAV,2024-08-05,04:00:00,17280488
R217,R217_1,R217_1_20240805_140000.WAV,2024-08-05,14:00:00,17280488
R217,R217_1,R217_1_20240805_180000.WAV,2024-08-05,18:00:00,17280488
R217,R217_1,R217_1_20240806_000000.WAV,2024-08-06,00:00:00,17280488
R217,R217_1,R217_1_20240806_040000.WAV,2024-08-06,04:00:00,17280488
R217,R217_1,R217_1_20240806_140000.WAV,2024-08-06,14:00:00,17280488
R217,R217_1,R217_1_20240806_180000.WAV,2024-08-06,18:00:00,17280488
R217,R217_1,R217_1_20240807_000000.WAV,2024-08-07,00:00:00,17280488
R217,R217_1,R217_1_20240807_040000.WAV,2024-08-07,04:00:00,17280488
R217,R217_1,R217_1_20240807_140000.WAV,2024-08-07,14:00:00,17280488
R217,R217_1,R217_1_20240807_180000.WAV,2024-08-07,18:00:00,17280488
R217,R217_1,R217_1_20240808_000000.WAV,2024-08-08,00:00:00,17280488
R217,R217_1,R217_1_20240808_040000.WAV,2024-08-08,04:00:00,17280488
R217,R217_1,R217_1_20240808_140000.WAV,2024-08-08,14:00:00,17280488
R217,R217_1,R217_1_20240808_180000.WAV,2024-08-08,18:00:00,17280488
R217,R217_1,R217_1_20240809_000000.WAV,2024-08-09,00:00:00,17280488
R217,R217_1,R217_1_20240809_040000.WAV,2024-08-09,04:00:00,17280488
R217,R217_1,R217_1_20240809_140000.WAV,2024-08-09,14:00:00,17280488
R217,R217_1,R217_1_20240809_180000.WAV,2024-08-09,18:00:00,17280488
R217,R217_1,R217_1_20240810_000000.WAV,2024-08-10,00:00:00,17280488
R217,R217_1,R217_1_20240810_040000.WAV,2024-08-10,04:00:00,17280488
R217,R217_1,R217_1_20240810_140000.WAV,2024-08-10,14:00:00,17280488
R217,R217_1,R217_1_20240810_180000.WAV,2024-08-10,18:00:00,17280488
R217,R217_1,R217_1_20240811_000000.WAV,2024-08-11,00:00:00,17280488
R217,R217_1,R217_1_20240811_040000.WAV,2024-08-11,04:00:00,17280488
R217,R217_1,R217_1_20240811_140000.WAV,2024-08-11,14:00:00,17280488
R217,R217_1,R217_1_20240811_180000.WAV,2024-08-11,18:00:00,17280488
R217,R217_1,R217_1_20240812_000000.WAV,2024-08-12,00:00:00,17280488
R217,R217_1,R217_1_20240812_040000.WAV,2024-08-12,04:00:00,17280488
R217,R217_1,R217_1_20240812_140000.WAV,2024-08-12,14:00:00,17280488
R217,R217_1,R217_1_20240812_180000.WAV,2024-08-12,18:00:00,17280488
R217,R217_1,R217_1_20240813_000000.WAV,2024-08-13,00:00:00,17280488
R217,R217_1,R217_1_20240813_040000.WAV,2024-08-13,04:00:00,17280488
R217,R217_1,R217_1_20240813_140000.WAV,2024-08-13,14:00:00,17280488
R217,R217_1,R217_1_20240813_180000.WAV,2024-08-13,18:00:00,17280488
R217,R217_1,R217_1_20240814_000000.WAV,2024-08-14,00:00:00,17280488
R217,R217_1,R217_1_20240814_040000.WAV,2024-08-14,04:00:00,17280488
R217,R217_1,R217_1_20240814_140000.WAV,2024-08-14,14:00:00,17280488
R217,R217_1,R217_1_20240814_180000.WAV,2024-08-14,18:00:00,17280488
R217,R217_1,R217_1_20240815_000000.WAV,2024-08-15,00:00:00,17280488
R217,R217_1,R217_1_20240815_040000.WAV,2024-08-15,04:00:00,17280488
R217,R217_1,R217_1_20240815_140000.WAV,2024-08-15,14:00:00,17280488
R217,R217_1,R217_1_20240815_180000.WAV,2024-08-15,18:00:00,17280488
R217,R217_1,R217_1_20240816_000000.WAV,2024-08-16,00:00:00,17280488
R217,R217_1,R217_1_20240816_040000.WAV,2024-08-16,04:00:00,17280488
R217,R217_1,R217_1_20240816_140000.WAV,2024-08-16,14:00:00,17280488
R217,R217_1,R217_1_20240816_180000.WAV,2024-08-16,18:00:00,17280488
R217,R217_1,R217_1_20240817_000000.WAV,2024-08-17,00:00:00,17280488
R217,R217_1,R217_1_20240817_040000.WAV,2024-08-17,04:00:00,17280488
R217,R217_1,R217_1_20240817_140000.WAV,2024-08-17,14:00:00,17280488
R217,R217_1,R217_1_20240817_180000.WAV,2024-08-17,18:00:00,17280488
R217,R217_1,R217_1_20240818_000000.WAV,2024-08-18,00:00:00,17280488
R217,R217_1,R217_1_20240818_040000.WAV,2024-08-18,04:00:00,17280488
R217,R217_1,R217_1_20240818_140000.WAV,2024-08-18,14:00:00,17280488
R217,R217_1,R217_1_20240818_180000.WAV,2024-08-18,18:00:00,17280488
R217,R217_1,R217_1_20240819_000000.WAV,2024-08-19,00:00:00,17280488
R217,R217_1,R217_1_20240819_040000.WAV,2024-08-19,04:00:00,17280488
R217,R217_1,R217_1_20240819_140000.WAV,2024-08-19,14:00:00,17280488
R217,R217_1,R217_1_20240819_180000.WAV,2024-08-19,18:00:00,17280488
R217,R217_1,R217_1_20240820_000000.WAV,2024-08-20,00:00:00,17280488
R217,R217_1,R217_1_20240820_040000.WAV,2024-08-20,04:00:00,17280488
R217,R217_1,R217_1_20240820_140000.WAV,2024-08-20,14:00:00,17280488
R217,R217_1,R217_1_20240820_180000.WAV,2024-08-20,18:00:00,17280488
R217,R217_1,R217_1_20240821_000000.WAV,2024-08-21,00:00:00,17280488
R217,R217_1,R217_1_20240821_040000.WAV,2024-08-21,04:00:00,17280488
R217,R217_1,R217_1_20240821_140000.WAV,2024-08-21,14:00:00,17280488
R217,R217_2,R217_2_20240325_180000.WAV,2024-03-25,18:00:00,17280488
R217,R217_2,R217_2_20240326_000000.WAV,2024-03-26,00:00:00,17280488
R217,R217_2,R217_2_20240326_040000.WAV,2024-03-26,04:00:00,17280488
R217,R217_2,R217_2_20240326_140000.WAV,2024-03-26,14:00:00,17280488
R217,R217_2,R217_2_20240326_180000.WAV,2024-03-26,18:00:00,17280488
R217,R217_2,R217_2_20240327_000000.WAV,2024-03-27,00:00:00,17280488
R217,R217_2,R217_2_20240327_040000.WAV,2024-03-27,04:00:00,17280488
R217,R217_2,R217_2_20240327_140000.WAV,2024-03-27,14:00:00,17280488
R217,R217_2,R217_2_20240327_180000.WAV,2024-03-27,18:00:00,17280488
R217,R217_2,R217_2_20240328_000000.WAV,2024-03-28,00:00:00,17280488
R217,R217_2,R217_2_20240328_040000.WAV,2024-03-28,04:00:00,17280488
R217,R217_2,R217_2_20240328_140000.WAV,2024-03-28,14:00:00,17280488
R217,R217_2,R217_2_20240328_180000.WAV,2024-03-28,18:00:00,17280488
R217,R217_2,R217_2_20240329_000000.WAV,2024-03-29,00:00:00,17280488
R217,R217_2,R217_2_20240329_040000.WAV,2024-03-29,04:00:00,17280488
R217,R217_2,R217_2_20240329_140000.WAV,2024-03-29,14:00:00,17280488
R217,R217_2,R217_2_20240329_180000.WAV,2024-03-29,18:00:00,17280488
R217,R217_2,R217_2_20240330_000000.WAV,2024-03-30,00:00:00,17280488
R217,R217_2,R217_2_20240330_040000.WAV,2024-03-30,04:00:00,17280488
R217,R217_2,R217_2_20240330_140000.WAV,2024-03-30,14:00:00,17280488
R217,R217_2,R217_2_20240330_180000.WAV,2024-03-30,18:00:00,17280488
R217,R217_2,R217_2_20240331_000000.WAV,2024-03-31,00:00:00,17280488
R217,R217_2,R217_2_20240331_040000.WAV,2024-03-31,04:00:00,17280488
R217,R217_2,R217_2_20240331_140000.WAV,2024-03-31,14:00:00,17280488
R217,R217_2,R217_2_20240331_180000.WAV,2024-03-31,18:00:00,17280488
R217,R217_2,R217_2_20240401_000000.WAV,2024-04-01,00:00:00,17280488
R217,R217_2,R217_2_20240401_040000.WAV,2024-04-01,04:00:00,17280488
R217,R217_2,R217_2_20240401_140000.WAV,2024-04-01,14:00:00,17280488
R217,R217_2,R217_2_20240401_180000.WAV,2024-04-01,18:00:00,17280488
R217,R217_2,R217_2_20240402_000000.WAV,2024-04-02,00:00:00,17280488
R217,R217_2,R217_2_20240402_040000.WAV,2024-04-02,04:00:00,17280488
R217,R217_2,R217_2_20240402_140000.WAV,2024-04-02,14:00:00,17280488
R217,R217_2,R217_2_20240402_180000.WAV,2024-04-02,18:00:00,17280488
R217,R217_2,R217_2_20240403_000000.WAV,2024-04-03,00:00:00,17280488
R217,R217_2,R217_2_20240403_040000.WAV,2024-04-03,04:00:00,17280488
R217,R217_2,R217_2_20240403_140000.WAV,2024-04-03,14:00:00,17280488
R217,R217_2,R217_2_20240403_180000.WAV,2024-04-03,18:00:00,17280488
R217,R217_2,R217_2_20240404_000000.WAV,2024-04-04,00:00:00,17280488
R217,R217_2,R217_2_20240404_040000.WAV,2024-04-04,04:00:00,17280488
R217,R217_2,R217_2_20240404_140000.WAV,2024-04-04,14:00:00,17280488
R217,R217_2,R217_2_20240404_180000.WAV,2024-04-04,18:00:00,17280488
R217,R217_2,R217_2_20240405_000000.WAV,2024-04-05,00:00:00,17280488
R217,R217_2,R217_2_20240405_040000.WAV,2024-04-05,04:00:00,17280488
R217,R217_2,R217_2_20240405_140000.WAV,2024-04-05,14:00:00,17280488
R217,R217_2,R217_2_20240405_180000.WAV,2024-04-05,18:00:00,17280488
R217,R217_2,R217_2_20240406_000000.WAV,2024-04-06,00:00:00,17280488
R217,R217_2,R217_2_20240406_040000.WAV,2024-04-06,04:00:00,17280488
R217,R217_2,R217_2_20240406_140000.WAV,2024-04-06,14:00:00,17280488
R217,R217_2,R217_2_20240406_180000.WAV,2024-04-06,18:00:00,17280488
R217,R217_2,R217_2_20240407_000000.WAV,2024-04-07,00:00:00,17280488
R217,R217_2,R217_2_20240407_040000.WAV,2024-04-07,04:00:00,17280488
R217,R217_2,R217_2_20240407_140000.WAV,2024-04-07,14:00:00,17280488
R217,R217_2,R217_2_20240407_180000.WAV,2024-04-07,18:00:00,17280488
R217,R217_2,R217_2_20240408_000000.WAV,2024-04-08,00:00:00,17280488
R217,R217_2,R217_2_20240408_040000.WAV,2024-04-08,04:00:00,17280488
R217,R217_2,R217_2_20240408_140000.WAV,2024-04-08,14:00:00,17280488
R217,R217_2,R217_2_20240408_180000.WAV,2024-04-08,18:00:00,17280488
R217,R217_2,R217_2_20240409_000000.WAV,2024-04-09,00:00:00,17280488
R217,R217_2,R217_2_20240409_040000.WAV,2024-04-09,04:00:00,17280488
R217,R217_2,R217_2_20240409_140000.WAV,2024-04-09,14:00:00,17280488
R217,R217_2,R217_2_20240409_180000.WAV,2024-04-09,18:00:00,17280488
R217,R217_2,R217_2_20240410_000000.WAV,2024-04-10,00:00:00,17280488
R217,R217_2,R217_2_20240410_040000.WAV,2024-04-10,04:00:00,17280488
R217,R217_2,R217_2_20240410_140000.WAV,2024-04-10,14:00:00,17280488
R217,R217_2,R217_2_20240410_180000.WAV,2024-04-10,18:00:00,17280488
R217,R217_2,R217_2_20240411_000000.WAV,2024-04-11,00:00:00,17280488
R217,R217_2,R217_2_20240411_040000.WAV,2024-04-11,04:00:00,17280488
R217,R217_2,R217_2_20240411_140000.WAV,2024-04-11,14:00:00,17280488
R217,R217_2,R217_2_20240411_180000.WAV,2024-04-11,18:00:00,17280488
R217,R217_2,R217_2_20240412_000000.WAV,2024-04-12,00:00:00,17280488
R217,R217_2,R217_2_20240412_040000.WAV,2024-04-12,04:00:00,17280488
R217,R217_2,R217_2_20240412_140000.WAV,2024-04-12,14:00:00,17280488
R217,R217_2,R217_2_20240412_180000.WAV,2024-04-12,18:00:00,17280488
R217,R217_2,R217_2_20240413_000000.WAV,2024-04-13,00:00:00,17280488
R217,R217_2,R217_2_20240413_040000.WAV,2024-04-13,04:00:00,17280488
R217,R217_2,R217_2_20240413_140000.WAV,2024-04-13,14:00:00,17280488
R217,R217_2,R217_2_20240413_180000.WAV,2024-04-13,18:00:00,17280488
R217,R217_2,R217_2_20240414_000000.WAV,2024-04-14,00:00:00,17280488
R217,R217_2,R217_2_20240414_040000.WAV,2024-04-14,04:00:00,17280488
R217,R217_2,R217_2_20240414_140000.WAV,2024-04-14,14:00:00,17280488
R217,R217_2,R217_2_20240414_180000.WAV,2024-04-14,18:00:00,17280488
R217,R217_2,R217_2_20240415_000000.WAV,2024-04-15,00:00:00,17280488
R217,R217_2,R217_2_20240415_040000.WAV,2024-04-15,04:00:00,17280488
R217,R217_2,R217_2_20240415_140000.WAV,2024-04-15,14:00:00,17280488
R217,R217_2,R217_2_20240415_180000.WAV,2024-04-15,18:00:00,17280488
R217,R217_2,R217_2_20240416_000000.WAV,2024-04-16,00:00:00,17280488
R217,R217_2,R217_2_20240416_040000.WAV,2024-04-16,04:00:00,17280488
R217,R217_2,R217_2_20240416_140000.WAV,2024-04-16,14:00:00,17280488
R217,R217_2,R217_2_20240416_180000.WAV,2024-04-16,18:00:00,17280488
R217,R217_2,R217_2_20240417_000000.WAV,2024-04-17,00:00:00,17280488
R217,R217_2,R217_2_20240417_040000.WAV,2024-04-17,04:00:00,17280488
R217,R217_2,R217_2_20240417_140000.WAV,2024-04-17,14:00:00,17280488
R217,R217_2,R217_2_20240417_180000.WAV,2024-04-17,18:00:00,17280488
R217,R217_2,R217_2_20240418_000000.WAV,2024-04-18,00:00:00,17280488
R217,R217_2,R217_2_20240418_040000.WAV,2024-04-18,04:00:00,17280488
R217,R217_2,R217_2_20240418_140000.WAV,2024-04-18,14:00:00,17280488
R217,R217_2,R217_2_20240418_180000.WAV,2024-04-18,18:00:00,17280488
R217,R217_2,R217_2_20240419_000000.WAV,2024-04-19,00:00:00,17280488
R217,R217_2,R217_2_20240419_040000.WAV,2024-04-19,04:00:00,17280488
R217,R217_2,R217_2_20240419_140000.WAV,2024-04-19,14:00:00,17280488
R217,R217_2,R217_2_20240419_180000.WAV,2024-04-19,18:00:00,17280488
R217,R217_2,R217_2_20240420_000000.WAV,2024-04-20,00:00:00,17280488
R217,R217_2,R217_2_20240420_040000.WAV,2024-04-20,04:00:00,17280488
R217,R217_2,R217_2_20240420_140000.WAV,2024-04-20,14:00:00,17280488
R217,R217_2,R217_2_20240420_180000.WAV,2024-04-20,18:00:00,17280488
R217,R217_2,R217_2_20240421_000000.WAV,2024-04-21,00:00:00,17280488
R217,R217_2,R217_2_20240421_040000.WAV,2024-04-21,04:00:00,17280488
R217,R217_2,R217_2_20240421_140000.WAV,2024-04-21,14:00:00,17280488
R217,R217_2,R217_2_20240421_180000.WAV,2024-04-21,18:00:00,17280488
R217,R217_2,R217_2_20240422_000000.WAV,2024-04-22,00:00:00,17280488
R217,R217_2,R217_2_20240422_040000.WAV,2024-04-22,04:00:00,17280488
R217,R217_2,R217_2_20240422_140000.WAV,2024-04-22,14:00:00,17280488
R217,R217_2,R217_2_20240422_180000.WAV,2024-04-22,18:00:00,17280488
R217,R217_2,R217_2_20240423_000000.WAV,2024-04-23,00:00:00,17280488
R217,R217_2,R217_2_20240423_040000.WAV,2024-04-23,04:00:00,17280488
R217,R217_2,R217_2_20240423_140000.WAV,2024-04-23,14:00:00,17280488
R217,R217_2,R217_2_20240423_180000.WAV,2024-04-23,18:00:00,17280488
R217,R217_2,R217_2_20240424_000000.WAV,2024-04-24,00:00:00,17280488
R217,R217_2,R217_2_20240424_040000.WAV,2024-04-24,04:00:00,17280488
R217,R217_2,R217_2_20240424_140000.WAV,2024-04-24,14:00:00,17280488
R217,R217_2,R217_2_20240424_180000.WAV,2024-04-24,18:00:00,17280488
R217,R217_2,R217_2_20240425_000000.WAV,2024-04-25,00:00:00,17280488
R217,R217_2,R217_2_20240425_040000.WAV,2024-04-25,04:00:00,17280488
R217,R217_2,R217_2_20240425_140000.WAV,2024-04-25,14:00:00,17280488
R217,R217_2,R217_2_20240425_180000.WAV,2024-04-25,18:00:00,17280488
R217,R217_2,R217_2_20240426_000000.WAV,2024-04-26,00:00:00,17280488
R217,R217_2,R217_2_20240426_040000.WAV,2024-04-26,04:00:00,17280488
R217,R217_2,R217_2_20240426_140000.WAV,2024-04-26,14:00:00,17280488
R217,R217_2,R217_2_20240426_180000.WAV,2024-04-26,18:00:00,17280488
R217,R217_2,R217_2_20240427_000000.WAV,2024-04-27,00:00:00,17280488
R217,R217_2,R217_2_20240427_040000.WAV,2024-04-27,04:00:00,17280488
R217,R217_2,R217_2_20240427_140000.WAV,2024-04-27,14:00:00,17280488
R217,R217_2,R217_2_20240427_180000.WAV,2024-04-27,18:00:00,17280488
R217,R217_2,R217_2_20240428_000000.WAV,2024-04-28,00:00:00,17280488
R217,R217_2,R217_2_20240428_040000.WAV,2024-04-28,04:00:00,17280488
R217,R217_2,R217_2_20240428_140000.WAV,2024-04-28,14:00:00,17280488
R217,R217_2,R217_2_20240428_180000.WAV,2024-04-28,18:00:00,17280488
R217,R217_2,R217_2_20240429_000000.WAV,2024-04-29,00:00:00,17280488
R217,R217_2,R217_2_20240429_040000.WAV,2024-04-29,04:00:00,17280488
R217,R217_2,R217_2_20240429_140000.WAV,2024-04-29,14:00:00,17280488
R217,R217_2,R217_2_20240429_180000.WAV,2024-04-29,18:00:00,17280488
R217,R217_2,R217_2_20240430_000000.WAV,2024-04-30,00:00:00,17280488
R217,R217_2,R217_2_20240430_040000.WAV,2024-04-30,04:00:00,17280488
R217,R217_2,R217_2_20240430_140000.WAV,2024-04-30,14:00:00,17280488
R217,R217_2,R217_2_20240430_180000.WAV,2024-04-30,18:00:00,17280488
R217,R217_2,R217_2_20240501_000000.WAV,2024-05-01,00:00:00,17280488
R217,R217_2,R217_2_20240501_040000.WAV,2024-05-01,04:00:00,17280488
R217,R217_2,R217_2_20240501_140000.WAV,2024-05-01,14:00:00,17280488
R217,R217_2,R217_2_20240501_180000.WAV,2024-05-01,18:00:00,17280488
R217,R217_2,R217_2_20240502_000000.WAV,2024-05-02,00:00:00,17280488
R217,R217_2,R217_2_20240502_040000.WAV,2024-05-02,04:00:00,17280488
R217,R217_2,R217_2_20240502_140000.WAV,2024-05-02,14:00:00,17280488
R217,R217_2,R217_2_20240502_180000.WAV,2024-05-02,18:00:00,17280488
R217,R217_2,R217_2_20240503_000000.WAV,2024-05-03,00:00:00,17280488
R217,R217_2,R217_2_20240503_040000.WAV,2024-05-03,04:00:00,17280488
R217,R217_2,R217_2_20240503_140000.WAV,2024-05-03,14:00:00,17280488
R217,R217_2,R217_2_20240503_180000.WAV,2024-05-03,18:00:00,17280488
R217,R217_2,R217_2_20240504_000000.WAV,2024-05-04,00:00:00,17280488
R217,R217_2,R217_2_20240504_040000.WAV,2024-05-04,04:00:00,17280488
R217,R217_2,R217_2_20240504_140000.WAV,2024-05-04,14:00:00,17280488
R217,R217_2,R217_2_20240504_180000.WAV,2024-05-04,18:00:00,17280488
R217,R217_2,R217_2_20240505_000000.WAV,2024-05-05,00:00:00,17280488
R217,R217_2,R217_2_20240505_040000.WAV,2024-05-05,04:00:00,17280488
R217,R217_2,R217_2_20240505_140000.WAV,2024-05-05,14:00:00,17280488
R217,R217_2,R217_2_20240505_180000.WAV,2024-05-05,18:00:00,17280488
R217,R217_2,R217_2_20240506_000000.WAV,2024-05-06,00:00:00,17280488
R217,R217_2,R217_2_20240506_040000.WAV,2024-05-06,04:00:00,17280488
R217,R217_2,R217_2_20240506_140000.WAV,2024-05-06,14:00:00,17280488
R217,R217_2,R217_2_20240506_180000.WAV,2024-05-06,18:00:00,17280488
R217,R217_2,R217_2_20240507_000000.WAV,2024-05-07,00:00:00,17280488
R217,R217_2,R217_2_20240507_040000.WAV,2024-05-07,04:00:00,17280488
R217,R217_2,R217_2_20240507_140000.WAV,2024-05-07,14:00:00,17280488
R217,R217_2,R217_2_20240507_180000.WAV,2024-05-07,18:00:00,17280488
R217,R217_2,R217_2_20240508_000000.WAV,2024-05-08,00:00:00,17280488
R217,R217_2,R217_2_20240508_040000.WAV,2024-05-08,04:00:00,17280488
R217,R217_2,R217_2_20240508_140000.WAV,2024-05-08,14:00:00,17280488
R217,R217_2,R217_2_20240508_180000.WAV,2024-05-08,18:00:00,17280488
R217,R217_2,R217_2_20240509_000000.WAV,2024-05-09,00:00:00,17280488
R217,R217_2,R217_2_20240509_040000.WAV,2024-05-09,04:00:00,17280488
R217,R217_2,R217_2_20240509_140000.WAV,2024-05-09,14:00:00,17280488
R217,R217_2,R217_2_20240509_180000.WAV,2024-05-09,18:00:00,17280488
R217,R217_2,R217_2_20240510_000000.WAV,2024-05-10,00:00:00,17280488
R217,R217_2,R217_2_20240510_040000.WAV,2024-05-10,04:00:00,17280488
R217,R217_2,R217_2_20240510_140000.WAV,2024-05-10,14:00:00,17280488
R217,R217_2,R217_2_20240510_180000.WAV,2024-05-10,18:00:00,17280488
R217,R217_2,R217_2_20240511_000000.WAV,2024-05-11,00:00:00,17280488
R217,R217_2,R217_2_20240511_040000.WAV,2024-05-11,04:00:00,17280488
R217,R217_2,R217_2_20240511_140000.WAV,2024-05-11,14:00:00,17280488
R217,R217_2,R217_2_20240511_180000.WAV,2024-05-11,18:00:00,17280488
R217,R217_2,R217_2_20240512_000000.WAV,2024-05-12,00:00:00,17280488
R217,R217_2,R217_2_20240512_040000.WAV,2024-05-12,04:00:00,17280488
R217,R217_2,R217_2_20240512_140000.WAV,2024-05-12,14:00:00,17280488
R217,R217_2,R217_2_20240512_180000.WAV,2024-05-12,18:00:00,17280488
R217,R217_2,R217_2_20240513_000000.WAV,2024-05-13,00:00:00,17280488
R217,R217_2,R217_2_20240513_040000.WAV,2024-05-13,04:00:00,17280488
R217,R217_2,R217_2_20240513_140000.WAV,2024-05-13,14:00:00,17280488
R217,R217_2,R217_2_20240513_180000.WAV,2024-05-13,18:00:00,17280488
R217,R217_2,R217_2_20240514_000000.WAV,2024-05-14,00:00:00,17280488
R217,R217_2,R217_2_20240514_040000.WAV,2024-05-14,04:00:00,17280488
R217,R217_2,R217_2_20240514_140000.WAV,2024-05-14,14:00:00,17280488
R217,R217_2,R217_2_20240514_180000.WAV,2024-05-14,18:00:00,17280488
R217,R217_2,R217_2_20240515_000000.WAV,2024-05-15,00:00:00,17280488
R217,R217_2,R217_2_20240515_040000.WAV,2024-05-15,04:00:00,17280488
R217,R217_2,R217_2_20240515_140000.WAV,2024-05-15,14:00:00,17280488
R217,R217_2,R217_2_20240515_180000.WAV,2024-05-15,18:00:00,17280488
R217,R217_2,R217_2_20240516_000000.WAV,2024-05-16,00:00:00,17280488
R217,R217_2,R217_2_20240516_040000.WAV,2024-05-16,04:00:00,17280488
R217,R217_2,R217_2_20240516_140000.WAV,2024-05-16,14:00:00,17280488
R217,R217_2,R217_2_20240516_180000.WAV,2024-05-16,18:00:00,17280488
R217,R217_2,R217_2_20240517_000000.WAV,2024-05-17,00:00:00,17280488
R217,R217_2,R217_2_20240517_040000.WAV,2024-05-17,04:00:00,17280488
R217,R217_2,R217_2_20240517_140000.WAV,2024-05-17,14:00:00,17280488
R217,R217_2,R217_2_20240517_180000.WAV,2024-05-17,18:00:00,17280488
R217,R217_2,R217_2_20240518_000000.WAV,2024-05-18,00:00:00,17280488
R217,R217_2,R217_2_20240518_040000.WAV,2024-05-18,04:00:00,17280488
R217,R217_2,R217_2_20240518_140000.WAV,2024-05-18,14:00:00,17280488
R217,R217_2,R217_2_20240518_180000.WAV,2024-05-18,18:00:00,17280488
R217,R217_2,R217_2_20240519_000000.WAV,2024-05-19,00:00:00,17280488
R217,R217_2,R217_2_20240519_040000.WAV,2024-05-19,04:00:00,17280488
R217,R217_2,R217_2_20240519_140000.WAV,2024-05-19,14:00:00,17280488
R217,R217_2,R217_2_20240519_180000.WAV,2024-05-19,18:00:00,17280488
R217,R217_2,R217_2_20240520_000000.WAV,2024-05-20,00:00:00,17280488
R217,R217_2,R217_2_20240520_040000.WAV,2024-05-20,04:00:00,17280488
R217,R217_2,R217_2_20240520_140000.WAV,2024-05-20,14:00:00,17280488
R217,R217_2,R217_2_20240520_180000.WAV,2024-05-20,18:00:00,17280488
R217,R217_2,R217_2_20240521_000000.WAV,2024-05-21,00:00:00,17280488
R217,R217_2,R217_2_20240521_040000.WAV,2024-05-21,04:00:00,17280488
R217,R217_2,R217_2_20240521_140000.WAV,2024-05-21,14:00:00,17280488
R217,R217_2,R217_2_20240521_180000.WAV,2024-05-21,18:00:00,17280488
R217,R217_2,R217_2_20240522_000000.WAV,2024-05-22,00:00:00,17280488
R217,R217_2,R217_2_20240522_040000.WAV,2024-05-22,04:00:00,17280488
R217,R217_2,R217_2_20240522_140000.WAV,2024-05-22,14:00:00,17280488
R217,R217_2,R217_2_20240522_180000.WAV,2024-05-22,18:00:00,17280488
R217,R217_2,R217_2_20240523_000000.WAV,2024-05-23,00:00:00,17280488
R217,R217_2,R217_2_20240523_040000.WAV,2024-05-23,04:00:00,17280488
R217,R217_2,R217_2_20240523_140000.WAV,2024-05-23,14:00:00,17280488
R217,R217_2,R217_2_20240523_180000.WAV,2024-05-23,18:00:00,17280488
R217,R217_2,R217_2_20240524_000000.WAV,2024-05-24,00:00:00,17280488
R217,R217_2,R217_2_20240524_040000.WAV,2024-05-24,04:00:00,17280488
R217,R217_2,R217_2_20240524_140000.WAV,2024-05-24,14:00:00,17280488
R217,R217_2,R217_2_20240524_180000.WAV,2024-05-24,18:00:00,17280488
R217,R217_2,R217_2_20240525_000000.WAV,2024-05-25,00:00:00,17280488
R217,R217_2,R217_2_20240525_040000.WAV,2024-05-25,04:00:00,17280488
R217,R217_2,R217_2_20240525_140000.WAV,2024-05-25,14:00:00,17280488
R217,R217_2,R217_2_20240525_180000.WAV,2024-05-25,18:00:00,17280488
R217,R217_2,R217_2_20240526_000000.WAV,2024-05-26,00:00:00,17280488
R217,R217_2,R217_2_20240526_040000.WAV,2024-05-26,04:00:00,17280488
R217,R217_2,R217_2_20240526_140000.WAV,2024-05-26,14:00:00,17280488
R217,R217_2,R217_2_20240526_180000.WAV,2024-05-26,18:00:00,17280488
R217,R217_2,R217_2_20240527_000000.WAV,2024-05-27,00:00:00,17280488
R217,R217_2,R217_2_20240527_040000.WAV,2024-05-27,04:00:00,17280488
R217,R217_2,R217_2_20240527_140000.WAV,2024-05-27,14:00:00,17280488
R217,R217_2,R217_2_20240527_180000.WAV,2024-05-27,18:00:00,17280488
R217,R217_2,R217_2_20240528_000000.WAV,2024-05-28,00:00:00,17280488
R217,R217_2,R217_2_20240528_040000.WAV,2024-05-28,04:00:00,17280488
R217,R217_2,R217_2_20240528_140000.WAV,2024-05-28,14:00:00,17280488
R217,R217_2,R217_2_20240528_180000.WAV,2024-05-28,18:00:00,17280488
R217,R217_2,R217_2_20240529_000000.WAV,2024-05-29,00:00:00,17280488
R217,R217_2,R217_2_20240529_040000.WAV,2024-05-29,04:00:00,17280488
R217,R217_2,R217_2_20240529_140000.WAV,2024-05-29,14:00:00,17280488
R217,R217_2,R217_2_20240529_180000.WAV,2024-05-29,18:00:00,17280488
R217,R217_2,R217_2_20240530_000000.WAV,2024-05-30,00:00:00,17280488
R217,R217_2,R217_2_20240530_040000.WAV,2024-05-30,04:00:00,17280488
R217,R217_2,R217_2_20240530_140000.WAV,2024-05-30,14:00:00,17280488
R217,R217_2,R217_2_20240530_180000.WAV,2024-05-30,18:00:00,17280488
R217,R217_2,R217_2_20240531_000000.WAV,2024-05-31,00:00:00,17280488
R217,R217_2,R217_2_20240531_040000.WAV,2024-05-31,04:00:00,17280488
R217,R217_2,R217_2_20240531_140000.WAV,2024-05-31,14:00:00,17280488
R217,R217_2,R217_2_20240531_180000.WAV,2024-05-31,18:00:00,17280488
R217,R217_2,R217_2_20240601_000000.WAV,2024-06-01,00:00:00,17280488
R217,R217_2,R217_2_20240601_040000.WAV,2024-06-01,04:00:00,17280488
R217,R217_2,R217_2_20240601_140000.WAV,2024-06-01,14:00:00,17280488
R217,R217_2,R217_2_20240601_180000.WAV,2024-06-01,18:00:00,17280488
R217,R217_2,R217_2_20240602_000000.WAV,2024-06-02,00:00:00,17280488
R217,R217_2,R217_2_20240602_040000.WAV,2024-06-02,04:00:00,17280488
R217,R217_2,R217_2_20240602_140000.WAV,2024-06-02,14:00:00,17280488
R217,R217_2,R217_2_20240602_180000.WAV,2024-06-02,18:00:00,17280488
R217,R217_2,R217_2_20240603_000000.WAV,2024-06-03,00:00:00,17280488
R217,R217_2,R217_2_20240603_040000.WAV,2024-06-03,04:00:00,17280488
R217,R217_2,R217_2_20240603_140000.WAV,2024-06-03,14:00:00,17280488
R217,R217_2,R217_2_20240603_180000.WAV,2024-06-03,18:00:00,17280488
R217,R217_2,R217_2_20240604_000000.WAV,2024-06-04,00:00:00,17280488
R217,R217_2,R217_2_20240604_040000.WAV,2024-06-04,04:00:00,17280488
R217,R217_2,R217_2_20240604_140000.WAV,2024-06-04,14:00:00,17280488
R217,R217_2,R217_2_20240604_180000.WAV,2024-06-04,18:00:00,17280488
R217,R217_2,R217_2_20240605_000000.WAV,2024-06-05,00:00:00,17280488
R217,R217_2,R217_2_20240605_040000.WAV,2024-06-05,04:00:00,17280488
R217,R217_2,R217_2_20240605_140000.WAV,2024-06-05,14:00:00,17280488
R217,R217_2,R217_2_20240605_180000.WAV,2024-06-05,18:00:00,17280488
R217,R217_2,R217_2_20240606_000000.WAV,2024-06-06,00:00:00,17280488
R217,R217_2,R217_2_20240606_040000.WAV,2024-06-06,04:00:00,17280488
R217,R217_2,R217_2_20240606_140000.WAV,2024-06-06,14:00:00,17280488
R217,R217_2,R217_2_20240606_180000.WAV,2024-06-06,18:00:00,17280488
R217,R217_2,R217_2_20240607_000000.WAV,2024-06-07,00:00:00,17280488
R217,R217_2,R217_2_20240607_040000.WAV,2024-06-07,04:00:00,17280488
R217,R217_2,R217_2_20240607_140000.WAV,2024-06-07,14:00:00,17280488
R217,R217_2,R217_2_20240607_180000.WAV,2024-06-07,18:00:00,17280488
R217,R217_2,R217_2_20240608_000000.WAV,2024-06-08,00:00:00,17280488
R217,R217_2,R217_2_20240608_040000.WAV,2024-06-08,04:00:00,17280488
R217,R217_2,R217_2_20240608_140000.WAV,2024-06-08,14:00:00,17280488
R217,R217_2,R217_2_20240608_180000.WAV,2024-06-08,18:00:00,17280488
R217,R217_2,R217_2_20240609_000000.WAV,2024-06-09,00:00:00,17280488
R217,R217_2,R217_2_20240609_040000.WAV,2024-06-09,04:00:00,17280488
R217,R217_2,R217_2_20240609_140000.WAV,2024-06-09,14:00:00,17280488
R217,R217_2,R217_2_20240609_180000.WAV,2024-06-09,18:00:00,17280488
R217,R217_2,R217_2_20240610_000000.WAV,2024-06-10,00:00:00,17280488
R217,R217_2,R217_2_20240610_040000.WAV,2024-06-10,04:00:00,17280488
R217,R217_2,R217_2_20240610_140000.WAV,2024-06-10,14:00:00,17280488
R217,R217_2,R217_2_20240610_180000.WAV,2024-06-10,18:00:00,17280488
R217,R217_2,R217_2_20240611_000000.WAV,2024-06-11,00:00:00,17280488
R217,R217_2,R217_2_20240611_040000.WAV,2024-06-11,04:00:00,17280488
R217,R217_2,R217_2_20240611_140000.WAV,2024-06-11,14:00:00,17280488
R217,R217_2,R217_2_20240611_180000.WAV,2024-06-11,18:00:00,17280488
R217,R217_2,R217_2_20240612_000000.WAV,2024-06-12,00:00:00,17280488
R217,R217_2,R217_2_20240612_040000.WAV,2024-06-12,04:00:00,17280488
R217,R217_2,R217_2_20240612_140000.WAV,2024-06-12,14:00:00,17280488
R217,R217_2,R217_2_20240612_180000.WAV,2024-06-12,18:00:00,17280488
R217,R217_2,R217_2_20240613_000000.WAV,2024-06-13,00:00:00,17280488
R217,R217_2,R217_2_20240613_040000.WAV,2024-06-13,04:00:00,17280488
R217,R217_2,R217_2_20240613_140000.WAV,2024-06-13,14:00:00,17280488
R217,R217_2,R217_2_20240613_180000.WAV,2024-06-13,18:00:00,17280488
R217,R217_2,R217_2_20240614_000000.WAV,2024-06-14,00:00:00,17280488
R217,R217_2,R217_2_20240614_040000.WAV,2024-06-14,04:00:00,17280488
R217,R217_2,R217_2_20240614_140000.WAV,2024-06-14,14:00:00,17280488
R217,R217_2,R217_2_20240614_180000.WAV,2024-06-14,18:00:00,17280488
R217,R217_2,R217_2_20240615_000000.WAV,2024-06-15,00:00:00,17280488
R217,R217_2,R217_2_20240615_040000.WAV,2024-06-15,04:00:00,17280488
R217,R217_2,R217_2_20240615_140000.WAV,2024-06-15,14:00:00,17280488
R217,R217_2,R217_2_20240615_180000.WAV,2024-06-15,18:00:00,17280488
R217,R217_2,R217_2_20240616_000000.WAV,2024-06-16,00:00:00,17280488
R217,R217_2,R217_2_20240616_040000.WAV,2024-06-16,04:00:00,17280488
R217,R217_2,R217_2_20240616_140000.WAV,2024-06-16,14:00:00,17280488
R217,R217_2,R217_2_20240616_180000.WAV,2024-06-16,18:00:00,17280488
R217,R217_2,R217_2_20240617_000000.WAV,2024-06-17,00:00:00,17280488
R217,R217_2,R217_2_20240617_040000.WAV,2024-06-17,04:00:00,17280488
R217,R217_2,R217_2_20240617_140000.WAV,2024-06-17,14:00:00,17280488
R217,R217_2,R217_2_20240617_180000.WAV,2024-06-17,18:00:00,17280488
R217,R217_2,R217_2_20240618_000000.WAV,2024-06-18,00:00:00,17280488
R217,R217_2,R217_2_20240618_040000.WAV,2024-06-18,04:00:00,17280488
R217,R217_2,R217_2_20240618_140000.WAV,2024-06-18,14:00:00,17280488
R217,R217_2,R217_2_20240618_180000.WAV,2024-06-18,18:00:00,17280488
R217,R217_2,R217_2_20240619_000000.WAV,2024-06-19,00:00:00,17280488
R217,R217_2,R217_2_20240619_040000.WAV,2024-06-19,04:00:00,17280488
R217,R217_2,R217_2_20240619_140000.WAV,2024-06-19,14:00:00,17280488
R217,R217_2,R217_2_20240619_180000.WAV,2024-06-19,18:00:00,17280488
R217,R217_2,R217_2_20240620_000000.WAV,2024-06-20,00:00:00,17280488
R217,R217_2,R217_2_20240620_040000.WAV,2024-06-20,04:00:00,17280488
R217,R217_2,R217_2_20240620_140000.WAV,2024-06-20,14:00:00,17280488
R217,R217_2,R217_2_20240620_180000.WAV,2024-06-20,18:00:00,17280488
R217,R217_2,R217_2_20240621_000000.WAV,2024-06-21,00:00:00,17280488
R217,R217_2,R217_2_20240621_040000.WAV,2024-06-21,04:00:00,17280488
R217,R217_2,R217_2_20240621_140000.WAV,2024-06-21,14:00:00,17280488
R217,R217_2,R217_2_20240621_180000.WAV,2024-06-21,18:00:00,17280488
R217,R217_2,R217_2_20240622_000000.WAV,2024-06-22,00:00:00,17280488
R217,R217_2,R217_2_20240622_040000.WAV,2024-06-22,04:00:00,17280488
R217,R217_2,R217_2_20240622_140000.WAV,2024-06-22,14:00:00,17280488
R217,R217_2,R217_2_20240622_180000.WAV,2024-06-22,18:00:00,17280488
R217,R217_2,R217_2_20240623_000000.WAV,2024-06-23,00:00:00,17280488
R217,R217_2,R217_2_20240623_040000.WAV,2024-06-23,04:00:00,17280488
R217,R217_2,R217_2_20240623_140000.WAV,2024-06-23,14:00:00,17280488
R217,R217_2,R217_2_20240623_180000.WAV,2024-06-23,18:00:00,17280488
R217,R217_2,R217_2_20240624_000000.WAV,2024-06-24,00:00:00,17280488
R217,R217_2,R217_2_20240624_040000.WAV,2024-06-24,04:00:00,17280488
R217,R217_2,R217_2_20240624_140000.WAV,2024-06-24,14:00:00,17280488
R217,R217_2,R217_2_20240624_180000.WAV,2024-06-24,18:00:00,17280488
R217,R217_2,R217_2_20240625_000000.WAV,2024-06-25,00:00:00,17280488
R217,R217_2,R217_2_20240625_040000.WAV,2024-06-25,04:00:00,17280488
R217,R217_2,R217_2_20240625_140000.WAV,2024-06-25,14:00:00,17280488
R217,R217_2,R217_2_20240625_180000.WAV,2024-06-25,18:00:00,17280488
R217,R217_2,R217_2_20240626_000000.WAV,2024-06-26,00:00:00,17280488
R217,R217_2,R217_2_20240626_040000.WAV,2024-06-26,04:00:00,17280488
R217,R217_2,R217_2_20240626_140000.WAV,2024-06-26,14:00:00,17280488
R217,R217_2,R217_2_20240626_180000.WAV,2024-06-26,18:00:00,17280488
R217,R217_2,R217_2_20240627_000000.WAV,2024-06-27,00:00:00,17280488
R217,R217_2,R217_2_20240627_040000.WAV,2024-06-27,04:00:00,17280488
R217,R217_2,R217_2_20240627_140000.WAV,2024-06-27,14:00:00,17280488
R217,R217_2,R217_2_20240627_180000.WAV,2024-06-27,18:00:00,17280488
R217,R217_2,R217_2_20240628_000000.WAV,2024-06-28,00:00:00,17280488
R217,R217_2,R217_2_20240628_040000.WAV,2024-06-28,04:00:00,17280488
R217,R217_2,R217_2_20240628_140000.WAV,2024-06-28,14:00:00,17280488
R217,R217_2,R217_2_20240628_180000.WAV,2024-06-28,18:00:00,17280488
R217,R217_2,R217_2_20240629_000000.WAV,2024-06-29,00:00:00,17280488
R217,R217_2,R217_2_20240629_040000.WAV,2024-06-29,04:00:00,17280488
R217,R217_2,R217_2_20240629_140000.WAV,2024-06-29,14:00:00,17280488
R217,R217_2,R217_2_20240629_180000.WAV,2024-06-29,18:00:00,17280488
R217,R217_2,R217_2_20240630_000000.WAV,2024-06-30,00:00:00,17280488
R217,R217_2,R217_2_20240630_040000.WAV,2024-06-30,04:00:00,17280488
R217,R217_2,R217_2_20240630_140000.WAV,2024-06-30,14:00:00,17280488
R217,R217_2,R217_2_20240630_180000.WAV,2024-06-30,18:00:00,17280488
R217,R217_2,R217_2_20240701_000000.WAV,2024-07-01,00:00:00,17280488
R217,R217_2,R217_2_20240701_040000.WAV,2024-07-01,04:00:00,17280488
R217,R217_2,R217_2_20240701_140000.WAV,2024-07-01,14:00:00,17280488
R217,R217_2,R217_2_20240701_180000.WAV,2024-07-01,18:00:00,17280488
R217,R217_2,R217_2_20240702_000000.WAV,2024-07-02,00:00:00,17280488
R217,R217_2,R217_2_20240702_040000.WAV,2024-07-02,04:00:00,17280488
R217,R217_2,R217_2_20240702_140000.WAV,2024-07-02,14:00:00,17280488
R217,R217_2,R217_2_20240702_180000.WAV,2024-07-02,18:00:00,17280488
R217,R217_2,R217_2_20240703_000000.WAV,2024-07-03,00:00:00,17280488
R217,R217_2,R217_2_20240703_040000.WAV,2024-07-03,04:00:00,17280488
R217,R217_2,R217_2_20240703_140000.WAV,2024-07-03,14:00:00,17280488
R217,R217_2,R217_2_20240703_180000.WAV,2024-07-03,18:00:00,17280488
R217,R217_2,R217_2_20240704_000000.WAV,2024-07-04,00:00:00,17280488
R217,R217_2,R217_2_20240704_040000.WAV,2024-07-04,04:00:00,17280488
R217,R217_2,R217_2_20240704_140000.WAV,2024-07-04,14:00:00,17280488
R217,R217_2,R217_2_20240704_180000.WAV,2024-07-04,18:00:00,17280488
R217,R217_2,R217_2_20240705_000000.WAV,2024-07-05,00:00:00,17280488
R217,R217_2,R217_2_20240705_040000.WAV,2024-07-05,04:00:00,17280488
R217,R217_2,R217_2_20240705_140000.WAV,2024-07-05,14:00:00,17280488
R217,R217_2,R217_2_20240705_180000.WAV,2024-07-05,18:00:00,17280488
R217,R217_2,R217_2_20240706_000000.WAV,2024-07-06,00:00:00,17280488
R217,R217_2,R217_2_20240706_040000.WAV,2024-07-06,04:00:00,17280488
R217,R217_2,R217_2_20240706_140000.WAV,2024-07-06,14:00:00,17280488
R217,R217_2,R217_2_20240706_180000.WAV,2024-07-06,18:00:00,17280488
R217,R217_2,R217_2_20240707_000000.WAV,2024-07-07,00:00:00,17280488
R217,R217_2,R217_2_20240707_040000.WAV,2024-07-07,04:00:00,17280488
R217,R217_2,R217_2_20240707_140000.WAV,2024-07-07,14:00:00,17280488
R217,R217_2,R217_2_20240707_180000.WAV,2024-07-07,18:00:00,17280488
R217,R217_2,R217_2_20240708_000000.WAV,2024-07-08,00:00:00,17280488
R217,R217_2,R217_2_20240708_040000.WAV,2024-07-08,04:00:00,17280488
R217,R217_2,R217_2_20240708_140000.WAV,2024-07-08,14:00:00,17280488
R217,R217_2,R217_2_20240708_180000.WAV,2024-07-08,18:00:00,17280488
R217,R217_2,R217_2_20240709_000000.WAV,2024-07-09,00:00:00,17280488
R217,R217_2,R217_2_20240709_040000.WAV,2024-07-09,04:00:00,17280488
R217,R217_2,R217_2_20240709_140000.WAV,2024-07-09,14:00:00,17280488
R217,R217_2,R217_2_20240709_180000.WAV,2024-07-09,18:00:00,17280488
R217,R217_2,R217_2_20240710_000000.WAV,2024-07-10,00:00:00,17280488
R217,R217_2,R217_2_20240710_040000.WAV,2024-07-10,04:00:00,17280488
R217,R217_2,R217_2_20240710_140000.WAV,2024-07-10,14:00:00,17280488
R217,R217_2,R217_2_20240710_180000.WAV,2024-07-10,18:00:00,17280488
R217,R217_2,R217_2_20240711_000000.WAV,2024-07-11,00:00:00,17280488
R217,R217_2,R217_2_20240711_040000.WAV,2024-07-11,04:00:00,17280488
R217,R217_2,R217_2_20240711_140000.WAV,2024-07-11,14:00:00,17280488
R217,R217_2,R217_2_20240711_180000.WAV,2024-07-11,18:00:00,17280488
R217,R217_2,R217_2_20240712_000000.WAV,2024-07-12,00:00:00,17280488
R217,R217_2,R217_2_20240712_040000.WAV,2024-07-12,04:00:00,17280488
R217,R217_2,R217_2_20240712_140000.WAV,2024-07-12,14:00:00,17280488
R217,R217_2,R217_2_20240712_180000.WAV,2024-07-12,18:00:00,17280488
R217,R217_2,R217_2_20240713_000000.WAV,2024-07-13,00:00:00,17280488
R217,R217_2,R217_2_20240713_040000.WAV,2024-07-13,04:00:00,17280488
R217,R217_2,R217_2_20240713_140000.WAV,2024-07-13,14:00:00,17280488
R217,R217_2,R217_2_20240713_180000.WAV,2024-07-13,18:00:00,17280488
R217,R217_2,R217_2_20240714_000000.WAV,2024-07-14,00:00:00,17280488
R217,R217_2,R217_2_20240714_040000.WAV,2024-07-14,04:00:00,17280488
R217,R217_2,R217_2_20240714_140000.WAV,2024-07-14,14:00:00,17280488
R217,R217_2,R217_2_20240714_180000.WAV,2024-07-14,18:00:00,17280488
R217,R217_2,R217_2_20240715_000000.WAV,2024-07-15,00:00:00,17280488
R217,R217_2,R217_2_20240715_040000.WAV,2024-07-15,04:00:00,17280488
R217,R217_2,R217_2_20240715_140000.WAV,2024-07-15,14:00:00,17280488
R217,R217_2,R217_2_20240715_180000.WAV,2024-07-15,18:00:00,17280488
R217,R217_2,R217_2_20240716_000000.WAV,2024-07-16,00:00:00,17280488
R217,R217_2,R217_2_20240716_040000.WAV,2024-07-16,04:00:00,17280488
R217,R217_2,R217_2_20240716_140000.WAV,2024-07-16,14:00:00,17280488
R217,R217_2,R217_2_20240716_180000.WAV,2024-07-16,18:00:00,17280488
R217,R217_2,R217_2_20240717_000000.WAV,2024-07-17,00:00:00,17280488
R217,R217_2,R217_2_20240717_040000.WAV,2024-07-17,04:00:00,17280488
R217,R217_2,R217_2_20240717_140000.WAV,2024-07-17,14:00:00,17280488
R217,R217_2,R217_2_20240717_180000.WAV,2024-07-17,18:00:00,17280488
R217,R217_2,R217_2_20240718_000000.WAV,2024-07-18,00:00:00,17280488
R217,R217_2,R217_2_20240718_040000.WAV,2024-07-18,04:00:00,17280488
R217,R217_2,R217_2_20240718_140000.WAV,2024-07-18,14:00:00,17280488
R217,R217_2,R217_2_20240718_180000.WAV,2024-07-18,18:00:00,17280488
R217,R217_2,R217_2_20240719_000000.WAV,2024-07-19,00:00:00,17280488
R217,R217_2,R217_2_20240719_040000.WAV,2024-07-19,04:00:00,17280488
R217,R217_2,R217_2_20240719_140000.WAV,2024-07-19,14:00:00,17280488
R217,R217_2,R217_2_20240719_180000.WAV,2024-07-19,18:00:00,17280488
R217,R217_2,R217_2_20240720_000000.WAV,2024-07-20,00:00:00,17280488
R217,R217_2,R217_2_20240720_040000.WAV,2024-07-20,04:00:00,17280488
R217,R217_2,R217_2_20240720_140000.WAV,2024-07-20,14:00:00,17280488
R217,R217_2,R217_2_20240720_180000.WAV,2024-07-20,18:00:00,17280488
R217,R217_2,R217_2_20240721_000000.WAV,2024-07-21,00:00:00,17280488
R217,R217_2,R217_2_20240721_040000.WAV,2024-07-21,04:00:00,17280488
R217,R217_2,R217_2_20240721_140000.WAV,2024-07-21,14:00:00,17280488
R217,R217_2,R217_2_20240721_180000.WAV,2024-07-21,18:00:00,17280488
R217,R217_2,R217_2_20240722_000000.WAV,2024-07-22,00:00:00,17280488
R217,R217_2,R217_2_20240722_040000.WAV,2024-07-22,04:00:00,17280488
R217,R217_2,R217_2_20240722_140000.WAV,2024-07-22,14:00:00,17280488
R217,R217_2,R217_2_20240722_180000.WAV,2024-07-22,18:00:00,17280488
R217,R217_2,R217_2_20240723_000000.WAV,2024-07-23,00:00:00,17280488
R217,R217_2,R217_2_20240723_040000.WAV,2024-07-23,04:00:00,17280488
R217,R217_2,R217_2_20240723_140000.WAV,2024-07-23,14:00:00,17280488
R217,R217_2,R217_2_20240723_180000.WAV,2024-07-23,18:00:00,17280488
R217,R217_2,R217_2_20240724_000000.WAV,2024-07-24,00:00:00,17280488
R217,R217_2,R217_2_20240724_040000.WAV,2024-07-24,04:00:00,17280488
R217,R217_2,R217_2_20240724_140000.WAV,2024-07-24,14:00:00,17280488
R217,R217_2,R217_2_20240724_180000.WAV,2024-07-24,18:00:00,17280488
R217,R217_2,R217_2_20240725_000000.WAV,2024-07-25,00:00:00,17280488
R217,R217_2,R217_2_20240725_040000.WAV,2024-07-25,04:00:00,17280488
R217,R217_2,R217_2_20240725_140000.WAV,2024-07-25,14:00:00,17280488
R217,R217_2,R217_2_20240725_180000.WAV,2024-07-25,18:00:00,17280488
R217,R217_2,R217_2_20240726_000000.WAV,2024-07-26,00:00:00,17280488
R217,R217_2,R217_2_20240726_040000.WAV,2024-07-26,04:00:00,17280488
R217,R217_2,R217_2_20240726_140000.WAV,2024-07-26,14:00:00,17280488
R217,R217_2,R217_2_20240726_180000.WAV,2024-07-26,18:00:00,17280488
R217,R217_2,R217_2_20240727_000000.WAV,2024-07-27,00:00:00,17280488
R217,R217_2,R217_2_20240727_040000.WAV,2024-07-27,04:00:00,17280488
R217,R217_2,R217_2_20240727_140000.WAV,2024-07-27,14:00:00,17280488
R217,R217_2,R217_2_20240727_180000.WAV,2024-07-27,18:00:00,17280488
R217,R217_2,R217_2_20240728_000000.WAV,2024-07-28,00:00:00,17280488
R217,R217_2,R217_2_20240728_040000.WAV,2024-07-28,04:00:00,17280488
R217,R217_2,R217_2_20240728_140000.WAV,2024-07-28,14:00:00,17280488
R217,R217_2,R217_2_20240728_180000.WAV,2024-07-28,18:00:00,17280488
R217,R217_2,R217_2_20240729_000000.WAV,2024-07-29,00:00:00,17280488
R217,R217_2,R217_2_20240729_040000.WAV,2024-07-29,04:00:00,17280488
R217,R217_2,R217_2_20240729_140000.WAV,2024-07-29,14:00:00,17280488
R217,R217_2,R217_2_20240729_180000.WAV,2024-07-29,18:00:00,17280488
R217,R217_2,R217_2_20240730_000000.WAV,2024-07-30,00:00:00,17280488
R217,R217_2,R217_2_20240730_040000.WAV,2024-07-30,04:00:00,17280488
R217,R217_2,R217_2_20240730_140000.WAV,2024-07-30,14:00:00,17280488
R217,R217_2,R217_2_20240730_180000.WAV,2024-07-30,18:00:00,17280488
R217,R217_2,R217_2_20240731_000000.WAV,2024-07-31,00:00:00,17280488
R217,R217_2,R217_2_20240731_040000.WAV,2024-07-31,04:00:00,17280488
R217,R217_2,R217_2_20240731_140000.WAV,2024-07-31,14:00:00,17280488
R217,R217_2,R217_2_20240731_180000.WAV,2024-07-31,18:00:00,17280488
R217,R217_2,R217_2_20240801_000000.WAV,2024-08-01,00:00:00,17280488
R217,R217_2,R217_2_20240801_040000.WAV,2024-08-01,04:00:00,17280488
R217,R217_2,R217_2_20240801_140000.WAV,2024-08-01,14:00:00,17280488
R217,R217_2,R217_2_20240801_180000.WAV,2024-08-01,18:00:00,17280488
R217,R217_2,R217_2_20240802_000000.WAV,2024-08-02,00:00:00,17280488
R217,R217_2,R217_2_20240802_040000.WAV,2024-08-02,04:00:00,17280488
R217,R217_2,R217_2_20240802_140000.WAV,2024-08-02,14:00:00,17280488
R217,R217_2,R217_2_20240802_180000.WAV,2024-08-02,18:00:00,17280488
R217,R217_2,R217_2_20240803_000000.WAV,2024-08-03,00:00:00,17280488
R217,R217_2,R217_2_20240803_040000.WAV,2024-08-03,04:00:00,17280488
R217,R217_2,R217_2_20240803_140000.WAV,2024-08-03,14:00:00,17280488
R217,R217_2,R217_2_20240803_180000.WAV,2024-08-03,18:00:00,17280488
R217,R217_2,R217_2_20240804_000000.WAV,2024-08-04,00:00:00,17280488
R217,R217_2,R217_2_20240804_040000.WAV,2024-08-04,04:00:00,17280488
R217,R217_2,R217_2_20240804_140000.WAV,2024-08-04,14:00:00,17280488
R217,R217_2,R217_2_20240804_180000.WAV,2024-08-04,18:00:00,17280488
R217,R217_2,R217_2_20240805_000000.WAV,2024-08-05,00:00:00,17280488
R217,R217_2,R217_2_20240805_040000.WAV,2024-08-05,04:00:00,17280488
R217,R217_2,R217_2_20240805_140000.WAV,2024-08-05,14:00:00,17280488
R217,R217_2,R217_2_20240805_180000.WAV,2024-08-05,18:00:00,17280488
R217,R217_2,R217_2_20240806_000000.WAV,2024-08-06,00:00:00,17280488
R217,R217_2,R217_2_20240806_040000.WAV,2024-08-06,04:00:00,17280488
R217,R217_2,R217_2_20240806_140000.WAV,2024-08-06,14:00:00,17280488
R217,R217_2,R217_2_20240806_180000.WAV,2024-08-06,18:00:00,17280488
R217,R217_2,R217_2_20240807_000000.WAV,2024-08-07,00:00:00,17280488
R217,R217_2,R217_2_20240807_040000.WAV,2024-08-07,04:00:00,17280488
R217,R217_2,R217_2_20240807_140000.WAV,2024-08-07,14:00:00,17280488
R217,R217_2,R217_2_20240807_180000.WAV,2024-08-07,18:00:00,17280488
R217,R217_2,R217_2_20240808_000000.WAV,2024-08-08,00:00:00,17280488
R217,R217_2,R217_2_20240808_040000.WAV,2024-08-08,04:00:00,17280488
R217,R217_2,R217_2_20240808_140000.WAV,2024-08-08,14:00:00,17280488
R217,R217_2,R217_2_20240808_180000.WAV,2024-08-08,18:00:00,17280488
R217,R217_2,R217_2_20240809_000000.WAV,2024-08-09,00:00:00,17280488
R217,R217_2,R217_2_20240809_040000.WAV,2024-08-09,04:00:00,17280488
R217,R217_2,R217_2_20240809_140000.WAV,2024-08-09,14:00:00,17280488
R217,R217_2,R217_2_20240809_180000.WAV,2024-08-09,18:00:00,17280488
R217,R217_2,R217_2_20240810_000000.WAV,2024-08-10,00:00:00,17280488
R217,R217_2,R217_2_20240810_040000.WAV,2024-08-10,04:00:00,17280488
R217,R217_2,R217_2_20240810_140000.WAV,2024-08-10,14:00:00,17280488
R217,R217_2,R217_2_20240810_180000.WAV,2024-08-10,18:00:00,17280488
R217,R217_2,R217_2_20240811_000000.WAV,2024-08-11,00:00:00,17280488
R217,R217_2,R217_2_20240811_040000.WAV,2024-08-11,04:00:00,17280488
R217,R217_2,R217_2_20240811_140000.WAV,2024-08-11,14:00:00,17280488
R217,R217_2,R217_2_20240811_180000.WAV,2024-08-11,18:00:00,17280488
R217,R217_2,R217_2_20240812_000000.WAV,2024-08-12,00:00:00,17280488
R217,R217_2,R217_2_20240812_040000.WAV,2024-08-12,04:00:00,17280488
R217,R217_2,R217_2_20240812_140000.WAV,2024-08-12,14:00:00,17280488
R217,R217_2,R217_2_20240812_180000.WAV,2024-08-12,18:00:00,17280488
R217,R217_2,R217_2_20240813_000000.WAV,2024-08-13,00:00:00,17280488
R217,R217_2,R217_2_20240813_040000.WAV,2024-08-13,04:00:00,17280488
R217,R217_2,R217_2_20240813_140000.WAV,2024-08-13,14:00:00,17280488
R217,R217_2,R217_2_20240813_180000.WAV,2024-08-13,18:00:00,17280488
R217,R217_2,R217_2_20240814_000000.WAV,2024-08-14,00:00:00,17280488
R217,R217_2,R217_2_20240814_040000.WAV,2024-08-14,04:00:00,17280488
R217,R217_2,R217_2_20240814_140000.WAV,2024-08-14,14:00:00,17280488
R217,R217_2,R217_2_20240814_180000.WAV,2024-08-14,18:00:00,17280488
R217,R217_2,R217_2_20240815_000000.WAV,2024-08-15,00:00:00,17280488
R217,R217_2,R217_2_20240815_040000.WAV,2024-08-15,04:00:00,17280488
R217,R217_2,R217_2_20240815_140000.WAV,2024-08-15,14:00:00,17280488
R217,R217_2,R217_2_20240815_180000.WAV,2024-08-15,18:00:00,17280488
R217,R217_2,R217_2_20240816_000000.WAV,2024-08-16,00:00:00,17280488
R217,R217_2,R217_2_20240816_040000.WAV,2024-08-16,04:00:00,17280488
R217,R217_2,R217_2_20240816_140000.WAV,2024-08-16,14:00:00,17280488
R217,R217_2,R217_2_20240816_180000.WAV,2024-08-16,18:00:00,17280488
R217,R217_2,R217_2_20240817_000000.WAV,2024-08-17,00:00:00,17280488
R217,R217_2,R217_2_20240817_040000.WAV,2024-08-17,04:00:00,17280488
R217,R217_2,R217_2_20240817_140000.WAV,2024-08-17,14:00:00,17280488
R217,R217_2,R217_2_20240817_180000.WAV,2024-08-17,18:00:00,17280488
R217,R217_2,R217_2_20240818_000000.WAV,2024-08-18,00:00:00,17280488
R217,R217_2,R217_2_20240818_040000.WAV,2024-08-18,04:00:00,17280488
R217,R217_2,R217_2_20240818_140000.WAV,2024-08-18,14:00:00,17280488
R217,R217_2,R217_2_20240818_180000.WAV,2024-08-18,18:00:00,17280488
R217,R217_2,R217_2_20240819_000000.WAV,2024-08-19,00:00:00,17280488
R217,R217_2,R217_2_20240819_040000.WAV,2024-08-19,04:00:00,17280488
R217,R217_2,R217_2_20240819_140000.WAV,2024-08-19,14:00:00,17280488
R217,R217_2,R217_2_20240819_180000.WAV,2024-08-19,18:00:00,17280488
R217,R217_2,R217_2_20240820_000000.WAV,2024-08-20,00:00:00,17280488
R217,R217_2,R217_2_20240820_040000.WAV,2024-08-20,04:00:00,17280488
R217,R217_2,R217_2_20240820_140000.WAV,2024-08-20,14:00:00,17280488
R217,R217_2,R217_2_20240820_180000.WAV,2024-08-20,18:00:00,17280488
R217,R217_2,R217_2_20240821_000000.WAV,2024-08-21,00:00:00,17280488
R217,R217_2,R217_2_20240821_040000.WAV,2024-08-21,04:00:00,17280488
R217,R217_2,R217_2_20240821_140000.WAV,2024-08-21,14:00:00,17280488
