site,fichier,date,heure,taille_octets
T01,20250423_180000.WAV,2025-04-23,18:00:00,17280488
T01,20250424_000000.WAV,2025-04-24,00:00:00,17280488
T01,20250424_040000.WAV,2025-04-24,04:00:00,17280488
T01,20250424_110000.WAV,2025-04-24,11:00:00,17280488
T01,20250424_140000.WAV,2025-04-24,14:00:00,17280488
T01,20250424_180000.WAV,2025-04-24,18:00:00,17280488
T01,20250425_000000.WAV,2025-04-25,00:00:00,17280488
T01,20250425_040000.WAV,2025-04-25,04:00:00,17280488
T01,20250425_110000.WAV,2025-04-25,11:00:00,17280488
T01,20250425_140000.WAV,2025-04-25,14:00:00,17280488
T01,20250425_180000.WAV,2025-04-25,18:00:00,17280488
T01,20250426_000000.WAV,2025-04-26,00:00:00,17280488
T01,20250426_040000.WAV,2025-04-26,04:00:00,17280488
T01,20250426_110000.WAV,2025-04-26,11:00:00,17280488
T01,20250426_140000.WAV,2025-04-26,14:00:00,17280488
T01,20250426_180000.WAV,2025-04-26,18:00:00,17280488
T01,20250427_000000.WAV,2025-04-27,00:00:00,17280488
T01,20250427_040000.WAV,2025-04-27,04:00:00,17280488
T01,20250427_110000.WAV,2025-04-27,11:00:00,17280488
T01,20250427_140000.WAV,2025-04-27,14:00:00,17280488
T01,20250427_180000.WAV,2025-04-27,18:00:00,17280488
T01,20250428_000000.WAV,2025-04-28,00:00:00,17280488
T01,20250428_040000.WAV,2025-04-28,04:00:00,17280488
T01,20250428_110000.WAV,2025-04-28,11:00:00,17280488
T01,20250428_140000.WAV,2025-04-28,14:00:00,17280488
T01,20250428_180000.WAV,2025-04-28,18:00:00,17280488
T01,20250429_000000.WAV,2025-04-29,00:00:00,17280488
T01,20250429_040000.WAV,2025-04-29,04:00:00,17280488
T01,20250429_110000.WAV,2025-04-29,11:00:00,17280488
T01,20250429_140000.WAV,2025-04-29,14:00:00,17280488
T01,20250429_180000.WAV,2025-04-29,18:00:00,17280488
T01,20250430_000000.WAV,2025-04-30,00:00:00,17280488
T01,20250430_040000.WAV,2025-04-30,04:00:00,17280488
T01,20250430_110000.WAV,2025-04-30,11:00:00,17280488
T01,20250430_140000.WAV,2025-04-30,14:00:00,17280488
T01,20250430_180000.WAV,2025-04-30,18:00:00,17280488
T01,20250501_000000.WAV,2025-05-01,00:00:00,17280488
T01,20250501_040000.WAV,2025-05-01,04:00:00,17280488
T01,20250501_110000.WAV,2025-05-01,11:00:00,17280488
T01,20250501_140000.WAV,2025-05-01,14:00:00,17280488
T01,20250501_180000.WAV,2025-05-01,18:00:00,17280488
T01,20250502_000000.WAV,2025-05-02,00:00:00,17280488
T01,20250502_040000.WAV,2025-05-02,04:00:00,17280488
T01,20250502_110000.WAV,2025-05-02,11:00:00,17280488
T01,20250502_140000.WAV,2025-05-02,14:00:00,17280488
T01,20250502_180000.WAV,2025-05-02,18:00:00,17280488
T01,20250503_000000.WAV,2025-05-03,00:00:00,17280488
T01,20250503_040000.WAV,2025-05-03,04:00:00,17280488
T01,20250503_110000.WAV,2025-05-03,11:00:00,17280488
T01,20250503_140000.WAV,2025-05-03,14:00:00,17280488
T01,20250503_180000.WAV,2025-05-03,18:00:00,17280488
T01,20250504_000000.WAV,2025-05-04,00:00:00,17280488
T01,20250504_040000.WAV,2025-05-04,04:00:00,17280488
T01,20250504_110000.WAV,2025-05-04,11:00:00,17280488
T01,20250504_140000.WAV,2025-05-04,14:00:00,17280488
T01,20250504_180000.WAV,2025-05-04,18:00:00,17280488
T01,20250505_000000.WAV,2025-05-05,00:00:00,17280488
T01,20250505_040000.WAV,2025-05-05,04:00:00,17280488
T01,20250505_110000.WAV,2025-05-05,11:00:00,17280488
T01,20250505_140000.WAV,2025-05-05,14:00:00,17280488
T01,20250505_180000.WAV,2025-05-05,18:00:00,17280488
T01,20250506_000000.WAV,2025-05-06,00:00:00,17280488
T01,20250506_040000.WAV,2025-05-06,04:00:00,17280488
T01,20250506_110000.WAV,2025-05-06,11:00:00,17280488
T01,20250506_140000.WAV,2025-05-06,14:00:00,17280488
T01,20250506_180000.WAV,2025-05-06,18:00:00,17280488
T01,20250507_000000.WAV,2025-05-07,00:00:00,17280488
T01,20250507_040000.WAV,2025-05-07,04:00:00,17280488
T01,20250507_110000.WAV,2025-05-07,11:00:00,17280488
T01,20250507_140000.WAV,2025-05-07,14:00:00,17280488
T01,20250507_180000.WAV,2025-05-07,18:00:00,17280488
T01,20250508_000000.WAV,2025-05-08,00:00:00,17280488
T01,20250508_040000.WAV,2025-05-08,04:00:00,17280488
T01,20250508_110000.WAV,2025-05-08,11:00:00,17280488
T01,20250508_140000.WAV,2025-05-08,14:00:00,17280488
T01,20250508_180000.WAV,2025-05-08,18:00:00,17280488
T01,20250509_000000.WAV,2025-05-09,00:00:00,17280488
T01,20250509_040000.WAV,2025-05-09,04:00:00,17280488
T01,20250509_110000.WAV,2025-05-09,11:00:00,17280488
T01,20250509_140000.WAV,2025-05-09,14:00:00,17280488
T01,20250509_180000.WAV,2025-05-09,18:00:00,17280488
T01,20250510_000000.WAV,2025-05-10,00:00:00,17280488
T01,20250510_040000.WAV,2025-05-10,04:00:00,17280488
T01,20250510_110000.WAV,2025-05-10,11:00:00,17280488
T01,20250510_140000.WAV,2025-05-10,14:00:00,17280488
T01,20250510_180000.WAV,2025-05-10,18:00:00,17280488
T01,20250511_000000.WAV,2025-05-11,00:00:00,17280488
T01,20250511_040000.WAV,2025-05-11,04:00:00,17280488
T01,20250511_110000.WAV,2025-05-11,11:00:00,17280488
T01,20250511_140000.WAV,2025-05-11,14:00:00,17280488
T01,20250511_180000.WAV,2025-05-11,18:00:00,17280488
T01,20250512_000000.WAV,2025-05-12,00:00:00,17280488
T01,20250512_040000.WAV,2025-05-12,04:00:00,17280488
T01,20250512_110000.WAV,2025-05-12,11:00:00,17280488
T01,20250512_140000.WAV,2025-05-12,14:00:00,17280488
T01,20250512_180000.WAV,2025-05-12,18:00:00,17280488
T01,20250513_000000.WAV,2025-05-13,00:00:00,17280488
T01,20250513_040000.WAV,2025-05-13,04:00:00,17280488
T01,20250513_110000.WAV,2025-05-13,11:00:00,17280488
T01,20250513_140000.WAV,2025-05-13,14:00:00,17280488
T01,20250513_180000.WAV,2025-05-13,18:00:00,17280488
T01,20250514_000000.WAV,2025-05-14,00:00:00,17280488
T01,20250514_040000.WAV,2025-05-14,04:00:00,17280488
T01,20250514_110000.WAV,2025-05-14,11:00:00,17280488
T01,20250514_140000.WAV,2025-05-14,14:00:00,17280488
T01,20250514_180000.WAV,2025-05-14,18:00:00,17280488
T01,20250515_000000.WAV,2025-05-15,00:00:00,17280488
T01,20250515_040000.WAV,2025-05-15,04:00:00,17280488
T01,20250515_110000.WAV,2025-05-15,11:00:00,17280488
T01,20250515_140000.WAV,2025-05-15,14:00:00,17280488
T01,20250515_180000.WAV,2025-05-15,18:00:00,17280488
T01,20250516_000000.WAV,2025-05-16,00:00:00,17280488
T01,20250516_040000.WAV,2025-05-16,04:00:00,17280488
T01,20250516_110000.WAV,2025-05-16,11:00:00,17280488
T01,20250516_140000.WAV,2025-05-16,14:00:00,17280488
T01,20250516_180000.WAV,2025-05-16,18:00:00,17280488
T01,20250517_000000.WAV,2025-05-17,00:00:00,17280488
T01,20250517_040000.WAV,2025-05-17,04:00:00,17280488
T01,20250517_110000.WAV,2025-05-17,11:00:00,17280488
T01,20250517_140000.WAV,2025-05-17,14:00:00,17280488
T01,20250517_180000.WAV,2025-05-17,18:00:00,17280488
T01,20250518_000000.WAV,2025-05-18,00:00:00,17280488
T01,20250518_040000.WAV,2025-05-18,04:00:00,17280488
T01,20250518_110000.WAV,2025-05-18,11:00:00,17280488
T01,20250518_140000.WAV,2025-05-18,14:00:00,17280488
T01,20250518_180000.WAV,2025-05-18,18:00:00,17280488
T01,20250519_000000.WAV,2025-05-19,00:00:00,17280488
T01,20250519_040000.WAV,2025-05-19,04:00:00,17280488
T01,20250519_110000.WAV,2025-05-19,11:00:00,17280488
T01,20250519_140000.WAV,2025-05-19,14:00:00,17280488
T01,20250519_180000.WAV,2025-05-19,18:00:00,17280488
T01,20250520_000000.WAV,2025-05-20,00:00:00,17280488
T01,20250520_040000.WAV,2025-05-20,04:00:00,17280488
T01,20250520_110000.WAV,2025-05-20,11:00:00,17280488
T01,20250520_140000.WAV,2025-05-20,14:00:00,17280488
T01,20250520_180000.WAV,2025-05-20,18:00:00,17280488
T01,20250521_000000.WAV,2025-05-21,00:00:00,17280488
T01,20250521_040000.WAV,2025-05-21,04:00:00,17280488
T01,20250521_110000.WAV,2025-05-21,11:00:00,17280488
T01,20250521_140000.WAV,2025-05-21,14:00:00,17280488
T01,20250521_180000.WAV,2025-05-21,18:00:00,17280488
T01,20250522_000000.WAV,2025-05-22,00:00:00,17280488
T01,20250522_040000.WAV,2025-05-22,04:00:00,17280488
T01,20250522_110000.WAV,2025-05-22,11:00:00,17280488
T01,20250522_140000.WAV,2025-05-22,14:00:00,17280488
T01,20250522_180000.WAV,2025-05-22,18:00:00,17280488
T01,20250523_000000.WAV,2025-05-23,00:00:00,17280488
T01,20250523_040000.WAV,2025-05-23,04:00:00,17280488
T01,20250523_110000.WAV,2025-05-23,11:00:00,17280488
T01,20250523_140000.WAV,2025-05-23,14:00:00,17280488
T01,20250523_180000.WAV,2025-05-23,18:00:00,17280488
T01,20250524_000000.WAV,2025-05-24,00:00:00,17280488
T01,20250524_040000.WAV,2025-05-24,04:00:00,17280488
T01,20250524_110000.WAV,2025-05-24,11:00:00,17280488
T01,20250524_140000.WAV,2025-05-24,14:00:00,17280488
T01,20250524_180000.WAV,2025-05-24,18:00:00,17280488
T01,20250525_000000.WAV,2025-05-25,00:00:00,17280488
T01,20250525_040000.WAV,2025-05-25,04:00:00,17280488
T01,20250525_110000.WAV,2025-05-25,11:00:00,17280488
T01,20250525_140000.WAV,2025-05-25,14:00:00,17280488
T01,20250525_180000.WAV,2025-05-25,18:00:00,17280488
T01,20250526_000000.WAV,2025-05-26,00:00:00,17280488
T01,20250526_040000.WAV,2025-05-26,04:00:00,17280488
T01,20250526_110000.WAV,2025-05-26,11:00:00,17280488
T01,20250526_140000.WAV,2025-05-26,14:00:00,17280488
T01,20250526_180000.WAV,2025-05-26,18:00:00,17280488
T01,20250527_000000.WAV,2025-05-27,00:00:00,17280488
T01,20250527_040000.WAV,2025-05-27,04:00:00,17280488
T01,20250527_110000.WAV,2025-05-27,11:00:00,17280488
T01,20250527_140000.WAV,2025-05-27,14:00:00,17280488
T01,20250527_180000.WAV,2025-05-27,18:00:00,17280488
T01,20250528_000000.WAV,2025-05-28,00:00:00,17280488
T01,20250528_040000.WAV,2025-05-28,04:00:00,17280488
T01,20250528_110000.WAV,2025-05-28,11:00:00,17280488
T01,20250528_140000.WAV,2025-05-28,14:00:00,17280488
T01,20250528_180000.WAV,2025-05-28,18:00:00,17280488
T01,20250529_000000.WAV,2025-05-29,00:00:00,17280488
T01,20250529_040000.WAV,2025-05-29,04:00:00,17280488
T01,20250529_110000.WAV,2025-05-29,11:00:00,17280488
T01,20250529_140000.WAV,2025-05-29,14:00:00,17280488
T01,20250529_180000.WAV,2025-05-29,18:00:00,17280488
T01,20250530_000000.WAV,2025-05-30,00:00:00,17280488
T01,20250530_040000.WAV,2025-05-30,04:00:00,17280488
T01,20250530_110000.WAV,2025-05-30,11:00:00,17280488
T01,20250530_140000.WAV,2025-05-30,14:00:00,17280488
T01,20250530_180000.WAV,2025-05-30,18:00:00,17280488
T01,20250531_000000.WAV,2025-05-31,00:00:00,17280488
T01,20250531_040000.WAV,2025-05-31,04:00:00,17280488
T01,20250531_110000.WAV,2025-05-31,11:00:00,17280488
T01,20250531_140000.WAV,2025-05-31,14:00:00,17280488
T01,20250531_180000.WAV,2025-05-31,18:00:00,17280488
T01,20250601_000000.WAV,2025-06-01,00:00:00,17280488
T01,20250601_040000.WAV,2025-06-01,04:00:00,17280488
T01,20250601_110000.WAV,2025-06-01,11:00:00,17280488
T01,20250601_140000.WAV,2025-06-01,14:00:00,17280488
T01,20250601_180000.WAV,2025-06-01,18:00:00,17280488
T01,20250602_000000.WAV,2025-06-02,00:00:00,17280488
T01,20250602_040000.WAV,2025-06-02,04:00:00,17280488
T01,20250602_110000.WAV,2025-06-02,11:00:00,17280488
T01,20250602_140000.WAV,2025-06-02,14:00:00,17280488
T01,20250602_180000.WAV,2025-06-02,18:00:00,17280488
T01,20250603_000000.WAV,2025-06-03,00:00:00,17280488
T01,20250603_040000.WAV,2025-06-03,04:00:00,17280488
T01,20250603_110000.WAV,2025-06-03,11:00:00,17280488
T01,20250603_140000.WAV,2025-06-03,14:00:00,17280488
T01,20250603_180000.WAV,2025-06-03,18:00:00,17280488
T01,20250604_000000.WAV,2025-06-04,00:00:00,17280488
T01,20250604_040000.WAV,2025-06-04,04:00:00,17280488
T01,20250604_110000.WAV,2025-06-04,11:00:00,17280488
T01,20250604_140000.WAV,2025-06-04,14:00:00,17280488
T01,20250604_180000.WAV,2025-06-04,18:00:00,17280488
T01,20250605_000000.WAV,2025-06-05,00:00:00,17280488
T01,20250605_040000.WAV,2025-06-05,04:00:00,17280488
T01,20250605_110000.WAV,2025-06-05,11:00:00,17280488
T01,20250605_140000.WAV,2025-06-05,14:00:00,17280488
T01,20250605_180000.WAV,2025-06-05,18:00:00,17280488
T01,20250606_000000.WAV,2025-06-06,00:00:00,17280488
T01,20250606_040000.WAV,2025-06-06,04:00:00,17280488
T01,20250606_110000.WAV,2025-06-06,11:00:00,17280488
T01,20250606_140000.WAV,2025-06-06,14:00:00,17280488
T01,20250606_180000.WAV,2025-06-06,18:00:00,17280488
T01,20250607_000000.WAV,2025-06-07,00:00:00,17280488
T01,20250607_040000.WAV,2025-06-07,04:00:00,17280488
T01,20250607_110000.WAV,2025-06-07,11:00:00,17280488
T01,20250607_140000.WAV,2025-06-07,14:00:00,17280488
T01,20250607_180000.WAV,2025-06-07,18:00:00,17280488
T01,20250608_000000.WAV,2025-06-08,00:00:00,17280488
T01,20250608_040000.WAV,2025-06-08,04:00:00,17280488
T01,20250608_110000.WAV,2025-06-08,11:00:00,17280488
T01,20250608_140000.WAV,2025-06-08,14:00:00,17280488
T01,20250608_180000.WAV,2025-06-08,18:00:00,17280488
T01,20250609_000000.WAV,2025-06-09,00:00:00,17280488
T01,20250609_040000.WAV,2025-06-09,04:00:00,17280488
T01,20250609_110000.WAV,2025-06-09,11:00:00,17280488
T01,20250609_140000.WAV,2025-06-09,14:00:00,17280488
T01,20250609_180000.WAV,2025-06-09,18:00:00,17280488
T01,20250610_000000.WAV,2025-06-10,00:00:00,17280488
T01,20250610_040000.WAV,2025-06-10,04:00:00,17280488
T01,20250610_110000.WAV,2025-06-10,11:00:00,17280488
T01,20250610_140000.WAV,2025-06-10,14:00:00,17280488
T01,20250610_180000.WAV,2025-06-10,18:00:00,17280488
T01,20250611_000000.WAV,2025-06-11,00:00:00,17280488
T01,20250611_040000.WAV,2025-06-11,04:00:00,17280488
T01,20250611_110000.WAV,2025-06-11,11:00:00,17280488
T01,20250611_140000.WAV,2025-06-11,14:00:00,17280488
T01,20250611_180000.WAV,2025-06-11,18:00:00,17280488
T01,20250612_000000.WAV,2025-06-12,00:00:00,17280488
T01,20250612_040000.WAV,2025-06-12,04:00:00,17280488
T01,20250612_110000.WAV,2025-06-12,11:00:00,17280488
T01,20250612_140000.WAV,2025-06-12,14:00:00,17280488
T01,20250612_180000.WAV,2025-06-12,18:00:00,17280488
T01,20250613_000000.WAV,2025-06-13,00:00:00,17280488
T01,20250613_040000.WAV,2025-06-13,04:00:00,17280488
T01,20250613_110000.WAV,2025-06-13,11:00:00,17280488
T01,20250613_140000.WAV,2025-06-13,14:00:00,17280488
T01,20250613_180000.WAV,2025-06-13,18:00:00,17280488
T01,20250614_000000.WAV,2025-06-14,00:00:00,17280488
T01,20250614_040000.WAV,2025-06-14,04:00:00,17280488
T01,20250614_110000.WAV,2025-06-14,11:00:00,17280488
T01,20250614_140000.WAV,2025-06-14,14:00:00,17280488
T01,20250614_180000.WAV,2025-06-14,18:00:00,17280488
T01,20250615_000000.WAV,2025-06-15,00:00:00,17280488
T01,20250615_040000.WAV,2025-06-15,04:00:00,17280488
T01,20250615_110000.WAV,2025-06-15,11:00:00,17280488
T01,20250615_140000.WAV,2025-06-15,14:00:00,17280488
T01,20250615_180000.WAV,2025-06-15,18:00:00,17280488
T01,20250616_000000.WAV,2025-06-16,00:00:00,17280488
T01,20250616_040000.WAV,2025-06-16,04:00:00,17280488
T01,20250616_110000.WAV,2025-06-16,11:00:00,17280488
T01,20250616_140000.WAV,2025-06-16,14:00:00,17280488
T01,20250616_180000.WAV,2025-06-16,18:00:00,17280488
T01,20250617_000000.WAV,2025-06-17,00:00:00,17280488
T01,20250617_040000.WAV,2025-06-17,04:00:00,17280488
T01,20250617_110000.WAV,2025-06-17,11:00:00,17280488
T01,20250617_140000.WAV,2025-06-17,14:00:00,17280488
T01,20250617_180000.WAV,2025-06-17,18:00:00,17280488
T01,20250618_000000.WAV,2025-06-18,00:00:00,17280488
T01,20250618_040000.WAV,2025-06-18,04:00:00,17280488
T01,20250618_110000.WAV,2025-06-18,11:00:00,17280488
T01,20250618_140000.WAV,2025-06-18,14:00:00,17280488
T01,20250618_180000.WAV,2025-06-18,18:00:00,17280488
T01,20250619_000000.WAV,2025-06-19,00:00:00,17280488
T01,20250619_040000.WAV,2025-06-19,04:00:00,17280488
T01,20250619_110000.WAV,2025-06-19,11:00:00,17280488
T01,20250619_140000.WAV,2025-06-19,14:00:00,17280488
T01,20250619_180000.WAV,2025-06-19,18:00:00,17280488
T01,20250620_000000.WAV,2025-06-20,00:00:00,17280488
T01,20250620_040000.WAV,2025-06-20,04:00:00,17280488
T01,20250620_110000.WAV,2025-06-20,11:00:00,17280488
T01,20250620_140000.WAV,2025-06-20,14:00:00,17280488
T01,20250620_180000.WAV,2025-06-20,18:00:00,17280488
T01,20250621_000000.WAV,2025-06-21,00:00:00,17280488
T01,20250621_040000.WAV,2025-06-21,04:00:00,17280488
T01,20250621_110000.WAV,2025-06-21,11:00:00,17280488
T01,20250621_140000.WAV,2025-06-21,14:00:00,17280488
T01,20250621_180000.WAV,2025-06-21,18:00:00,17280488
T01,20250622_000000.WAV,2025-06-22,00:00:00,17280488
T01,20250622_040000.WAV,2025-06-22,04:00:00,17280488
T01,20250622_110000.WAV,2025-06-22,11:00:00,17280488
T01,20250622_140000.WAV,2025-06-22,14:00:00,17280488
T01,20250622_180000.WAV,2025-06-22,18:00:00,17280488
T01,20250623_000000.WAV,2025-06-23,00:00:00,17280488
T01,20250623_040000.WAV,2025-06-23,04:00:00,17280488
T01,20250623_110000.WAV,2025-06-23,11:00:00,17280488
T01,20250623_140000.WAV,2025-06-23,14:00:00,17280488
T01,20250623_180000.WAV,2025-06-23,18:00:00,17280488
T01,20250624_000000.WAV,2025-06-24,00:00:00,17280488
T01,20250624_040000.WAV,2025-06-24,04:00:00,17280488
T01,20250624_110000.WAV,2025-06-24,11:00:00,17280488
T01,20250624_140000.WAV,2025-06-24,14:00:00,17280488
T01,20250624_180000.WAV,2025-06-24,18:00:00,17280488
T01,20250625_000000.WAV,2025-06-25,00:00:00,17280488
T01,20250625_040000.WAV,2025-06-25,04:00:00,17280488
T01,20250625_110000.WAV,2025-06-25,11:00:00,17280488
T01,20250625_140000.WAV,2025-06-25,14:00:00,17280488
T01,20250625_180000.WAV,2025-06-25,18:00:00,17280488
T01,20250626_000000.WAV,2025-06-26,00:00:00,17280488
T01,20250626_040000.WAV,2025-06-26,04:00:00,17280488
T01,20250626_110000.WAV,2025-06-26,11:00:00,17280488
T01,20250626_140000.WAV,2025-06-26,14:00:00,17280488
T01,20250626_180000.WAV,2025-06-26,18:00:00,17280488
T01,20250627_000000.WAV,2025-06-27,00:00:00,17280488
T01,20250627_040000.WAV,2025-06-27,04:00:00,17280488
T01,20250627_110000.WAV,2025-06-27,11:00:00,17280488
T01,20250627_140000.WAV,2025-06-27,14:00:00,17280488
T01,20250627_180000.WAV,2025-06-27,18:00:00,17280488
T01,20250628_000000.WAV,2025-06-28,00:00:00,17280488
T01,20250628_040000.WAV,2025-06-28,04:00:00,17280488
T01,20250628_110000.WAV,2025-06-28,11:00:00,17280488
T01,20250628_140000.WAV,2025-06-28,14:00:00,17280488
T01,20250628_180000.WAV,2025-06-28,18:00:00,17280488
T01,20250629_000000.WAV,2025-06-29,00:00:00,17280488
T01,20250629_040000.WAV,2025-06-29,04:00:00,17280488
T01,20250629_110000.WAV,2025-06-29,11:00:00,17280488
T01,20250629_140000.WAV,2025-06-29,14:00:00,17280488
T01,20250629_180000.WAV,2025-06-29,18:00:00,17280488
T01,20250630_000000.WAV,2025-06-30,00:00:00,17280488
T01,20250630_040000.WAV,2025-06-30,04:00:00,17280488
T01,20250630_110000.WAV,2025-06-30,11:00:00,17280488
T01,20250630_140000.WAV,2025-06-30,14:00:00,17280488
T01,20250630_180000.WAV,2025-06-30,18:00:00,17280488
T01,20250701_000000.WAV,2025-07-01,00:00:00,17280488
T01,20250701_040000.WAV,2025-07-01,04:00:00,17280488
T01,20250701_110000.WAV,2025-07-01,11:00:00,17280488
T01,20250701_140000.WAV,2025-07-01,14:00:00,17280488
T01,20250701_180000.WAV,2025-07-01,18:00:00,17280488
T01,20250702_000000.WAV,2025-07-02,00:00:00,17280488
T01,20250702_040000.WAV,2025-07-02,04:00:00,17280488
T01,20250702_110000.WAV,2025-07-02,11:00:00,17280488
T01,20250702_140000.WAV,2025-07-02,14:00:00,17280488
T01,20250702_180000.WAV,2025-07-02,18:00:00,17280488
T01,20250703_000000.WAV,2025-07-03,00:00:00,17280488
T01,20250703_040000.WAV,2025-07-03,04:00:00,17280488
T01,20250703_110000.WAV,2025-07-03,11:00:00,17280488
T01,20250703_140000.WAV,2025-07-03,14:00:00,17280488
T01,20250703_180000.WAV,2025-07-03,18:00:00,17280488
T01,20250704_000000.WAV,2025-07-04,00:00:00,17280488
T01,20250704_040000.WAV,2025-07-04,04:00:00,17280488
T01,20250704_110000.WAV,2025-07-04,11:00:00,17280488
T01,20250704_140000.WAV,2025-07-04,14:00:00,17280488
T01,20250704_180000.WAV,2025-07-04,18:00:00,17280488
T01,20250705_000000.WAV,2025-07-05,00:00:00,17280488
T01,20250705_040000.WAV,2025-07-05,04:00:00,17280488
T01,20250705_110000.WAV,2025-07-05,11:00:00,17280488
T01,20250705_140000.WAV,2025-07-05,14:00:00,17280488
T01,20250705_180000.WAV,2025-07-05,18:00:00,17280488
T01,20250706_000000.WAV,2025-07-06,00:00:00,17280488
T01,20250706_040000.WAV,2025-07-06,04:00:00,17280488
T01,20250706_110000.WAV,2025-07-06,11:00:00,17280488
T01,20250706_140000.WAV,2025-07-06,14:00:00,17280488
T01,20250706_180000.WAV,2025-07-06,18:00:00,17280488
T01,20250707_000000.WAV,2025-07-07,00:00:00,17280488
T01,20250707_040000.WAV,2025-07-07,04:00:00,17280488
T01,20250707_110000.WAV,2025-07-07,11:00:00,17280488
T01,20250707_140000.WAV,2025-07-07,14:00:00,17280488
T01,20250707_180000.WAV,2025-07-07,18:00:00,17280488
T01,20250708_000000.WAV,2025-07-08,00:00:00,17280488
T01,20250708_040000.WAV,2025-07-08,04:00:00,17280488
T01,20250708_110000.WAV,2025-07-08,11:00:00,17280488
T01,20250708_140000.WAV,2025-07-08,14:00:00,17280488
T01,20250708_180000.WAV,2025-07-08,18:00:00,17280488
T01,20250709_000000.WAV,2025-07-09,00:00:00,17280488
T01,20250709_040000.WAV,2025-07-09,04:00:00,17280488
T01,20250709_110000.WAV,2025-07-09,11:00:00,17280488
T01,20250709_140000.WAV,2025-07-09,14:00:00,17280488
T01,20250709_180000.WAV,2025-07-09,18:00:00,17280488
T01,20250710_000000.WAV,2025-07-10,00:00:00,17280488
T01,20250710_040000.WAV,2025-07-10,04:00:00,17280488
T01,20250710_110000.WAV,2025-07-10,11:00:00,17280488
T01,20250710_140000.WAV,2025-07-10,14:00:00,17280488
T01,20250710_180000.WAV,2025-07-10,18:00:00,17280488
T01,20250711_000000.WAV,2025-07-11,00:00:00,17280488
T01,20250711_040000.WAV,2025-07-11,04:00:00,17280488
T01,20250711_110000.WAV,2025-07-11,11:00:00,17280488
T01,20250711_140000.WAV,2025-07-11,14:00:00,17280488
T01,20250711_180000.WAV,2025-07-11,18:00:00,17280488
T01,20250712_000000.WAV,2025-07-12,00:00:00,17280488
T01,20250712_040000.WAV,2025-07-12,04:00:00,17280488
T01,20250712_110000.WAV,2025-07-12,11:00:00,17280488
T01,20250712_140000.WAV,2025-07-12,14:00:00,17280488
T01,20250712_180000.WAV,2025-07-12,18:00:00,17280488
T01,20250713_000000.WAV,2025-07-13,00:00:00,17280488
T01,20250713_040000.WAV,2025-07-13,04:00:00,17280488
T01,20250713_110000.WAV,2025-07-13,11:00:00,17280488
T01,20250713_140000.WAV,2025-07-13,14:00:00,17280488
T01,20250713_180000.WAV,2025-07-13,18:00:00,17280488
T01,20250714_000000.WAV,2025-07-14,00:00:00,17280488
T01,20250714_040000.WAV,2025-07-14,04:00:00,17280488
T01,20250714_110000.WAV,2025-07-14,11:00:00,17280488
T01,20250714_140000.WAV,2025-07-14,14:00:00,17280488
T01,20250714_180000.WAV,2025-07-14,18:00:00,17280488
T01,20250715_000000.WAV,2025-07-15,00:00:00,17280488
T01,20250715_040000.WAV,2025-07-15,04:00:00,17280488
T01,20250715_110000.WAV,2025-07-15,11:00:00,17280488
T01,20250715_140000.WAV,2025-07-15,14:00:00,17280488
T01,20250715_180000.WAV,2025-07-15,18:00:00,17280488
T01,20250716_000000.WAV,2025-07-16,00:00:00,17280488
T01,20250716_040000.WAV,2025-07-16,04:00:00,17280488
T01,20250716_110000.WAV,2025-07-16,11:00:00,17280488
T01,20250716_140000.WAV,2025-07-16,14:00:00,17280488
T01,20250716_180000.WAV,2025-07-16,18:00:00,17280488
T01,20250717_000000.WAV,2025-07-17,00:00:00,17280488
T01,20250717_040000.WAV,2025-07-17,04:00:00,17280488
T01,20250717_110000.WAV,2025-07-17,11:00:00,17280488
T01,20250717_140000.WAV,2025-07-17,14:00:00,17280488
T01,20250717_180000.WAV,2025-07-17,18:00:00,17280488
T01,20250718_000000.WAV,2025-07-18,00:00:00,17280488
T01,20250718_040000.WAV,2025-07-18,04:00:00,17280488
T01,20250718_110000.WAV,2025-07-18,11:00:00,17280488
T01,20250718_140000.WAV,2025-07-18,14:00:00,17280488
T01,20250718_180000.WAV,2025-07-18,18:00:00,17280488
T01,20250719_000000.WAV,2025-07-19,00:00:00,17280488
T01,20250719_040000.WAV,2025-07-19,04:00:00,17280488
T01,20250719_110000.WAV,2025-07-19,11:00:00,17280488
T01,20250719_140000.WAV,2025-07-19,14:00:00,17280488
T01,20250719_180000.WAV,2025-07-19,18:00:00,17280488
T01,20250720_000000.WAV,2025-07-20,00:00:00,17280488
T01,20250720_040000.WAV,2025-07-20,04:00:00,17280488
T01,20250720_110000.WAV,2025-07-20,11:00:00,17280488
T01,20250720_140000.WAV,2025-07-20,14:00:00,17280488
T01,20250720_180000.WAV,2025-07-20,18:00:00,17280488
T01,20250721_000000.WAV,2025-07-21,00:00:00,17280488
T01,20250721_040000.WAV,2025-07-21,04:00:00,17280488
T01,20250721_110000.WAV,2025-07-21,11:00:00,17280488
T01,20250721_140000.WAV,2025-07-21,14:00:00,17280488
T01,20250721_180000.WAV,2025-07-21,18:00:00,17280488
T01,20250722_000000.WAV,2025-07-22,00:00:00,17280488
T01,20250722_040000.WAV,2025-07-22,04:00:00,17280488
T01,20250722_110000.WAV,2025-07-22,11:00:00,17280488
T01,20250722_140000.WAV,2025-07-22,14:00:00,17280488
T01,20250722_180000.WAV,2025-07-22,18:00:00,17280488
T01,20250723_000000.WAV,2025-07-23,00:00:00,17280488
T01,20250723_040000.WAV,2025-07-23,04:00:00,17280488
T01,20250723_110000.WAV,2025-07-23,11:00:00,17280488
T01,20250723_140000.WAV,2025-07-23,14:00:00,17280488
T01,20250723_180000.WAV,2025-07-23,18:00:00,17280488
T01,20250724_000000.WAV,2025-07-24,00:00:00,17280488
T01,20250724_040000.WAV,2025-07-24,04:00:00,17280488
T01,20250724_110000.WAV,2025-07-24,11:00:00,17280488
T01,20250724_140000.WAV,2025-07-24,14:00:00,17280488
T01,20250724_180000.WAV,2025-07-24,18:00:00,17280488
T01,20250725_000000.WAV,2025-07-25,00:00:00,17280488
T01,20250725_040000.WAV,2025-07-25,04:00:00,17280488
T01,20250725_110000.WAV,2025-07-25,11:00:00,17280488
T01,20250725_140000.WAV,2025-07-25,14:00:00,17280488
T01,20250725_180000.WAV,2025-07-25,18:00:00,17280488
T01,20250726_000000.WAV,2025-07-26,00:00:00,17280488
T01,20250726_040000.WAV,2025-07-26,04:00:00,17280488
T01,20250726_110000.WAV,2025-07-26,11:00:00,17280488
T01,20250726_140000.WAV,2025-07-26,14:00:00,17280488
T01,20250726_180000.WAV,2025-07-26,18:00:00,17280488
T01,20250727_000000.WAV,2025-07-27,00:00:00,17280488
T01,20250727_040000.WAV,2025-07-27,04:00:00,17280488
T01,20250727_110000.WAV,2025-07-27,11:00:00,17280488
T01,20250727_140000.WAV,2025-07-27,14:00:00,17280488
T01,20250727_180000.WAV,2025-07-27,18:00:00,17280488
T01,20250728_000000.WAV,2025-07-28,00:00:00,17280488
T01,20250728_040000.WAV,2025-07-28,04:00:00,17280488
T01,20250728_110000.WAV,2025-07-28,11:00:00,17280488
T01,20250728_140000.WAV,2025-07-28,14:00:00,17280488
T01,20250728_180000.WAV,2025-07-28,18:00:00,17280488
T01,20250729_000000.WAV,2025-07-29,00:00:00,17280488
T01,20250729_040000.WAV,2025-07-29,04:00:00,17280488
T01,20250729_110000.WAV,2025-07-29,11:00:00,17280488
T01,20250729_140000.WAV,2025-07-29,14:00:00,17280488
T01,20250729_180000.WAV,2025-07-29,18:00:00,17280488
T01,20250730_000000.WAV,2025-07-30,00:00:00,17280488
T01,20250730_040000.WAV,2025-07-30,04:00:00,17280488
T01,20250730_110000.WAV,2025-07-30,11:00:00,17280488
T01,20250730_140000.WAV,2025-07-30,14:00:00,17280488
T01,20250730_180000.WAV,2025-07-30,18:00:00,17280488
T01,20250731_000000.WAV,2025-07-31,00:00:00,17280488
T01,20250731_040000.WAV,2025-07-31,04:00:00,17280488
T01,20250731_110000.WAV,2025-07-31,11:00:00,17280488
T01,20250731_140000.WAV,2025-07-31,14:00:00,17280488
T01,20250731_180000.WAV,2025-07-31,18:00:00,17280488
T01,20250801_000000.WAV,2025-08-01,00:00:00,17280488
T01,20250801_040000.WAV,2025-08-01,04:00:00,17280488
T01,20250801_110000.WAV,2025-08-01,11:00:00,17280488
T01,20250801_140000.WAV,2025-08-01,14:00:00,17280488
T01,20250801_180000.WAV,2025-08-01,18:00:00,17280488
T01,20250802_000000.WAV,2025-08-02,00:00:00,17280488
T01,20250802_040000.WAV,2025-08-02,04:00:00,17280488
T01,20250802_110000.WAV,2025-08-02,11:00:00,17280488
T01,20250802_140000.WAV,2025-08-02,14:00:00,17280488
T01,20250802_180000.WAV,2025-08-02,18:00:00,17280488
T01,20250803_000000.WAV,2025-08-03,00:00:00,17280488
T01,20250803_040000.WAV,2025-08-03,04:00:00,17280488
T01,20250803_110000.WAV,2025-08-03,11:00:00,17280488
T01,20250803_140000.WAV,2025-08-03,14:00:00,17280488
T01,20250803_180000.WAV,2025-08-03,18:00:00,17280488
T01,20250804_000000.WAV,2025-08-04,00:00:00,17280488
T01,20250804_040000.WAV,2025-08-04,04:00:00,17280488
T01,20250804_110000.WAV,2025-08-04,11:00:00,17280488
T01,20250804_140000.WAV,2025-08-04,14:00:00,17280488
T01,20250804_180000.WAV,2025-08-04,18:00:00,17280488
T01,20250805_000000.WAV,2025-08-05,00:00:00,17280488
T01,20250805_040000.WAV,2025-08-05,04:00:00,17280488
T01,20250805_110000.WAV,2025-08-05,11:00:00,17280488
T01,20250805_140000.WAV,2025-08-05,14:00:00,17280488
T01,20250805_180000.WAV,2025-08-05,18:00:00,17280488
T01,20250806_000000.WAV,2025-08-06,00:00:00,17280488
T01,20250806_040000.WAV,2025-08-06,04:00:00,17280488
T01,20250806_110000.WAV,2025-08-06,11:00:00,17280488
T01,20250806_140000.WAV,2025-08-06,14:00:00,17280488
T01,20250806_180000.WAV,2025-08-06,18:00:00,17280488
T01,20250807_000000.WAV,2025-08-07,00:00:00,17280488
T01,20250807_040000.WAV,2025-08-07,04:00:00,17280488
T01,20250807_110000.WAV,2025-08-07,11:00:00,17280488
T01,20250807_140000.WAV,2025-08-07,14:00:00,17280488
T01,20250807_180000.WAV,2025-08-07,18:00:00,17280488
T01,20250808_000000.WAV,2025-08-08,00:00:00,17280488
T01,20250808_040000.WAV,2025-08-08,04:00:00,17280488
T01,20250808_110000.WAV,2025-08-08,11:00:00,17280488
T01,20250808_140000.WAV,2025-08-08,14:00:00,17280488
T01,20250808_180000.WAV,2025-08-08,18:00:00,17280488
T01,20250809_000000.WAV,2025-08-09,00:00:00,17280488
T01,20250809_040000.WAV,2025-08-09,04:00:00,17280488
T01,20250809_110000.WAV,2025-08-09,11:00:00,17280488
T01,20250809_140000.WAV,2025-08-09,14:00:00,17280488
T01,20250809_180000.WAV,2025-08-09,18:00:00,17280488
T01,20250810_000000.WAV,2025-08-10,00:00:00,17280488
T01,20250810_040000.WAV,2025-08-10,04:00:00,17280488
T01,20250810_110000.WAV,2025-08-10,11:00:00,17280488
T01,20250810_140000.WAV,2025-08-10,14:00:00,17280488
T01,20250810_180000.WAV,2025-08-10,18:00:00,17280488
T01,20250811_000000.WAV,2025-08-11,00:00:00,17280488
T01,20250811_040000.WAV,2025-08-11,04:00:00,17280488
T01,20250811_110000.WAV,2025-08-11,11:00:00,17280488
T01,20250811_140000.WAV,2025-08-11,14:00:00,17280488
T01,20250811_180000.WAV,2025-08-11,18:00:00,17280488
T01,20250812_000000.WAV,2025-08-12,00:00:00,17280488
T01,20250812_040000.WAV,2025-08-12,04:00:00,17280488
T01,20250812_110000.WAV,2025-08-12,11:00:00,17280488
T01,20250812_140000.WAV,2025-08-12,14:00:00,17280488
T01,20250812_180000.WAV,2025-08-12,18:00:00,17280488
T01,20250813_000000.WAV,2025-08-13,00:00:00,17280488
T01,20250813_040000.WAV,2025-08-13,04:00:00,17280488
T01,20250813_110000.WAV,2025-08-13,11:00:00,17280488
T01,20250813_140000.WAV,2025-08-13,14:00:00,17280488
T01,20250813_180000.WAV,2025-08-13,18:00:00,17280488
T01,20250814_000000.WAV,2025-08-14,00:00:00,17280488
T01,20250814_040000.WAV,2025-08-14,04:00:00,17280488
T01,20250814_110000.WAV,2025-08-14,11:00:00,17280488
T01,20250814_140000.WAV,2025-08-14,14:00:00,17280488
T01,20250814_180000.WAV,2025-08-14,18:00:00,17280488
T01,20250815_000000.WAV,2025-08-15,00:00:00,17280488
T01,20250815_040000.WAV,2025-08-15,04:00:00,17280488
T01,20250815_110000.WAV,2025-08-15,11:00:00,17280488
T01,20250815_140000.WAV,2025-08-15,14:00:00,17280488
T01,20250815_180000.WAV,2025-08-15,18:00:00,17280488
T01,20250816_000000.WAV,2025-08-16,00:00:00,17280488
T01,20250816_040000.WAV,2025-08-16,04:00:00,17280488
T01,20250816_110000.WAV,2025-08-16,11:00:00,17280488
T01,20250816_140000.WAV,2025-08-16,14:00:00,17280488
T01,20250816_180000.WAV,2025-08-16,18:00:00,17280488
T01,20250817_000000.WAV,2025-08-17,00:00:00,17280488
T01,20250817_040000.WAV,2025-08-17,04:00:00,17280488
T01,20250817_110000.WAV,2025-08-17,11:00:00,17280488
T01,20250817_140000.WAV,2025-08-17,14:00:00,17280488
T01,20250817_180000.WAV,2025-08-17,18:00:00,17280488
T01,20250818_000000.WAV,2025-08-18,00:00:00,17280488
T01,20250818_040000.WAV,2025-08-18,04:00:00,17280488
T01,20250818_110000.WAV,2025-08-18,11:00:00,17280488
T01,20250818_140000.WAV,2025-08-18,14:00:00,17280488
T01,20250818_180000.WAV,2025-08-18,18:00:00,17280488
T01,20250819_000000.WAV,2025-08-19,00:00:00,17280488
T01,20250819_040000.WAV,2025-08-19,04:00:00,17280488
T01,20250819_110000.WAV,2025-08-19,11:00:00,17280488
T01,20250819_140000.WAV,2025-08-19,14:00:00,17280488
T01,20250819_180000.WAV,2025-08-19,18:00:00,17280488
T01,20250820_000000.WAV,2025-08-20,00:00:00,17280488
T01,20250820_040000.WAV,2025-08-20,04:00:00,17280488
T01,20250820_110000.WAV,2025-08-20,11:00:00,17280488
T01,20250820_140000.WAV,2025-08-20,14:00:00,17280488
T01,20250820_180000.WAV,2025-08-20,18:00:00,17280488
T01,20250821_000000.WAV,2025-08-21,00:00:00,17280488
T01,20250821_040000.WAV,2025-08-21,04:00:00,17280488
T01,20250821_110000.WAV,2025-08-21,11:00:00,17280488
T01,20250821_140000.WAV,2025-08-21,14:00:00,17280488
T01,20250821_180000.WAV,2025-08-21,18:00:00,17280488
T01,20250822_000000.WAV,2025-08-22,00:00:00,17280488
T01,20250822_040000.WAV,2025-08-22,04:00:00,17280488
T01,20250822_110000.WAV,2025-08-22,11:00:00,17280488
T01,20250822_140000.WAV,2025-08-22,14:00:00,17280488
T01,20250822_180000.WAV,2025-08-22,18:00:00,17280488
T01,20250823_000000.WAV,2025-08-23,00:00:00,17280488
T01,20250823_040000.WAV,2025-08-23,04:00:00,17280488
T01,20250823_110000.WAV,2025-08-23,11:00:00,17280488
T01,20250823_140000.WAV,2025-08-23,14:00:00,17280488
T01,20250823_180000.WAV,2025-08-23,18:00:00,17280488
T01,20250824_000000.WAV,2025-08-24,00:00:00,17280488
T01,20250824_040000.WAV,2025-08-24,04:00:00,17280488
T01,20250824_110000.WAV,2025-08-24,11:00:00,17280488
T01,20250824_140000.WAV,2025-08-24,14:00:00,17280488
T01,20250824_180000.WAV,2025-08-24,18:00:00,17280488
T01,20250825_000000.WAV,2025-08-25,00:00:00,17280488
T01,20250825_040000.WAV,2025-08-25,04:00:00,17280488
T01,20250825_110000.WAV,2025-08-25,11:00:00,17280488
T01,20250825_140000.WAV,2025-08-25,14:00:00,17280488
T01,20250825_180000.WAV,2025-08-25,18:00:00,17280488
T01,20250826_000000.WAV,2025-08-26,00:00:00,17280488
T01,20250826_040000.WAV,2025-08-26,04:00:00,17280488
T01,20250826_110000.WAV,2025-08-26,11:00:00,17280488
T01,20250826_140000.WAV,2025-08-26,14:00:00,17280488
T01,20250826_180000.WAV,2025-08-26,18:00:00,17280488
T01,20250827_000000.WAV,2025-08-27,00:00:00,17280488
T01,20250827_040000.WAV,2025-08-27,04:00:00,17280488
T01,20250827_110000.WAV,2025-08-27,11:00:00,17280488
T01,20250827_140000.WAV,2025-08-27,14:00:00,17280488
T01,20250827_180000.WAV,2025-08-27,18:00:00,17280488
T01,20250828_000000.WAV,2025-08-28,00:00:00,17280488
T01,20250828_040000.WAV,2025-08-28,04:00:00,17280488
T01,20250828_110000.WAV,2025-08-28,11:00:00,17280488
T01,20250828_140000.WAV,2025-08-28,14:00:00,17280488
T01,20250828_180000.WAV,2025-08-28,18:00:00,17280488
T01,20250829_000000.WAV,2025-08-29,00:00:00,17280488
T01,20250829_040000.WAV,2025-08-29,04:00:00,17280488
T01,20250829_110000.WAV,2025-08-29,11:00:00,17280488
T01,20250829_140000.WAV,2025-08-29,14:00:00,17280488
T01,20250829_180000.WAV,2025-08-29,18:00:00,17280488
T01,20250830_000000.WAV,2025-08-30,00:00:00,17280488
T01,20250830_040000.WAV,2025-08-30,04:00:00,17280488
T01,20250830_110000.WAV,2025-08-30,11:00:00,17280488
T01,20250830_140000.WAV,2025-08-30,14:00:00,17280488
T01,20250830_180000.WAV,2025-08-30,18:00:00,17280488
T01,20250831_000000.WAV,2025-08-31,00:00:00,17280488
T01,20250831_040000.WAV,2025-08-31,04:00:00,17280488
T01,20250831_110000.WAV,2025-08-31,11:00:00,17280488
T01,20250831_140000.WAV,2025-08-31,14:00:00,17280488
T01,20250831_180000.WAV,2025-08-31,18:00:00,17280488
T01,20250901_000000.WAV,2025-09-01,00:00:00,17280488
T01,20250901_040000.WAV,2025-09-01,04:00:00,17280488
T01,20250901_110000.WAV,2025-09-01,11:00:00,17280488
T01,20250901_140000.WAV,2025-09-01,14:00:00,17280488
T01,20250901_180000.WAV,2025-09-01,18:00:00,17280488
T01,20250902_000000.WAV,2025-09-02,00:00:00,17280488
T01,20250902_040000.WAV,2025-09-02,04:00:00,17280488
T01,20250902_110000.WAV,2025-09-02,11:00:00,17280488
T01,20250902_140000.WAV,2025-09-02,14:00:00,17280488
T01,20250902_180000.WAV,2025-09-02,18:00:00,17280488
T01,20250903_000000.WAV,2025-09-03,00:00:00,17280488
T01,20250903_040000.WAV,2025-09-03,04:00:00,17280488
T01,20250903_110000.WAV,2025-09-03,11:00:00,17280488
T01,20250903_140000.WAV,2025-09-03,14:00:00,17280488
T01,20250903_180000.WAV,2025-09-03,18:00:00,17280488
T01,20250904_000000.WAV,2025-09-04,00:00:00,17280488
T01,20250904_040000.WAV,2025-09-04,04:00:00,17280488
T01,20250904_110000.WAV,2025-09-04,11:00:00,17280488
T01,20250904_140000.WAV,2025-09-04,14:00:00,17280488
T01,20250904_180000.WAV,2025-09-04,18:00:00,17280488
T01,20250905_000000.WAV,2025-09-05,00:00:00,17280488
T01,20250905_040000.WAV,2025-09-05,04:00:00,17280488
T01,20250905_110000.WAV,2025-09-05,11:00:00,17280488
T01,20250905_140000.WAV,2025-09-05,14:00:00,17280488
T01,20250905_180000.WAV,2025-09-05,18:00:00,17280488
T01,20250906_000000.WAV,2025-09-06,00:00:00,17280488
T01,20250906_040000.WAV,2025-09-06,04:00:00,17280488
T01,20250906_110000.WAV,2025-09-06,11:00:00,17280488
T01,20250906_140000.WAV,2025-09-06,14:00:00,17280488
T01,20250906_180000.WAV,2025-09-06,18:00:00,17280488
T01,20250907_000000.WAV,2025-09-07,00:00:00,17280488
T01,20250907_040000.WAV,2025-09-07,04:00:00,17280488
T01,20250907_110000.WAV,2025-09-07,11:00:00,17280488
T01,20250907_140000.WAV,2025-09-07,14:00:00,17280488
T01,20250907_180000.WAV,2025-09-07,18:00:00,17280488
T01,20250908_000000.WAV,2025-09-08,00:00:00,17280488
T01,20250908_040000.WAV,2025-09-08,04:00:00,17280488
T01,20250908_110000.WAV,2025-09-08,11:00:00,17280488
T01,20250908_140000.WAV,2025-09-08,14:00:00,17280488
T01,20250908_180000.WAV,2025-09-08,18:00:00,17280488
T01,20250909_000000.WAV,2025-09-09,00:00:00,17280488
T01,20250909_040000.WAV,2025-09-09,04:00:00,17280488
T01,20250909_110000.WAV,2025-09-09,11:00:00,17280488
T01,20250909_140000.WAV,2025-09-09,14:00:00,17280488
T01,20250909_180000.WAV,2025-09-09,18:00:00,17280488
T01,20250910_000000.WAV,2025-09-10,00:00:00,17280488
T01,20250910_040000.WAV,2025-09-10,04:00:00,17280488
T01,20250910_110000.WAV,2025-09-10,11:00:00,17280488
T01,20250910_140000.WAV,2025-09-10,14:00:00,17280488
T01,20250910_180000.WAV,2025-09-10,18:00:00,17280488
T01,20250911_000000.WAV,2025-09-11,00:00:00,17280488
T01,20250911_040000.WAV,2025-09-11,04:00:00,17280488
T01,20250911_110000.WAV,2025-09-11,11:00:00,17280488
T01,20250911_140000.WAV,2025-09-11,14:00:00,17280488
T01,20250911_180000.WAV,2025-09-11,18:00:00,17280488
T01,20250912_000000.WAV,2025-09-12,00:00:00,17280488
T01,20250912_040000.WAV,2025-09-12,04:00:00,17280488
T01,20250912_110000.WAV,2025-09-12,11:00:00,17280488
T01,20250912_140000.WAV,2025-09-12,14:00:00,17280488
T01,20250912_180000.WAV,2025-09-12,18:00:00,17280488
T01,20250913_000000.WAV,2025-09-13,00:00:00,17280488
T01,20250913_040000.WAV,2025-09-13,04:00:00,17280488
T01,20250913_110000.WAV,2025-09-13,11:00:00,17280488
T01,20250913_140000.WAV,2025-09-13,14:00:00,17280488
T01,20250913_180000.WAV,2025-09-13,18:00:00,17280488
T01,20250914_000000.WAV,2025-09-14,00:00:00,17280488
T01,20250914_040000.WAV,2025-09-14,04:00:00,17280488
T01,20250914_110000.WAV,2025-09-14,11:00:00,17280488
T01,20250914_140000.WAV,2025-09-14,14:00:00,17280488
T01,20250914_180000.WAV,2025-09-14,18:00:00,17280488
T01,20250915_000000.WAV,2025-09-15,00:00:00,17280488
T01,20250915_040000.WAV,2025-09-15,04:00:00,17280488
T01,20250915_110000.WAV,2025-09-15,11:00:00,17280488
T01,20250915_140000.WAV,2025-09-15,14:00:00,17280488
T01,20250915_180000.WAV,2025-09-15,18:00:00,17280488
T01,20250916_000000.WAV,2025-09-16,00:00:00,17280488
T01,20250916_040000.WAV,2025-09-16,04:00:00,17280488
T01,20250916_110000.WAV,2025-09-16,11:00:00,17280488
T01,20250916_140000.WAV,2025-09-16,14:00:00,17280488
T01,20250916_180000.WAV,2025-09-16,18:00:00,17280488
T01,20250917_000000.WAV,2025-09-17,00:00:00,17280488
T01,20250917_040000.WAV,2025-09-17,04:00:00,17280488
T01,20250917_110000.WAV,2025-09-17,11:00:00,17280488
T01,20250917_140000.WAV,2025-09-17,14:00:00,17280488
T01,20250917_180000.WAV,2025-09-17,18:00:00,17280488
T01,20250918_000000.WAV,2025-09-18,00:00:00,17280488
T01,20250918_040000.WAV,2025-09-18,04:00:00,17280488
T01,20250918_110000.WAV,2025-09-18,11:00:00,17280488
T01,20250918_140000.WAV,2025-09-18,14:00:00,17280488
T01,20250918_180000.WAV,2025-09-18,18:00:00,17280488
T01,20250919_000000.WAV,2025-09-19,00:00:00,17280488
T01,20250919_040000.WAV,2025-09-19,04:00:00,17280488
T01,20250919_110000.WAV,2025-09-19,11:00:00,17280488
T01,20250919_140000.WAV,2025-09-19,14:00:00,17280488
T01,20250919_180000.WAV,2025-09-19,18:00:00,17280488
T01,20250920_000000.WAV,2025-09-20,00:00:00,17280488
T01,20250920_040000.WAV,2025-09-20,04:00:00,17280488
T01,20250920_110000.WAV,2025-09-20,11:00:00,17280488
T01,20250920_140000.WAV,2025-09-20,14:00:00,17280488
T01,20250920_180000.WAV,2025-09-20,18:00:00,17280488
T01,20250921_000000.WAV,2025-09-21,00:00:00,17280488
T01,20250921_040000.WAV,2025-09-21,04:00:00,17280488
T01,20250921_110000.WAV,2025-09-21,11:00:00,17280488
T01,20250921_140000.WAV,2025-09-21,14:00:00,17280488
T01,20250921_180000.WAV,2025-09-21,18:00:00,17280488
T01,20250922_000000.WAV,2025-09-22,00:00:00,17280488
T01,20250922_040000.WAV,2025-09-22,04:00:00,17280488
T01,20250922_110000.WAV,2025-09-22,11:00:00,17280488
T01,20250922_140000.WAV,2025-09-22,14:00:00,17280488
T01,20250922_180000.WAV,2025-09-22,18:00:00,17280488
T01,20250923_000000.WAV,2025-09-23,00:00:00,17280488
T01,20250923_040000.WAV,2025-09-23,04:00:00,17280488
T01,20250923_110000.WAV,2025-09-23,11:00:00,17280488
T01,20250923_140000.WAV,2025-09-23,14:00:00,17280488
T01,20250923_180000.WAV,2025-09-23,18:00:00,17280488
T01,20250924_000000.WAV,2025-09-24,00:00:00,17280488
T01,20250924_040000.WAV,2025-09-24,04:00:00,17280488
T01,20250924_110000.WAV,2025-09-24,11:00:00,17280488
T01,20250924_140000.WAV,2025-09-24,14:00:00,17280488
T01,20250924_180000.WAV,2025-09-24,18:00:00,17280488
T01,20250925_000000.WAV,2025-09-25,00:00:00,17280488
T01,20250925_040000.WAV,2025-09-25,04:00:00,17280488
T01,20250925_110000.WAV,2025-09-25,11:00:00,17280488
T01,20250925_140000.WAV,2025-09-25,14:00:00,17280488
T01,20250925_180000.WAV,2025-09-25,18:00:00,17280488
T01,20250926_000000.WAV,2025-09-26,00:00:00,17280488
T01,20250926_040000.WAV,2025-09-26,04:00:00,17280488
T01,20250926_110000.WAV,2025-09-26,11:00:00,17280488
T01,20250926_140000.WAV,2025-09-26,14:00:00,17280488
T01,20250926_180000.WAV,2025-09-26,18:00:00,17280488
T01,20250927_000000.WAV,2025-09-27,00:00:00,17280488
T01,20250927_040000.WAV,2025-09-27,04:00:00,17280488
T01,20250927_110000.WAV,2025-09-27,11:00:00,17280488
T01,20250927_140000.WAV,2025-09-27,14:00:00,17280488
T01,20250927_180000.WAV,2025-09-27,18:00:00,17280488
T01,20250928_000000.WAV,2025-09-28,00:00:00,17280488
T01,20250928_040000.WAV,2025-09-28,04:00:00,17280488
T01,20250928_110000.WAV,2025-09-28,11:00:00,17280488
T01,20250928_140000.WAV,2025-09-28,14:00:00,17280488
T01,20250928_180000.WAV,2025-09-28,18:00:00,17280488
T01,20250929_000000.WAV,2025-09-29,00:00:00,17280488
T01,20250929_040000.WAV,2025-09-29,04:00:00,17280488
T01,20250929_110000.WAV,2025-09-29,11:00:00,17280488
T01,20250929_140000.WAV,2025-09-29,14:00:00,17280488
T01,20250929_180000.WAV,2025-09-29,18:00:00,17280488
T01,20250930_000000.WAV,2025-09-30,00:00:00,17280488
T01,20250930_040000.WAV,2025-09-30,04:00:00,17280488
T01,20250930_110000.WAV,2025-09-30,11:00:00,17280488
T01,20250930_140000.WAV,2025-09-30,14:00:00,17280488
T01,20250930_180000.WAV,2025-09-30,18:00:00,17280488
T01,20251001_000000.WAV,2025-10-01,00:00:00,17280488
T01,20251001_040000.WAV,2025-10-01,04:00:00,17280488
T01,20251001_110000.WAV,2025-10-01,11:00:00,17280488
T01,20251001_140000.WAV,2025-10-01,14:00:00,17280488
T01,20251001_180000.WAV,2025-10-01,18:00:00,17280488
T01,20251002_000000.WAV,2025-10-02,00:00:00,17280488
T01,20251002_040000.WAV,2025-10-02,04:00:00,17280488
T01,20251002_110000.WAV,2025-10-02,11:00:00,17280488
T01,20251002_140000.WAV,2025-10-02,14:00:00,17280488
T01,20251002_180000.WAV,2025-10-02,18:00:00,17280488
T01,20251003_000000.WAV,2025-10-03,00:00:00,17280488
T01,20251003_040000.WAV,2025-10-03,04:00:00,17280488
T01,20251003_110000.WAV,2025-10-03,11:00:00,17280488
T01,20251003_140000.WAV,2025-10-03,14:00:00,17280488
T01,20251003_180000.WAV,2025-10-03,18:00:00,17280488
T01,20251004_000000.WAV,2025-10-04,00:00:00,17280488
T01,20251004_040000.WAV,2025-10-04,04:00:00,17280488
T01,20251004_110000.WAV,2025-10-04,11:00:00,17280488
T01,20251004_140000.WAV,2025-10-04,14:00:00,17280488
T01,20251004_180000.WAV,2025-10-04,18:00:00,17280488
T01,20251005_000000.WAV,2025-10-05,00:00:00,17280488
T01,20251005_040000.WAV,2025-10-05,04:00:00,17280488
T01,20251005_110000.WAV,2025-10-05,11:00:00,17280488
T01,20251005_140000.WAV,2025-10-05,14:00:00,17280488
T01,20251005_180000.WAV,2025-10-05,18:00:00,17280488
T01,20251006_000000.WAV,2025-10-06,00:00:00,17280488
T01,20251006_040000.WAV,2025-10-06,04:00:00,17280488
T01,20251006_110000.WAV,2025-10-06,11:00:00,17280488
T01,20251006_140000.WAV,2025-10-06,14:00:00,17280488
T01,20251006_180000.WAV,2025-10-06,18:00:00,17280488
T01,20251007_000000.WAV,2025-10-07,00:00:00,17280488
T01,20251007_040000.WAV,2025-10-07,04:00:00,17280488
T01,20251007_110000.WAV,2025-10-07,11:00:00,17280488
T01,20251007_140000.WAV,2025-10-07,14:00:00,17280488
T01,20251007_180000.WAV,2025-10-07,18:00:00,17280488
T01,20251008_000000.WAV,2025-10-08,00:00:00,17280488
T01,20251008_040000.WAV,2025-10-08,04:00:00,17280488
T01,20251008_110000.WAV,2025-10-08,11:00:00,17280488
T01,20251008_140000.WAV,2025-10-08,14:00:00,17280488
T01,20251008_180000.WAV,2025-10-08,18:00:00,17280488
T01,20251009_000000.WAV,2025-10-09,00:00:00,17280488
T01,20251009_040000.WAV,2025-10-09,04:00:00,17280488
T01,20251009_110000.WAV,2025-10-09,11:00:00,17280488
T01,20251009_140000.WAV,2025-10-09,14:00:00,17280488
T01,20251009_180000.WAV,2025-10-09,18:00:00,17280488
T01,20251010_000000.WAV,2025-10-10,00:00:00,17280488
T01,20251010_040000.WAV,2025-10-10,04:00:00,17280488
T01,20251010_110000.WAV,2025-10-10,11:00:00,17280488
T01,20251010_140000.WAV,2025-10-10,14:00:00,17280488
T01,20251010_180000.WAV,2025-10-10,18:00:00,17280488
T01,20251011_000000.WAV,2025-10-11,00:00:00,17280488
T01,20251011_040000.WAV,2025-10-11,04:00:00,17280488
T01,20251011_110000.WAV,2025-10-11,11:00:00,17280488
T01,20251011_140000.WAV,2025-10-11,14:00:00,17280488
T01,20251011_180000.WAV,2025-10-11,18:00:00,17280488
T01,20251012_000000.WAV,2025-10-12,00:00:00,17280488
T01,20251012_040000.WAV,2025-10-12,04:00:00,17280488
T01,20251012_110000.WAV,2025-10-12,11:00:00,17280488
T01,20251012_140000.WAV,2025-10-12,14:00:00,17280488
T01,20251012_180000.WAV,2025-10-12,18:00:00,17280488
T01,20251013_000000.WAV,2025-10-13,00:00:00,17280488
T01,20251013_040000.WAV,2025-10-13,04:00:00,17280488
T01,20251013_110000.WAV,2025-10-13,11:00:00,17280488
T01,20251013_140000.WAV,2025-10-13,14:00:00,17280488
T01,20251013_180000.WAV,2025-10-13,18:00:00,17280488
T01,20251014_000000.WAV,2025-10-14,00:00:00,17280488
T01,20251014_040000.WAV,2025-10-14,04:00:00,17280488
T01,20251014_110000.WAV,2025-10-14,11:00:00,17280488
T01,20251014_140000.WAV,2025-10-14,14:00:00,17280488
T01,20251014_180000.WAV,2025-10-14,18:00:00,17280488
T01,20251015_000000.WAV,2025-10-15,00:00:00,17280488
T01,20251015_040000.WAV,2025-10-15,04:00:00,17280488
T01,20251015_110000.WAV,2025-10-15,11:00:00,17280488
T01,20251015_140000.WAV,2025-10-15,14:00:00,17280488
T01,20251015_180000.WAV,2025-10-15,18:00:00,17280488
T01,20251016_000000.WAV,2025-10-16,00:00:00,17280488
T01,20251016_040000.WAV,2025-10-16,04:00:00,17280488
T01,20251016_110000.WAV,2025-10-16,11:00:00,17280488
T01,20251016_140000.WAV,2025-10-16,14:00:00,17280488
T01,20251016_180000.WAV,2025-10-16,18:00:00,17280488
T01,20251017_000000.WAV,2025-10-17,00:00:00,17280488
T01,20251017_040000.WAV,2025-10-17,04:00:00,17280488
T01,20251017_110000.WAV,2025-10-17,11:00:00,17280488
T01,20251017_140000.WAV,2025-10-17,14:00:00,17280488
T01,20251017_180000.WAV,2025-10-17,18:00:00,17280488
T01,20251018_000000.WAV,2025-10-18,00:00:00,17280488
T01,20251018_040000.WAV,2025-10-18,04:00:00,17280488
T01,20251018_110000.WAV,2025-10-18,11:00:00,17280488
T01,20251018_140000.WAV,2025-10-18,14:00:00,17280488
T01,20251018_180000.WAV,2025-10-18,18:00:00,17280488
T01,20251019_000000.WAV,2025-10-19,00:00:00,17280488
T01,20251019_040000.WAV,2025-10-19,04:00:00,17280488
T01,20251019_110000.WAV,2025-10-19,11:00:00,17280488
T01,20251019_140000.WAV,2025-10-19,14:00:00,17280488
T01,20251019_180000.WAV,2025-10-19,18:00:00,17280488
T01,20251020_000000.WAV,2025-10-20,00:00:00,17280488
T01,20251020_040000.WAV,2025-10-20,04:00:00,17280488
T01,20251020_110000.WAV,2025-10-20,11:00:00,17280488
T01,20251020_140000.WAV,2025-10-20,14:00:00,17280488
T01,20251020_180000.WAV,2025-10-20,18:00:00,17280488
T01,20251021_000000.WAV,2025-10-21,00:00:00,17280488
T01,20251021_040000.WAV,2025-10-21,04:00:00,17280488
T01,20251021_110000.WAV,2025-10-21,11:00:00,17280488
T01,20251021_140000.WAV,2025-10-21,14:00:00,17280488
T01,20251021_180000.WAV,2025-10-21,18:00:00,17280488
T01,20251022_000000.WAV,2025-10-22,00:00:00,17280488
T01,20251022_040000.WAV,2025-10-22,04:00:00,17280488
T01,20251022_110000.WAV,2025-10-22,11:00:00,17280488
T01,20251022_140000.WAV,2025-10-22,14:00:00,17280488
T01,20251022_180000.WAV,2025-10-22,18:00:00,17280488
T01,20251023_000000.WAV,2025-10-23,00:00:00,17280488
T01,20251023_040000.WAV,2025-10-23,04:00:00,17280488
T01,20251023_110000.WAV,2025-10-23,11:00:00,17280488
T01,20251023_140000.WAV,2025-10-23,14:00:00,17280488
T01,20251023_180000.WAV,2025-10-23,18:00:00,17280488
T01,20251024_000000.WAV,2025-10-24,00:00:00,17280488
T01,20251024_040000.WAV,2025-10-24,04:00:00,17280488
T01,20251024_110000.WAV,2025-10-24,11:00:00,17280488
T01,20251024_140000.WAV,2025-10-24,14:00:00,17280488
T01,20251024_180000.WAV,2025-10-24,18:00:00,17280488
T01,20251025_000000.WAV,2025-10-25,00:00:00,17280488
T01,20251025_040000.WAV,2025-10-25,04:00:00,17280488
T01,20251025_110000.WAV,2025-10-25,11:00:00,17280488
T01,20251025_140000.WAV,2025-10-25,14:00:00,17280488
T01,20251025_180000.WAV,2025-10-25,18:00:00,17280488
T01,20251026_000000.WAV,2025-10-26,00:00:00,17280488
T01,20251026_040000.WAV,2025-10-26,04:00:00,17280488
T01,20251026_110000.WAV,2025-10-26,11:00:00,17280488
T01,20251026_140000.WAV,2025-10-26,14:00:00,17280488
T01,20251026_180000.WAV,2025-10-26,18:00:00,17280488
T01,20251027_000000.WAV,2025-10-27,00:00:00,17280488
T01,20251027_040000.WAV,2025-10-27,04:00:00,17280488
T01,20251027_110000.WAV,2025-10-27,11:00:00,17280488
T01,20251027_140000.WAV,2025-10-27,14:00:00,17280488
T01,20251027_180000.WAV,2025-10-27,18:00:00,17280488
T01,20251028_000000.WAV,2025-10-28,00:00:00,17280488
T01,20251028_040000.WAV,2025-10-28,04:00:00,17280488
T01,20251028_110000.WAV,2025-10-28,11:00:00,17280488
T01,20251028_140000.WAV,2025-10-28,14:00:00,17280488
T01,20251028_180000.WAV,2025-10-28,18:00:00,17280488
T01,20251029_000000.WAV,2025-10-29,00:00:00,17280488
T01,20251029_040000.WAV,2025-10-29,04:00:00,17280488
T01,20251029_110000.WAV,2025-10-29,11:00:00,17280488
T01,20251029_140000.WAV,2025-10-29,14:00:00,17280488
T01,20251029_180000.WAV,2025-10-29,18:00:00,17280488
T01,20251030_000000.WAV,2025-10-30,00:00:00,17280488
T01,20251030_040000.WAV,2025-10-30,04:00:00,17280488
T01,20251030_110000.WAV,2025-10-30,11:00:00,17280488
T01,20251030_140000.WAV,2025-10-30,14:00:00,17280488
T01,20251030_180000.WAV,2025-10-30,18:00:00,17280488
T01,20251031_000000.WAV,2025-10-31,00:00:00,17280488
T01,20251031_040000.WAV,2025-10-31,04:00:00,17280488
T01,20251031_110000.WAV,2025-10-31,11:00:00,17280488
T01,20251031_140000.WAV,2025-10-31,14:00:00,17280488
T01,20251031_180000.WAV,2025-10-31,18:00:00,17280488
T01,20251101_000000.WAV,2025-11-01,00:00:00,17280488
T01,20251101_040000.WAV,2025-11-01,04:00:00,17280488
T01,20251101_110000.WAV,2025-11-01,11:00:00,17280488
T01,20251101_140000.WAV,2025-11-01,14:00:00,17280488
T01,20251101_180000.WAV,2025-11-01,18:00:00,17280488
T01,20251102_000000.WAV,2025-11-02,00:00:00,17280488
T01,20251102_040000.WAV,2025-11-02,04:00:00,17280488
T01,20251102_110000.WAV,2025-11-02,11:00:00,17280488
T01,20251102_140000.WAV,2025-11-02,14:00:00,17280488
T01,20251102_180000.WAV,2025-11-02,18:00:00,17280488
T01,20251103_000000.WAV,2025-11-03,00:00:00,17280488
T01,20251103_040000.WAV,2025-11-03,04:00:00,17280488
T01,20251103_110000.WAV,2025-11-03,11:00:00,17280488
T01,20251103_140000.WAV,2025-11-03,14:00:00,17280488
T01,20251103_180000.WAV,2025-11-03,18:00:00,17280488
T01,20251104_000000.WAV,2025-11-04,00:00:00,17280488
T01,20251104_040000.WAV,2025-11-04,04:00:00,17280488
T01,20251104_110000.WAV,2025-11-04,11:00:00,17280488
T01,20251104_140000.WAV,2025-11-04,14:00:00,17280488
T01,20251104_180000.WAV,2025-11-04,18:00:00,17280488
T01,20251105_000000.WAV,2025-11-05,00:00:00,17280488
T01,20251105_040000.WAV,2025-11-05,04:00:00,17280488
T01,20251105_110000.WAV,2025-11-05,11:00:00,17280488
T01,20251105_140000.WAV,2025-11-05,14:00:00,17280488
T01,20251105_180000.WAV,2025-11-05,18:00:00,17280488
T01,20251106_000000.WAV,2025-11-06,00:00:00,17280488
T01,20251106_040000.WAV,2025-11-06,04:00:00,17280488
T01,20251106_110000.WAV,2025-11-06,11:00:00,17280488
T01,20251106_140000.WAV,2025-11-06,14:00:00,17280488
T01,20251106_180000.WAV,2025-11-06,18:00:00,17280488
T01,20251107_000000.WAV,2025-11-07,00:00:00,17280488
T01,20251107_040000.WAV,2025-11-07,04:00:00,17280488
T01,20251107_110000.WAV,2025-11-07,11:00:00,17280488
T01,20251107_140000.WAV,2025-11-07,14:00:00,17280488
T01,20251107_180000.WAV,2025-11-07,18:00:00,17280488
T01,20251108_000000.WAV,2025-11-08,00:00:00,17280488
T01,20251108_040000.WAV,2025-11-08,04:00:00,17280488
T01,20251108_110000.WAV,2025-11-08,11:00:00,17280488
T01,20251108_140000.WAV,2025-11-08,14:00:00,17280488
T01,20251108_180000.WAV,2025-11-08,18:00:00,17280488
T01,20251109_000000.WAV,2025-11-09,00:00:00,17280488
T01,20251109_040000.WAV,2025-11-09,04:00:00,17280488
T01,20251109_110000.WAV,2025-11-09,11:00:00,17280488
T01,20251109_140000.WAV,2025-11-09,14:00:00,17280488
T01,20251109_180000.WAV,2025-11-09,18:00:00,17280488
T01,20251110_000000.WAV,2025-11-10,00:00:00,17280488
T01,20251110_040000.WAV,2025-11-10,04:00:00,17280488
T01,20251110_110000.WAV,2025-11-10,11:00:00,17280488
T01,20251110_140000.WAV,2025-11-10,14:00:00,17280488
T01,20251110_180000.WAV,2025-11-10,18:00:00,17280488
T01,20251111_000000.WAV,2025-11-11,00:00:00,17280488
T01,20251111_040000.WAV,2025-11-11,04:00:00,17280488
T01,20251111_110000.WAV,2025-11-11,11:00:00,17280488
T01,20251111_140000.WAV,2025-11-11,14:00:00,17280488
T01,20251111_180000.WAV,2025-11-11,18:00:00,17280488
T01,20251112_000000.WAV,2025-11-12,00:00:00,17280488
T01,20251112_040000.WAV,2025-11-12,04:00:00,17280488
T01,20251112_110000.WAV,2025-11-12,11:00:00,17280488
T01,20251112_140000.WAV,2025-11-12,14:00:00,17280488
T01,20251112_180000.WAV,2025-11-12,18:00:00,17280488
T01,20251113_000000.WAV,2025-11-13,00:00:00,17280488
T01,20251113_040000.WAV,2025-11-13,04:00:00,17280488
T01,20251113_110000.WAV,2025-11-13,11:00:00,17280488
T01,20251113_140000.WAV,2025-11-13,14:00:00,17280488
T01,20251113_180000.WAV,2025-11-13,18:00:00,17280488
T01,20251114_000000.WAV,2025-11-14,00:00:00,17280488
T01,20251114_040000.WAV,2025-11-14,04:00:00,17280488
T01,20251114_110000.WAV,2025-11-14,11:00:00,17280488
T01,20251114_140000.WAV,2025-11-14,14:00:00,17280488
T01,20251114_180000.WAV,2025-11-14,18:00:00,17280488
T01,20251115_000000.WAV,2025-11-15,00:00:00,17280488
T01,20251115_040000.WAV,2025-11-15,04:00:00,17280488
T01,20251115_110000.WAV,2025-11-15,11:00:00,17280488
T01,20251115_140000.WAV,2025-11-15,14:00:00,17280488
T01,20251115_180000.WAV,2025-11-15,18:00:00,17280488
T01,20251116_000000.WAV,2025-11-16,00:00:00,17280488
T01,20251116_040000.WAV,2025-11-16,04:00:00,17280488
T01,20251116_110000.WAV,2025-11-16,11:00:00,17280488
T01,20251116_140000.WAV,2025-11-16,14:00:00,17280488
T01,20251116_180000.WAV,2025-11-16,18:00:00,17280488
T01,20251117_000000.WAV,2025-11-17,00:00:00,17280488
T01,20251117_040000.WAV,2025-11-17,04:00:00,17280488
T01,20251117_110000.WAV,2025-11-17,11:00:00,17280488
T01,20251117_140000.WAV,2025-11-17,14:00:00,17280488
T01,20251117_180000.WAV,2025-11-17,18:00:00,17280488
T01,20251118_000000.WAV,2025-11-18,00:00:00,17280488
T01,20251118_040000.WAV,2025-11-18,04:00:00,17280488
T01,20251118_110000.WAV,2025-11-18,11:00:00,17280488
T01,20251118_140000.WAV,2025-11-18,14:00:00,17280488
T01,20251118_180000.WAV,2025-11-18,18:00:00,17280488
T01,20251119_000000.WAV,2025-11-19,00:00:00,17280488
T01,20251119_040000.WAV,2025-11-19,04:00:00,17280488
T01,20251119_110000.WAV,2025-11-19,11:00:00,17280488
T01,20251119_140000.WAV,2025-11-19,14:00:00,17280488
T01,20251119_180000.WAV,2025-11-19,18:00:00,17280488
T01,20251120_000000.WAV,2025-11-20,00:00:00,17280488
T01,20251120_040000.WAV,2025-11-20,04:00:00,17280488
T01,20251120_110000.WAV,2025-11-20,11:00:00,17280488
T01,20251120_140000.WAV,2025-11-20,14:00:00,17280488
T01,20251120_180000.WAV,2025-11-20,18:00:00,17280488
T01,20251121_000000.WAV,2025-11-21,00:00:00,17280488
T01,20251121_040000.WAV,2025-11-21,04:00:00,17280488
T01,20251121_110000.WAV,2025-11-21,11:00:00,17280488
T01,20251121_140000.WAV,2025-11-21,14:00:00,17280488
T01,20251121_180000.WAV,2025-11-21,18:00:00,17280488
T01,20251122_000000.WAV,2025-11-22,00:00:00,17280488
T01,20251122_040000.WAV,2025-11-22,04:00:00,17280488
T01,20251122_110000.WAV,2025-11-22,11:00:00,17280488
T01,20251122_140000.WAV,2025-11-22,14:00:00,17280488
T01,20251122_180000.WAV,2025-11-22,18:00:00,17280488
T01,20251123_000000.WAV,2025-11-23,00:00:00,17280488
T01,20251123_040000.WAV,2025-11-23,04:00:00,17280488
T01,20251123_110000.WAV,2025-11-23,11:00:00,17280488
T01,20251123_140000.WAV,2025-11-23,14:00:00,17280488
T01,20251123_180000.WAV,2025-11-23,18:00:00,17280488
T01,20251124_000000.WAV,2025-11-24,00:00:00,17280488
T01,20251124_040000.WAV,2025-11-24,04:00:00,17280488
T01,20251124_110000.WAV,2025-11-24,11:00:00,17280488
T01,20251124_140000.WAV,2025-11-24,14:00:00,17280488
T01,20251124_180000.WAV,2025-11-24,18:00:00,17280488
T01,20251125_000000.WAV,2025-11-25,00:00:00,17280488
T01,20251125_040000.WAV,2025-11-25,04:00:00,17280488
T01,20251125_110000.WAV,2025-11-25,11:00:00,17280488
T01,20251125_140000.WAV,2025-11-25,14:00:00,17280488
T01,20251125_180000.WAV,2025-11-25,18:00:00,17280488
T01,20251126_000000.WAV,2025-11-26,00:00:00,17280488
T01,20251126_040000.WAV,2025-11-26,04:00:00,17280488
T01,20251126_110000.WAV,2025-11-26,11:00:00,17280488
T01,20251126_140000.WAV,2025-11-26,14:00:00,17280488
T01,20251126_180000.WAV,2025-11-26,18:00:00,17280488
T01,20251127_000000.WAV,2025-11-27,00:00:00,17280488
T01,20251127_040000.WAV,2025-11-27,04:00:00,17280488
T01,20251127_110000.WAV,2025-11-27,11:00:00,17280488
T01,20251127_140000.WAV,2025-11-27,14:00:00,17280488
T01,20251127_180000.WAV,2025-11-27,18:00:00,17280488
T01,20251128_000000.WAV,2025-11-28,00:00:00,17280488
T01,20251128_040000.WAV,2025-11-28,04:00:00,0
T01,20251128_140000.WAV,2025-11-28,14:00:00,0
T20,20250428_140000.WAV,2025-04-28,14:00:00,17280488
T20,20250428_180000.WAV,2025-04-28,18:00:00,17280488
T20,20250429_000000.WAV,2025-04-29,00:00:00,17280488
T20,20250429_040000.WAV,2025-04-29,04:00:00,17280488
T20,20250429_110000.WAV,2025-04-29,11:00:00,17280488
T20,20250429_140000.WAV,2025-04-29,14:00:00,17280488
T20,20250429_180000.WAV,2025-04-29,18:00:00,17280488
T20,20250430_000000.WAV,2025-04-30,00:00:00,17280488
T20,20250430_040000.WAV,2025-04-30,04:00:00,17280488
T20,20250430_110000.WAV,2025-04-30,11:00:00,17280488
T20,20250430_140000.WAV,2025-04-30,14:00:00,17280488
T20,20250430_180000.WAV,2025-04-30,18:00:00,17280488
T20,20250501_000000.WAV,2025-05-01,00:00:00,17280488
T20,20250501_040000.WAV,2025-05-01,04:00:00,17280488
T20,20250501_110000.WAV,2025-05-01,11:00:00,17280488
T20,20250501_140000.WAV,2025-05-01,14:00:00,17280488
T20,20250501_180000.WAV,2025-05-01,18:00:00,17280488
T20,20250502_000000.WAV,2025-05-02,00:00:00,17280488
T20,20250502_040000.WAV,2025-05-02,04:00:00,17280488
T20,20250502_110000.WAV,2025-05-02,11:00:00,17280488
T20,20250502_140000.WAV,2025-05-02,14:00:00,17280488
T20,20250502_180000.WAV,2025-05-02,18:00:00,17280488
T20,20250503_000000.WAV,2025-05-03,00:00:00,17280488
T20,20250503_040000.WAV,2025-05-03,04:00:00,17280488
T20,20250503_110000.WAV,2025-05-03,11:00:00,17280488
T20,20250503_140000.WAV,2025-05-03,14:00:00,17280488
T20,20250503_180000.WAV,2025-05-03,18:00:00,17280488
T20,20250504_000000.WAV,2025-05-04,00:00:00,17280488
T20,20250504_040000.WAV,2025-05-04,04:00:00,17280488
T20,20250504_110000.WAV,2025-05-04,11:00:00,17280488
T20,20250504_140000.WAV,2025-05-04,14:00:00,17280488
T20,20250504_180000.WAV,2025-05-04,18:00:00,17280488
T20,20250505_000000.WAV,2025-05-05,00:00:00,17280488
T20,20250505_040000.WAV,2025-05-05,04:00:00,17280488
T20,20250505_110000.WAV,2025-05-05,11:00:00,17280488
T20,20250505_140000.WAV,2025-05-05,14:00:00,17280488
T20,20250505_180000.WAV,2025-05-05,18:00:00,17280488
T20,20250506_000000.WAV,2025-05-06,00:00:00,17280488
T20,20250506_040000.WAV,2025-05-06,04:00:00,17280488
T20,20250506_110000.WAV,2025-05-06,11:00:00,17280488
T20,20250506_140000.WAV,2025-05-06,14:00:00,17280488
T20,20250506_180000.WAV,2025-05-06,18:00:00,17280488
T20,20250507_000000.WAV,2025-05-07,00:00:00,17280488
T20,20250507_040000.WAV,2025-05-07,04:00:00,17280488
T20,20250507_110000.WAV,2025-05-07,11:00:00,17280488
T20,20250507_140000.WAV,2025-05-07,14:00:00,17280488
T20,20250507_180000.WAV,2025-05-07,18:00:00,17280488
T20,20250508_000000.WAV,2025-05-08,00:00:00,17280488
T20,20250508_040000.WAV,2025-05-08,04:00:00,17280488
T20,20250508_110000.WAV,2025-05-08,11:00:00,17280488
T20,20250508_140000.WAV,2025-05-08,14:00:00,17280488
T20,20250508_180000.WAV,2025-05-08,18:00:00,17280488
T20,20250509_000000.WAV,2025-05-09,00:00:00,17280488
T20,20250509_040000.WAV,2025-05-09,04:00:00,17280488
T20,20250509_110000.WAV,2025-05-09,11:00:00,17280488
T20,20250509_140000.WAV,2025-05-09,14:00:00,17280488
T20,20250509_180000.WAV,2025-05-09,18:00:00,17280488
T20,20250510_000000.WAV,2025-05-10,00:00:00,17280488
T20,20250510_040000.WAV,2025-05-10,04:00:00,17280488
T20,20250510_110000.WAV,2025-05-10,11:00:00,17280488
T20,20250510_140000.WAV,2025-05-10,14:00:00,17280488
T20,20250510_180000.WAV,2025-05-10,18:00:00,17280488
T20,20250511_000000.WAV,2025-05-11,00:00:00,17280488
T20,20250511_040000.WAV,2025-05-11,04:00:00,17280488
T20,20250511_110000.WAV,2025-05-11,11:00:00,17280488
T20,20250511_140000.WAV,2025-05-11,14:00:00,17280488
T20,20250511_180000.WAV,2025-05-11,18:00:00,17280488
T20,20250512_000000.WAV,2025-05-12,00:00:00,17280488
T20,20250512_040000.WAV,2025-05-12,04:00:00,17280488
T20,20250512_110000.WAV,2025-05-12,11:00:00,17280488
T20,20250512_140000.WAV,2025-05-12,14:00:00,17280488
T20,20250512_180000.WAV,2025-05-12,18:00:00,17280488
T20,20250513_000000.WAV,2025-05-13,00:00:00,17280488
T20,20250513_040000.WAV,2025-05-13,04:00:00,17280488
T20,20250513_110000.WAV,2025-05-13,11:00:00,17280488
T20,20250513_140000.WAV,2025-05-13,14:00:00,17280488
T20,20250513_180000.WAV,2025-05-13,18:00:00,17280488
T20,20250514_000000.WAV,2025-05-14,00:00:00,17280488
T20,20250514_040000.WAV,2025-05-14,04:00:00,17280488
T20,20250514_110000.WAV,2025-05-14,11:00:00,17280488
T20,20250514_140000.WAV,2025-05-14,14:00:00,17280488
T20,20250514_180000.WAV,2025-05-14,18:00:00,17280488
T20,20250515_000000.WAV,2025-05-15,00:00:00,17280488
T20,20250515_040000.WAV,2025-05-15,04:00:00,17280488
T20,20250515_110000.WAV,2025-05-15,11:00:00,17280488
T20,20250515_140000.WAV,2025-05-15,14:00:00,17280488
T20,20250515_180000.WAV,2025-05-15,18:00:00,17280488
T20,20250516_000000.WAV,2025-05-16,00:00:00,17280488
T20,20250516_040000.WAV,2025-05-16,04:00:00,17280488
T20,20250516_110000.WAV,2025-05-16,11:00:00,17280488
T20,20250516_140000.WAV,2025-05-16,14:00:00,17280488
T20,20250516_180000.WAV,2025-05-16,18:00:00,17280488
T20,20250517_000000.WAV,2025-05-17,00:00:00,17280488
T20,20250517_040000.WAV,2025-05-17,04:00:00,17280488
T20,20250517_110000.WAV,2025-05-17,11:00:00,17280488
T20,20250517_140000.WAV,2025-05-17,14:00:00,17280488
T20,20250517_180000.WAV,2025-05-17,18:00:00,17280488
T20,20250518_000000.WAV,2025-05-18,00:00:00,17280488
T20,20250518_040000.WAV,2025-05-18,04:00:00,17280488
T20,20250518_110000.WAV,2025-05-18,11:00:00,17280488
T20,20250518_140000.WAV,2025-05-18,14:00:00,17280488
T20,20250518_180000.WAV,2025-05-18,18:00:00,17280488
T20,20250519_000000.WAV,2025-05-19,00:00:00,17280488
T20,20250519_040000.WAV,2025-05-19,04:00:00,17280488
T20,20250519_110000.WAV,2025-05-19,11:00:00,17280488
T20,20250519_140000.WAV,2025-05-19,14:00:00,17280488
T20,20250519_180000.WAV,2025-05-19,18:00:00,17280488
T20,20250520_000000.WAV,2025-05-20,00:00:00,17280488
T20,20250520_040000.WAV,2025-05-20,04:00:00,17280488
T20,20250520_110000.WAV,2025-05-20,11:00:00,17280488
T20,20250520_140000.WAV,2025-05-20,14:00:00,17280488
T20,20250520_180000.WAV,2025-05-20,18:00:00,17280488
T20,20250521_000000.WAV,2025-05-21,00:00:00,17280488
T20,20250521_040000.WAV,2025-05-21,04:00:00,17280488
T20,20250521_110000.WAV,2025-05-21,11:00:00,17280488
T20,20250521_140000.WAV,2025-05-21,14:00:00,17280488
T20,20250521_180000.WAV,2025-05-21,18:00:00,17280488
T20,20250522_000000.WAV,2025-05-22,00:00:00,17280488
T20,20250522_040000.WAV,2025-05-22,04:00:00,17280488
T20,20250522_110000.WAV,2025-05-22,11:00:00,17280488
T20,20250522_140000.WAV,2025-05-22,14:00:00,17280488
T20,20250522_180000.WAV,2025-05-22,18:00:00,17280488
T20,20250523_000000.WAV,2025-05-23,00:00:00,17280488
T20,20250523_040000.WAV,2025-05-23,04:00:00,17280488
T20,20250523_110000.WAV,2025-05-23,11:00:00,17280488
T20,20250523_140000.WAV,2025-05-23,14:00:00,17280488
T20,20250523_180000.WAV,2025-05-23,18:00:00,17280488
T20,20250524_000000.WAV,2025-05-24,00:00:00,17280488
T20,20250524_040000.WAV,2025-05-24,04:00:00,17280488
T20,20250524_110000.WAV,2025-05-24,11:00:00,17280488
T20,20250524_140000.WAV,2025-05-24,14:00:00,17280488
T20,20250524_180000.WAV,2025-05-24,18:00:00,17280488
T20,20250525_000000.WAV,2025-05-25,00:00:00,17280488
T20,20250525_040000.WAV,2025-05-25,04:00:00,17280488
T20,20250525_110000.WAV,2025-05-25,11:00:00,17280488
T20,20250525_140000.WAV,2025-05-25,14:00:00,17280488
T20,20250525_180000.WAV,2025-05-25,18:00:00,17280488
T20,20250526_000000.WAV,2025-05-26,00:00:00,17280488
T20,20250526_040000.WAV,2025-05-26,04:00:00,17280488
T20,20250526_110000.WAV,2025-05-26,11:00:00,17280488
T20,20250526_140000.WAV,2025-05-26,14:00:00,17280488
T20,20250526_180000.WAV,2025-05-26,18:00:00,17280488
T20,20250527_000000.WAV,2025-05-27,00:00:00,17280488
T20,20250527_040000.WAV,2025-05-27,04:00:00,17280488
T20,20250527_110000.WAV,2025-05-27,11:00:00,17280488
T20,20250527_140000.WAV,2025-05-27,14:00:00,17280488
T20,20250527_180000.WAV,2025-05-27,18:00:00,17280488
T20,20250528_000000.WAV,2025-05-28,00:00:00,17280488
T20,20250528_040000.WAV,2025-05-28,04:00:00,17280488
T20,20250528_110000.WAV,2025-05-28,11:00:00,17280488
T20,20250528_140000.WAV,2025-05-28,14:00:00,17280488
T20,20250528_180000.WAV,2025-05-28,18:00:00,17280488
T20,20250529_000000.WAV,2025-05-29,00:00:00,17280488
T20,20250529_040000.WAV,2025-05-29,04:00:00,17280488
T20,20250529_110000.WAV,2025-05-29,11:00:00,17280488
T20,20250529_140000.WAV,2025-05-29,14:00:00,17280488
T20,20250529_180000.WAV,2025-05-29,18:00:00,17280488
T20,20250530_000000.WAV,2025-05-30,00:00:00,17280488
T20,20250530_040000.WAV,2025-05-30,04:00:00,17280488
T20,20250530_110000.WAV,2025-05-30,11:00:00,17280488
T20,20250530_140000.WAV,2025-05-30,14:00:00,17280488
T20,20250530_180000.WAV,2025-05-30,18:00:00,17280488
T20,20250531_000000.WAV,2025-05-31,00:00:00,17280488
T20,20250531_040000.WAV,2025-05-31,04:00:00,17280488
T20,20250531_110000.WAV,2025-05-31,11:00:00,17280488
T20,20250531_140000.WAV,2025-05-31,14:00:00,17280488
T20,20250531_180000.WAV,2025-05-31,18:00:00,17280488
T20,20250601_000000.WAV,2025-06-01,00:00:00,17280488
T20,20250601_040000.WAV,2025-06-01,04:00:00,17280488
T20,20250601_110000.WAV,2025-06-01,11:00:00,17280488
T20,20250601_140000.WAV,2025-06-01,14:00:00,17280488
T20,20250601_180000.WAV,2025-06-01,18:00:00,17280488
T20,20250602_000000.WAV,2025-06-02,00:00:00,17280488
T20,20250602_040000.WAV,2025-06-02,04:00:00,17280488
T20,20250602_110000.WAV,2025-06-02,11:00:00,17280488
T20,20250602_140000.WAV,2025-06-02,14:00:00,17280488
T20,20250602_180000.WAV,2025-06-02,18:00:00,17280488
T20,20250603_000000.WAV,2025-06-03,00:00:00,17280488
T20,20250603_040000.WAV,2025-06-03,04:00:00,17280488
T20,20250603_110000.WAV,2025-06-03,11:00:00,17280488
T20,20250603_140000.WAV,2025-06-03,14:00:00,17280488
T20,20250603_180000.WAV,2025-06-03,18:00:00,17280488
T20,20250604_000000.WAV,2025-06-04,00:00:00,17280488
T20,20250604_040000.WAV,2025-06-04,04:00:00,17280488
T20,20250604_110000.WAV,2025-06-04,11:00:00,17280488
T20,20250604_140000.WAV,2025-06-04,14:00:00,17280488
T20,20250604_180000.WAV,2025-06-04,18:00:00,17280488
T20,20250605_000000.WAV,2025-06-05,00:00:00,17280488
T20,20250605_040000.WAV,2025-06-05,04:00:00,17280488
T20,20250605_110000.WAV,2025-06-05,11:00:00,17280488
T20,20250605_140000.WAV,2025-06-05,14:00:00,17280488
T20,20250605_180000.WAV,2025-06-05,18:00:00,17280488
T20,20250606_000000.WAV,2025-06-06,00:00:00,17280488
T20,20250606_040000.WAV,2025-06-06,04:00:00,17280488
T20,20250606_110000.WAV,2025-06-06,11:00:00,17280488
T20,20250606_140000.WAV,2025-06-06,14:00:00,17280488
T20,20250606_180000.WAV,2025-06-06,18:00:00,17280488
T20,20250607_000000.WAV,2025-06-07,00:00:00,17280488
T20,20250607_040000.WAV,2025-06-07,04:00:00,17280488
T20,20250607_110000.WAV,2025-06-07,11:00:00,17280488
T20,20250607_140000.WAV,2025-06-07,14:00:00,17280488
T20,20250607_180000.WAV,2025-06-07,18:00:00,17280488
T20,20250608_000000.WAV,2025-06-08,00:00:00,17280488
T20,20250608_040000.WAV,2025-06-08,04:00:00,17280488
T20,20250608_110000.WAV,2025-06-08,11:00:00,17280488
T20,20250608_140000.WAV,2025-06-08,14:00:00,17280488
T20,20250608_180000.WAV,2025-06-08,18:00:00,17280488
T20,20250609_000000.WAV,2025-06-09,00:00:00,17280488
T20,20250609_040000.WAV,2025-06-09,04:00:00,17280488
T20,20250609_110000.WAV,2025-06-09,11:00:00,17280488
T20,20250609_140000.WAV,2025-06-09,14:00:00,17280488
T20,20250609_180000.WAV,2025-06-09,18:00:00,17280488
T20,20250610_000000.WAV,2025-06-10,00:00:00,17280488
T20,20250610_040000.WAV,2025-06-10,04:00:00,17280488
T20,20250610_110000.WAV,2025-06-10,11:00:00,17280488
T20,20250610_140000.WAV,2025-06-10,14:00:00,17280488
T20,20250610_180000.WAV,2025-06-10,18:00:00,17280488
T20,20250611_000000.WAV,2025-06-11,00:00:00,17280488
T20,20250611_040000.WAV,2025-06-11,04:00:00,17280488
T20,20250611_110000.WAV,2025-06-11,11:00:00,17280488
T20,20250611_140000.WAV,2025-06-11,14:00:00,17280488
T20,20250611_180000.WAV,2025-06-11,18:00:00,17280488
T20,20250612_000000.WAV,2025-06-12,00:00:00,17280488
T20,20250612_040000.WAV,2025-06-12,04:00:00,17280488
T20,20250612_110000.WAV,2025-06-12,11:00:00,17280488
T20,20250612_140000.WAV,2025-06-12,14:00:00,17280488
T20,20250612_180000.WAV,2025-06-12,18:00:00,17280488
T20,20250613_000000.WAV,2025-06-13,00:00:00,17280488
T20,20250613_040000.WAV,2025-06-13,04:00:00,17280488
T20,20250613_110000.WAV,2025-06-13,11:00:00,17280488
T20,20250613_140000.WAV,2025-06-13,14:00:00,17280488
T20,20250613_180000.WAV,2025-06-13,18:00:00,17280488
T20,20250614_000000.WAV,2025-06-14,00:00:00,17280488
T20,20250614_040000.WAV,2025-06-14,04:00:00,17280488
T20,20250614_110000.WAV,2025-06-14,11:00:00,17280488
T20,20250614_140000.WAV,2025-06-14,14:00:00,17280488
T20,20250614_180000.WAV,2025-06-14,18:00:00,17280488
T20,20250615_000000.WAV,2025-06-15,00:00:00,17280488
T20,20250615_040000.WAV,2025-06-15,04:00:00,17280488
T20,20250615_110000.WAV,2025-06-15,11:00:00,17280488
T20,20250615_140000.WAV,2025-06-15,14:00:00,17280488
T20,20250615_180000.WAV,2025-06-15,18:00:00,17280488
T20,20250616_000000.WAV,2025-06-16,00:00:00,17280488
T20,20250616_040000.WAV,2025-06-16,04:00:00,17280488
T20,20250616_110000.WAV,2025-06-16,11:00:00,17280488
T20,20250616_140000.WAV,2025-06-16,14:00:00,17280488
T20,20250616_180000.WAV,2025-06-16,18:00:00,17280488
T20,20250617_000000.WAV,2025-06-17,00:00:00,17280488
T20,20250617_040000.WAV,2025-06-17,04:00:00,17280488
T20,20250617_110000.WAV,2025-06-17,11:00:00,17280488
T20,20250617_140000.WAV,2025-06-17,14:00:00,17280488
T20,20250617_180000.WAV,2025-06-17,18:00:00,17280488
T20,20250618_000000.WAV,2025-06-18,00:00:00,17280488
T20,20250618_040000.WAV,2025-06-18,04:00:00,17280488
T20,20250618_110000.WAV,2025-06-18,11:00:00,17280488
T20,20250618_140000.WAV,2025-06-18,14:00:00,17280488
T20,20250618_180000.WAV,2025-06-18,18:00:00,17280488
T20,20250619_000000.WAV,2025-06-19,00:00:00,17280488
T20,20250619_040000.WAV,2025-06-19,04:00:00,17280488
T20,20250619_110000.WAV,2025-06-19,11:00:00,17280488
T20,20250619_140000.WAV,2025-06-19,14:00:00,17280488
T20,20250619_180000.WAV,2025-06-19,18:00:00,17280488
T20,20250620_000000.WAV,2025-06-20,00:00:00,17280488
T20,20250620_040000.WAV,2025-06-20,04:00:00,17280488
T20,20250620_110000.WAV,2025-06-20,11:00:00,17280488
T20,20250620_140000.WAV,2025-06-20,14:00:00,17280488
T20,20250620_180000.WAV,2025-06-20,18:00:00,17280488
T20,20250621_000000.WAV,2025-06-21,00:00:00,17280488
T20,20250621_040000.WAV,2025-06-21,04:00:00,17280488
T20,20250621_110000.WAV,2025-06-21,11:00:00,17280488
T20,20250621_140000.WAV,2025-06-21,14:00:00,17280488
T20,20250621_180000.WAV,2025-06-21,18:00:00,17280488
T20,20250622_000000.WAV,2025-06-22,00:00:00,17280488
T20,20250622_040000.WAV,2025-06-22,04:00:00,17280488
T20,20250622_110000.WAV,2025-06-22,11:00:00,17280488
T20,20250622_140000.WAV,2025-06-22,14:00:00,17280488
T20,20250622_180000.WAV,2025-06-22,18:00:00,17280488
T20,20250623_000000.WAV,2025-06-23,00:00:00,17280488
T20,20250623_040000.WAV,2025-06-23,04:00:00,17280488
T20,20250623_110000.WAV,2025-06-23,11:00:00,17280488
T20,20250623_140000.WAV,2025-06-23,14:00:00,17280488
T20,20250623_180000.WAV,2025-06-23,18:00:00,17280488
T20,20250624_000000.WAV,2025-06-24,00:00:00,17280488
T20,20250624_040000.WAV,2025-06-24,04:00:00,17280488
T20,20250624_110000.WAV,2025-06-24,11:00:00,17280488
T20,20250624_140000.WAV,2025-06-24,14:00:00,17280488
T20,20250624_180000.WAV,2025-06-24,18:00:00,17280488
T20,20250625_000000.WAV,2025-06-25,00:00:00,17280488
T20,20250625_040000.WAV,2025-06-25,04:00:00,17280488
T20,20250625_110000.WAV,2025-06-25,11:00:00,17280488
T20,20250625_140000.WAV,2025-06-25,14:00:00,17280488
T20,20250625_180000.WAV,2025-06-25,18:00:00,17280488
T20,20250626_000000.WAV,2025-06-26,00:00:00,17280488
T20,20250626_040000.WAV,2025-06-26,04:00:00,17280488
T20,20250626_110000.WAV,2025-06-26,11:00:00,17280488
T20,20250626_140000.WAV,2025-06-26,14:00:00,17280488
T20,20250626_180000.WAV,2025-06-26,18:00:00,17280488
T20,20250627_000000.WAV,2025-06-27,00:00:00,17280488
T20,20250627_040000.WAV,2025-06-27,04:00:00,17280488
T20,20250627_110000.WAV,2025-06-27,11:00:00,17280488
T20,20250627_140000.WAV,2025-06-27,14:00:00,17280488
T20,20250627_180000.WAV,2025-06-27,18:00:00,17280488
T20,20250628_000000.WAV,2025-06-28,00:00:00,17280488
T20,20250628_040000.WAV,2025-06-28,04:00:00,17280488
T20,20250628_110000.WAV,2025-06-28,11:00:00,17280488
T20,20250628_140000.WAV,2025-06-28,14:00:00,17280488
T20,20250628_180000.WAV,2025-06-28,18:00:00,17280488
T20,20250629_000000.WAV,2025-06-29,00:00:00,17280488
T20,20250629_040000.WAV,2025-06-29,04:00:00,17280488
T20,20250629_110000.WAV,2025-06-29,11:00:00,17280488
T20,20250629_140000.WAV,2025-06-29,14:00:00,17280488
T20,20250629_180000.WAV,2025-06-29,18:00:00,17280488
T20,20250630_000000.WAV,2025-06-30,00:00:00,17280488
T20,20250630_040000.WAV,2025-06-30,04:00:00,17280488
T20,20250630_110000.WAV,2025-06-30,11:00:00,17280488
T20,20250630_140000.WAV,2025-06-30,14:00:00,17280488
T20,20250630_180000.WAV,2025-06-30,18:00:00,17280488
T20,20250701_000000.WAV,2025-07-01,00:00:00,17280488
T20,20250701_040000.WAV,2025-07-01,04:00:00,17280488
T20,20250701_110000.WAV,2025-07-01,11:00:00,17280488
T20,20250701_140000.WAV,2025-07-01,14:00:00,17280488
T20,20250701_180000.WAV,2025-07-01,18:00:00,17280488
T20,20250702_000000.WAV,2025-07-02,00:00:00,17280488
T20,20250702_040000.WAV,2025-07-02,04:00:00,17280488
T20,20250702_110000.WAV,2025-07-02,11:00:00,17280488
T20,20250702_140000.WAV,2025-07-02,14:00:00,17280488
T20,20250702_180000.WAV,2025-07-02,18:00:00,17280488
T20,20250703_000000.WAV,2025-07-03,00:00:00,17280488
T20,20250703_040000.WAV,2025-07-03,04:00:00,17280488
T20,20250703_110000.WAV,2025-07-03,11:00:00,17280488
T20,20250703_140000.WAV,2025-07-03,14:00:00,17280488
T20,20250703_180000.WAV,2025-07-03,18:00:00,17280488
T20,20250704_000000.WAV,2025-07-04,00:00:00,17280488
T20,20250704_040000.WAV,2025-07-04,04:00:00,17280488
T20,20250704_110000.WAV,2025-07-04,11:00:00,17280488
T20,20250704_140000.WAV,2025-07-04,14:00:00,17280488
T20,20250704_180000.WAV,2025-07-04,18:00:00,17280488
T20,20250705_000000.WAV,2025-07-05,00:00:00,17280488
T20,20250705_040000.WAV,2025-07-05,04:00:00,17280488
T20,20250705_110000.WAV,2025-07-05,11:00:00,17280488
T20,20250705_140000.WAV,2025-07-05,14:00:00,17280488
T20,20250705_180000.WAV,2025-07-05,18:00:00,17280488
T20,20250706_000000.WAV,2025-07-06,00:00:00,17280488
T20,20250706_040000.WAV,2025-07-06,04:00:00,17280488
T20,20250706_110000.WAV,2025-07-06,11:00:00,17280488
T20,20250706_140000.WAV,2025-07-06,14:00:00,17280488
T20,20250706_180000.WAV,2025-07-06,18:00:00,17280488
T20,20250707_000000.WAV,2025-07-07,00:00:00,17280488
T20,20250707_040000.WAV,2025-07-07,04:00:00,17280488
T20,20250707_110000.WAV,2025-07-07,11:00:00,17280488
T20,20250707_140000.WAV,2025-07-07,14:00:00,17280488
T20,20250707_180000.WAV,2025-07-07,18:00:00,17280488
T20,20250708_000000.WAV,2025-07-08,00:00:00,17280488
T20,20250708_040000.WAV,2025-07-08,04:00:00,17280488
T20,20250708_110000.WAV,2025-07-08,11:00:00,17280488
T20,20250708_140000.WAV,2025-07-08,14:00:00,17280488
T20,20250708_180000.WAV,2025-07-08,18:00:00,17280488
T20,20250709_000000.WAV,2025-07-09,00:00:00,17280488
T20,20250709_040000.WAV,2025-07-09,04:00:00,17280488
T20,20250709_110000.WAV,2025-07-09,11:00:00,17280488
T20,20250709_140000.WAV,2025-07-09,14:00:00,17280488
T20,20250709_180000.WAV,2025-07-09,18:00:00,17280488
T20,20250710_000000.WAV,2025-07-10,00:00:00,17280488
T20,20250710_040000.WAV,2025-07-10,04:00:00,17280488
T20,20250710_110000.WAV,2025-07-10,11:00:00,17280488
T20,20250710_140000.WAV,2025-07-10,14:00:00,17280488
T20,20250710_180000.WAV,2025-07-10,18:00:00,17280488
T20,20250711_000000.WAV,2025-07-11,00:00:00,17280488
T20,20250711_040000.WAV,2025-07-11,04:00:00,17280488
T20,20250711_110000.WAV,2025-07-11,11:00:00,17280488
T20,20250711_140000.WAV,2025-07-11,14:00:00,17280488
T20,20250711_180000.WAV,2025-07-11,18:00:00,17280488
T20,20250712_000000.WAV,2025-07-12,00:00:00,17280488
T20,20250712_040000.WAV,2025-07-12,04:00:00,17280488
T20,20250712_110000.WAV,2025-07-12,11:00:00,17280488
T20,20250712_140000.WAV,2025-07-12,14:00:00,17280488
T20,20250712_180000.WAV,2025-07-12,18:00:00,17280488
T20,20250713_000000.WAV,2025-07-13,00:00:00,17280488
T20,20250713_040000.WAV,2025-07-13,04:00:00,17280488
T20,20250713_110000.WAV,2025-07-13,11:00:00,17280488
T20,20250713_140000.WAV,2025-07-13,14:00:00,17280488
T20,20250713_180000.WAV,2025-07-13,18:00:00,17280488
T20,20250714_000000.WAV,2025-07-14,00:00:00,17280488
T20,20250714_040000.WAV,2025-07-14,04:00:00,17280488
T20,20250714_110000.WAV,2025-07-14,11:00:00,17280488
T20,20250714_140000.WAV,2025-07-14,14:00:00,17280488
T20,20250714_180000.WAV,2025-07-14,18:00:00,17280488
T20,20250715_000000.WAV,2025-07-15,00:00:00,17280488
T20,20250715_040000.WAV,2025-07-15,04:00:00,17280488
T20,20250715_110000.WAV,2025-07-15,11:00:00,17280488
T20,20250715_140000.WAV,2025-07-15,14:00:00,17280488
T20,20250715_180000.WAV,2025-07-15,18:00:00,17280488
T20,20250716_000000.WAV,2025-07-16,00:00:00,17280488
T20,20250716_040000.WAV,2025-07-16,04:00:00,17280488
T20,20250716_110000.WAV,2025-07-16,11:00:00,17280488
T20,20250716_140000.WAV,2025-07-16,14:00:00,17280488
T20,20250716_180000.WAV,2025-07-16,18:00:00,17280488
T20,20250717_000000.WAV,2025-07-17,00:00:00,17280488
T20,20250717_040000.WAV,2025-07-17,04:00:00,17280488
T20,20250717_110000.WAV,2025-07-17,11:00:00,17280488
T20,20250717_140000.WAV,2025-07-17,14:00:00,17280488
T20,20250717_180000.WAV,2025-07-17,18:00:00,17280488
T20,20250718_000000.WAV,2025-07-18,00:00:00,17280488
T20,20250718_040000.WAV,2025-07-18,04:00:00,17280488
T20,20250718_110000.WAV,2025-07-18,11:00:00,17280488
T20,20250718_140000.WAV,2025-07-18,14:00:00,17280488
T20,20250718_180000.WAV,2025-07-18,18:00:00,17280488
T20,20250719_000000.WAV,2025-07-19,00:00:00,17280488
T20,20250719_040000.WAV,2025-07-19,04:00:00,17280488
T20,20250719_110000.WAV,2025-07-19,11:00:00,17280488
T20,20250719_140000.WAV,2025-07-19,14:00:00,17280488
T20,20250719_180000.WAV,2025-07-19,18:00:00,17280488
T20,20250720_000000.WAV,2025-07-20,00:00:00,17280488
T20,20250720_040000.WAV,2025-07-20,04:00:00,17280488
T20,20250720_110000.WAV,2025-07-20,11:00:00,17280488
T20,20250720_140000.WAV,2025-07-20,14:00:00,17280488
T20,20250720_180000.WAV,2025-07-20,18:00:00,17280488
T20,20250721_000000.WAV,2025-07-21,00:00:00,17280488
T20,20250721_040000.WAV,2025-07-21,04:00:00,17280488
T20,20250721_110000.WAV,2025-07-21,11:00:00,17280488
T20,20250721_140000.WAV,2025-07-21,14:00:00,17280488
T20,20250721_180000.WAV,2025-07-21,18:00:00,17280488
T20,20250722_000000.WAV,2025-07-22,00:00:00,17280488
T20,20250722_040000.WAV,2025-07-22,04:00:00,17280488
T20,20250722_110000.WAV,2025-07-22,11:00:00,17280488
T20,20250722_140000.WAV,2025-07-22,14:00:00,17280488
T20,20250722_180000.WAV,2025-07-22,18:00:00,17280488
T20,20250723_000000.WAV,2025-07-23,00:00:00,17280488
T20,20250723_040000.WAV,2025-07-23,04:00:00,17280488
T20,20250723_110000.WAV,2025-07-23,11:00:00,17280488
T20,20250723_140000.WAV,2025-07-23,14:00:00,17280488
T20,20250723_180000.WAV,2025-07-23,18:00:00,17280488
T20,20250724_000000.WAV,2025-07-24,00:00:00,17280488
T20,20250724_040000.WAV,2025-07-24,04:00:00,17280488
T20,20250724_110000.WAV,2025-07-24,11:00:00,17280488
T20,20250724_140000.WAV,2025-07-24,14:00:00,17280488
T20,20250724_180000.WAV,2025-07-24,18:00:00,17280488
T20,20250725_000000.WAV,2025-07-25,00:00:00,17280488
T20,20250725_040000.WAV,2025-07-25,04:00:00,17280488
T20,20250725_110000.WAV,2025-07-25,11:00:00,17280488
T20,20250725_140000.WAV,2025-07-25,14:00:00,17280488
T20,20250725_180000.WAV,2025-07-25,18:00:00,17280488
T20,20250726_000000.WAV,2025-07-26,00:00:00,17280488
T20,20250726_040000.WAV,2025-07-26,04:00:00,17280488
T20,20250726_110000.WAV,2025-07-26,11:00:00,17280488
T20,20250726_140000.WAV,2025-07-26,14:00:00,17280488
T20,20250726_180000.WAV,2025-07-26,18:00:00,17280488
T20,20250727_000000.WAV,2025-07-27,00:00:00,17280488
T20,20250727_040000.WAV,2025-07-27,04:00:00,17280488
T20,20250727_110000.WAV,2025-07-27,11:00:00,17280488
T20,20250727_140000.WAV,2025-07-27,14:00:00,17280488
T20,20250727_180000.WAV,2025-07-27,18:00:00,17280488
T20,20250728_000000.WAV,2025-07-28,00:00:00,17280488
T20,20250728_040000.WAV,2025-07-28,04:00:00,17280488
T20,20250728_110000.WAV,2025-07-28,11:00:00,17280488
T20,20250728_140000.WAV,2025-07-28,14:00:00,17280488
T20,20250728_180000.WAV,2025-07-28,18:00:00,17280488
T20,20250729_000000.WAV,2025-07-29,00:00:00,17280488
T20,20250729_040000.WAV,2025-07-29,04:00:00,17280488
T20,20250729_110000.WAV,2025-07-29,11:00:00,17280488
T20,20250729_140000.WAV,2025-07-29,14:00:00,17280488
T20,20250729_180000.WAV,2025-07-29,18:00:00,17280488
T20,20250730_000000.WAV,2025-07-30,00:00:00,17280488
T20,20250730_040000.WAV,2025-07-30,04:00:00,17280488
T20,20250730_110000.WAV,2025-07-30,11:00:00,17280488
T20,20250730_140000.WAV,2025-07-30,14:00:00,17280488
T20,20250730_180000.WAV,2025-07-30,18:00:00,17280488
T20,20250731_000000.WAV,2025-07-31,00:00:00,17280488
T20,20250731_040000.WAV,2025-07-31,04:00:00,17280488
T20,20250731_110000.WAV,2025-07-31,11:00:00,17280488
T20,20250731_140000.WAV,2025-07-31,14:00:00,17280488
T20,20250731_180000.WAV,2025-07-31,18:00:00,17280488
T20,20250801_000000.WAV,2025-08-01,00:00:00,17280488
T20,20250801_040000.WAV,2025-08-01,04:00:00,17280488
T20,20250801_110000.WAV,2025-08-01,11:00:00,17280488
T20,20250801_140000.WAV,2025-08-01,14:00:00,17280488
T20,20250801_180000.WAV,2025-08-01,18:00:00,17280488
T20,20250802_000000.WAV,2025-08-02,00:00:00,17280488
T20,20250802_040000.WAV,2025-08-02,04:00:00,17280488
T20,20250802_110000.WAV,2025-08-02,11:00:00,17280488
T20,20250802_140000.WAV,2025-08-02,14:00:00,17280488
T20,20250802_180000.WAV,2025-08-02,18:00:00,17280488
T20,20250803_000000.WAV,2025-08-03,00:00:00,17280488
T20,20250803_040000.WAV,2025-08-03,04:00:00,17280488
T20,20250803_110000.WAV,2025-08-03,11:00:00,17280488
T20,20250803_140000.WAV,2025-08-03,14:00:00,17280488
T20,20250803_180000.WAV,2025-08-03,18:00:00,17280488
T20,20250804_000000.WAV,2025-08-04,00:00:00,17280488
T20,20250804_040000.WAV,2025-08-04,04:00:00,17280488
T20,20250804_110000.WAV,2025-08-04,11:00:00,17280488
T20,20250804_140000.WAV,2025-08-04,14:00:00,17280488
T20,20250804_180000.WAV,2025-08-04,18:00:00,17280488
T20,20250805_000000.WAV,2025-08-05,00:00:00,17280488
T20,20250805_040000.WAV,2025-08-05,04:00:00,17280488
T20,20250805_110000.WAV,2025-08-05,11:00:00,17280488
T20,20250805_140000.WAV,2025-08-05,14:00:00,17280488
T20,20250805_180000.WAV,2025-08-05,18:00:00,17280488
T20,20250806_000000.WAV,2025-08-06,00:00:00,17280488
T20,20250806_040000.WAV,2025-08-06,04:00:00,17280488
T20,20250806_110000.WAV,2025-08-06,11:00:00,17280488
T20,20250806_140000.WAV,2025-08-06,14:00:00,17280488
T20,20250806_180000.WAV,2025-08-06,18:00:00,17280488
T20,20250807_000000.WAV,2025-08-07,00:00:00,17280488
T20,20250807_040000.WAV,2025-08-07,04:00:00,17280488
T20,20250807_110000.WAV,2025-08-07,11:00:00,17280488
T20,20250807_140000.WAV,2025-08-07,14:00:00,17280488
T20,20250807_180000.WAV,2025-08-07,18:00:00,17280488
T20,20250808_000000.WAV,2025-08-08,00:00:00,17280488
T20,20250808_040000.WAV,2025-08-08,04:00:00,17280488
T20,20250808_110000.WAV,2025-08-08,11:00:00,17280488
T20,20250808_140000.WAV,2025-08-08,14:00:00,17280488
T20,20250808_180000.WAV,2025-08-08,18:00:00,17280488
T20,20250809_000000.WAV,2025-08-09,00:00:00,17280488
T20,20250809_040000.WAV,2025-08-09,04:00:00,17280488
T20,20250809_110000.WAV,2025-08-09,11:00:00,17280488
T20,20250809_140000.WAV,2025-08-09,14:00:00,17280488
T20,20250809_180000.WAV,2025-08-09,18:00:00,17280488
T20,20250810_000000.WAV,2025-08-10,00:00:00,17280488
T20,20250810_040000.WAV,2025-08-10,04:00:00,17280488
T20,20250810_110000.WAV,2025-08-10,11:00:00,17280488
T20,20250810_140000.WAV,2025-08-10,14:00:00,17280488
T20,20250810_180000.WAV,2025-08-10,18:00:00,17280488
T20,20250811_000000.WAV,2025-08-11,00:00:00,17280488
T20,20250811_040000.WAV,2025-08-11,04:00:00,17280488
T20,20250811_110000.WAV,2025-08-11,11:00:00,17280488
T20,20250811_140000.WAV,2025-08-11,14:00:00,17280488
T20,20250811_180000.WAV,2025-08-11,18:00:00,17280488
T20,20250812_000000.WAV,2025-08-12,00:00:00,17280488
T20,20250812_040000.WAV,2025-08-12,04:00:00,17280488
T20,20250812_110000.WAV,2025-08-12,11:00:00,17280488
T20,20250812_140000.WAV,2025-08-12,14:00:00,17280488
T20,20250812_180000.WAV,2025-08-12,18:00:00,17280488
T20,20250813_000000.WAV,2025-08-13,00:00:00,17280488
T20,20250813_040000.WAV,2025-08-13,04:00:00,17280488
T20,20250813_110000.WAV,2025-08-13,11:00:00,17280488
T20,20250813_140000.WAV,2025-08-13,14:00:00,17280488
T20,20250813_180000.WAV,2025-08-13,18:00:00,17280488
T20,20250814_000000.WAV,2025-08-14,00:00:00,17280488
T20,20250814_040000.WAV,2025-08-14,04:00:00,17280488
T20,20250814_110000.WAV,2025-08-14,11:00:00,17280488
T20,20250814_140000.WAV,2025-08-14,14:00:00,17280488
T20,20250814_180000.WAV,2025-08-14,18:00:00,17280488
T41_N1,20250424_000000.WAV,2025-04-24,00:00:00,17280488
T41_N1,20250424_040000.WAV,2025-04-24,04:00:00,17280488
T41_N1,20250424_110000.WAV,2025-04-24,11:00:00,17280488
T41_N1,20250424_140000.WAV,2025-04-24,14:00:00,17280488
T41_N1,20250424_180000.WAV,2025-04-24,18:00:00,17280488
T41_N1,20250425_000000.WAV,2025-04-25,00:00:00,17280488
T41_N1,20250425_040000.WAV,2025-04-25,04:00:00,17280488
T41_N1,20250425_110000.WAV,2025-04-25,11:00:00,17280488
T41_N1,20250425_140000.WAV,2025-04-25,14:00:00,17280488
T41_N1,20250425_180000.WAV,2025-04-25,18:00:00,17280488
T41_N1,20250426_000000.WAV,2025-04-26,00:00:00,17280488
T41_N1,20250426_040000.WAV,2025-04-26,04:00:00,17280488
T41_N1,20250426_110000.WAV,2025-04-26,11:00:00,17280488
T41_N1,20250426_140000.WAV,2025-04-26,14:00:00,17280488
T41_N1,20250426_180000.WAV,2025-04-26,18:00:00,17280488
T41_N1,20250427_000000.WAV,2025-04-27,00:00:00,17280488
T41_N1,20250427_040000.WAV,2025-04-27,04:00:00,17280488
T41_N1,20250427_110000.WAV,2025-04-27,11:00:00,17280488
T41_N1,20250427_140000.WAV,2025-04-27,14:00:00,17280488
T41_N1,20250427_180000.WAV,2025-04-27,18:00:00,17280488
T41_N1,20250428_000000.WAV,2025-04-28,00:00:00,17280488
T41_N1,20250428_040000.WAV,2025-04-28,04:00:00,17280488
T41_N1,20250428_110000.WAV,2025-04-28,11:00:00,17280488
T41_N1,20250428_140000.WAV,2025-04-28,14:00:00,17280488
T41_N1,20250428_180000.WAV,2025-04-28,18:00:00,17280488
T41_N1,20250429_000000.WAV,2025-04-29,00:00:00,17280488
T41_N1,20250429_040000.WAV,2025-04-29,04:00:00,17280488
T41_N1,20250429_110000.WAV,2025-04-29,11:00:00,17280488
T41_N1,20250429_140000.WAV,2025-04-29,14:00:00,17280488
T41_N1,20250429_180000.WAV,2025-04-29,18:00:00,17280488
T41_N1,20250430_000000.WAV,2025-04-30,00:00:00,17280488
T41_N1,20250430_040000.WAV,2025-04-30,04:00:00,17280488
T41_N1,20250430_110000.WAV,2025-04-30,11:00:00,17280488
T41_N1,20250430_140000.WAV,2025-04-30,14:00:00,17280488
T41_N1,20250430_180000.WAV,2025-04-30,18:00:00,17280488
T41_N1,20250501_000000.WAV,2025-05-01,00:00:00,17280488
T41_N1,20250501_040000.WAV,2025-05-01,04:00:00,17280488
T41_N1,20250501_110000.WAV,2025-05-01,11:00:00,17280488
T41_N1,20250501_140000.WAV,2025-05-01,14:00:00,17280488
T41_N1,20250501_180000.WAV,2025-05-01,18:00:00,17280488
T41_N1,20250502_000000.WAV,2025-05-02,00:00:00,17280488
T41_N1,20250502_040000.WAV,2025-05-02,04:00:00,17280488
T41_N1,20250502_110000.WAV,2025-05-02,11:00:00,17280488
T41_N1,20250502_140000.WAV,2025-05-02,14:00:00,17280488
T41_N1,20250502_180000.WAV,2025-05-02,18:00:00,17280488
T41_N1,20250503_000000.WAV,2025-05-03,00:00:00,17280488
T41_N1,20250503_040000.WAV,2025-05-03,04:00:00,17280488
T41_N1,20250503_110000.WAV,2025-05-03,11:00:00,17280488
T41_N1,20250503_140000.WAV,2025-05-03,14:00:00,17280488
T41_N1,20250503_180000.WAV,2025-05-03,18:00:00,17280488
T41_N1,20250504_000000.WAV,2025-05-04,00:00:00,17280488
T41_N1,20250504_040000.WAV,2025-05-04,04:00:00,17280488
T41_N1,20250504_110000.WAV,2025-05-04,11:00:00,17280488
T41_N1,20250504_140000.WAV,2025-05-04,14:00:00,17280488
T41_N1,20250504_180000.WAV,2025-05-04,18:00:00,17280488
T41_N1,20250505_000000.WAV,2025-05-05,00:00:00,17280488
T41_N1,20250505_040000.WAV,2025-05-05,04:00:00,17280488
T41_N1,20250505_110000.WAV,2025-05-05,11:00:00,17280488
T41_N1,20250505_140000.WAV,2025-05-05,14:00:00,17280488
T41_N1,20250505_180000.WAV,2025-05-05,18:00:00,17280488
T41_N1,20250506_000000.WAV,2025-05-06,00:00:00,17280488
T41_N1,20250506_040000.WAV,2025-05-06,04:00:00,17280488
T41_N1,20250506_110000.WAV,2025-05-06,11:00:00,17280488
T41_N1,20250506_140000.WAV,2025-05-06,14:00:00,17280488
T41_N1,20250506_180000.WAV,2025-05-06,18:00:00,17280488
T41_N1,20250507_000000.WAV,2025-05-07,00:00:00,17280488
T41_N1,20250507_040000.WAV,2025-05-07,04:00:00,17280488
T41_N1,20250507_110000.WAV,2025-05-07,11:00:00,17280488
T41_N1,20250507_140000.WAV,2025-05-07,14:00:00,17280488
T41_N1,20250507_180000.WAV,2025-05-07,18:00:00,17280488
T41_N1,20250508_000000.WAV,2025-05-08,00:00:00,17280488
T41_N1,20250508_040000.WAV,2025-05-08,04:00:00,17280488
T41_N1,20250508_110000.WAV,2025-05-08,11:00:00,17280488
T41_N1,20250508_140000.WAV,2025-05-08,14:00:00,17280488
T41_N1,20250508_180000.WAV,2025-05-08,18:00:00,17280488
T41_N1,20250509_000000.WAV,2025-05-09,00:00:00,17280488
T41_N1,20250509_040000.WAV,2025-05-09,04:00:00,17280488
T41_N1,20250509_110000.WAV,2025-05-09,11:00:00,17280488
T41_N1,20250509_140000.WAV,2025-05-09,14:00:00,17280488
T41_N1,20250509_180000.WAV,2025-05-09,18:00:00,17280488
T41_N1,20250510_000000.WAV,2025-05-10,00:00:00,17280488
T41_N1,20250510_040000.WAV,2025-05-10,04:00:00,17280488
T41_N1,20250510_110000.WAV,2025-05-10,11:00:00,17280488
T41_N1,20250510_140000.WAV,2025-05-10,14:00:00,17280488
T41_N1,20250510_180000.WAV,2025-05-10,18:00:00,17280488
T41_N1,20250511_000000.WAV,2025-05-11,00:00:00,17280488
T41_N1,20250511_040000.WAV,2025-05-11,04:00:00,17280488
T41_N1,20250511_110000.WAV,2025-05-11,11:00:00,17280488
T41_N1,20250511_140000.WAV,2025-05-11,14:00:00,17280488
T41_N1,20250511_180000.WAV,2025-05-11,18:00:00,17280488
T41_N1,20250512_000000.WAV,2025-05-12,00:00:00,17280488
T41_N1,20250512_040000.WAV,2025-05-12,04:00:00,17280488
T41_N1,20250512_110000.WAV,2025-05-12,11:00:00,17280488
T41_N1,20250512_140000.WAV,2025-05-12,14:00:00,17280488
T41_N1,20250512_180000.WAV,2025-05-12,18:00:00,17280488
T41_N1,20250513_000000.WAV,2025-05-13,00:00:00,17280488
T41_N1,20250513_040000.WAV,2025-05-13,04:00:00,17280488
T41_N1,20250513_110000.WAV,2025-05-13,11:00:00,17280488
T41_N1,20250513_140000.WAV,2025-05-13,14:00:00,17280488
T41_N1,20250513_180000.WAV,2025-05-13,18:00:00,17280488
T41_N1,20250514_000000.WAV,2025-05-14,00:00:00,17280488
T41_N1,20250514_040000.WAV,2025-05-14,04:00:00,17280488
T41_N1,20250514_110000.WAV,2025-05-14,11:00:00,17280488
T41_N1,20250514_140000.WAV,2025-05-14,14:00:00,17280488
T41_N1,20250514_180000.WAV,2025-05-14,18:00:00,17280488
T41_N1,20250515_000000.WAV,2025-05-15,00:00:00,17280488
T41_N1,20250515_040000.WAV,2025-05-15,04:00:00,17280488
T41_N1,20250515_110000.WAV,2025-05-15,11:00:00,17280488
T41_N1,20250515_140000.WAV,2025-05-15,14:00:00,17280488
T41_N1,20250515_180000.WAV,2025-05-15,18:00:00,17280488
T41_N1,20250516_000000.WAV,2025-05-16,00:00:00,17280488
T41_N1,20250516_040000.WAV,2025-05-16,04:00:00,17280488
T41_N1,20250516_110000.WAV,2025-05-16,11:00:00,17280488
T41_N1,20250516_140000.WAV,2025-05-16,14:00:00,17280488
T41_N1,20250516_180000.WAV,2025-05-16,18:00:00,17280488
T41_N1,20250517_000000.WAV,2025-05-17,00:00:00,17280488
T41_N1,20250517_040000.WAV,2025-05-17,04:00:00,17280488
T41_N1,20250517_110000.WAV,2025-05-17,11:00:00,17280488
T41_N1,20250517_140000.WAV,2025-05-17,14:00:00,17280488
T41_N1,20250517_180000.WAV,2025-05-17,18:00:00,17280488
T41_N1,20250518_000000.WAV,2025-05-18,00:00:00,17280488
T41_N1,20250518_040000.WAV,2025-05-18,04:00:00,17280488
T41_N1,20250518_110000.WAV,2025-05-18,11:00:00,17280488
T41_N1,20250518_140000.WAV,2025-05-18,14:00:00,17280488
T41_N1,20250518_180000.WAV,2025-05-18,18:00:00,17280488
T41_N1,20250519_000000.WAV,2025-05-19,00:00:00,17280488
T41_N1,20250519_040000.WAV,2025-05-19,04:00:00,17280488
T41_N1,20250519_110000.WAV,2025-05-19,11:00:00,17280488
T41_N1,20250519_140000.WAV,2025-05-19,14:00:00,17280488
T41_N1,20250519_180000.WAV,2025-05-19,18:00:00,17280488
T41_N1,20250520_000000.WAV,2025-05-20,00:00:00,17280488
T41_N1,20250520_040000.WAV,2025-05-20,04:00:00,17280488
T41_N1,20250520_110000.WAV,2025-05-20,11:00:00,17280488
T41_N1,20250520_140000.WAV,2025-05-20,14:00:00,17280488
T41_N1,20250520_180000.WAV,2025-05-20,18:00:00,17280488
T41_N1,20250521_000000.WAV,2025-05-21,00:00:00,17280488
T41_N1,20250521_040000.WAV,2025-05-21,04:00:00,17280488
T41_N1,20250521_110000.WAV,2025-05-21,11:00:00,17280488
T41_N1,20250521_140000.WAV,2025-05-21,14:00:00,17280488
T41_N1,20250521_180000.WAV,2025-05-21,18:00:00,17280488
T41_N1,20250522_000000.WAV,2025-05-22,00:00:00,17280488
T41_N1,20250522_040000.WAV,2025-05-22,04:00:00,17280488
T41_N1,20250522_110000.WAV,2025-05-22,11:00:00,17280488
T41_N1,20250522_140000.WAV,2025-05-22,14:00:00,17280488
T41_N1,20250522_180000.WAV,2025-05-22,18:00:00,17280488
T41_N1,20250523_000000.WAV,2025-05-23,00:00:00,17280488
T41_N1,20250523_040000.WAV,2025-05-23,04:00:00,17280488
T41_N1,20250523_110000.WAV,2025-05-23,11:00:00,17280488
T41_N1,20250523_140000.WAV,2025-05-23,14:00:00,17280488
T41_N1,20250523_180000.WAV,2025-05-23,18:00:00,17280488
T41_N1,20250524_000000.WAV,2025-05-24,00:00:00,17280488
T41_N1,20250524_040000.WAV,2025-05-24,04:00:00,17280488
T41_N1,20250524_110000.WAV,2025-05-24,11:00:00,17280488
T41_N1,20250524_140000.WAV,2025-05-24,14:00:00,17280488
T41_N1,20250524_180000.WAV,2025-05-24,18:00:00,17280488
T41_N1,20250525_000000.WAV,2025-05-25,00:00:00,17280488
T41_N1,20250525_040000.WAV,2025-05-25,04:00:00,17280488
T41_N1,20250525_110000.WAV,2025-05-25,11:00:00,17280488
T41_N1,20250525_140000.WAV,2025-05-25,14:00:00,17280488
T41_N1,20250525_180000.WAV,2025-05-25,18:00:00,17280488
T41_N1,20250526_000000.WAV,2025-05-26,00:00:00,17280488
T41_N1,20250526_040000.WAV,2025-05-26,04:00:00,17280488
T41_N1,20250526_110000.WAV,2025-05-26,11:00:00,17280488
T41_N1,20250526_140000.WAV,2025-05-26,14:00:00,17280488
T41_N1,20250526_180000.WAV,2025-05-26,18:00:00,17280488
T41_N1,20250527_000000.WAV,2025-05-27,00:00:00,17280488
T41_N1,20250527_040000.WAV,2025-05-27,04:00:00,17280488
T41_N1,20250527_110000.WAV,2025-05-27,11:00:00,17280488
T41_N1,20250527_140000.WAV,2025-05-27,14:00:00,17280488
T41_N1,20250527_180000.WAV,2025-05-27,18:00:00,17280488
T41_N1,20250528_000000.WAV,2025-05-28,00:00:00,17280488
T41_N1,20250528_040000.WAV,2025-05-28,04:00:00,17280488
T41_N1,20250528_110000.WAV,2025-05-28,11:00:00,17280488
T41_N1,20250528_140000.WAV,2025-05-28,14:00:00,17280488
T41_N1,20250528_180000.WAV,2025-05-28,18:00:00,17280488
T41_N1,20250529_000000.WAV,2025-05-29,00:00:00,17280488
T41_N1,20250529_040000.WAV,2025-05-29,04:00:00,17280488
T41_N1,20250529_110000.WAV,2025-05-29,11:00:00,17280488
T41_N1,20250529_140000.WAV,2025-05-29,14:00:00,17280488
T41_N1,20250529_180000.WAV,2025-05-29,18:00:00,17280488
T41_N1,20250530_000000.WAV,2025-05-30,00:00:00,17280488
T41_N1,20250530_040000.WAV,2025-05-30,04:00:00,17280488
T41_N1,20250530_110000.WAV,2025-05-30,11:00:00,17280488
T41_N1,20250530_140000.WAV,2025-05-30,14:00:00,17280488
T41_N1,20250530_180000.WAV,2025-05-30,18:00:00,17280488
T41_N1,20250531_000000.WAV,2025-05-31,00:00:00,17280488
T41_N1,20250531_040000.WAV,2025-05-31,04:00:00,17280488
T41_N1,20250531_110000.WAV,2025-05-31,11:00:00,17280488
T41_N1,20250531_140000.WAV,2025-05-31,14:00:00,17280488
T41_N1,20250531_180000.WAV,2025-05-31,18:00:00,17280488
T41_N1,20250601_000000.WAV,2025-06-01,00:00:00,17280488
T41_N1,20250601_040000.WAV,2025-06-01,04:00:00,17280488
T41_N1,20250601_110000.WAV,2025-06-01,11:00:00,17280488
T41_N1,20250601_140000.WAV,2025-06-01,14:00:00,17280488
T41_N1,20250601_180000.WAV,2025-06-01,18:00:00,17280488
T41_N1,20250602_000000.WAV,2025-06-02,00:00:00,17280488
T41_N1,20250602_040000.WAV,2025-06-02,04:00:00,17280488
T41_N1,20250602_110000.WAV,2025-06-02,11:00:00,17280488
T41_N1,20250602_140000.WAV,2025-06-02,14:00:00,17280488
T41_N1,20250602_180000.WAV,2025-06-02,18:00:00,17280488
T41_N1,20250603_000000.WAV,2025-06-03,00:00:00,17280488
T41_N1,20250603_040000.WAV,2025-06-03,04:00:00,17280488
T41_N1,20250603_110000.WAV,2025-06-03,11:00:00,17280488
T41_N1,20250603_140000.WAV,2025-06-03,14:00:00,17280488
T41_N1,20250603_180000.WAV,2025-06-03,18:00:00,17280488
T41_N1,20250604_000000.WAV,2025-06-04,00:00:00,17280488
T41_N1,20250604_040000.WAV,2025-06-04,04:00:00,17280488
T41_N1,20250604_110000.WAV,2025-06-04,11:00:00,17280488
T41_N1,20250604_140000.WAV,2025-06-04,14:00:00,17280488
T41_N1,20250604_180000.WAV,2025-06-04,18:00:00,17280488
T41_N1,20250605_000000.WAV,2025-06-05,00:00:00,17280488
T41_N1,20250605_040000.WAV,2025-06-05,04:00:00,17280488
T41_N1,20250605_110000.WAV,2025-06-05,11:00:00,17280488
T41_N1,20250605_140000.WAV,2025-06-05,14:00:00,17280488
T41_N1,20250605_180000.WAV,2025-06-05,18:00:00,17280488
T41_N1,20250606_000000.WAV,2025-06-06,00:00:00,17280488
T41_N1,20250606_040000.WAV,2025-06-06,04:00:00,17280488
T41_N1,20250606_110000.WAV,2025-06-06,11:00:00,17280488
T41_N1,20250606_140000.WAV,2025-06-06,14:00:00,17280488
T41_N1,20250606_180000.WAV,2025-06-06,18:00:00,17280488
T41_N1,20250607_000000.WAV,2025-06-07,00:00:00,17280488
T41_N1,20250607_040000.WAV,2025-06-07,04:00:00,17280488
T41_N1,20250607_110000.WAV,2025-06-07,11:00:00,17280488
T41_N1,20250607_140000.WAV,2025-06-07,14:00:00,17280488
T41_N1,20250607_180000.WAV,2025-06-07,18:00:00,17280488
T41_N1,20250608_000000.WAV,2025-06-08,00:00:00,17280488
T41_N1,20250608_040000.WAV,2025-06-08,04:00:00,17280488
T41_N1,20250608_110000.WAV,2025-06-08,11:00:00,17280488
T41_N1,20250608_140000.WAV,2025-06-08,14:00:00,17280488
T41_N1,20250608_180000.WAV,2025-06-08,18:00:00,17280488
T41_N1,20250609_000000.WAV,2025-06-09,00:00:00,17280488
T41_N1,20250609_040000.WAV,2025-06-09,04:00:00,17280488
T41_N1,20250609_110000.WAV,2025-06-09,11:00:00,17280488
T41_N1,20250609_140000.WAV,2025-06-09,14:00:00,17280488
T41_N1,20250609_180000.WAV,2025-06-09,18:00:00,17280488
T41_N1,20250610_000000.WAV,2025-06-10,00:00:00,17280488
T41_N1,20250610_040000.WAV,2025-06-10,04:00:00,17280488
T41_N1,20250610_110000.WAV,2025-06-10,11:00:00,17280488
T41_N1,20250610_140000.WAV,2025-06-10,14:00:00,17280488
T41_N1,20250610_180000.WAV,2025-06-10,18:00:00,17280488
T41_N1,20250611_000000.WAV,2025-06-11,00:00:00,17280488
T41_N1,20250611_040000.WAV,2025-06-11,04:00:00,17280488
T41_N1,20250611_110000.WAV,2025-06-11,11:00:00,17280488
T41_N1,20250611_140000.WAV,2025-06-11,14:00:00,17280488
T41_N1,20250611_180000.WAV,2025-06-11,18:00:00,17280488
T41_N1,20250612_000000.WAV,2025-06-12,00:00:00,17280488
T41_N1,20250612_040000.WAV,2025-06-12,04:00:00,17280488
T41_N1,20250612_110000.WAV,2025-06-12,11:00:00,17280488
T41_N1,20250612_140000.WAV,2025-06-12,14:00:00,17280488
T41_N1,20250612_180000.WAV,2025-06-12,18:00:00,17280488
T41_N1,20250613_000000.WAV,2025-06-13,00:00:00,17280488
T41_N1,20250613_040000.WAV,2025-06-13,04:00:00,17280488
T41_N1,20250613_110000.WAV,2025-06-13,11:00:00,17280488
T41_N1,20250613_140000.WAV,2025-06-13,14:00:00,17280488
T41_N1,20250613_180000.WAV,2025-06-13,18:00:00,17280488
T41_N1,20250614_000000.WAV,2025-06-14,00:00:00,17280488
T41_N1,20250614_040000.WAV,2025-06-14,04:00:00,17280488
T41_N1,20250614_110000.WAV,2025-06-14,11:00:00,17280488
T41_N1,20250614_140000.WAV,2025-06-14,14:00:00,17280488
T41_N1,20250614_180000.WAV,2025-06-14,18:00:00,17280488
T41_N1,20250615_000000.WAV,2025-06-15,00:00:00,17280488
T41_N1,20250615_040000.WAV,2025-06-15,04:00:00,17280488
T41_N1,20250615_110000.WAV,2025-06-15,11:00:00,17280488
T41_N1,20250615_140000.WAV,2025-06-15,14:00:00,17280488
T41_N1,20250615_180000.WAV,2025-06-15,18:00:00,17280488
T41_N1,20250616_000000.WAV,2025-06-16,00:00:00,17280488
T41_N1,20250616_040000.WAV,2025-06-16,04:00:00,17280488
T41_N1,20250616_110000.WAV,2025-06-16,11:00:00,17280488
T41_N1,20250616_140000.WAV,2025-06-16,14:00:00,17280488
T41_N1,20250616_180000.WAV,2025-06-16,18:00:00,17280488
T41_N1,20250617_000000.WAV,2025-06-17,00:00:00,17280488
T41_N1,20250617_040000.WAV,2025-06-17,04:00:00,17280488
T41_N1,20250617_110000.WAV,2025-06-17,11:00:00,17280488
T41_N1,20250617_140000.WAV,2025-06-17,14:00:00,17280488
T41_N1,20250617_180000.WAV,2025-06-17,18:00:00,17280488
T41_N1,20250618_000000.WAV,2025-06-18,00:00:00,17280488
T41_N1,20250618_040000.WAV,2025-06-18,04:00:00,17280488
T41_N1,20250618_110000.WAV,2025-06-18,11:00:00,17280488
T41_N1,20250618_140000.WAV,2025-06-18,14:00:00,17280488
T41_N1,20250618_180000.WAV,2025-06-18,18:00:00,17280488
T41_N1,20250619_000000.WAV,2025-06-19,00:00:00,17280488
T41_N1,20250619_040000.WAV,2025-06-19,04:00:00,17280488
T41_N1,20250619_110000.WAV,2025-06-19,11:00:00,17280488
T41_N1,20250619_140000.WAV,2025-06-19,14:00:00,17280488
T41_N1,20250619_180000.WAV,2025-06-19,18:00:00,17280488
T41_N1,20250620_000000.WAV,2025-06-20,00:00:00,17280488
T41_N1,20250620_040000.WAV,2025-06-20,04:00:00,17280488
T41_N1,20250620_110000.WAV,2025-06-20,11:00:00,17280488
T41_N1,20250620_140000.WAV,2025-06-20,14:00:00,17280488
T41_N1,20250620_180000.WAV,2025-06-20,18:00:00,17280488
T41_N1,20250621_000000.WAV,2025-06-21,00:00:00,17280488
T41_N1,20250621_040000.WAV,2025-06-21,04:00:00,17280488
T41_N1,20250621_110000.WAV,2025-06-21,11:00:00,17280488
T41_N1,20250621_140000.WAV,2025-06-21,14:00:00,17280488
T41_N1,20250621_180000.WAV,2025-06-21,18:00:00,17280488
T41_N1,20250622_000000.WAV,2025-06-22,00:00:00,17280488
T41_N1,20250622_040000.WAV,2025-06-22,04:00:00,17280488
T41_N1,20250622_110000.WAV,2025-06-22,11:00:00,17280488
T41_N1,20250622_140000.WAV,2025-06-22,14:00:00,17280488
T41_N1,20250622_180000.WAV,2025-06-22,18:00:00,17280488
T41_N1,20250623_000000.WAV,2025-06-23,00:00:00,17280488
T41_N1,20250623_040000.WAV,2025-06-23,04:00:00,17280488
T41_N1,20250623_110000.WAV,2025-06-23,11:00:00,17280488
T41_N1,20250623_140000.WAV,2025-06-23,14:00:00,17280488
T41_N1,20250623_180000.WAV,2025-06-23,18:00:00,17280488
T41_N1,20250624_000000.WAV,2025-06-24,00:00:00,17280488
T41_N1,20250624_040000.WAV,2025-06-24,04:00:00,17280488
T41_N1,20250624_110000.WAV,2025-06-24,11:00:00,17280488
T41_N1,20250624_140000.WAV,2025-06-24,14:00:00,17280488
T41_N1,20250624_180000.WAV,2025-06-24,18:00:00,17280488
T41_N1,20250625_000000.WAV,2025-06-25,00:00:00,17280488
T41_N1,20250625_040000.WAV,2025-06-25,04:00:00,17280488
T41_N1,20250625_110000.WAV,2025-06-25,11:00:00,17280488
T41_N1,20250625_140000.WAV,2025-06-25,14:00:00,17280488
T41_N1,20250625_180000.WAV,2025-06-25,18:00:00,17280488
T41_N1,20250626_000000.WAV,2025-06-26,00:00:00,17280488
T41_N1,20250626_040000.WAV,2025-06-26,04:00:00,17280488
T41_N1,20250626_110000.WAV,2025-06-26,11:00:00,17280488
T41_N1,20250626_140000.WAV,2025-06-26,14:00:00,17280488
T41_N1,20250626_180000.WAV,2025-06-26,18:00:00,17280488
T41_N1,20250627_000000.WAV,2025-06-27,00:00:00,17280488
T41_N1,20250627_040000.WAV,2025-06-27,04:00:00,17280488
T41_N1,20250627_110000.WAV,2025-06-27,11:00:00,17280488
T41_N1,20250627_140000.WAV,2025-06-27,14:00:00,17280488
T41_N1,20250627_180000.WAV,2025-06-27,18:00:00,17280488
T41_N1,20250628_000000.WAV,2025-06-28,00:00:00,17280488
T41_N1,20250628_040000.WAV,2025-06-28,04:00:00,17280488
T41_N1,20250628_110000.WAV,2025-06-28,11:00:00,17280488
T41_N1,20250628_140000.WAV,2025-06-28,14:00:00,17280488
T41_N1,20250628_180000.WAV,2025-06-28,18:00:00,17280488
T41_N1,20250629_000000.WAV,2025-06-29,00:00:00,17280488
T41_N1,20250629_040000.WAV,2025-06-29,04:00:00,17280488
T41_N1,20250629_110000.WAV,2025-06-29,11:00:00,17280488
T41_N1,20250629_140000.WAV,2025-06-29,14:00:00,17280488
T41_N1,20250629_180000.WAV,2025-06-29,18:00:00,17280488
T41_N1,20250630_000000.WAV,2025-06-30,00:00:00,17280488
T41_N1,20250630_040000.WAV,2025-06-30,04:00:00,17280488
T41_N1,20250630_110000.WAV,2025-06-30,11:00:00,17280488
T41_N1,20250630_140000.WAV,2025-06-30,14:00:00,17280488
T41_N1,20250630_180000.WAV,2025-06-30,18:00:00,17280488
T41_N1,20250701_000000.WAV,2025-07-01,00:00:00,17280488
T41_N1,20250701_040000.WAV,2025-07-01,04:00:00,17280488
T41_N1,20250701_110000.WAV,2025-07-01,11:00:00,17280488
T41_N1,20250701_140000.WAV,2025-07-01,14:00:00,17280488
T41_N1,20250701_180000.WAV,2025-07-01,18:00:00,17280488
T41_N1,20250702_000000.WAV,2025-07-02,00:00:00,17280488
T41_N1,20250702_040000.WAV,2025-07-02,04:00:00,17280488
T41_N1,20250702_110000.WAV,2025-07-02,11:00:00,17280488
T41_N1,20250702_140000.WAV,2025-07-02,14:00:00,17280488
T41_N1,20250702_180000.WAV,2025-07-02,18:00:00,17280488
T41_N1,20250703_000000.WAV,2025-07-03,00:00:00,17280488
T41_N1,20250703_040000.WAV,2025-07-03,04:00:00,17280488
T41_N1,20250703_110000.WAV,2025-07-03,11:00:00,17280488
T41_N1,20250703_140000.WAV,2025-07-03,14:00:00,17280488
T41_N1,20250703_180000.WAV,2025-07-03,18:00:00,17280488
T41_N1,20250704_000000.WAV,2025-07-04,00:00:00,17280488
T41_N1,20250704_040000.WAV,2025-07-04,04:00:00,17280488
T41_N1,20250704_110000.WAV,2025-07-04,11:00:00,17280488
T41_N1,20250704_140000.WAV,2025-07-04,14:00:00,17280488
T41_N1,20250704_180000.WAV,2025-07-04,18:00:00,17280488
T41_N1,20250705_000000.WAV,2025-07-05,00:00:00,17280488
T41_N1,20250705_040000.WAV,2025-07-05,04:00:00,17280488
T41_N1,20250705_110000.WAV,2025-07-05,11:00:00,17280488
T41_N1,20250705_140000.WAV,2025-07-05,14:00:00,17280488
T41_N1,20250705_180000.WAV,2025-07-05,18:00:00,17280488
T41_N1,20250706_000000.WAV,2025-07-06,00:00:00,17280488
T41_N1,20250706_040000.WAV,2025-07-06,04:00:00,17280488
T41_N1,20250706_110000.WAV,2025-07-06,11:00:00,17280488
T41_N1,20250706_140000.WAV,2025-07-06,14:00:00,17280488
T41_N1,20250706_180000.WAV,2025-07-06,18:00:00,17280488
T41_N1,20250707_000000.WAV,2025-07-07,00:00:00,17280488
T41_N1,20250707_040000.WAV,2025-07-07,04:00:00,17280488
T41_N1,20250707_110000.WAV,2025-07-07,11:00:00,17280488
T41_N1,20250707_140000.WAV,2025-07-07,14:00:00,17280488
T41_N1,20250707_180000.WAV,2025-07-07,18:00:00,17280488
T41_N1,20250708_000000.WAV,2025-07-08,00:00:00,17280488
T41_N1,20250708_040000.WAV,2025-07-08,04:00:00,17280488
T41_N1,20250708_110000.WAV,2025-07-08,11:00:00,17280488
T41_N1,20250708_140000.WAV,2025-07-08,14:00:00,17280488
T41_N1,20250708_180000.WAV,2025-07-08,18:00:00,17280488
T41_N1,20250709_000000.WAV,2025-07-09,00:00:00,17280488
T41_N1,20250709_040000.WAV,2025-07-09,04:00:00,17280488
T41_N1,20250709_110000.WAV,2025-07-09,11:00:00,17280488
T41_N1,20250709_140000.WAV,2025-07-09,14:00:00,17280488
T41_N1,20250709_180000.WAV,2025-07-09,18:00:00,17280488
T41_N1,20250710_000000.WAV,2025-07-10,00:00:00,17280488
T41_N1,20250710_040000.WAV,2025-07-10,04:00:00,17280488
T41_N1,20250710_110000.WAV,2025-07-10,11:00:00,17280488
T41_N1,20250710_140000.WAV,2025-07-10,14:00:00,17280488
T41_N1,20250710_180000.WAV,2025-07-10,18:00:00,17280488
T41_N1,20250711_000000.WAV,2025-07-11,00:00:00,17280488
T41_N1,20250711_040000.WAV,2025-07-11,04:00:00,17280488
T41_N1,20250711_110000.WAV,2025-07-11,11:00:00,17280488
T41_N1,20250711_140000.WAV,2025-07-11,14:00:00,17280488
T41_N1,20250711_180000.WAV,2025-07-11,18:00:00,17280488
T41_N1,20250712_000000.WAV,2025-07-12,00:00:00,17280488
T41_N1,20250712_040000.WAV,2025-07-12,04:00:00,17280488
T41_N1,20250712_110000.WAV,2025-07-12,11:00:00,17280488
T41_N1,20250712_140000.WAV,2025-07-12,14:00:00,17280488
T41_N1,20250712_180000.WAV,2025-07-12,18:00:00,17280488
T41_N1,20250713_000000.WAV,2025-07-13,00:00:00,17280488
T41_N1,20250713_040000.WAV,2025-07-13,04:00:00,17280488
T41_N1,20250713_110000.WAV,2025-07-13,11:00:00,17280488
T41_N1,20250713_140000.WAV,2025-07-13,14:00:00,17280488
T41_N1,20250713_180000.WAV,2025-07-13,18:00:00,17280488
T41_N1,20250714_000000.WAV,2025-07-14,00:00:00,17280488
T41_N1,20250714_040000.WAV,2025-07-14,04:00:00,17280488
T41_N1,20250714_110000.WAV,2025-07-14,11:00:00,17280488
T41_N1,20250714_140000.WAV,2025-07-14,14:00:00,17280488
T41_N1,20250714_180000.WAV,2025-07-14,18:00:00,17280488
T41_N1,20250715_000000.WAV,2025-07-15,00:00:00,17280488
T41_N1,20250715_040000.WAV,2025-07-15,04:00:00,17280488
T41_N1,20250715_110000.WAV,2025-07-15,11:00:00,17280488
T41_N1,20250715_140000.WAV,2025-07-15,14:00:00,17280488
T41_N1,20250715_180000.WAV,2025-07-15,18:00:00,17280488
T41_N1,20250716_000000.WAV,2025-07-16,00:00:00,17280488
T41_N1,20250716_040000.WAV,2025-07-16,04:00:00,17280488
T41_N1,20250716_110000.WAV,2025-07-16,11:00:00,17280488
T41_N1,20250716_140000.WAV,2025-07-16,14:00:00,17280488
T41_N1,20250716_180000.WAV,2025-07-16,18:00:00,17280488
T41_N1,20250717_000000.WAV,2025-07-17,00:00:00,17280488
T41_N1,20250717_040000.WAV,2025-07-17,04:00:00,17280488
T41_N1,20250717_110000.WAV,2025-07-17,11:00:00,17280488
T41_N1,20250717_140000.WAV,2025-07-17,14:00:00,17280488
T41_N1,20250717_180000.WAV,2025-07-17,18:00:00,17280488
T41_N1,20250718_000000.WAV,2025-07-18,00:00:00,17280488
T41_N1,20250718_040000.WAV,2025-07-18,04:00:00,17280488
T41_N1,20250718_110000.WAV,2025-07-18,11:00:00,17280488
T41_N1,20250718_140000.WAV,2025-07-18,14:00:00,17280488
T41_N1,20250718_180000.WAV,2025-07-18,18:00:00,17280488
T41_N1,20250719_000000.WAV,2025-07-19,00:00:00,17280488
T41_N1,20250719_040000.WAV,2025-07-19,04:00:00,17280488
T41_N1,20250719_110000.WAV,2025-07-19,11:00:00,17280488
T41_N1,20250719_140000.WAV,2025-07-19,14:00:00,17280488
T41_N1,20250719_180000.WAV,2025-07-19,18:00:00,17280488
T41_N1,20250720_000000.WAV,2025-07-20,00:00:00,17280488
T41_N1,20250720_040000.WAV,2025-07-20,04:00:00,17280488
T41_N1,20250720_110000.WAV,2025-07-20,11:00:00,17280488
T41_N1,20250720_140000.WAV,2025-07-20,14:00:00,17280488
T41_N1,20250720_180000.WAV,2025-07-20,18:00:00,17280488
T41_N1,20250721_000000.WAV,2025-07-21,00:00:00,17280488
T41_N1,20250721_040000.WAV,2025-07-21,04:00:00,17280488
T41_N1,20250721_110000.WAV,2025-07-21,11:00:00,17280488
T41_N1,20250721_140000.WAV,2025-07-21,14:00:00,17280488
T41_N1,20250721_180000.WAV,2025-07-21,18:00:00,17280488
T41_N1,20250722_000000.WAV,2025-07-22,00:00:00,17280488
T41_N1,20250722_040000.WAV,2025-07-22,04:00:00,17280488
T41_N1,20250722_110000.WAV,2025-07-22,11:00:00,17280488
T41_N1,20250722_140000.WAV,2025-07-22,14:00:00,17280488
T41_N1,20250722_180000.WAV,2025-07-22,18:00:00,17280488
T41_N1,20250723_000000.WAV,2025-07-23,00:00:00,17280488
T41_N1,20250723_040000.WAV,2025-07-23,04:00:00,17280488
T41_N1,20250723_110000.WAV,2025-07-23,11:00:00,17280488
T41_N1,20250723_140000.WAV,2025-07-23,14:00:00,17280488
T41_N1,20250723_180000.WAV,2025-07-23,18:00:00,17280488
T41_N1,20250724_000000.WAV,2025-07-24,00:00:00,17280488
T41_N1,20250724_040000.WAV,2025-07-24,04:00:00,17280488
T41_N1,20250724_110000.WAV,2025-07-24,11:00:00,17280488
T41_N1,20250724_140000.WAV,2025-07-24,14:00:00,17280488
T41_N1,20250724_180000.WAV,2025-07-24,18:00:00,17280488
T41_N1,20250725_000000.WAV,2025-07-25,00:00:00,17280488
T41_N1,20250725_040000.WAV,2025-07-25,04:00:00,17280488
T41_N1,20250725_110000.WAV,2025-07-25,11:00:00,17280488
T41_N1,20250725_140000.WAV,2025-07-25,14:00:00,17280488
T41_N1,20250725_180000.WAV,2025-07-25,18:00:00,17280488
T41_N1,20250726_000000.WAV,2025-07-26,00:00:00,17280488
T41_N1,20250726_040000.WAV,2025-07-26,04:00:00,17280488
T41_N1,20250726_110000.WAV,2025-07-26,11:00:00,17280488
T41_N1,20250726_140000.WAV,2025-07-26,14:00:00,17280488
T41_N1,20250726_180000.WAV,2025-07-26,18:00:00,17280488
T41_N1,20250727_000000.WAV,2025-07-27,00:00:00,17280488
T41_N1,20250727_040000.WAV,2025-07-27,04:00:00,17280488
T41_N1,20250727_110000.WAV,2025-07-27,11:00:00,17280488
T41_N1,20250727_140000.WAV,2025-07-27,14:00:00,17280488
T41_N1,20250727_180000.WAV,2025-07-27,18:00:00,17280488
T41_N1,20250728_000000.WAV,2025-07-28,00:00:00,17280488
T41_N1,20250728_040000.WAV,2025-07-28,04:00:00,17280488
T41_N1,20250728_110000.WAV,2025-07-28,11:00:00,17280488
T41_N1,20250728_140000.WAV,2025-07-28,14:00:00,17280488
T41_N1,20250728_180000.WAV,2025-07-28,18:00:00,17280488
T41_N1,20250729_000000.WAV,2025-07-29,00:00:00,17280488
T41_N1,20250729_040000.WAV,2025-07-29,04:00:00,17280488
T41_N1,20250729_110000.WAV,2025-07-29,11:00:00,17280488
T41_N1,20250729_140000.WAV,2025-07-29,14:00:00,17280488
T41_N1,20250729_180000.WAV,2025-07-29,18:00:00,17280488
T41_N1,20250730_000000.WAV,2025-07-30,00:00:00,17280488
T41_N1,20250730_040000.WAV,2025-07-30,04:00:00,17280488
T41_N1,20250730_110000.WAV,2025-07-30,11:00:00,17280488
T41_N1,20250730_140000.WAV,2025-07-30,14:00:00,17280488
T41_N1,20250730_180000.WAV,2025-07-30,18:00:00,17280488
T41_N1,20250731_000000.WAV,2025-07-31,00:00:00,17280488
T41_N1,20250731_040000.WAV,2025-07-31,04:00:00,17280488
T41_N1,20250731_110000.WAV,2025-07-31,11:00:00,17280488
T41_N1,20250731_140000.WAV,2025-07-31,14:00:00,17280488
T41_N1,20250731_180000.WAV,2025-07-31,18:00:00,17280488
T41_N1,20250801_000000.WAV,2025-08-01,00:00:00,17280488
T41_N1,20250801_040000.WAV,2025-08-01,04:00:00,17280488
T41_N1,20250801_110000.WAV,2025-08-01,11:00:00,17280488
T41_N1,20250801_140000.WAV,2025-08-01,14:00:00,17280488
T41_N1,20250801_180000.WAV,2025-08-01,18:00:00,17280488
T41_N1,20250802_000000.WAV,2025-08-02,00:00:00,17280488
T41_N1,20250802_040000.WAV,2025-08-02,04:00:00,17280488
T41_N1,20250802_110000.WAV,2025-08-02,11:00:00,17280488
T41_N1,20250802_140000.WAV,2025-08-02,14:00:00,17280488
T41_N1,20250802_180000.WAV,2025-08-02,18:00:00,17280488
T41_N1,20250803_000000.WAV,2025-08-03,00:00:00,17280488
T41_N1,20250803_040000.WAV,2025-08-03,04:00:00,17280488
T41_N1,20250803_110000.WAV,2025-08-03,11:00:00,17280488
T41_N1,20250803_140000.WAV,2025-08-03,14:00:00,17280488
T41_N1,20250803_180000.WAV,2025-08-03,18:00:00,17280488
T41_N1,20250804_000000.WAV,2025-08-04,00:00:00,17280488
T41_N1,20250804_040000.WAV,2025-08-04,04:00:00,17280488
T41_N1,20250804_110000.WAV,2025-08-04,11:00:00,17280488
T41_N1,20250804_140000.WAV,2025-08-04,14:00:00,17280488
T41_N1,20250804_180000.WAV,2025-08-04,18:00:00,17280488
T41_N1,20250805_000000.WAV,2025-08-05,00:00:00,17280488
T41_N1,20250805_040000.WAV,2025-08-05,04:00:00,17280488
T41_N1,20250805_110000.WAV,2025-08-05,11:00:00,17280488
T41_N1,20250805_140000.WAV,2025-08-05,14:00:00,17280488
T41_N1,20250805_180000.WAV,2025-08-05,18:00:00,17280488
T41_N1,20250806_000000.WAV,2025-08-06,00:00:00,17280488
T41_N1,20250806_040000.WAV,2025-08-06,04:00:00,17280488
T41_N1,20250806_110000.WAV,2025-08-06,11:00:00,17280488
T41_N1,20250806_140000.WAV,2025-08-06,14:00:00,17280488
T41_N1,20250806_180000.WAV,2025-08-06,18:00:00,17280488
T41_N1,20250807_000000.WAV,2025-08-07,00:00:00,17280488
T41_N1,20250807_040000.WAV,2025-08-07,04:00:00,17280488
T41_N1,20250807_110000.WAV,2025-08-07,11:00:00,17280488
T41_N1,20250807_140000.WAV,2025-08-07,14:00:00,17280488
T41_N1,20250807_180000.WAV,2025-08-07,18:00:00,17280488
T41_N1,20250808_000000.WAV,2025-08-08,00:00:00,17280488
T41_N1,20250808_040000.WAV,2025-08-08,04:00:00,17280488
T41_N1,20250808_110000.WAV,2025-08-08,11:00:00,17280488
T41_N1,20250808_140000.WAV,2025-08-08,14:00:00,17280488
T41_N1,20250808_180000.WAV,2025-08-08,18:00:00,17280488
T41_N1,20250809_000000.WAV,2025-08-09,00:00:00,17280488
T41_N1,20250809_040000.WAV,2025-08-09,04:00:00,17280488
T41_N1,20250809_110000.WAV,2025-08-09,11:00:00,17280488
T41_N1,20250809_140000.WAV,2025-08-09,14:00:00,17280488
T41_N1,20250809_180000.WAV,2025-08-09,18:00:00,17280488
T41_N1,20250810_000000.WAV,2025-08-10,00:00:00,17280488
T41_N1,20250810_040000.WAV,2025-08-10,04:00:00,17280488
T41_N1,20250810_110000.WAV,2025-08-10,11:00:00,17280488
T41_N1,20250810_140000.WAV,2025-08-10,14:00:00,17280488
T41_N1,20250810_180000.WAV,2025-08-10,18:00:00,17280488
T41_N1,20250811_000000.WAV,2025-08-11,00:00:00,17280488
T41_N1,20250811_040000.WAV,2025-08-11,04:00:00,17280488
T41_N1,20250811_110000.WAV,2025-08-11,11:00:00,17280488
T41_N1,20250811_140000.WAV,2025-08-11,14:00:00,17280488
T41_N1,20250811_180000.WAV,2025-08-11,18:00:00,17280488
T41_N1,20250812_000000.WAV,2025-08-12,00:00:00,17280488
T41_N1,20250812_040000.WAV,2025-08-12,04:00:00,17280488
T41_N1,20250812_110000.WAV,2025-08-12,11:00:00,17280488
T41_N1,20250812_140000.WAV,2025-08-12,14:00:00,17280488
T41_N1,20250812_180000.WAV,2025-08-12,18:00:00,17280488
T41_N1,20250813_000000.WAV,2025-08-13,00:00:00,17280488
T41_N1,20250813_040000.WAV,2025-08-13,04:00:00,17280488
T41_N1,20250813_110000.WAV,2025-08-13,11:00:00,17280488
T41_N1,20250813_140000.WAV,2025-08-13,14:00:00,17280488
T41_N1,20250813_180000.WAV,2025-08-13,18:00:00,17280488
T41_N1,20250814_000000.WAV,2025-08-14,00:00:00,17280488
T41_N1,20250814_040000.WAV,2025-08-14,04:00:00,17280488
T41_N1,20250814_110000.WAV,2025-08-14,11:00:00,17280488
T41_N1,20250814_140000.WAV,2025-08-14,14:00:00,17280488
T41_N1,20250814_180000.WAV,2025-08-14,18:00:00,17280488
T41_N1,20250815_000000.WAV,2025-08-15,00:00:00,17280488
T41_N1,20250815_040000.WAV,2025-08-15,04:00:00,17280488
T41_N1,20250815_110000.WAV,2025-08-15,11:00:00,17280488
T41_N1,20250815_140000.WAV,2025-08-15,14:00:00,17280488
T41_N1,20250815_180000.WAV,2025-08-15,18:00:00,17280488
T41_N1,20250816_000000.WAV,2025-08-16,00:00:00,17280488
T41_N1,20250816_040000.WAV,2025-08-16,04:00:00,17280488
T41_N1,20250816_110000.WAV,2025-08-16,11:00:00,17280488
T41_N1,20250816_140000.WAV,2025-08-16,14:00:00,17280488
T41_N1,20250816_180000.WAV,2025-08-16,18:00:00,17280488
T41_N1,20250817_000000.WAV,2025-08-17,00:00:00,17280488
T41_N1,20250817_040000.WAV,2025-08-17,04:00:00,17280488
T41_N1,20250817_110000.WAV,2025-08-17,11:00:00,17280488
T41_N1,20250817_140000.WAV,2025-08-17,14:00:00,17280488
T41_N1,20250817_180000.WAV,2025-08-17,18:00:00,17280488
T41_N1,20250818_000000.WAV,2025-08-18,00:00:00,17280488
T41_N1,20250818_040000.WAV,2025-08-18,04:00:00,17280488
T41_N1,20250818_110000.WAV,2025-08-18,11:00:00,17280488
T41_N1,20250818_140000.WAV,2025-08-18,14:00:00,17280488
T41_N1,20250818_180000.WAV,2025-08-18,18:00:00,17280488
T41_N1,20250819_000000.WAV,2025-08-19,00:00:00,17280488
T41_N1,20250819_040000.WAV,2025-08-19,04:00:00,17280488
T41_N1,20250819_110000.WAV,2025-08-19,11:00:00,17280488
T41_N1,20250819_140000.WAV,2025-08-19,14:00:00,17280488
T41_N1,20250819_180000.WAV,2025-08-19,18:00:00,17280488
T41_N1,20250820_000000.WAV,2025-08-20,00:00:00,17280488
T41_N1,20250820_040000.WAV,2025-08-20,04:00:00,17280488
T41_N1,20250820_110000.WAV,2025-08-20,11:00:00,17280488
T41_N1,20250820_140000.WAV,2025-08-20,14:00:00,17280488
T41_N1,20250820_180000.WAV,2025-08-20,18:00:00,17280488
T41_N1,20250821_000000.WAV,2025-08-21,00:00:00,17280488
T41_N1,20250821_040000.WAV,2025-08-21,04:00:00,17280488
T41_N1,20250821_110000.WAV,2025-08-21,11:00:00,17280488
T41_N1,20250821_140000.WAV,2025-08-21,14:00:00,17280488
T41_N1,20250821_180000.WAV,2025-08-21,18:00:00,17280488
T41_N1,20250822_000000.WAV,2025-08-22,00:00:00,17280488
T41_N1,20250822_040000.WAV,2025-08-22,04:00:00,17280488
T41_N1,20250822_110000.WAV,2025-08-22,11:00:00,17280488
T41_N1,20250822_140000.WAV,2025-08-22,14:00:00,17280488
T41_N1,20250822_180000.WAV,2025-08-22,18:00:00,17280488
T41_N1,20250823_000000.WAV,2025-08-23,00:00:00,17280488
T41_N1,20250823_040000.WAV,2025-08-23,04:00:00,17280488
T41_N1,20250823_110000.WAV,2025-08-23,11:00:00,17280488
T41_N1,20250823_140000.WAV,2025-08-23,14:00:00,17280488
T41_N1,20250823_180000.WAV,2025-08-23,18:00:00,17280488
T41_N1,20250824_000000.WAV,2025-08-24,00:00:00,17280488
T41_N1,20250824_040000.WAV,2025-08-24,04:00:00,17280488
T41_N1,20250824_110000.WAV,2025-08-24,11:00:00,17280488
T41_N1,20250824_140000.WAV,2025-08-24,14:00:00,17280488
T41_N1,20250824_180000.WAV,2025-08-24,18:00:00,17280488
T41_N1,20250825_000000.WAV,2025-08-25,00:00:00,17280488
T41_N1,20250825_040000.WAV,2025-08-25,04:00:00,17280488
T41_N1,20250825_110000.WAV,2025-08-25,11:00:00,17280488
T41_N1,20250825_140000.WAV,2025-08-25,14:00:00,17280488
T41_N1,20250825_180000.WAV,2025-08-25,18:00:00,17280488
T41_N1,20250826_000000.WAV,2025-08-26,00:00:00,17280488
T41_N1,20250826_040000.WAV,2025-08-26,04:00:00,17280488
T41_N1,20250826_110000.WAV,2025-08-26,11:00:00,17280488
T41_N1,20250826_140000.WAV,2025-08-26,14:00:00,17280488
T41_N1,20250826_180000.WAV,2025-08-26,18:00:00,17280488
T41_N1,20250827_000000.WAV,2025-08-27,00:00:00,17280488
T41_N1,20250827_040000.WAV,2025-08-27,04:00:00,17280488
T41_N1,20250827_110000.WAV,2025-08-27,11:00:00,17280488
T41_N1,20250827_140000.WAV,2025-08-27,14:00:00,17280488
T41_N1,20250827_180000.WAV,2025-08-27,18:00:00,17280488
T41_N1,20250828_000000.WAV,2025-08-28,00:00:00,17280488
T41_N1,20250828_040000.WAV,2025-08-28,04:00:00,17280488
T41_N1,20250828_110000.WAV,2025-08-28,11:00:00,17280488
T41_N1,20250828_140000.WAV,2025-08-28,14:00:00,17280488
T41_N1,20250828_180000.WAV,2025-08-28,18:00:00,17280488
T41_N1,20250829_000000.WAV,2025-08-29,00:00:00,17280488
T41_N1,20250829_040000.WAV,2025-08-29,04:00:00,17280488
T41_N1,20250829_110000.WAV,2025-08-29,11:00:00,17280488
T41_N1,20250829_140000.WAV,2025-08-29,14:00:00,17280488
T41_N1,20250829_180000.WAV,2025-08-29,18:00:00,17280488
T41_N1,20250830_000000.WAV,2025-08-30,00:00:00,17280488
T41_N1,20250830_040000.WAV,2025-08-30,04:00:00,17280488
T41_N1,20250830_110000.WAV,2025-08-30,11:00:00,17280488
T41_N1,20250830_140000.WAV,2025-08-30,14:00:00,17280488
T41_N1,20250830_180000.WAV,2025-08-30,18:00:00,17280488
T41_N1,20250831_000000.WAV,2025-08-31,00:00:00,17280488
T41_N1,20250831_040000.WAV,2025-08-31,04:00:00,17280488
T41_N1,20250831_110000.WAV,2025-08-31,11:00:00,17280488
T41_N1,20250831_140000.WAV,2025-08-31,14:00:00,17280488
T41_N1,20250831_180000.WAV,2025-08-31,18:00:00,17280488
T41_N1,20250901_000000.WAV,2025-09-01,00:00:00,17280488
T41_N1,20250901_040000.WAV,2025-09-01,04:00:00,17280488
T41_N1,20250901_110000.WAV,2025-09-01,11:00:00,17280488
T41_N1,20250901_140000.WAV,2025-09-01,14:00:00,17280488
T41_N1,20250901_180000.WAV,2025-09-01,18:00:00,17280488
T41_N1,20250902_000000.WAV,2025-09-02,00:00:00,17280488
T41_N1,20250902_040000.WAV,2025-09-02,04:00:00,17280488
T41_N1,20250902_110000.WAV,2025-09-02,11:00:00,17280488
T41_N1,20250902_140000.WAV,2025-09-02,14:00:00,17280488
T41_N1,20250902_180000.WAV,2025-09-02,18:00:00,17280488
T41_N1,20250903_000000.WAV,2025-09-03,00:00:00,17280488
T41_N1,20250903_040000.WAV,2025-09-03,04:00:00,17280488
T41_N1,20250903_110000.WAV,2025-09-03,11:00:00,17280488
T41_N1,20250903_140000.WAV,2025-09-03,14:00:00,17280488
T41_N1,20250903_180000.WAV,2025-09-03,18:00:00,17280488
T41_N1,20250904_000000.WAV,2025-09-04,00:00:00,17280488
T41_N1,20250904_040000.WAV,2025-09-04,04:00:00,17280488
T41_N1,20250904_110000.WAV,2025-09-04,11:00:00,17280488
T41_N1,20250904_140000.WAV,2025-09-04,14:00:00,17280488
T41_N1,20250904_180000.WAV,2025-09-04,18:00:00,17280488
T41_N1,20250905_000000.WAV,2025-09-05,00:00:00,17280488
T41_N1,20250905_040000.WAV,2025-09-05,04:00:00,17280488
T41_N1,20250905_110000.WAV,2025-09-05,11:00:00,17280488
T41_N1,20250905_140000.WAV,2025-09-05,14:00:00,17280488
T41_N1,20250905_180000.WAV,2025-09-05,18:00:00,17280488
T41_N1,20250906_000000.WAV,2025-09-06,00:00:00,17280488
T41_N1,20250906_040000.WAV,2025-09-06,04:00:00,17280488
T41_N1,20250906_110000.WAV,2025-09-06,11:00:00,17280488
T41_N1,20250906_140000.WAV,2025-09-06,14:00:00,17280488
T41_N1,20250906_180000.WAV,2025-09-06,18:00:00,17280488
T41_N1,20250907_000000.WAV,2025-09-07,00:00:00,17280488
T41_N1,20250907_040000.WAV,2025-09-07,04:00:00,17280488
T41_N1,20250907_110000.WAV,2025-09-07,11:00:00,17280488
T41_N1,20250907_140000.WAV,2025-09-07,14:00:00,17280488
T41_N1,20250907_180000.WAV,2025-09-07,18:00:00,17280488
T41_N1,20250908_000000.WAV,2025-09-08,00:00:00,17280488
T41_N1,20250908_040000.WAV,2025-09-08,04:00:00,17280488
T41_N1,20250908_110000.WAV,2025-09-08,11:00:00,17280488
T41_N1,20250908_140000.WAV,2025-09-08,14:00:00,17280488
T41_N1,20250908_180000.WAV,2025-09-08,18:00:00,17280488
T41_N1,20250909_000000.WAV,2025-09-09,00:00:00,17280488
T41_N1,20250909_040000.WAV,2025-09-09,04:00:00,17280488
T41_N1,20250909_110000.WAV,2025-09-09,11:00:00,17280488
T41_N1,20250909_140000.WAV,2025-09-09,14:00:00,17280488
T41_N1,20250909_180000.WAV,2025-09-09,18:00:00,17280488
T41_N1,20250910_000000.WAV,2025-09-10,00:00:00,17280488
T41_N1,20250910_040000.WAV,2025-09-10,04:00:00,17280488
T41_N1,20250910_110000.WAV,2025-09-10,11:00:00,17280488
T41_N1,20250910_140000.WAV,2025-09-10,14:00:00,17280488
T41_N1,20250910_180000.WAV,2025-09-10,18:00:00,17280488
T41_N1,20250911_000000.WAV,2025-09-11,00:00:00,17280488
T41_N1,20250911_040000.WAV,2025-09-11,04:00:00,17280488
T41_N1,20250911_110000.WAV,2025-09-11,11:00:00,17280488
T41_N1,20250911_140000.WAV,2025-09-11,14:00:00,17280488
T41_N1,20250911_180000.WAV,2025-09-11,18:00:00,17280488
T41_N1,20250912_000000.WAV,2025-09-12,00:00:00,17280488
T41_N1,20250912_040000.WAV,2025-09-12,04:00:00,17280488
T41_N1,20250912_110000.WAV,2025-09-12,11:00:00,17280488
T41_N1,20250912_140000.WAV,2025-09-12,14:00:00,17280488
T41_N1,20250912_180000.WAV,2025-09-12,18:00:00,17280488
T41_N1,20250913_000000.WAV,2025-09-13,00:00:00,17280488
T41_N1,20250913_040000.WAV,2025-09-13,04:00:00,17280488
T41_N1,20250913_110000.WAV,2025-09-13,11:00:00,17280488
T41_N1,20250913_140000.WAV,2025-09-13,14:00:00,17280488
T41_N1,20250913_180000.WAV,2025-09-13,18:00:00,17280488
T41_N1,20250914_000000.WAV,2025-09-14,00:00:00,17280488
T41_N1,20250914_040000.WAV,2025-09-14,04:00:00,17280488
T41_N1,20250914_110000.WAV,2025-09-14,11:00:00,17280488
T41_N1,20250914_140000.WAV,2025-09-14,14:00:00,17280488
T41_N1,20250914_180000.WAV,2025-09-14,18:00:00,17280488
T41_N1,20250915_000000.WAV,2025-09-15,00:00:00,17280488
T41_N1,20250915_040000.WAV,2025-09-15,04:00:00,17280488
T41_N1,20250915_110000.WAV,2025-09-15,11:00:00,17280488
T41_N1,20250915_140000.WAV,2025-09-15,14:00:00,17280488
T41_N1,20250915_180000.WAV,2025-09-15,18:00:00,17280488
T41_N1,20250916_000000.WAV,2025-09-16,00:00:00,17280488
T41_N1,20250916_040000.WAV,2025-09-16,04:00:00,17280488
T41_N1,20250916_110000.WAV,2025-09-16,11:00:00,17280488
T41_N1,20250916_140000.WAV,2025-09-16,14:00:00,17280488
T41_N1,20250916_180000.WAV,2025-09-16,18:00:00,17280488
T41_N1,20250917_000000.WAV,2025-09-17,00:00:00,17280488
T41_N1,20250917_040000.WAV,2025-09-17,04:00:00,17280488
T41_N1,20250917_110000.WAV,2025-09-17,11:00:00,17280488
T41_N1,20250917_140000.WAV,2025-09-17,14:00:00,17280488
T41_N1,20250917_180000.WAV,2025-09-17,18:00:00,17280488
T41_N1,20250918_000000.WAV,2025-09-18,00:00:00,17280488
T41_N1,20250918_040000.WAV,2025-09-18,04:00:00,17280488
T41_N1,20250918_110000.WAV,2025-09-18,11:00:00,17280488
T41_N1,20250918_140000.WAV,2025-09-18,14:00:00,17280488
T41_N1,20250918_180000.WAV,2025-09-18,18:00:00,17280488
T41_N1,20250919_000000.WAV,2025-09-19,00:00:00,17280488
T41_N1,20250919_040000.WAV,2025-09-19,04:00:00,17280488
T41_N1,20250919_110000.WAV,2025-09-19,11:00:00,17280488
T41_N1,20250919_140000.WAV,2025-09-19,14:00:00,17280488
T41_N1,20250919_180000.WAV,2025-09-19,18:00:00,17280488
T41_N1,20250920_000000.WAV,2025-09-20,00:00:00,17280488
T41_N1,20250920_040000.WAV,2025-09-20,04:00:00,17280488
T41_N1,20250920_110000.WAV,2025-09-20,11:00:00,17280488
T41_N1,20250920_140000.WAV,2025-09-20,14:00:00,17280488
T41_N1,20250920_180000.WAV,2025-09-20,18:00:00,17280488
T41_N1,20250921_000000.WAV,2025-09-21,00:00:00,17280488
T41_N1,20250921_040000.WAV,2025-09-21,04:00:00,17280488
T41_N1,20250921_110000.WAV,2025-09-21,11:00:00,17280488
T41_N1,20250921_140000.WAV,2025-09-21,14:00:00,17280488
T41_N1,20250921_180000.WAV,2025-09-21,18:00:00,17280488
T41_N1,20250922_000000.WAV,2025-09-22,00:00:00,17280488
T41_N1,20250922_040000.WAV,2025-09-22,04:00:00,17280488
T41_N1,20250922_110000.WAV,2025-09-22,11:00:00,17280488
T41_N1,20250922_140000.WAV,2025-09-22,14:00:00,17280488
T41_N1,20250922_180000.WAV,2025-09-22,18:00:00,17280488
T41_N1,20250923_000000.WAV,2025-09-23,00:00:00,17280488
T41_N1,20250923_040000.WAV,2025-09-23,04:00:00,17280488
T41_N1,20250923_110000.WAV,2025-09-23,11:00:00,17280488
T41_N1,20250923_140000.WAV,2025-09-23,14:00:00,17280488
T41_N1,20250923_180000.WAV,2025-09-23,18:00:00,17280488
T41_N1,20250924_000000.WAV,2025-09-24,00:00:00,17280488
T41_N1,20250924_040000.WAV,2025-09-24,04:00:00,17280488
T41_N1,20250924_110000.WAV,2025-09-24,11:00:00,17280488
T41_N1,20250924_140000.WAV,2025-09-24,14:00:00,17280488
T41_N1,20250924_180000.WAV,2025-09-24,18:00:00,17280488
T41_N1,20250925_000000.WAV,2025-09-25,00:00:00,17280488
T41_N1,20250925_040000.WAV,2025-09-25,04:00:00,17280488
T41_N1,20250925_110000.WAV,2025-09-25,11:00:00,17280488
T41_N1,20250925_140000.WAV,2025-09-25,14:00:00,17280488
T41_N1,20250925_180000.WAV,2025-09-25,18:00:00,17280488
T41_N1,20250926_000000.WAV,2025-09-26,00:00:00,17280488
T41_N1,20250926_040000.WAV,2025-09-26,04:00:00,17280488
T41_N1,20250926_110000.WAV,2025-09-26,11:00:00,17280488
T41_N1,20250926_140000.WAV,2025-09-26,14:00:00,17280488
T41_N1,20250926_180000.WAV,2025-09-26,18:00:00,17280488
T41_N1,20250927_000000.WAV,2025-09-27,00:00:00,17280488
T41_N1,20250927_040000.WAV,2025-09-27,04:00:00,17280488
T41_N1,20250927_110000.WAV,2025-09-27,11:00:00,17280488
T41_N1,20250927_140000.WAV,2025-09-27,14:00:00,17280488
T41_N1,20250927_180000.WAV,2025-09-27,18:00:00,17280488
T41_N1,20250928_000000.WAV,2025-09-28,00:00:00,17280488
T41_N1,20250928_040000.WAV,2025-09-28,04:00:00,17280488
T41_N1,20250928_110000.WAV,2025-09-28,11:00:00,17280488
T41_N1,20250928_140000.WAV,2025-09-28,14:00:00,17280488
T41_N1,20250928_180000.WAV,2025-09-28,18:00:00,17280488
T41_N1,20250929_000000.WAV,2025-09-29,00:00:00,17280488
T41_N1,20250929_040000.WAV,2025-09-29,04:00:00,17280488
T41_N1,20250929_110000.WAV,2025-09-29,11:00:00,17280488
T41_N1,20250929_140000.WAV,2025-09-29,14:00:00,17280488
T41_N1,20250929_180000.WAV,2025-09-29,18:00:00,17280488
T41_N1,20250930_000000.WAV,2025-09-30,00:00:00,17280488
T41_N1,20250930_040000.WAV,2025-09-30,04:00:00,17280488
T41_N1,20250930_110000.WAV,2025-09-30,11:00:00,17280488
T41_N1,20250930_140000.WAV,2025-09-30,14:00:00,17280488
T41_N1,20250930_180000.WAV,2025-09-30,18:00:00,17280488
T41_N1,20251001_000000.WAV,2025-10-01,00:00:00,17280488
T41_N1,20251001_040000.WAV,2025-10-01,04:00:00,17280488
T41_N1,20251001_110000.WAV,2025-10-01,11:00:00,17280488
T41_N1,20251001_140000.WAV,2025-10-01,14:00:00,17280488
T41_N1,20251001_180000.WAV,2025-10-01,18:00:00,17280488
T41_N1,20251002_000000.WAV,2025-10-02,00:00:00,17280488
T41_N1,20251002_040000.WAV,2025-10-02,04:00:00,17280488
T41_N1,20251002_110000.WAV,2025-10-02,11:00:00,17280488
T41_N1,20251002_140000.WAV,2025-10-02,14:00:00,17280488
T41_N1,20251002_180000.WAV,2025-10-02,18:00:00,17280488
T41_N1,20251003_000000.WAV,2025-10-03,00:00:00,17280488
T41_N1,20251003_040000.WAV,2025-10-03,04:00:00,17280488
T41_N1,20251003_110000.WAV,2025-10-03,11:00:00,17280488
T41_N1,20251003_140000.WAV,2025-10-03,14:00:00,17280488
T41_N1,20251003_180000.WAV,2025-10-03,18:00:00,17280488
T41_N1,20251004_000000.WAV,2025-10-04,00:00:00,17280488
T41_N1,20251004_040000.WAV,2025-10-04,04:00:00,17280488
T41_N1,20251004_110000.WAV,2025-10-04,11:00:00,17280488
T41_N1,20251004_140000.WAV,2025-10-04,14:00:00,17280488
T41_N1,20251004_180000.WAV,2025-10-04,18:00:00,17280488
T41_N1,20251005_000000.WAV,2025-10-05,00:00:00,17280488
T41_N1,20251005_040000.WAV,2025-10-05,04:00:00,17280488
T41_N1,20251005_110000.WAV,2025-10-05,11:00:00,17280488
T41_N1,20251005_140000.WAV,2025-10-05,14:00:00,17280488
T41_N1,20251005_180000.WAV,2025-10-05,18:00:00,17280488
T41_N1,20251006_000000.WAV,2025-10-06,00:00:00,17280488
T41_N1,20251006_040000.WAV,2025-10-06,04:00:00,17280488
T41_N1,20251006_110000.WAV,2025-10-06,11:00:00,17280488
T41_N1,20251006_140000.WAV,2025-10-06,14:00:00,17280488
T41_N1,20251006_180000.WAV,2025-10-06,18:00:00,17280488
T41_N1,20251007_000000.WAV,2025-10-07,00:00:00,17280488
T41_N1,20251007_040000.WAV,2025-10-07,04:00:00,17280488
T41_N1,20251007_110000.WAV,2025-10-07,11:00:00,17280488
T41_N1,20251007_140000.WAV,2025-10-07,14:00:00,17280488
T41_N1,20251007_180000.WAV,2025-10-07,18:00:00,17280488
T41_N1,20251008_000000.WAV,2025-10-08,00:00:00,17280488
T41_N1,20251008_040000.WAV,2025-10-08,04:00:00,17280488
T41_N1,20251008_110000.WAV,2025-10-08,11:00:00,17280488
T41_N1,20251008_140000.WAV,2025-10-08,14:00:00,17280488
T41_N1,20251008_180000.WAV,2025-10-08,18:00:00,17280488
T41_N1,20251009_000000.WAV,2025-10-09,00:00:00,17280488
T41_N1,20251009_040000.WAV,2025-10-09,04:00:00,17280488
T41_N1,20251009_110000.WAV,2025-10-09,11:00:00,17280488
T41_N1,20251009_140000.WAV,2025-10-09,14:00:00,17280488
T41_N1,20251009_180000.WAV,2025-10-09,18:00:00,17280488
T41_N1,20251010_000000.WAV,2025-10-10,00:00:00,17280488
T41_N1,20251010_040000.WAV,2025-10-10,04:00:00,17280488
T41_N1,20251010_110000.WAV,2025-10-10,11:00:00,17280488
T41_N1,20251010_140000.WAV,2025-10-10,14:00:00,17280488
T41_N1,20251010_180000.WAV,2025-10-10,18:00:00,17280488
T41_N1,20251011_000000.WAV,2025-10-11,00:00:00,17280488
T41_N1,20251011_040000.WAV,2025-10-11,04:00:00,17280488
T41_N1,20251011_110000.WAV,2025-10-11,11:00:00,17280488
T41_N1,20251011_140000.WAV,2025-10-11,14:00:00,17280488
T41_N1,20251011_180000.WAV,2025-10-11,18:00:00,17280488
T41_N1,20251012_000000.WAV,2025-10-12,00:00:00,17280488
T41_N1,20251012_040000.WAV,2025-10-12,04:00:00,17280488
T41_N1,20251012_110000.WAV,2025-10-12,11:00:00,17280488
T41_N1,20251012_140000.WAV,2025-10-12,14:00:00,17280488
T41_N1,20251012_180000.WAV,2025-10-12,18:00:00,17280488
T41_N1,20251013_000000.WAV,2025-10-13,00:00:00,17280488
T41_N1,20251013_040000.WAV,2025-10-13,04:00:00,17280488
T41_N1,20251013_110000.WAV,2025-10-13,11:00:00,17280488
T41_N1,20251013_140000.WAV,2025-10-13,14:00:00,17280488
T41_N1,20251013_180000.WAV,2025-10-13,18:00:00,17280488
T41_N1,20251014_000000.WAV,2025-10-14,00:00:00,17280488
T41_N1,20251014_040000.WAV,2025-10-14,04:00:00,17280488
T41_N1,20251014_110000.WAV,2025-10-14,11:00:00,17280488
T41_N1,20251014_140000.WAV,2025-10-14,14:00:00,17280488
T41_N1,20251014_180000.WAV,2025-10-14,18:00:00,17280488
T41_N1,20251015_000000.WAV,2025-10-15,00:00:00,17280488
T41_N1,20251015_040000.WAV,2025-10-15,04:00:00,17280488
T41_N1,20251015_110000.WAV,2025-10-15,11:00:00,17280488
T41_N1,20251015_140000.WAV,2025-10-15,14:00:00,17280488
T41_N1,20251015_180000.WAV,2025-10-15,18:00:00,17280488
T41_N1,20251016_000000.WAV,2025-10-16,00:00:00,17280488
T41_N1,20251016_040000.WAV,2025-10-16,04:00:00,17280488
T41_N1,20251016_110000.WAV,2025-10-16,11:00:00,17280488
T41_N1,20251016_140000.WAV,2025-10-16,14:00:00,17280488
T41_N1,20251016_180000.WAV,2025-10-16,18:00:00,17280488
T41_N1,20251017_000000.WAV,2025-10-17,00:00:00,17280488
T41_N1,20251017_040000.WAV,2025-10-17,04:00:00,17280488
T41_N1,20251017_110000.WAV,2025-10-17,11:00:00,17280488
T41_N1,20251017_140000.WAV,2025-10-17,14:00:00,17280488
T41_N1,20251017_180000.WAV,2025-10-17,18:00:00,17280488
T41_N1,20251018_000000.WAV,2025-10-18,00:00:00,17280488
T41_N1,20251018_040000.WAV,2025-10-18,04:00:00,17280488
T41_N1,20251018_110000.WAV,2025-10-18,11:00:00,17280488
T41_N1,20251018_140000.WAV,2025-10-18,14:00:00,17280488
T41_N1,20251018_180000.WAV,2025-10-18,18:00:00,17280488
T41_N1,20251019_000000.WAV,2025-10-19,00:00:00,17280488
T41_N1,20251019_040000.WAV,2025-10-19,04:00:00,17280488
T41_N1,20251019_110000.WAV,2025-10-19,11:00:00,17280488
T41_N1,20251019_140000.WAV,2025-10-19,14:00:00,17280488
T41_N1,20251019_180000.WAV,2025-10-19,18:00:00,17280488
T41_N1,20251020_000000.WAV,2025-10-20,00:00:00,17280488
T41_N1,20251020_040000.WAV,2025-10-20,04:00:00,17280488
T41_N1,20251020_110000.WAV,2025-10-20,11:00:00,17280488
T41_N1,20251020_140000.WAV,2025-10-20,14:00:00,17280488
T41_N1,20251020_180000.WAV,2025-10-20,18:00:00,17280488
T41_N1,20251021_000000.WAV,2025-10-21,00:00:00,17280488
T41_N1,20251021_040000.WAV,2025-10-21,04:00:00,17280488
T41_N1,20251021_110000.WAV,2025-10-21,11:00:00,17280488
T41_N1,20251021_140000.WAV,2025-10-21,14:00:00,17280488
T41_N1,20251021_180000.WAV,2025-10-21,18:00:00,17280488
T41_N1,20251022_000000.WAV,2025-10-22,00:00:00,17280488
T41_N1,20251022_040000.WAV,2025-10-22,04:00:00,17280488
T41_N1,20251022_110000.WAV,2025-10-22,11:00:00,17280488
T41_N1,20251022_140000.WAV,2025-10-22,14:00:00,17280488
T41_N1,20251022_180000.WAV,2025-10-22,18:00:00,17280488
T41_N1,20251023_000000.WAV,2025-10-23,00:00:00,17280488
T41_N1,20251023_040000.WAV,2025-10-23,04:00:00,17280488
T41_N1,20251023_110000.WAV,2025-10-23,11:00:00,17280488
T41_N1,20251023_140000.WAV,2025-10-23,14:00:00,17280488
T41_N1,20251023_180000.WAV,2025-10-23,18:00:00,17280488
T41_N1,20251024_000000.WAV,2025-10-24,00:00:00,17280488
T41_N1,20251024_040000.WAV,2025-10-24,04:00:00,17280488
T41_N1,20251024_110000.WAV,2025-10-24,11:00:00,17280488
T41_N1,20251024_140000.WAV,2025-10-24,14:00:00,17280488
T41_N1,20251024_180000.WAV,2025-10-24,18:00:00,17280488
T41_N1,20251025_000000.WAV,2025-10-25,00:00:00,17280488
T41_N1,20251025_040000.WAV,2025-10-25,04:00:00,17280488
T41_N1,20251025_110000.WAV,2025-10-25,11:00:00,17280488
T41_N1,20251025_140000.WAV,2025-10-25,14:00:00,17280488
T41_N1,20251025_180000.WAV,2025-10-25,18:00:00,17280488
T41_N1,20251026_000000.WAV,2025-10-26,00:00:00,17280488
T41_N1,20251026_040000.WAV,2025-10-26,04:00:00,17280488
T41_N1,20251026_110000.WAV,2025-10-26,11:00:00,17280488
T41_N1,20251026_140000.WAV,2025-10-26,14:00:00,17280488
T41_N1,20251026_180000.WAV,2025-10-26,18:00:00,17280488
T41_N1,20251027_000000.WAV,2025-10-27,00:00:00,17280488
T41_N1,20251027_040000.WAV,2025-10-27,04:00:00,17280488
T41_N1,20251027_110000.WAV,2025-10-27,11:00:00,17280488
T41_N1,20251027_140000.WAV,2025-10-27,14:00:00,17280488
T42_N2,20250429_140000.WAV,2025-04-29,14:00:00,17280488
T42_N2,20250429_180000.WAV,2025-04-29,18:00:00,17280488
T42_N2,20250430_000000.WAV,2025-04-30,00:00:00,17280488
T42_N2,20250430_040000.WAV,2025-04-30,04:00:00,17280488
T42_N2,20250430_110000.WAV,2025-04-30,11:00:00,17280488
T42_N2,20250430_140000.WAV,2025-04-30,14:00:00,17280488
T42_N2,20250430_180000.WAV,2025-04-30,18:00:00,17280488
T42_N2,20250501_000000.WAV,2025-05-01,00:00:00,17280488
T42_N2,20250501_040000.WAV,2025-05-01,04:00:00,17280488
T42_N2,20250501_110000.WAV,2025-05-01,11:00:00,17280488
T42_N2,20250501_140000.WAV,2025-05-01,14:00:00,17280488
T42_N2,20250501_180000.WAV,2025-05-01,18:00:00,17280488
T42_N2,20250502_000000.WAV,2025-05-02,00:00:00,17280488
T42_N2,20250502_040000.WAV,2025-05-02,04:00:00,17280488
T42_N2,20250502_110000.WAV,2025-05-02,11:00:00,17280488
T42_N2,20250502_140000.WAV,2025-05-02,14:00:00,17280488
T42_N2,20250502_180000.WAV,2025-05-02,18:00:00,17280488
T42_N2,20250503_000000.WAV,2025-05-03,00:00:00,17280488
T42_N2,20250503_040000.WAV,2025-05-03,04:00:00,17280488
T42_N2,20250503_110000.WAV,2025-05-03,11:00:00,17280488
T42_N2,20250503_140000.WAV,2025-05-03,14:00:00,17280488
T42_N2,20250503_180000.WAV,2025-05-03,18:00:00,17280488
T42_N2,20250504_000000.WAV,2025-05-04,00:00:00,17280488
T42_N2,20250504_040000.WAV,2025-05-04,04:00:00,17280488
T42_N2,20250504_110000.WAV,2025-05-04,11:00:00,17280488
T42_N2,20250504_140000.WAV,2025-05-04,14:00:00,17280488
T42_N2,20250504_180000.WAV,2025-05-04,18:00:00,17280488
T42_N2,20250505_000000.WAV,2025-05-05,00:00:00,17280488
T42_N2,20250505_040000.WAV,2025-05-05,04:00:00,17280488
T42_N2,20250505_110000.WAV,2025-05-05,11:00:00,17280488
T42_N2,20250505_140000.WAV,2025-05-05,14:00:00,17280488
T42_N2,20250505_180000.WAV,2025-05-05,18:00:00,17280488
T42_N2,20250506_000000.WAV,2025-05-06,00:00:00,17280488
T42_N2,20250506_040000.WAV,2025-05-06,04:00:00,17280488
T42_N2,20250506_110000.WAV,2025-05-06,11:00:00,17280488
T42_N2,20250506_140000.WAV,2025-05-06,14:00:00,17280488
T42_N2,20250506_180000.WAV,2025-05-06,18:00:00,17280488
T42_N2,20250507_000000.WAV,2025-05-07,00:00:00,17280488
T42_N2,20250507_040000.WAV,2025-05-07,04:00:00,17280488
T42_N2,20250507_110000.WAV,2025-05-07,11:00:00,17280488
T42_N2,20250507_140000.WAV,2025-05-07,14:00:00,17280488
T42_N2,20250507_180000.WAV,2025-05-07,18:00:00,17280488
T42_N2,20250508_000000.WAV,2025-05-08,00:00:00,17280488
T42_N2,20250508_040000.WAV,2025-05-08,04:00:00,17280488
T42_N2,20250508_110000.WAV,2025-05-08,11:00:00,17280488
T42_N2,20250508_140000.WAV,2025-05-08,14:00:00,17280488
T42_N2,20250508_180000.WAV,2025-05-08,18:00:00,17280488
T42_N2,20250509_000000.WAV,2025-05-09,00:00:00,17280488
T42_N2,20250509_040000.WAV,2025-05-09,04:00:00,17280488
T42_N2,20250509_110000.WAV,2025-05-09,11:00:00,17280488
T42_N2,20250509_140000.WAV,2025-05-09,14:00:00,17280488
T42_N2,20250509_180000.WAV,2025-05-09,18:00:00,17280488
T42_N2,20250510_000000.WAV,2025-05-10,00:00:00,17280488
T42_N2,20250510_040000.WAV,2025-05-10,04:00:00,17280488
T42_N2,20250510_110000.WAV,2025-05-10,11:00:00,17280488
T42_N2,20250510_140000.WAV,2025-05-10,14:00:00,17280488
T42_N2,20250510_180000.WAV,2025-05-10,18:00:00,17280488
T42_N2,20250511_000000.WAV,2025-05-11,00:00:00,17280488
T42_N2,20250511_040000.WAV,2025-05-11,04:00:00,17280488
T42_N2,20250511_110000.WAV,2025-05-11,11:00:00,17280488
T42_N2,20250511_140000.WAV,2025-05-11,14:00:00,17280488
T42_N2,20250511_180000.WAV,2025-05-11,18:00:00,17280488
T42_N2,20250512_000000.WAV,2025-05-12,00:00:00,17280488
T42_N2,20250512_040000.WAV,2025-05-12,04:00:00,17280488
T42_N2,20250512_110000.WAV,2025-05-12,11:00:00,17280488
T42_N2,20250512_140000.WAV,2025-05-12,14:00:00,17280488
T42_N2,20250512_180000.WAV,2025-05-12,18:00:00,17280488
T42_N2,20250513_000000.WAV,2025-05-13,00:00:00,17280488
T42_N2,20250513_040000.WAV,2025-05-13,04:00:00,17280488
T42_N2,20250513_110000.WAV,2025-05-13,11:00:00,17280488
T42_N2,20250513_140000.WAV,2025-05-13,14:00:00,17280488
T42_N2,20250513_180000.WAV,2025-05-13,18:00:00,17280488
T42_N2,20250514_000000.WAV,2025-05-14,00:00:00,17280488
T42_N2,20250514_040000.WAV,2025-05-14,04:00:00,17280488
T42_N2,20250514_110000.WAV,2025-05-14,11:00:00,17280488
T42_N2,20250514_140000.WAV,2025-05-14,14:00:00,17280488
T42_N2,20250514_180000.WAV,2025-05-14,18:00:00,17280488
T42_N2,20250515_000000.WAV,2025-05-15,00:00:00,17280488
T42_N2,20250515_040000.WAV,2025-05-15,04:00:00,17280488
T42_N2,20250515_110000.WAV,2025-05-15,11:00:00,17280488
T42_N2,20250515_140000.WAV,2025-05-15,14:00:00,17280488
T42_N2,20250515_180000.WAV,2025-05-15,18:00:00,17280488
T42_N2,20250516_000000.WAV,2025-05-16,00:00:00,17280488
T42_N2,20250516_040000.WAV,2025-05-16,04:00:00,17280488
T42_N2,20250516_110000.WAV,2025-05-16,11:00:00,17280488
T42_N2,20250516_140000.WAV,2025-05-16,14:00:00,17280488
T42_N2,20250516_180000.WAV,2025-05-16,18:00:00,17280488
T42_N2,20250517_000000.WAV,2025-05-17,00:00:00,17280488
T42_N2,20250517_040000.WAV,2025-05-17,04:00:00,17280488
T42_N2,20250517_110000.WAV,2025-05-17,11:00:00,17280488
T42_N2,20250517_140000.WAV,2025-05-17,14:00:00,17280488
T42_N2,20250517_180000.WAV,2025-05-17,18:00:00,17280488
T42_N2,20250518_000000.WAV,2025-05-18,00:00:00,17280488
T42_N2,20250518_040000.WAV,2025-05-18,04:00:00,17280488
T42_N2,20250518_110000.WAV,2025-05-18,11:00:00,17280488
T42_N2,20250518_140000.WAV,2025-05-18,14:00:00,17280488
T42_N2,20250518_180000.WAV,2025-05-18,18:00:00,17280488
T42_N2,20250519_000000.WAV,2025-05-19,00:00:00,17280488
T42_N2,20250519_040000.WAV,2025-05-19,04:00:00,17280488
T42_N2,20250519_110000.WAV,2025-05-19,11:00:00,17280488
T42_N2,20250519_140000.WAV,2025-05-19,14:00:00,17280488
T42_N2,20250519_180000.WAV,2025-05-19,18:00:00,17280488
T42_N2,20250520_000000.WAV,2025-05-20,00:00:00,17280488
T42_N2,20250520_040000.WAV,2025-05-20,04:00:00,17280488
T42_N2,20250520_110000.WAV,2025-05-20,11:00:00,17280488
T42_N2,20250520_140000.WAV,2025-05-20,14:00:00,17280488
T42_N2,20250520_180000.WAV,2025-05-20,18:00:00,17280488
T42_N2,20250521_000000.WAV,2025-05-21,00:00:00,17280488
T42_N2,20250521_040000.WAV,2025-05-21,04:00:00,17280488
T42_N2,20250521_110000.WAV,2025-05-21,11:00:00,17280488
T42_N2,20250521_140000.WAV,2025-05-21,14:00:00,17280488
T42_N2,20250521_180000.WAV,2025-05-21,18:00:00,17280488
T42_N2,20250522_000000.WAV,2025-05-22,00:00:00,17280488
T42_N2,20250522_040000.WAV,2025-05-22,04:00:00,17280488
T42_N2,20250522_110000.WAV,2025-05-22,11:00:00,17280488
T42_N2,20250522_140000.WAV,2025-05-22,14:00:00,17280488
T42_N2,20250522_180000.WAV,2025-05-22,18:00:00,17280488
T42_N2,20250523_000000.WAV,2025-05-23,00:00:00,17280488
T42_N2,20250523_040000.WAV,2025-05-23,04:00:00,17280488
T42_N2,20250523_110000.WAV,2025-05-23,11:00:00,17280488
T42_N2,20250523_140000.WAV,2025-05-23,14:00:00,17280488
T42_N2,20250523_180000.WAV,2025-05-23,18:00:00,17280488
T42_N2,20250524_000000.WAV,2025-05-24,00:00:00,17280488
T42_N2,20250524_040000.WAV,2025-05-24,04:00:00,17280488
T42_N2,20250524_110000.WAV,2025-05-24,11:00:00,17280488
T42_N2,20250524_140000.WAV,2025-05-24,14:00:00,17280488
T42_N2,20250524_180000.WAV,2025-05-24,18:00:00,17280488
T42_N2,20250525_000000.WAV,2025-05-25,00:00:00,17280488
T42_N2,20250525_040000.WAV,2025-05-25,04:00:00,17280488
T42_N2,20250525_110000.WAV,2025-05-25,11:00:00,17280488
T42_N2,20250525_140000.WAV,2025-05-25,14:00:00,17280488
T42_N2,20250525_180000.WAV,2025-05-25,18:00:00,17280488
T42_N2,20250526_000000.WAV,2025-05-26,00:00:00,17280488
T42_N2,20250526_040000.WAV,2025-05-26,04:00:00,17280488
T42_N2,20250526_110000.WAV,2025-05-26,11:00:00,17280488
T42_N2,20250526_140000.WAV,2025-05-26,14:00:00,17280488
T42_N2,20250526_180000.WAV,2025-05-26,18:00:00,17280488
T42_N2,20250527_000000.WAV,2025-05-27,00:00:00,17280488
T42_N2,20250527_040000.WAV,2025-05-27,04:00:00,17280488
T42_N2,20250527_110000.WAV,2025-05-27,11:00:00,17280488
T42_N2,20250527_140000.WAV,2025-05-27,14:00:00,17280488
T42_N2,20250527_180000.WAV,2025-05-27,18:00:00,17280488
T42_N2,20250528_000000.WAV,2025-05-28,00:00:00,17280488
T42_N2,20250528_040000.WAV,2025-05-28,04:00:00,17280488
T42_N2,20250528_110000.WAV,2025-05-28,11:00:00,17280488
T42_N2,20250528_140000.WAV,2025-05-28,14:00:00,17280488
T42_N2,20250528_180000.WAV,2025-05-28,18:00:00,17280488
T42_N2,20250529_000000.WAV,2025-05-29,00:00:00,17280488
T42_N2,20250529_040000.WAV,2025-05-29,04:00:00,17280488
T42_N2,20250529_110000.WAV,2025-05-29,11:00:00,17280488
T42_N2,20250529_140000.WAV,2025-05-29,14:00:00,17280488
T42_N2,20250529_180000.WAV,2025-05-29,18:00:00,17280488
T42_N2,20250530_000000.WAV,2025-05-30,00:00:00,17280488
T42_N2,20250530_040000.WAV,2025-05-30,04:00:00,17280488
T42_N2,20250530_110000.WAV,2025-05-30,11:00:00,17280488
T42_N2,20250530_140000.WAV,2025-05-30,14:00:00,17280488
T42_N2,20250530_180000.WAV,2025-05-30,18:00:00,17280488
T42_N2,20250531_000000.WAV,2025-05-31,00:00:00,17280488
T42_N2,20250531_040000.WAV,2025-05-31,04:00:00,17280488
T42_N2,20250531_110000.WAV,2025-05-31,11:00:00,17280488
T42_N2,20250531_140000.WAV,2025-05-31,14:00:00,17280488
T42_N2,20250531_180000.WAV,2025-05-31,18:00:00,17280488
T42_N2,20250601_000000.WAV,2025-06-01,00:00:00,17280488
T42_N2,20250601_040000.WAV,2025-06-01,04:00:00,17280488
T42_N2,20250601_110000.WAV,2025-06-01,11:00:00,17280488
T42_N2,20250601_140000.WAV,2025-06-01,14:00:00,17280488
T42_N2,20250601_180000.WAV,2025-06-01,18:00:00,17280488
T42_N2,20250602_000000.WAV,2025-06-02,00:00:00,17280488
T42_N2,20250602_040000.WAV,2025-06-02,04:00:00,17280488
T42_N2,20250602_110000.WAV,2025-06-02,11:00:00,17280488
T42_N2,20250602_140000.WAV,2025-06-02,14:00:00,17280488
T42_N2,20250602_180000.WAV,2025-06-02,18:00:00,17280488
T42_N2,20250603_000000.WAV,2025-06-03,00:00:00,17280488
T42_N2,20250603_040000.WAV,2025-06-03,04:00:00,17280488
T42_N2,20250603_110000.WAV,2025-06-03,11:00:00,17280488
T42_N2,20250603_140000.WAV,2025-06-03,14:00:00,17280488
T42_N2,20250603_180000.WAV,2025-06-03,18:00:00,17280488
T42_N2,20250604_000000.WAV,2025-06-04,00:00:00,17280488
T42_N2,20250604_040000.WAV,2025-06-04,04:00:00,17280488
T42_N2,20250604_110000.WAV,2025-06-04,11:00:00,17280488
T42_N2,20250604_140000.WAV,2025-06-04,14:00:00,17280488
T42_N2,20250604_180000.WAV,2025-06-04,18:00:00,17280488
T42_N2,20250605_000000.WAV,2025-06-05,00:00:00,17280488
T42_N2,20250605_040000.WAV,2025-06-05,04:00:00,17280488
T42_N2,20250605_110000.WAV,2025-06-05,11:00:00,17280488
T42_N2,20250605_140000.WAV,2025-06-05,14:00:00,17280488
T42_N2,20250605_180000.WAV,2025-06-05,18:00:00,17280488
T42_N2,20250606_000000.WAV,2025-06-06,00:00:00,17280488
T42_N2,20250606_040000.WAV,2025-06-06,04:00:00,17280488
T42_N2,20250606_110000.WAV,2025-06-06,11:00:00,17280488
T42_N2,20250606_140000.WAV,2025-06-06,14:00:00,17280488
T42_N2,20250606_180000.WAV,2025-06-06,18:00:00,17280488
T42_N2,20250607_000000.WAV,2025-06-07,00:00:00,17280488
T42_N2,20250607_040000.WAV,2025-06-07,04:00:00,17280488
T42_N2,20250607_110000.WAV,2025-06-07,11:00:00,17280488
T42_N2,20250607_140000.WAV,2025-06-07,14:00:00,17280488
T42_N2,20250607_180000.WAV,2025-06-07,18:00:00,17280488
T42_N2,20250608_000000.WAV,2025-06-08,00:00:00,17280488
T42_N2,20250608_040000.WAV,2025-06-08,04:00:00,17280488
T42_N2,20250608_110000.WAV,2025-06-08,11:00:00,17280488
T42_N2,20250608_140000.WAV,2025-06-08,14:00:00,17280488
T42_N2,20250608_180000.WAV,2025-06-08,18:00:00,17280488
T42_N2,20250609_000000.WAV,2025-06-09,00:00:00,17280488
T42_N2,20250609_040000.WAV,2025-06-09,04:00:00,17280488
T42_N2,20250609_110000.WAV,2025-06-09,11:00:00,17280488
T42_N2,20250609_140000.WAV,2025-06-09,14:00:00,17280488
T42_N2,20250609_180000.WAV,2025-06-09,18:00:00,17280488
T42_N2,20250610_000000.WAV,2025-06-10,00:00:00,17280488
T42_N2,20250610_040000.WAV,2025-06-10,04:00:00,17280488
T42_N2,20250610_110000.WAV,2025-06-10,11:00:00,17280488
T42_N2,20250610_140000.WAV,2025-06-10,14:00:00,17280488
T42_N2,20250610_180000.WAV,2025-06-10,18:00:00,17280488
T42_N2,20250611_000000.WAV,2025-06-11,00:00:00,17280488
T42_N2,20250611_040000.WAV,2025-06-11,04:00:00,17280488
T42_N2,20250611_110000.WAV,2025-06-11,11:00:00,17280488
T42_N2,20250611_140000.WAV,2025-06-11,14:00:00,17280488
T42_N2,20250611_180000.WAV,2025-06-11,18:00:00,17280488
T42_N2,20250612_000000.WAV,2025-06-12,00:00:00,17280488
T42_N2,20250612_040000.WAV,2025-06-12,04:00:00,17280488
T42_N2,20250612_110000.WAV,2025-06-12,11:00:00,17280488
T42_N2,20250612_140000.WAV,2025-06-12,14:00:00,17280488
T42_N2,20250612_180000.WAV,2025-06-12,18:00:00,17280488
T42_N2,20250613_000000.WAV,2025-06-13,00:00:00,17280488
T42_N2,20250613_040000.WAV,2025-06-13,04:00:00,17280488
T42_N2,20250613_110000.WAV,2025-06-13,11:00:00,17280488
T42_N2,20250613_140000.WAV,2025-06-13,14:00:00,17280488
T42_N2,20250613_180000.WAV,2025-06-13,18:00:00,17280488
T42_N2,20250614_000000.WAV,2025-06-14,00:00:00,17280488
T42_N2,20250614_040000.WAV,2025-06-14,04:00:00,17280488
T42_N2,20250614_110000.WAV,2025-06-14,11:00:00,17280488
T42_N2,20250614_140000.WAV,2025-06-14,14:00:00,17280488
T42_N2,20250614_180000.WAV,2025-06-14,18:00:00,17280488
T42_N2,20250615_000000.WAV,2025-06-15,00:00:00,17280488
T42_N2,20250615_040000.WAV,2025-06-15,04:00:00,17280488
T42_N2,20250615_110000.WAV,2025-06-15,11:00:00,17280488
T42_N2,20250615_140000.WAV,2025-06-15,14:00:00,17280488
T42_N2,20250615_180000.WAV,2025-06-15,18:00:00,17280488
T42_N2,20250616_000000.WAV,2025-06-16,00:00:00,17280488
T42_N2,20250616_040000.WAV,2025-06-16,04:00:00,17280488
T42_N2,20250616_110000.WAV,2025-06-16,11:00:00,17280488
T42_N2,20250616_140000.WAV,2025-06-16,14:00:00,17280488
T42_N2,20250616_180000.WAV,2025-06-16,18:00:00,17280488
T42_N2,20250617_000000.WAV,2025-06-17,00:00:00,17280488
T42_N2,20250617_040000.WAV,2025-06-17,04:00:00,17280488
T42_N2,20250617_110000.WAV,2025-06-17,11:00:00,17280488
T42_N2,20250617_140000.WAV,2025-06-17,14:00:00,17280488
T42_N2,20250617_180000.WAV,2025-06-17,18:00:00,17280488
T42_N2,20250618_000000.WAV,2025-06-18,00:00:00,17280488
T42_N2,20250618_040000.WAV,2025-06-18,04:00:00,17280488
T42_N2,20250618_110000.WAV,2025-06-18,11:00:00,17280488
T42_N2,20250618_140000.WAV,2025-06-18,14:00:00,17280488
T42_N2,20250618_180000.WAV,2025-06-18,18:00:00,17280488
T42_N2,20250619_000000.WAV,2025-06-19,00:00:00,17280488
T42_N2,20250619_040000.WAV,2025-06-19,04:00:00,17280488
T42_N2,20250619_110000.WAV,2025-06-19,11:00:00,17280488
T42_N2,20250619_140000.WAV,2025-06-19,14:00:00,17280488
T42_N2,20250619_180000.WAV,2025-06-19,18:00:00,17280488
T42_N2,20250620_000000.WAV,2025-06-20,00:00:00,17280488
T42_N2,20250620_040000.WAV,2025-06-20,04:00:00,17280488
T42_N2,20250620_110000.WAV,2025-06-20,11:00:00,17280488
T42_N2,20250620_140000.WAV,2025-06-20,14:00:00,17280488
T42_N2,20250620_180000.WAV,2025-06-20,18:00:00,17280488
T42_N2,20250621_000000.WAV,2025-06-21,00:00:00,17280488
T42_N2,20250621_040000.WAV,2025-06-21,04:00:00,17280488
T42_N2,20250621_110000.WAV,2025-06-21,11:00:00,17280488
T42_N2,20250621_140000.WAV,2025-06-21,14:00:00,17280488
T42_N2,20250621_180000.WAV,2025-06-21,18:00:00,17280488
T42_N2,20250622_000000.WAV,2025-06-22,00:00:00,17280488
T42_N2,20250622_040000.WAV,2025-06-22,04:00:00,17280488
T42_N2,20250622_110000.WAV,2025-06-22,11:00:00,17280488
T42_N2,20250622_140000.WAV,2025-06-22,14:00:00,17280488
T42_N2,20250622_180000.WAV,2025-06-22,18:00:00,17280488
T42_N2,20250623_000000.WAV,2025-06-23,00:00:00,17280488
T42_N2,20250623_040000.WAV,2025-06-23,04:00:00,17280488
T42_N2,20250623_110000.WAV,2025-06-23,11:00:00,17280488
T42_N2,20250623_140000.WAV,2025-06-23,14:00:00,17280488
T42_N2,20250623_180000.WAV,2025-06-23,18:00:00,17280488
T42_N2,20250624_000000.WAV,2025-06-24,00:00:00,17280488
T42_N2,20250624_040000.WAV,2025-06-24,04:00:00,17280488
T42_N2,20250624_110000.WAV,2025-06-24,11:00:00,17280488
T42_N2,20250624_140000.WAV,2025-06-24,14:00:00,17280488
T42_N2,20250624_180000.WAV,2025-06-24,18:00:00,17280488
T42_N2,20250625_000000.WAV,2025-06-25,00:00:00,17280488
T42_N2,20250625_040000.WAV,2025-06-25,04:00:00,17280488
T42_N2,20250625_110000.WAV,2025-06-25,11:00:00,17280488
T42_N2,20250625_140000.WAV,2025-06-25,14:00:00,17280488
T42_N2,20250625_180000.WAV,2025-06-25,18:00:00,17280488
T42_N2,20250626_000000.WAV,2025-06-26,00:00:00,17280488
T42_N2,20250626_040000.WAV,2025-06-26,04:00:00,17280488
T42_N2,20250626_110000.WAV,2025-06-26,11:00:00,17280488
T42_N2,20250626_140000.WAV,2025-06-26,14:00:00,17280488
T42_N2,20250626_180000.WAV,2025-06-26,18:00:00,17280488
T42_N2,20250627_000000.WAV,2025-06-27,00:00:00,17280488
T42_N2,20250627_040000.WAV,2025-06-27,04:00:00,17280488
T42_N2,20250627_110000.WAV,2025-06-27,11:00:00,17280488
T42_N2,20250627_140000.WAV,2025-06-27,14:00:00,17280488
T42_N2,20250627_180000.WAV,2025-06-27,18:00:00,17280488
T42_N2,20250628_000000.WAV,2025-06-28,00:00:00,17280488
T42_N2,20250628_040000.WAV,2025-06-28,04:00:00,17280488
T42_N2,20250628_110000.WAV,2025-06-28,11:00:00,17280488
T42_N2,20250628_140000.WAV,2025-06-28,14:00:00,17280488
T42_N2,20250628_180000.WAV,2025-06-28,18:00:00,17280488
T42_N2,20250629_000000.WAV,2025-06-29,00:00:00,17280488
T42_N2,20250629_040000.WAV,2025-06-29,04:00:00,17280488
T42_N2,20250629_110000.WAV,2025-06-29,11:00:00,17280488
T42_N2,20250629_140000.WAV,2025-06-29,14:00:00,17280488
T42_N2,20250629_180000.WAV,2025-06-29,18:00:00,17280488
T42_N2,20250630_000000.WAV,2025-06-30,00:00:00,17280488
T42_N2,20250630_040000.WAV,2025-06-30,04:00:00,17280488
T42_N2,20250630_110000.WAV,2025-06-30,11:00:00,17280488
T42_N2,20250630_140000.WAV,2025-06-30,14:00:00,17280488
T42_N2,20250630_180000.WAV,2025-06-30,18:00:00,17280488
T42_N2,20250701_000000.WAV,2025-07-01,00:00:00,17280488
T42_N2,20250701_040000.WAV,2025-07-01,04:00:00,17280488
T42_N2,20250701_110000.WAV,2025-07-01,11:00:00,17280488
T42_N2,20250701_140000.WAV,2025-07-01,14:00:00,17280488
T42_N2,20250701_180000.WAV,2025-07-01,18:00:00,17280488
T42_N2,20250702_000000.WAV,2025-07-02,00:00:00,17280488
T42_N2,20250702_040000.WAV,2025-07-02,04:00:00,17280488
T42_N2,20250702_110000.WAV,2025-07-02,11:00:00,17280488
T42_N2,20250702_140000.WAV,2025-07-02,14:00:00,17280488
T42_N2,20250702_180000.WAV,2025-07-02,18:00:00,17280488
T42_N2,20250703_000000.WAV,2025-07-03,00:00:00,17280488
T42_N2,20250703_040000.WAV,2025-07-03,04:00:00,17280488
T42_N2,20250703_110000.WAV,2025-07-03,11:00:00,17280488
T42_N2,20250703_140000.WAV,2025-07-03,14:00:00,17280488
T42_N2,20250703_180000.WAV,2025-07-03,18:00:00,17280488
T42_N2,20250704_000000.WAV,2025-07-04,00:00:00,17280488
T42_N2,20250704_040000.WAV,2025-07-04,04:00:00,17280488
T42_N2,20250704_110000.WAV,2025-07-04,11:00:00,17280488
T42_N2,20250704_140000.WAV,2025-07-04,14:00:00,17280488
T42_N2,20250704_180000.WAV,2025-07-04,18:00:00,17280488
T42_N2,20250705_000000.WAV,2025-07-05,00:00:00,17280488
T42_N2,20250705_040000.WAV,2025-07-05,04:00:00,17280488
T42_N2,20250705_110000.WAV,2025-07-05,11:00:00,17280488
T42_N2,20250705_140000.WAV,2025-07-05,14:00:00,17280488
T42_N2,20250705_180000.WAV,2025-07-05,18:00:00,17280488
T42_N2,20250706_000000.WAV,2025-07-06,00:00:00,17280488
T42_N2,20250706_040000.WAV,2025-07-06,04:00:00,17280488
T42_N2,20250706_110000.WAV,2025-07-06,11:00:00,17280488
T42_N2,20250706_140000.WAV,2025-07-06,14:00:00,17280488
T42_N2,20250706_180000.WAV,2025-07-06,18:00:00,17280488
T42_N2,20250707_000000.WAV,2025-07-07,00:00:00,17280488
T42_N2,20250707_040000.WAV,2025-07-07,04:00:00,17280488
T42_N2,20250707_110000.WAV,2025-07-07,11:00:00,17280488
T42_N2,20250707_140000.WAV,2025-07-07,14:00:00,17280488
T42_N2,20250707_180000.WAV,2025-07-07,18:00:00,17280488
T42_N2,20250708_000000.WAV,2025-07-08,00:00:00,17280488
T42_N2,20250708_040000.WAV,2025-07-08,04:00:00,17280488
T42_N2,20250708_110000.WAV,2025-07-08,11:00:00,17280488
T42_N2,20250708_140000.WAV,2025-07-08,14:00:00,17280488
T42_N2,20250708_180000.WAV,2025-07-08,18:00:00,17280488
T42_N2,20250709_000000.WAV,2025-07-09,00:00:00,17280488
T42_N2,20250709_040000.WAV,2025-07-09,04:00:00,17280488
T42_N2,20250709_110000.WAV,2025-07-09,11:00:00,17280488
T42_N2,20250709_140000.WAV,2025-07-09,14:00:00,17280488
T42_N2,20250709_180000.WAV,2025-07-09,18:00:00,17280488
T42_N2,20250710_000000.WAV,2025-07-10,00:00:00,17280488
T42_N2,20250710_040000.WAV,2025-07-10,04:00:00,17280488
T42_N2,20250710_110000.WAV,2025-07-10,11:00:00,17280488
T42_N2,20250710_140000.WAV,2025-07-10,14:00:00,17280488
T42_N2,20250710_180000.WAV,2025-07-10,18:00:00,17280488
T42_N2,20250711_000000.WAV,2025-07-11,00:00:00,17280488
T42_N2,20250711_040000.WAV,2025-07-11,04:00:00,17280488
T42_N2,20250711_110000.WAV,2025-07-11,11:00:00,17280488
T42_N2,20250711_140000.WAV,2025-07-11,14:00:00,17280488
T42_N2,20250711_180000.WAV,2025-07-11,18:00:00,17280488
T42_N2,20250712_000000.WAV,2025-07-12,00:00:00,17280488
T42_N2,20250712_040000.WAV,2025-07-12,04:00:00,17280488
T42_N2,20250712_110000.WAV,2025-07-12,11:00:00,17280488
T42_N2,20250712_140000.WAV,2025-07-12,14:00:00,17280488
T42_N2,20250712_180000.WAV,2025-07-12,18:00:00,17280488
T42_N2,20250713_000000.WAV,2025-07-13,00:00:00,17280488
T42_N2,20250713_040000.WAV,2025-07-13,04:00:00,17280488
T42_N2,20250713_110000.WAV,2025-07-13,11:00:00,17280488
T42_N2,20250713_140000.WAV,2025-07-13,14:00:00,17280488
T42_N2,20250713_180000.WAV,2025-07-13,18:00:00,17280488
T42_N2,20250714_000000.WAV,2025-07-14,00:00:00,17280488
T42_N2,20250714_040000.WAV,2025-07-14,04:00:00,17280488
T42_N2,20250714_110000.WAV,2025-07-14,11:00:00,17280488
T42_N2,20250714_140000.WAV,2025-07-14,14:00:00,17280488
T42_N2,20250714_180000.WAV,2025-07-14,18:00:00,17280488
T42_N2,20250715_000000.WAV,2025-07-15,00:00:00,17280488
T42_N2,20250715_040000.WAV,2025-07-15,04:00:00,17280488
T42_N2,20250715_110000.WAV,2025-07-15,11:00:00,17280488
T42_N2,20250715_140000.WAV,2025-07-15,14:00:00,17280488
T42_N2,20250715_180000.WAV,2025-07-15,18:00:00,17280488
T42_N2,20250716_000000.WAV,2025-07-16,00:00:00,17280488
T42_N2,20250716_040000.WAV,2025-07-16,04:00:00,17280488
T42_N2,20250716_110000.WAV,2025-07-16,11:00:00,17280488
T42_N2,20250716_140000.WAV,2025-07-16,14:00:00,17280488
T42_N2,20250716_180000.WAV,2025-07-16,18:00:00,17280488
T42_N2,20250717_000000.WAV,2025-07-17,00:00:00,17280488
T42_N2,20250717_040000.WAV,2025-07-17,04:00:00,17280488
T42_N2,20250717_110000.WAV,2025-07-17,11:00:00,17280488
T42_N2,20250717_140000.WAV,2025-07-17,14:00:00,17280488
T42_N2,20250717_180000.WAV,2025-07-17,18:00:00,17280488
T42_N2,20250718_000000.WAV,2025-07-18,00:00:00,17280488
T42_N2,20250718_040000.WAV,2025-07-18,04:00:00,17280488
T42_N2,20250718_110000.WAV,2025-07-18,11:00:00,17280488
T42_N2,20250718_140000.WAV,2025-07-18,14:00:00,17280488
T42_N2,20250718_180000.WAV,2025-07-18,18:00:00,17280488
T42_N2,20250719_000000.WAV,2025-07-19,00:00:00,17280488
T42_N2,20250719_040000.WAV,2025-07-19,04:00:00,17280488
T42_N2,20250719_110000.WAV,2025-07-19,11:00:00,17280488
T42_N2,20250719_140000.WAV,2025-07-19,14:00:00,17280488
T42_N2,20250719_180000.WAV,2025-07-19,18:00:00,17280488
T42_N2,20250720_000000.WAV,2025-07-20,00:00:00,17280488
T42_N2,20250720_040000.WAV,2025-07-20,04:00:00,17280488
T42_N2,20250720_110000.WAV,2025-07-20,11:00:00,17280488
T42_N2,20250720_140000.WAV,2025-07-20,14:00:00,17280488
T42_N2,20250720_180000.WAV,2025-07-20,18:00:00,17280488
T42_N2,20250721_000000.WAV,2025-07-21,00:00:00,17280488
T42_N2,20250721_040000.WAV,2025-07-21,04:00:00,17280488
T42_N2,20250721_110000.WAV,2025-07-21,11:00:00,17280488
T42_N2,20250721_140000.WAV,2025-07-21,14:00:00,17280488
T42_N2,20250721_180000.WAV,2025-07-21,18:00:00,17280488
T42_N2,20250722_000000.WAV,2025-07-22,00:00:00,17280488
T42_N2,20250722_040000.WAV,2025-07-22,04:00:00,17280488
T42_N2,20250722_110000.WAV,2025-07-22,11:00:00,17280488
T42_N2,20250722_140000.WAV,2025-07-22,14:00:00,17280488
T42_N2,20250722_180000.WAV,2025-07-22,18:00:00,17280488
T42_N2,20250723_000000.WAV,2025-07-23,00:00:00,17280488
T42_N2,20250723_040000.WAV,2025-07-23,04:00:00,17280488
T42_N2,20250723_110000.WAV,2025-07-23,11:00:00,17280488
T42_N2,20250723_140000.WAV,2025-07-23,14:00:00,17280488
T42_N2,20250723_180000.WAV,2025-07-23,18:00:00,17280488
T42_N2,20250724_000000.WAV,2025-07-24,00:00:00,17280488
T42_N2,20250724_040000.WAV,2025-07-24,04:00:00,17280488
T42_N2,20250724_110000.WAV,2025-07-24,11:00:00,17280488
T42_N2,20250724_140000.WAV,2025-07-24,14:00:00,17280488
T42_N2,20250724_180000.WAV,2025-07-24,18:00:00,17280488
T42_N2,20250725_000000.WAV,2025-07-25,00:00:00,17280488
T42_N2,20250725_040000.WAV,2025-07-25,04:00:00,17280488
T42_N2,20250725_110000.WAV,2025-07-25,11:00:00,17280488
T42_N2,20250725_140000.WAV,2025-07-25,14:00:00,17280488
T42_N2,20250725_180000.WAV,2025-07-25,18:00:00,17280488
T42_N2,20250726_000000.WAV,2025-07-26,00:00:00,17280488
T42_N2,20250726_040000.WAV,2025-07-26,04:00:00,17280488
T42_N2,20250726_110000.WAV,2025-07-26,11:00:00,17280488
T42_N2,20250726_140000.WAV,2025-07-26,14:00:00,17280488
T42_N2,20250726_180000.WAV,2025-07-26,18:00:00,17280488
T42_N2,20250727_000000.WAV,2025-07-27,00:00:00,17280488
T42_N2,20250727_040000.WAV,2025-07-27,04:00:00,17280488
T42_N2,20250727_110000.WAV,2025-07-27,11:00:00,17280488
T42_N2,20250727_140000.WAV,2025-07-27,14:00:00,17280488
T42_N2,20250727_180000.WAV,2025-07-27,18:00:00,17280488
T42_N2,20250728_000000.WAV,2025-07-28,00:00:00,17280488
T42_N2,20250728_040000.WAV,2025-07-28,04:00:00,17280488
T42_N2,20250728_110000.WAV,2025-07-28,11:00:00,17280488
T42_N2,20250728_140000.WAV,2025-07-28,14:00:00,17280488
T42_N2,20250728_180000.WAV,2025-07-28,18:00:00,17280488
T42_N2,20250729_000000.WAV,2025-07-29,00:00:00,17280488
T42_N2,20250729_040000.WAV,2025-07-29,04:00:00,17280488
T42_N2,20250729_110000.WAV,2025-07-29,11:00:00,17280488
T42_N2,20250729_140000.WAV,2025-07-29,14:00:00,17280488
T42_N2,20250729_180000.WAV,2025-07-29,18:00:00,17280488
T42_N2,20250730_000000.WAV,2025-07-30,00:00:00,17280488
T42_N2,20250730_040000.WAV,2025-07-30,04:00:00,17280488
T42_N2,20250730_110000.WAV,2025-07-30,11:00:00,17280488
T42_N2,20250730_140000.WAV,2025-07-30,14:00:00,17280488
T42_N2,20250730_180000.WAV,2025-07-30,18:00:00,17280488
T42_N2,20250731_000000.WAV,2025-07-31,00:00:00,17280488
T42_N2,20250731_040000.WAV,2025-07-31,04:00:00,17280488
T42_N2,20250731_110000.WAV,2025-07-31,11:00:00,17280488
T42_N2,20250731_140000.WAV,2025-07-31,14:00:00,17280488
T42_N2,20250731_180000.WAV,2025-07-31,18:00:00,17280488
T42_N2,20250801_000000.WAV,2025-08-01,00:00:00,17280488
T42_N2,20250801_040000.WAV,2025-08-01,04:00:00,17280488
T42_N2,20250801_110000.WAV,2025-08-01,11:00:00,17280488
T42_N2,20250801_140000.WAV,2025-08-01,14:00:00,17280488
T42_N2,20250801_180000.WAV,2025-08-01,18:00:00,17280488
T42_N2,20250802_000000.WAV,2025-08-02,00:00:00,17280488
T42_N2,20250802_040000.WAV,2025-08-02,04:00:00,17280488
T42_N2,20250802_110000.WAV,2025-08-02,11:00:00,17280488
T42_N2,20250802_140000.WAV,2025-08-02,14:00:00,17280488
T42_N2,20250802_180000.WAV,2025-08-02,18:00:00,17280488
T42_N2,20250803_000000.WAV,2025-08-03,00:00:00,17280488
T42_N2,20250803_040000.WAV,2025-08-03,04:00:00,17280488
T42_N2,20250803_110000.WAV,2025-08-03,11:00:00,17280488
T42_N2,20250803_140000.WAV,2025-08-03,14:00:00,17280488
T42_N2,20250803_180000.WAV,2025-08-03,18:00:00,17280488
T42_N2,20250804_000000.WAV,2025-08-04,00:00:00,17280488
T42_N2,20250804_040000.WAV,2025-08-04,04:00:00,17280488
T42_N2,20250804_110000.WAV,2025-08-04,11:00:00,17280488
T42_N2,20250804_140000.WAV,2025-08-04,14:00:00,17280488
T42_N2,20250804_180000.WAV,2025-08-04,18:00:00,17280488
T42_N2,20250805_000000.WAV,2025-08-05,00:00:00,17280488
T42_N2,20250805_040000.WAV,2025-08-05,04:00:00,17280488
T42_N2,20250805_110000.WAV,2025-08-05,11:00:00,17280488
T42_N2,20250805_140000.WAV,2025-08-05,14:00:00,17280488
T42_N2,20250805_180000.WAV,2025-08-05,18:00:00,17280488
T42_N2,20250806_000000.WAV,2025-08-06,00:00:00,17280488
T42_N2,20250806_040000.WAV,2025-08-06,04:00:00,17280488
T42_N2,20250806_110000.WAV,2025-08-06,11:00:00,17280488
T42_N2,20250806_140000.WAV,2025-08-06,14:00:00,17280488
T42_N2,20250806_180000.WAV,2025-08-06,18:00:00,17280488
T42_N2,20250807_000000.WAV,2025-08-07,00:00:00,17280488
T42_N2,20250807_040000.WAV,2025-08-07,04:00:00,17280488
T42_N2,20250807_110000.WAV,2025-08-07,11:00:00,17280488
T42_N2,20250807_140000.WAV,2025-08-07,14:00:00,17280488
T42_N2,20250807_180000.WAV,2025-08-07,18:00:00,17280488
T42_N2,20250808_000000.WAV,2025-08-08,00:00:00,17280488
T42_N2,20250808_040000.WAV,2025-08-08,04:00:00,17280488
T42_N2,20250808_110000.WAV,2025-08-08,11:00:00,17280488
T42_N2,20250808_140000.WAV,2025-08-08,14:00:00,17280488
T42_N2,20250808_180000.WAV,2025-08-08,18:00:00,17280488
T42_N2,20250809_000000.WAV,2025-08-09,00:00:00,17280488
T42_N2,20250809_040000.WAV,2025-08-09,04:00:00,17280488
T42_N2,20250809_110000.WAV,2025-08-09,11:00:00,17280488
T42_N2,20250809_140000.WAV,2025-08-09,14:00:00,17280488
T42_N2,20250809_180000.WAV,2025-08-09,18:00:00,17280488
T42_N2,20250810_000000.WAV,2025-08-10,00:00:00,17280488
T42_N2,20250810_040000.WAV,2025-08-10,04:00:00,17280488
T42_N2,20250810_110000.WAV,2025-08-10,11:00:00,17280488
T42_N2,20250810_140000.WAV,2025-08-10,14:00:00,17280488
T42_N2,20250810_180000.WAV,2025-08-10,18:00:00,17280488
T42_N2,20250811_000000.WAV,2025-08-11,00:00:00,17280488
T42_N2,20250811_040000.WAV,2025-08-11,04:00:00,17280488
T42_N2,20250811_110000.WAV,2025-08-11,11:00:00,17280488
T42_N2,20250811_140000.WAV,2025-08-11,14:00:00,17280488
T42_N2,20250811_180000.WAV,2025-08-11,18:00:00,17280488
T42_N2,20250812_000000.WAV,2025-08-12,00:00:00,17280488
T42_N2,20250812_040000.WAV,2025-08-12,04:00:00,17280488
T42_N2,20250812_110000.WAV,2025-08-12,11:00:00,17280488
T42_N2,20250812_140000.WAV,2025-08-12,14:00:00,17280488
T42_N2,20250812_180000.WAV,2025-08-12,18:00:00,17280488
T42_N2,20250813_000000.WAV,2025-08-13,00:00:00,17280488
T42_N2,20250813_040000.WAV,2025-08-13,04:00:00,17280488
T42_N2,20250813_110000.WAV,2025-08-13,11:00:00,17280488
T42_N2,20250813_140000.WAV,2025-08-13,14:00:00,17280488
T42_N2,20250813_180000.WAV,2025-08-13,18:00:00,17280488
T42_N2,20250814_000000.WAV,2025-08-14,00:00:00,17280488
T42_N2,20250814_040000.WAV,2025-08-14,04:00:00,17280488
T42_N2,20250814_110000.WAV,2025-08-14,11:00:00,17280488
T42_N2,20250814_140000.WAV,2025-08-14,14:00:00,17280488
T42_N2,20250814_180000.WAV,2025-08-14,18:00:00,17280488
T42_N2,20250815_000000.WAV,2025-08-15,00:00:00,17280488
T42_N2,20250815_040000.WAV,2025-08-15,04:00:00,17280488
T42_N2,20250815_110000.WAV,2025-08-15,11:00:00,17280488
T42_N2,20250815_140000.WAV,2025-08-15,14:00:00,17280488
T42_N2,20250815_180000.WAV,2025-08-15,18:00:00,17280488
T42_N2,20250816_000000.WAV,2025-08-16,00:00:00,17280488
T42_N2,20250816_040000.WAV,2025-08-16,04:00:00,17280488
T42_N2,20250816_110000.WAV,2025-08-16,11:00:00,17280488
T42_N2,20250816_140000.WAV,2025-08-16,14:00:00,17280488
T42_N2,20250816_180000.WAV,2025-08-16,18:00:00,17280488
T42_N2,20250817_000000.WAV,2025-08-17,00:00:00,17280488
T42_N2,20250817_040000.WAV,2025-08-17,04:00:00,17280488
T42_N2,20250817_110000.WAV,2025-08-17,11:00:00,17280488
T42_N2,20250817_140000.WAV,2025-08-17,14:00:00,17280488
T42_N2,20250817_180000.WAV,2025-08-17,18:00:00,17280488
T42_N2,20250818_000000.WAV,2025-08-18,00:00:00,17280488
T42_N2,20250818_040000.WAV,2025-08-18,04:00:00,17280488
T42_N2,20250818_110000.WAV,2025-08-18,11:00:00,17280488
T42_N2,20250818_140000.WAV,2025-08-18,14:00:00,17280488
T42_N2,20250818_180000.WAV,2025-08-18,18:00:00,17280488
T42_N2,20250819_000000.WAV,2025-08-19,00:00:00,17280488
T42_N2,20250819_040000.WAV,2025-08-19,04:00:00,17280488
T42_N2,20250819_110000.WAV,2025-08-19,11:00:00,17280488
T42_N2,20250819_140000.WAV,2025-08-19,14:00:00,17280488
T42_N2,20250819_180000.WAV,2025-08-19,18:00:00,17280488
T42_N2,20250820_000000.WAV,2025-08-20,00:00:00,17280488
T42_N2,20250820_040000.WAV,2025-08-20,04:00:00,17280488
T42_N2,20250820_110000.WAV,2025-08-20,11:00:00,17280488
T42_N2,20250820_140000.WAV,2025-08-20,14:00:00,17280488
T42_N2,20250820_180000.WAV,2025-08-20,18:00:00,17280488
T42_N2,20250821_000000.WAV,2025-08-21,00:00:00,17280488
T42_N2,20250821_040000.WAV,2025-08-21,04:00:00,17280488
T42_N2,20250821_110000.WAV,2025-08-21,11:00:00,17280488
T42_N2,20250821_140000.WAV,2025-08-21,14:00:00,17280488
T42_N2,20250821_180000.WAV,2025-08-21,18:00:00,17280488
T42_N2,20250822_000000.WAV,2025-08-22,00:00:00,17280488
T42_N2,20250822_040000.WAV,2025-08-22,04:00:00,17280488
T42_N2,20250822_110000.WAV,2025-08-22,11:00:00,17280488
T42_N2,20250822_140000.WAV,2025-08-22,14:00:00,17280488
T42_N2,20250822_180000.WAV,2025-08-22,18:00:00,17280488
T42_N2,20250823_000000.WAV,2025-08-23,00:00:00,17280488
T42_N2,20250823_040000.WAV,2025-08-23,04:00:00,17280488
T42_N2,20250823_110000.WAV,2025-08-23,11:00:00,17280488
T42_N2,20250823_140000.WAV,2025-08-23,14:00:00,17280488
T42_N2,20250823_180000.WAV,2025-08-23,18:00:00,17280488
T42_N2,20250824_000000.WAV,2025-08-24,00:00:00,17280488
T42_N2,20250824_040000.WAV,2025-08-24,04:00:00,17280488
T42_N2,20250824_110000.WAV,2025-08-24,11:00:00,17280488
T42_N2,20250824_140000.WAV,2025-08-24,14:00:00,17280488
T42_N2,20250824_180000.WAV,2025-08-24,18:00:00,17280488
T42_N2,20250825_000000.WAV,2025-08-25,00:00:00,17280488
T42_N2,20250825_040000.WAV,2025-08-25,04:00:00,17280488
T42_N2,20250825_110000.WAV,2025-08-25,11:00:00,17280488
T42_N2,20250825_140000.WAV,2025-08-25,14:00:00,17280488
T42_N2,20250825_180000.WAV,2025-08-25,18:00:00,17280488
T42_N2,20250826_000000.WAV,2025-08-26,00:00:00,17280488
T42_N2,20250826_040000.WAV,2025-08-26,04:00:00,17280488
T42_N2,20250826_110000.WAV,2025-08-26,11:00:00,17280488
T42_N2,20250826_140000.WAV,2025-08-26,14:00:00,17280488
T42_N2,20250826_180000.WAV,2025-08-26,18:00:00,17280488
T42_N2,20250827_000000.WAV,2025-08-27,00:00:00,17280488
T42_N2,20250827_040000.WAV,2025-08-27,04:00:00,17280488
T42_N2,20250827_110000.WAV,2025-08-27,11:00:00,17280488
T42_N2,20250827_140000.WAV,2025-08-27,14:00:00,17280488
T42_N2,20250827_180000.WAV,2025-08-27,18:00:00,17280488
T42_N2,20250828_000000.WAV,2025-08-28,00:00:00,17280488
T42_N2,20250828_040000.WAV,2025-08-28,04:00:00,17280488
T42_N2,20250828_110000.WAV,2025-08-28,11:00:00,17280488
T42_N2,20250828_140000.WAV,2025-08-28,14:00:00,17280488
T42_N2,20250828_180000.WAV,2025-08-28,18:00:00,17280488
T42_N2,20250829_000000.WAV,2025-08-29,00:00:00,17280488
T42_N2,20250829_040000.WAV,2025-08-29,04:00:00,17280488
T42_N2,20250829_110000.WAV,2025-08-29,11:00:00,17280488
T42_N2,20250829_140000.WAV,2025-08-29,14:00:00,17280488
T42_N2,20250829_180000.WAV,2025-08-29,18:00:00,17280488
T42_N2,20250830_000000.WAV,2025-08-30,00:00:00,17280488
T42_N2,20250830_040000.WAV,2025-08-30,04:00:00,17280488
T42_N2,20250830_110000.WAV,2025-08-30,11:00:00,17280488
T42_N2,20250830_140000.WAV,2025-08-30,14:00:00,17280488
T42_N2,20250830_180000.WAV,2025-08-30,18:00:00,17280488
T42_N2,20250831_000000.WAV,2025-08-31,00:00:00,17280488
T42_N2,20250831_040000.WAV,2025-08-31,04:00:00,17280488
T42_N2,20250831_110000.WAV,2025-08-31,11:00:00,17280488
T42_N2,20250831_140000.WAV,2025-08-31,14:00:00,17280488
T42_N2,20250831_180000.WAV,2025-08-31,18:00:00,17280488
T42_N2,20250901_000000.WAV,2025-09-01,00:00:00,17280488
T42_N2,20250901_040000.WAV,2025-09-01,04:00:00,17280488
T42_N2,20250901_110000.WAV,2025-09-01,11:00:00,17280488
T42_N2,20250901_140000.WAV,2025-09-01,14:00:00,17280488
T42_N2,20250901_180000.WAV,2025-09-01,18:00:00,17280488
T42_N2,20250902_000000.WAV,2025-09-02,00:00:00,17280488
T42_N2,20250902_040000.WAV,2025-09-02,04:00:00,17280488
T42_N2,20250902_110000.WAV,2025-09-02,11:00:00,17280488
T42_N2,20250902_140000.WAV,2025-09-02,14:00:00,17280488
T42_N2,20250902_180000.WAV,2025-09-02,18:00:00,17280488
T42_N2,20250903_000000.WAV,2025-09-03,00:00:00,17280488
T42_N2,20250903_040000.WAV,2025-09-03,04:00:00,17280488
T42_N2,20250903_110000.WAV,2025-09-03,11:00:00,17280488
T42_N2,20250903_140000.WAV,2025-09-03,14:00:00,17280488
T42_N2,20250903_180000.WAV,2025-09-03,18:00:00,17280488
T42_N2,20250904_000000.WAV,2025-09-04,00:00:00,17280488
T42_N2,20250904_040000.WAV,2025-09-04,04:00:00,17280488
T42_N2,20250904_110000.WAV,2025-09-04,11:00:00,17280488
T42_N2,20250904_140000.WAV,2025-09-04,14:00:00,17280488
T42_N2,20250904_180000.WAV,2025-09-04,18:00:00,17280488
T42_N2,20250905_000000.WAV,2025-09-05,00:00:00,17280488
T42_N2,20250905_040000.WAV,2025-09-05,04:00:00,17280488
T42_N2,20250905_110000.WAV,2025-09-05,11:00:00,17280488
T42_N2,20250905_140000.WAV,2025-09-05,14:00:00,17280488
T42_N2,20250905_180000.WAV,2025-09-05,18:00:00,17280488
T42_N2,20250906_000000.WAV,2025-09-06,00:00:00,17280488
T42_N2,20250906_040000.WAV,2025-09-06,04:00:00,17280488
T42_N2,20250906_110000.WAV,2025-09-06,11:00:00,17280488
T42_N2,20250906_140000.WAV,2025-09-06,14:00:00,17280488
T42_N2,20250906_180000.WAV,2025-09-06,18:00:00,17280488
T42_N2,20250907_000000.WAV,2025-09-07,00:00:00,17280488
T42_N2,20250907_040000.WAV,2025-09-07,04:00:00,17280488
T42_N2,20250907_110000.WAV,2025-09-07,11:00:00,17280488
T42_N2,20250907_140000.WAV,2025-09-07,14:00:00,17280488
T42_N2,20250907_180000.WAV,2025-09-07,18:00:00,17280488
T42_N2,20250908_000000.WAV,2025-09-08,00:00:00,17280488
T42_N2,20250908_040000.WAV,2025-09-08,04:00:00,17280488
T42_N2,20250908_110000.WAV,2025-09-08,11:00:00,17280488
T42_N2,20250908_140000.WAV,2025-09-08,14:00:00,17280488
T42_N2,20250908_180000.WAV,2025-09-08,18:00:00,17280488
T42_N2,20250909_000000.WAV,2025-09-09,00:00:00,17280488
T42_N2,20250909_040000.WAV,2025-09-09,04:00:00,17280488
T42_N2,20250909_110000.WAV,2025-09-09,11:00:00,17280488
T42_N2,20250909_140000.WAV,2025-09-09,14:00:00,17280488
T42_N2,20250909_180000.WAV,2025-09-09,18:00:00,17280488
T42_N2,20250910_000000.WAV,2025-09-10,00:00:00,17280488
T42_N2,20250910_040000.WAV,2025-09-10,04:00:00,17280488
T42_N2,20250910_110000.WAV,2025-09-10,11:00:00,17280488
T42_N2,20250910_140000.WAV,2025-09-10,14:00:00,17280488
T42_N2,20250910_180000.WAV,2025-09-10,18:00:00,17280488
T42_N2,20250911_000000.WAV,2025-09-11,00:00:00,17280488
T42_N2,20250911_040000.WAV,2025-09-11,04:00:00,17280488
T42_N2,20250911_110000.WAV,2025-09-11,11:00:00,17280488
T42_N2,20250911_140000.WAV,2025-09-11,14:00:00,17280488
T42_N2,20250911_180000.WAV,2025-09-11,18:00:00,17280488
T42_N2,20250912_000000.WAV,2025-09-12,00:00:00,17280488
T42_N2,20250912_040000.WAV,2025-09-12,04:00:00,17280488
T42_N2,20250912_110000.WAV,2025-09-12,11:00:00,17280488
T42_N2,20250912_140000.WAV,2025-09-12,14:00:00,17280488
T42_N2,20250912_180000.WAV,2025-09-12,18:00:00,17280488
T42_N2,20250913_000000.WAV,2025-09-13,00:00:00,17280488
T42_N2,20250913_040000.WAV,2025-09-13,04:00:00,17280488
T42_N2,20250913_110000.WAV,2025-09-13,11:00:00,17280488
T42_N2,20250913_140000.WAV,2025-09-13,14:00:00,17280488
T42_N2,20250913_180000.WAV,2025-09-13,18:00:00,17280488
T42_N2,20250914_000000.WAV,2025-09-14,00:00:00,17280488
T42_N2,20250914_040000.WAV,2025-09-14,04:00:00,17280488
T42_N2,20250914_110000.WAV,2025-09-14,11:00:00,17280488
T42_N2,20250914_140000.WAV,2025-09-14,14:00:00,17280488
T42_N2,20250914_180000.WAV,2025-09-14,18:00:00,17280488
T42_N2,20250915_000000.WAV,2025-09-15,00:00:00,17280488
T42_N2,20250915_040000.WAV,2025-09-15,04:00:00,17280488
T42_N2,20250915_110000.WAV,2025-09-15,11:00:00,17280488
T42_N2,20250915_140000.WAV,2025-09-15,14:00:00,17280488
T42_N2,20250915_180000.WAV,2025-09-15,18:00:00,17280488
T42_N2,20250916_000000.WAV,2025-09-16,00:00:00,17280488
T42_N2,20250916_040000.WAV,2025-09-16,04:00:00,17280488
T42_N2,20250916_110000.WAV,2025-09-16,11:00:00,17280488
T42_N2,20250916_140000.WAV,2025-09-16,14:00:00,17280488
T42_N2,20250916_180000.WAV,2025-09-16,18:00:00,17280488
T42_N2,20250917_000000.WAV,2025-09-17,00:00:00,17280488
T42_N2,20250917_040000.WAV,2025-09-17,04:00:00,17280488
T42_N2,20250917_110000.WAV,2025-09-17,11:00:00,17280488
T42_N2,20250917_140000.WAV,2025-09-17,14:00:00,17280488
T42_N2,20250917_180000.WAV,2025-09-17,18:00:00,17280488
T42_N2,20250918_000000.WAV,2025-09-18,00:00:00,17280488
T42_N2,20250918_040000.WAV,2025-09-18,04:00:00,17280488
T42_N2,20250918_110000.WAV,2025-09-18,11:00:00,17280488
T42_N2,20250918_140000.WAV,2025-09-18,14:00:00,17280488
T42_N2,20250918_180000.WAV,2025-09-18,18:00:00,17280488
T42_N2,20250919_000000.WAV,2025-09-19,00:00:00,17280488
T42_N2,20250919_040000.WAV,2025-09-19,04:00:00,17280488
T42_N2,20250919_110000.WAV,2025-09-19,11:00:00,17280488
T42_N2,20250919_140000.WAV,2025-09-19,14:00:00,17280488
T42_N2,20250919_180000.WAV,2025-09-19,18:00:00,17280488
T42_N2,20250920_000000.WAV,2025-09-20,00:00:00,17280488
T42_N2,20250920_040000.WAV,2025-09-20,04:00:00,17280488
T42_N2,20250920_110000.WAV,2025-09-20,11:00:00,17280488
T42_N2,20250920_140000.WAV,2025-09-20,14:00:00,17280488
T42_N2,20250920_180000.WAV,2025-09-20,18:00:00,17280488
T42_N2,20250921_000000.WAV,2025-09-21,00:00:00,17280488
T42_N2,20250921_040000.WAV,2025-09-21,04:00:00,17280488
T42_N2,20250921_110000.WAV,2025-09-21,11:00:00,17280488
T42_N2,20250921_140000.WAV,2025-09-21,14:00:00,17280488
T42_N2,20250921_180000.WAV,2025-09-21,18:00:00,17280488
T42_N2,20250922_000000.WAV,2025-09-22,00:00:00,17280488
T42_N2,20250922_040000.WAV,2025-09-22,04:00:00,17280488
T42_N2,20250922_110000.WAV,2025-09-22,11:00:00,17280488
T42_N2,20250922_140000.WAV,2025-09-22,14:00:00,17280488
T42_N2,20250922_180000.WAV,2025-09-22,18:00:00,17280488
T42_N2,20250923_000000.WAV,2025-09-23,00:00:00,17280488
T42_N2,20250923_040000.WAV,2025-09-23,04:00:00,17280488
T42_N2,20250923_110000.WAV,2025-09-23,11:00:00,17280488
T42_N2,20250923_140000.WAV,2025-09-23,14:00:00,17280488
T42_N2,20250923_180000.WAV,2025-09-23,18:00:00,17280488
T42_N2,20250924_000000.WAV,2025-09-24,00:00:00,17280488
T42_N2,20250924_040000.WAV,2025-09-24,04:00:00,17280488
T42_N2,20250924_110000.WAV,2025-09-24,11:00:00,17280488
T42_N2,20250924_140000.WAV,2025-09-24,14:00:00,17280488
T42_N2,20250924_180000.WAV,2025-09-24,18:00:00,17280488
T42_N2,20250925_000000.WAV,2025-09-25,00:00:00,17280488
T42_N2,20250925_040000.WAV,2025-09-25,04:00:00,17280488
T42_N2,20250925_110000.WAV,2025-09-25,11:00:00,17280488
T42_N2,20250925_140000.WAV,2025-09-25,14:00:00,17280488
T42_N2,20250925_180000.WAV,2025-09-25,18:00:00,17280488
T42_N2,20250926_000000.WAV,2025-09-26,00:00:00,17280488
T42_N2,20250926_040000.WAV,2025-09-26,04:00:00,17280488
T42_N2,20250926_110000.WAV,2025-09-26,11:00:00,17280488
T42_N2,20250926_140000.WAV,2025-09-26,14:00:00,17280488
T42_N2,20250926_180000.WAV,2025-09-26,18:00:00,17280488
T42_N2,20250927_000000.WAV,2025-09-27,00:00:00,17280488
T42_N2,20250927_040000.WAV,2025-09-27,04:00:00,17280488
T42_N2,20250927_110000.WAV,2025-09-27,11:00:00,17280488
T42_N2,20250927_140000.WAV,2025-09-27,14:00:00,17280488
T42_N2,20250927_180000.WAV,2025-09-27,18:00:00,17280488
T42_N2,20250928_000000.WAV,2025-09-28,00:00:00,17280488
T42_N2,20250928_040000.WAV,2025-09-28,04:00:00,17280488
T42_N2,20250928_110000.WAV,2025-09-28,11:00:00,17280488
T42_N2,20250928_140000.WAV,2025-09-28,14:00:00,17280488
T42_N2,20250928_180000.WAV,2025-09-28,18:00:00,17280488
T42_N2,20250929_000000.WAV,2025-09-29,00:00:00,17280488
T42_N2,20250929_040000.WAV,2025-09-29,04:00:00,17280488
T42_N2,20250929_110000.WAV,2025-09-29,11:00:00,17280488
T42_N2,20250929_140000.WAV,2025-09-29,14:00:00,17280488
T42_N2,20250929_180000.WAV,2025-09-29,18:00:00,17280488
T42_N2,20250930_000000.WAV,2025-09-30,00:00:00,17280488
T42_N2,20250930_040000.WAV,2025-09-30,04:00:00,17280488
T42_N2,20250930_110000.WAV,2025-09-30,11:00:00,17280488
T42_N2,20250930_140000.WAV,2025-09-30,14:00:00,17280488
T42_N2,20250930_180000.WAV,2025-09-30,18:00:00,17280488
T42_N2,20251001_000000.WAV,2025-10-01,00:00:00,17280488
T42_N2,20251001_040000.WAV,2025-10-01,04:00:00,17280488
T42_N2,20251001_110000.WAV,2025-10-01,11:00:00,17280488
T42_N2,20251001_140000.WAV,2025-10-01,14:00:00,17280488
T42_N2,20251001_180000.WAV,2025-10-01,18:00:00,17280488
T42_N2,20251002_000000.WAV,2025-10-02,00:00:00,17280488
T42_N2,20251002_040000.WAV,2025-10-02,04:00:00,17280488
T42_N2,20251002_110000.WAV,2025-10-02,11:00:00,17280488
T42_N2,20251002_140000.WAV,2025-10-02,14:00:00,17280488
T42_N2,20251002_180000.WAV,2025-10-02,18:00:00,17280488
T42_N2,20251003_000000.WAV,2025-10-03,00:00:00,17280488
T42_N2,20251003_040000.WAV,2025-10-03,04:00:00,17280488
T42_N2,20251003_110000.WAV,2025-10-03,11:00:00,17280488
T42_N2,20251003_140000.WAV,2025-10-03,14:00:00,17280488
T42_N2,20251003_180000.WAV,2025-10-03,18:00:00,17280488
T42_N2,20251004_000000.WAV,2025-10-04,00:00:00,17280488
T42_N2,20251004_040000.WAV,2025-10-04,04:00:00,17280488
T42_N2,20251004_110000.WAV,2025-10-04,11:00:00,17280488
T42_N2,20251004_140000.WAV,2025-10-04,14:00:00,17280488
T42_N2,20251004_180000.WAV,2025-10-04,18:00:00,17280488
T42_N2,20251005_000000.WAV,2025-10-05,00:00:00,17280488
T42_N2,20251005_040000.WAV,2025-10-05,04:00:00,17280488
T42_N2,20251005_110000.WAV,2025-10-05,11:00:00,17280488
T42_N2,20251005_140000.WAV,2025-10-05,14:00:00,17280488
T42_N2,20251005_180000.WAV,2025-10-05,18:00:00,17280488
T42_N2,20251006_000000.WAV,2025-10-06,00:00:00,17280488
T42_N2,20251006_040000.WAV,2025-10-06,04:00:00,17280488
T42_N2,20251006_110000.WAV,2025-10-06,11:00:00,17280488
T42_N2,20251006_140000.WAV,2025-10-06,14:00:00,17280488
T42_N2,20251006_180000.WAV,2025-10-06,18:00:00,17280488
T42_N2,20251007_000000.WAV,2025-10-07,00:00:00,17280488
T42_N2,20251007_040000.WAV,2025-10-07,04:00:00,17280488
T42_N2,20251007_110000.WAV,2025-10-07,11:00:00,17280488
T42_N2,20251007_140000.WAV,2025-10-07,14:00:00,17280488
T42_N2,20251007_180000.WAV,2025-10-07,18:00:00,17280488
T42_N2,20251008_000000.WAV,2025-10-08,00:00:00,17280488
T42_N2,20251008_040000.WAV,2025-10-08,04:00:00,17280488
T42_N2,20251008_110000.WAV,2025-10-08,11:00:00,17280488
T42_N2,20251008_140000.WAV,2025-10-08,14:00:00,17280488
T42_N2,20251008_180000.WAV,2025-10-08,18:00:00,17280488
T42_N2,20251009_000000.WAV,2025-10-09,00:00:00,17280488
T42_N2,20251009_040000.WAV,2025-10-09,04:00:00,17280488
T42_N2,20251009_110000.WAV,2025-10-09,11:00:00,17280488
T42_N2,20251009_140000.WAV,2025-10-09,14:00:00,17280488
T42_N2,20251009_180000.WAV,2025-10-09,18:00:00,17280488
T42_N2,20251010_000000.WAV,2025-10-10,00:00:00,17280488
T42_N2,20251010_040000.WAV,2025-10-10,04:00:00,17280488
T42_N2,20251010_110000.WAV,2025-10-10,11:00:00,17280488
T42_N2,20251010_140000.WAV,2025-10-10,14:00:00,17280488
T42_N2,20251010_180000.WAV,2025-10-10,18:00:00,17280488
T42_N2,20251011_000000.WAV,2025-10-11,00:00:00,17280488
T42_N2,20251011_040000.WAV,2025-10-11,04:00:00,17280488
T42_N2,20251011_110000.WAV,2025-10-11,11:00:00,17280488
T42_N2,20251011_140000.WAV,2025-10-11,14:00:00,17280488
T42_N2,20251011_180000.WAV,2025-10-11,18:00:00,17280488
T42_N2,20251012_000000.WAV,2025-10-12,00:00:00,17280488
T42_N2,20251012_040000.WAV,2025-10-12,04:00:00,17280488
T42_N2,20251012_110000.WAV,2025-10-12,11:00:00,17280488
T42_N2,20251012_140000.WAV,2025-10-12,14:00:00,17280488
T42_N2,20251012_180000.WAV,2025-10-12,18:00:00,17280488
T42_N2,20251013_000000.WAV,2025-10-13,00:00:00,17280488
T42_N2,20251013_040000.WAV,2025-10-13,04:00:00,17280488
T42_N2,20251013_110000.WAV,2025-10-13,11:00:00,17280488
T42_N2,20251013_140000.WAV,2025-10-13,14:00:00,17280488
T42_N2,20251013_180000.WAV,2025-10-13,18:00:00,17280488
T42_N2,20251014_000000.WAV,2025-10-14,00:00:00,17280488
T42_N2,20251014_040000.WAV,2025-10-14,04:00:00,17280488
T42_N2,20251014_110000.WAV,2025-10-14,11:00:00,17280488
T42_N2,20251014_140000.WAV,2025-10-14,14:00:00,17280488
T42_N2,20251014_180000.WAV,2025-10-14,18:00:00,17280488
T42_N2,20251015_000000.WAV,2025-10-15,00:00:00,17280488
T42_N2,20251015_040000.WAV,2025-10-15,04:00:00,17280488
T42_N2,20251015_110000.WAV,2025-10-15,11:00:00,17280488
T42_N2,20251015_140000.WAV,2025-10-15,14:00:00,17280488
T42_N2,20251015_180000.WAV,2025-10-15,18:00:00,17280488
T42_N2,20251016_000000.WAV,2025-10-16,00:00:00,17280488
T42_N2,20251016_040000.WAV,2025-10-16,04:00:00,17280488
T42_N2,20251016_110000.WAV,2025-10-16,11:00:00,17280488
T42_N2,20251016_140000.WAV,2025-10-16,14:00:00,17280488
T42_N2,20251016_180000.WAV,2025-10-16,18:00:00,17280488
T42_N2,20251017_000000.WAV,2025-10-17,00:00:00,17280488
T42_N2,20251017_040000.WAV,2025-10-17,04:00:00,17280488
T42_N2,20251017_110000.WAV,2025-10-17,11:00:00,17280488
T42_N2,20251017_140000.WAV,2025-10-17,14:00:00,17280488
T42_N2,20251017_180000.WAV,2025-10-17,18:00:00,17280488
T42_N2,20251018_000000.WAV,2025-10-18,00:00:00,17280488
T42_N2,20251018_040000.WAV,2025-10-18,04:00:00,17280488
T42_N2,20251018_110000.WAV,2025-10-18,11:00:00,17280488
T42_N2,20251018_140000.WAV,2025-10-18,14:00:00,17280488
T42_N2,20251018_180000.WAV,2025-10-18,18:00:00,17280488
T42_N2,20251019_000000.WAV,2025-10-19,00:00:00,17280488
T42_N2,20251019_040000.WAV,2025-10-19,04:00:00,17280488
T42_N2,20251019_110000.WAV,2025-10-19,11:00:00,17280488
T42_N2,20251019_140000.WAV,2025-10-19,14:00:00,17280488
T42_N2,20251019_180000.WAV,2025-10-19,18:00:00,17280488
T42_N2,20251020_000000.WAV,2025-10-20,00:00:00,17280488
T42_N2,20251020_040000.WAV,2025-10-20,04:00:00,17280488
T42_N2,20251020_110000.WAV,2025-10-20,11:00:00,17280488
T42_N2,20251020_140000.WAV,2025-10-20,14:00:00,17280488
T42_N2,20251020_180000.WAV,2025-10-20,18:00:00,17280488
T42_N2,20251021_000000.WAV,2025-10-21,00:00:00,17280488
T42_N2,20251021_040000.WAV,2025-10-21,04:00:00,17280488
T42_N2,20251021_110000.WAV,2025-10-21,11:00:00,17280488
T42_N2,20251021_140000.WAV,2025-10-21,14:00:00,17280488
T42_N2,20251021_180000.WAV,2025-10-21,18:00:00,17280488
T42_N2,20251022_000000.WAV,2025-10-22,00:00:00,17280488
T42_N2,20251022_040000.WAV,2025-10-22,04:00:00,17280488
T42_N2,20251022_110000.WAV,2025-10-22,11:00:00,17280488
T42_N2,20251022_140000.WAV,2025-10-22,14:00:00,17280488
T42_N2,20251022_180000.WAV,2025-10-22,18:00:00,17280488
T42_N2,20251023_000000.WAV,2025-10-23,00:00:00,17280488
T42_N2,20251023_040000.WAV,2025-10-23,04:00:00,17280488
T42_N2,20251023_110000.WAV,2025-10-23,11:00:00,17280488
T42_N2,20251023_140000.WAV,2025-10-23,14:00:00,17280488
T42_N2,20251023_180000.WAV,2025-10-23,18:00:00,17280488
T42_N2,20251024_000000.WAV,2025-10-24,00:00:00,17280488
T42_N2,20251024_040000.WAV,2025-10-24,04:00:00,17280488
T42_N2,20251024_110000.WAV,2025-10-24,11:00:00,17280488
T42_N2,20251024_140000.WAV,2025-10-24,14:00:00,17280488
T42_N2,20251024_180000.WAV,2025-10-24,18:00:00,17280488
T42_N2,20251025_000000.WAV,2025-10-25,00:00:00,17280488
T42_N2,20251025_040000.WAV,2025-10-25,04:00:00,17280488
T42_N2,20251025_110000.WAV,2025-10-25,11:00:00,17280488
T42_N2,20251025_140000.WAV,2025-10-25,14:00:00,17280488
T42_N2,20251025_180000.WAV,2025-10-25,18:00:00,17280488
T42_N2,20251026_000000.WAV,2025-10-26,00:00:00,17280488
T42_N2,20251026_040000.WAV,2025-10-26,04:00:00,17280488
T42_N2,20251026_110000.WAV,2025-10-26,11:00:00,17280488
T42_N2,20251026_140000.WAV,2025-10-26,14:00:00,17280488
T42_N2,20251026_180000.WAV,2025-10-26,18:00:00,17280488
T42_N2,20251027_000000.WAV,2025-10-27,00:00:00,17280488
T42_N2,20251027_040000.WAV,2025-10-27,04:00:00,17280488
T42_N2,20251027_110000.WAV,2025-10-27,11:00:00,17280488
T42_N2,20251027_140000.WAV,2025-10-27,14:00:00,17280488
T42_N2,20251027_171202.WAV,2025-10-27,17:12:02,488
T42_N3,20250424_000000.WAV,2025-04-24,00:00:00,17280488
T42_N3,20250424_040000.WAV,2025-04-24,04:00:00,17280488
T42_N3,20250424_110000.WAV,2025-04-24,11:00:00,17280488
T42_N3,20250424_140000.WAV,2025-04-24,14:00:00,17280488
T42_N3,20250424_180000.WAV,2025-04-24,18:00:00,17280488
T42_N3,20250425_000000.WAV,2025-04-25,00:00:00,17280488
T42_N3,20250425_040000.WAV,2025-04-25,04:00:00,17280488
T42_N3,20250425_110000.WAV,2025-04-25,11:00:00,17280488
T42_N3,20250425_140000.WAV,2025-04-25,14:00:00,17280488
T42_N3,20250425_180000.WAV,2025-04-25,18:00:00,17280488
T42_N3,20250426_000000.WAV,2025-04-26,00:00:00,17280488
T42_N3,20250426_040000.WAV,2025-04-26,04:00:00,17280488
T42_N3,20250426_110000.WAV,2025-04-26,11:00:00,17280488
T42_N3,20250426_140000.WAV,2025-04-26,14:00:00,17280488
T42_N3,20250426_180000.WAV,2025-04-26,18:00:00,17280488
T42_N3,20250427_000000.WAV,2025-04-27,00:00:00,17280488
T42_N3,20250427_040000.WAV,2025-04-27,04:00:00,17280488
T42_N3,20250427_110000.WAV,2025-04-27,11:00:00,17280488
T42_N3,20250427_140000.WAV,2025-04-27,14:00:00,17280488
T42_N3,20250427_180000.WAV,2025-04-27,18:00:00,17280488
T42_N3,20250428_000000.WAV,2025-04-28,00:00:00,17280488
T42_N3,20250428_040000.WAV,2025-04-28,04:00:00,17280488
T42_N3,20250428_110000.WAV,2025-04-28,11:00:00,17280488
T42_N3,20250428_140000.WAV,2025-04-28,14:00:00,17280488
T42_N3,20250428_180000.WAV,2025-04-28,18:00:00,17280488
T42_N3,20250429_000000.WAV,2025-04-29,00:00:00,17280488
T42_N3,20250429_040000.WAV,2025-04-29,04:00:00,17280488
T42_N3,20250429_110000.WAV,2025-04-29,11:00:00,17280488
T42_N3,20250429_140000.WAV,2025-04-29,14:00:00,17280488
T42_N3,20250429_180000.WAV,2025-04-29,18:00:00,17280488
T42_N3,20250430_000000.WAV,2025-04-30,00:00:00,17280488
T42_N3,20250430_040000.WAV,2025-04-30,04:00:00,17280488
T42_N3,20250430_110000.WAV,2025-04-30,11:00:00,17280488
T42_N3,20250430_140000.WAV,2025-04-30,14:00:00,17280488
T42_N3,20250430_180000.WAV,2025-04-30,18:00:00,17280488
T42_N3,20250501_000000.WAV,2025-05-01,00:00:00,17280488
T42_N3,20250501_040000.WAV,2025-05-01,04:00:00,17280488
T42_N3,20250501_110000.WAV,2025-05-01,11:00:00,17280488
T42_N3,20250501_140000.WAV,2025-05-01,14:00:00,17280488
T42_N3,20250501_180000.WAV,2025-05-01,18:00:00,17280488
T42_N3,20250502_000000.WAV,2025-05-02,00:00:00,17280488
T42_N3,20250502_040000.WAV,2025-05-02,04:00:00,17280488
T42_N3,20250502_110000.WAV,2025-05-02,11:00:00,17280488
T42_N3,20250502_140000.WAV,2025-05-02,14:00:00,17280488
T42_N3,20250502_180000.WAV,2025-05-02,18:00:00,17280488
T42_N3,20250503_000000.WAV,2025-05-03,00:00:00,17280488
T42_N3,20250503_040000.WAV,2025-05-03,04:00:00,17280488
T42_N3,20250503_110000.WAV,2025-05-03,11:00:00,17280488
T42_N3,20250503_140000.WAV,2025-05-03,14:00:00,17280488
T42_N3,20250503_180000.WAV,2025-05-03,18:00:00,17280488
T42_N3,20250504_000000.WAV,2025-05-04,00:00:00,17280488
T42_N3,20250504_040000.WAV,2025-05-04,04:00:00,17280488
T42_N3,20250504_110000.WAV,2025-05-04,11:00:00,17280488
T42_N3,20250504_140000.WAV,2025-05-04,14:00:00,17280488
T42_N3,20250504_180000.WAV,2025-05-04,18:00:00,17280488
T42_N3,20250505_000000.WAV,2025-05-05,00:00:00,17280488
T42_N3,20250505_040000.WAV,2025-05-05,04:00:00,17280488
T42_N3,20250505_110000.WAV,2025-05-05,11:00:00,17280488
T42_N3,20250505_140000.WAV,2025-05-05,14:00:00,17280488
T42_N3,20250505_180000.WAV,2025-05-05,18:00:00,17280488
T42_N3,20250506_000000.WAV,2025-05-06,00:00:00,17280488
T42_N3,20250506_040000.WAV,2025-05-06,04:00:00,17280488
T42_N3,20250506_110000.WAV,2025-05-06,11:00:00,17280488
T42_N3,20250506_140000.WAV,2025-05-06,14:00:00,17280488
T42_N3,20250506_180000.WAV,2025-05-06,18:00:00,17280488
T42_N3,20250507_000000.WAV,2025-05-07,00:00:00,17280488
T42_N3,20250507_040000.WAV,2025-05-07,04:00:00,17280488
T42_N3,20250507_110000.WAV,2025-05-07,11:00:00,17280488
T42_N3,20250507_140000.WAV,2025-05-07,14:00:00,17280488
T42_N3,20250507_180000.WAV,2025-05-07,18:00:00,17280488
T42_N3,20250508_000000.WAV,2025-05-08,00:00:00,17280488
T42_N3,20250508_040000.WAV,2025-05-08,04:00:00,17280488
T42_N3,20250508_110000.WAV,2025-05-08,11:00:00,17280488
T42_N3,20250508_140000.WAV,2025-05-08,14:00:00,17280488
T42_N3,20250508_180000.WAV,2025-05-08,18:00:00,17280488
T42_N3,20250509_000000.WAV,2025-05-09,00:00:00,17280488
T42_N3,20250509_040000.WAV,2025-05-09,04:00:00,17280488
T42_N3,20250509_110000.WAV,2025-05-09,11:00:00,17280488
T42_N3,20250509_140000.WAV,2025-05-09,14:00:00,17280488
T42_N3,20250509_180000.WAV,2025-05-09,18:00:00,17280488
T42_N3,20250510_000000.WAV,2025-05-10,00:00:00,17280488
T42_N3,20250510_040000.WAV,2025-05-10,04:00:00,17280488
T42_N3,20250510_110000.WAV,2025-05-10,11:00:00,17280488
T42_N3,20250510_140000.WAV,2025-05-10,14:00:00,17280488
T42_N3,20250510_180000.WAV,2025-05-10,18:00:00,17280488
T42_N3,20250511_000000.WAV,2025-05-11,00:00:00,17280488
T42_N3,20250511_040000.WAV,2025-05-11,04:00:00,17280488
T42_N3,20250511_110000.WAV,2025-05-11,11:00:00,17280488
T42_N3,20250511_140000.WAV,2025-05-11,14:00:00,17280488
T42_N3,20250511_180000.WAV,2025-05-11,18:00:00,17280488
T42_N3,20250512_000000.WAV,2025-05-12,00:00:00,17280488
T42_N3,20250512_040000.WAV,2025-05-12,04:00:00,17280488
T42_N3,20250512_110000.WAV,2025-05-12,11:00:00,17280488
T42_N3,20250512_140000.WAV,2025-05-12,14:00:00,17280488
T42_N3,20250512_180000.WAV,2025-05-12,18:00:00,17280488
T42_N3,20250513_000000.WAV,2025-05-13,00:00:00,17280488
T42_N3,20250513_040000.WAV,2025-05-13,04:00:00,17280488
T42_N3,20250513_110000.WAV,2025-05-13,11:00:00,17280488
T42_N3,20250513_140000.WAV,2025-05-13,14:00:00,17280488
T42_N3,20250513_180000.WAV,2025-05-13,18:00:00,17280488
T42_N3,20250514_000000.WAV,2025-05-14,00:00:00,17280488
T42_N3,20250514_040000.WAV,2025-05-14,04:00:00,17280488
T42_N3,20250514_110000.WAV,2025-05-14,11:00:00,17280488
T42_N3,20250514_140000.WAV,2025-05-14,14:00:00,17280488
T42_N3,20250514_180000.WAV,2025-05-14,18:00:00,17280488
T42_N3,20250515_000000.WAV,2025-05-15,00:00:00,17280488
T42_N3,20250515_040000.WAV,2025-05-15,04:00:00,17280488
T42_N3,20250515_110000.WAV,2025-05-15,11:00:00,17280488
T42_N3,20250515_140000.WAV,2025-05-15,14:00:00,17280488
T42_N3,20250515_180000.WAV,2025-05-15,18:00:00,17280488
T42_N3,20250516_000000.WAV,2025-05-16,00:00:00,17280488
T42_N3,20250516_040000.WAV,2025-05-16,04:00:00,17280488
T42_N3,20250516_110000.WAV,2025-05-16,11:00:00,17280488
T42_N3,20250516_140000.WAV,2025-05-16,14:00:00,17280488
T42_N3,20250516_180000.WAV,2025-05-16,18:00:00,17280488
T42_N3,20250517_000000.WAV,2025-05-17,00:00:00,17280488
T42_N3,20250517_040000.WAV,2025-05-17,04:00:00,17280488
T42_N3,20250517_110000.WAV,2025-05-17,11:00:00,17280488
T42_N3,20250517_140000.WAV,2025-05-17,14:00:00,17280488
T42_N3,20250517_180000.WAV,2025-05-17,18:00:00,17280488
T42_N3,20250518_000000.WAV,2025-05-18,00:00:00,17280488
T42_N3,20250518_040000.WAV,2025-05-18,04:00:00,17280488
T42_N3,20250518_110000.WAV,2025-05-18,11:00:00,17280488
T42_N3,20250518_140000.WAV,2025-05-18,14:00:00,17280488
T42_N3,20250518_180000.WAV,2025-05-18,18:00:00,17280488
T42_N3,20250519_000000.WAV,2025-05-19,00:00:00,17280488
T42_N3,20250519_040000.WAV,2025-05-19,04:00:00,17280488
T42_N3,20250519_110000.WAV,2025-05-19,11:00:00,17280488
T42_N3,20250519_140000.WAV,2025-05-19,14:00:00,17280488
T42_N3,20250519_180000.WAV,2025-05-19,18:00:00,17280488
T42_N3,20250520_000000.WAV,2025-05-20,00:00:00,17280488
T42_N3,20250520_040000.WAV,2025-05-20,04:00:00,17280488
T42_N3,20250520_110000.WAV,2025-05-20,11:00:00,17280488
T42_N3,20250520_140000.WAV,2025-05-20,14:00:00,17280488
T42_N3,20250520_180000.WAV,2025-05-20,18:00:00,17280488
T42_N3,20250521_000000.WAV,2025-05-21,00:00:00,17280488
T42_N3,20250521_040000.WAV,2025-05-21,04:00:00,17280488
T42_N3,20250521_110000.WAV,2025-05-21,11:00:00,17280488
T42_N3,20250521_140000.WAV,2025-05-21,14:00:00,17280488
T42_N3,20250521_180000.WAV,2025-05-21,18:00:00,17280488
T42_N3,20250522_000000.WAV,2025-05-22,00:00:00,17280488
T42_N3,20250522_040000.WAV,2025-05-22,04:00:00,17280488
T42_N3,20250522_110000.WAV,2025-05-22,11:00:00,17280488
T42_N3,20250522_140000.WAV,2025-05-22,14:00:00,17280488
T42_N3,20250522_180000.WAV,2025-05-22,18:00:00,17280488
T42_N3,20250523_000000.WAV,2025-05-23,00:00:00,17280488
T42_N3,20250523_040000.WAV,2025-05-23,04:00:00,17280488
T42_N3,20250523_110000.WAV,2025-05-23,11:00:00,17280488
T42_N3,20250523_140000.WAV,2025-05-23,14:00:00,17280488
T42_N3,20250523_180000.WAV,2025-05-23,18:00:00,17280488
T42_N3,20250524_000000.WAV,2025-05-24,00:00:00,17280488
T42_N3,20250524_040000.WAV,2025-05-24,04:00:00,17280488
T42_N3,20250524_110000.WAV,2025-05-24,11:00:00,17280488
T42_N3,20250524_140000.WAV,2025-05-24,14:00:00,17280488
T42_N3,20250524_180000.WAV,2025-05-24,18:00:00,17280488
T42_N3,20250525_000000.WAV,2025-05-25,00:00:00,17280488
T42_N3,20250525_040000.WAV,2025-05-25,04:00:00,17280488
T42_N3,20250525_110000.WAV,2025-05-25,11:00:00,17280488
T42_N3,20250525_140000.WAV,2025-05-25,14:00:00,17280488
T42_N3,20250525_180000.WAV,2025-05-25,18:00:00,17280488
T42_N3,20250526_000000.WAV,2025-05-26,00:00:00,17280488
T42_N3,20250526_040000.WAV,2025-05-26,04:00:00,17280488
T42_N3,20250526_110000.WAV,2025-05-26,11:00:00,17280488
T42_N3,20250526_140000.WAV,2025-05-26,14:00:00,17280488
T42_N3,20250526_180000.WAV,2025-05-26,18:00:00,17280488
T42_N3,20250527_000000.WAV,2025-05-27,00:00:00,17280488
T42_N3,20250527_040000.WAV,2025-05-27,04:00:00,17280488
T42_N3,20250527_110000.WAV,2025-05-27,11:00:00,17280488
T42_N3,20250527_140000.WAV,2025-05-27,14:00:00,17280488
T42_N3,20250527_180000.WAV,2025-05-27,18:00:00,17280488
T42_N3,20250528_000000.WAV,2025-05-28,00:00:00,17280488
T42_N3,20250528_040000.WAV,2025-05-28,04:00:00,17280488
T42_N3,20250528_110000.WAV,2025-05-28,11:00:00,17280488
T42_N3,20250528_140000.WAV,2025-05-28,14:00:00,17280488
T42_N3,20250528_180000.WAV,2025-05-28,18:00:00,17280488
T42_N3,20250529_000000.WAV,2025-05-29,00:00:00,17280488
T42_N3,20250529_040000.WAV,2025-05-29,04:00:00,17280488
T42_N3,20250529_110000.WAV,2025-05-29,11:00:00,17280488
T42_N3,20250529_140000.WAV,2025-05-29,14:00:00,17280488
T42_N3,20250529_180000.WAV,2025-05-29,18:00:00,17280488
T42_N3,20250530_000000.WAV,2025-05-30,00:00:00,17280488
T42_N3,20250530_040000.WAV,2025-05-30,04:00:00,17280488
T42_N3,20250530_110000.WAV,2025-05-30,11:00:00,17280488
T42_N3,20250530_140000.WAV,2025-05-30,14:00:00,17280488
T42_N3,20250530_180000.WAV,2025-05-30,18:00:00,17280488
T42_N3,20250531_000000.WAV,2025-05-31,00:00:00,17280488
T42_N3,20250531_040000.WAV,2025-05-31,04:00:00,17280488
T42_N3,20250531_110000.WAV,2025-05-31,11:00:00,17280488
T42_N3,20250531_140000.WAV,2025-05-31,14:00:00,17280488
T42_N3,20250531_180000.WAV,2025-05-31,18:00:00,17280488
T42_N3,20250601_000000.WAV,2025-06-01,00:00:00,17280488
T42_N3,20250601_040000.WAV,2025-06-01,04:00:00,17280488
T42_N3,20250601_110000.WAV,2025-06-01,11:00:00,17280488
T42_N3,20250601_140000.WAV,2025-06-01,14:00:00,17280488
T42_N3,20250601_180000.WAV,2025-06-01,18:00:00,17280488
T42_N3,20250602_000000.WAV,2025-06-02,00:00:00,17280488
T42_N3,20250602_040000.WAV,2025-06-02,04:00:00,17280488
T42_N3,20250602_110000.WAV,2025-06-02,11:00:00,17280488
T42_N3,20250602_140000.WAV,2025-06-02,14:00:00,17280488
T42_N3,20250602_180000.WAV,2025-06-02,18:00:00,17280488
T42_N3,20250603_000000.WAV,2025-06-03,00:00:00,17280488
T42_N3,20250603_040000.WAV,2025-06-03,04:00:00,17280488
T42_N3,20250603_110000.WAV,2025-06-03,11:00:00,17280488
T42_N3,20250603_140000.WAV,2025-06-03,14:00:00,17280488
T42_N3,20250603_180000.WAV,2025-06-03,18:00:00,17280488
T42_N3,20250604_000000.WAV,2025-06-04,00:00:00,17280488
T42_N3,20250604_040000.WAV,2025-06-04,04:00:00,17280488
T42_N3,20250604_110000.WAV,2025-06-04,11:00:00,17280488
T42_N3,20250604_140000.WAV,2025-06-04,14:00:00,17280488
T42_N3,20250604_180000.WAV,2025-06-04,18:00:00,17280488
T42_N3,20250605_000000.WAV,2025-06-05,00:00:00,17280488
T42_N3,20250605_040000.WAV,2025-06-05,04:00:00,17280488
T42_N3,20250605_110000.WAV,2025-06-05,11:00:00,17280488
T42_N3,20250605_140000.WAV,2025-06-05,14:00:00,17280488
T42_N3,20250605_180000.WAV,2025-06-05,18:00:00,17280488
T42_N3,20250606_000000.WAV,2025-06-06,00:00:00,17280488
T42_N3,20250606_040000.WAV,2025-06-06,04:00:00,17280488
T42_N3,20250606_110000.WAV,2025-06-06,11:00:00,17280488
T42_N3,20250606_140000.WAV,2025-06-06,14:00:00,17280488
T42_N3,20250606_180000.WAV,2025-06-06,18:00:00,17280488
T42_N3,20250607_000000.WAV,2025-06-07,00:00:00,17280488
T42_N3,20250607_040000.WAV,2025-06-07,04:00:00,17280488
T42_N3,20250607_110000.WAV,2025-06-07,11:00:00,17280488
T42_N3,20250607_140000.WAV,2025-06-07,14:00:00,17280488
T42_N3,20250607_180000.WAV,2025-06-07,18:00:00,17280488
T42_N3,20250608_000000.WAV,2025-06-08,00:00:00,17280488
T42_N3,20250608_040000.WAV,2025-06-08,04:00:00,17280488
T42_N3,20250608_110000.WAV,2025-06-08,11:00:00,17280488
T42_N3,20250608_140000.WAV,2025-06-08,14:00:00,17280488
T42_N3,20250608_180000.WAV,2025-06-08,18:00:00,17280488
T42_N3,20250609_000000.WAV,2025-06-09,00:00:00,17280488
T42_N3,20250609_040000.WAV,2025-06-09,04:00:00,17280488
T42_N3,20250609_110000.WAV,2025-06-09,11:00:00,17280488
T42_N3,20250609_140000.WAV,2025-06-09,14:00:00,17280488
T42_N3,20250609_180000.WAV,2025-06-09,18:00:00,17280488
T42_N3,20250610_000000.WAV,2025-06-10,00:00:00,17280488
T42_N3,20250610_040000.WAV,2025-06-10,04:00:00,17280488
T42_N3,20250610_110000.WAV,2025-06-10,11:00:00,17280488
T42_N3,20250610_140000.WAV,2025-06-10,14:00:00,17280488
T42_N3,20250610_180000.WAV,2025-06-10,18:00:00,17280488
T42_N3,20250611_000000.WAV,2025-06-11,00:00:00,17280488
T42_N3,20250611_040000.WAV,2025-06-11,04:00:00,17280488
T42_N3,20250611_110000.WAV,2025-06-11,11:00:00,17280488
T42_N3,20250611_140000.WAV,2025-06-11,14:00:00,17280488
T42_N3,20250611_180000.WAV,2025-06-11,18:00:00,17280488
T42_N3,20250612_000000.WAV,2025-06-12,00:00:00,17280488
T42_N3,20250612_040000.WAV,2025-06-12,04:00:00,17280488
T42_N3,20250612_110000.WAV,2025-06-12,11:00:00,17280488
T42_N3,20250612_140000.WAV,2025-06-12,14:00:00,17280488
T42_N3,20250612_180000.WAV,2025-06-12,18:00:00,17280488
T42_N3,20250613_000000.WAV,2025-06-13,00:00:00,17280488
T42_N3,20250613_040000.WAV,2025-06-13,04:00:00,17280488
T42_N3,20250613_110000.WAV,2025-06-13,11:00:00,17280488
T42_N3,20250613_140000.WAV,2025-06-13,14:00:00,17280488
T42_N3,20250613_180000.WAV,2025-06-13,18:00:00,17280488
T42_N3,20250614_000000.WAV,2025-06-14,00:00:00,17280488
T42_N3,20250614_040000.WAV,2025-06-14,04:00:00,17280488
T42_N3,20250614_110000.WAV,2025-06-14,11:00:00,17280488
T42_N3,20250614_140000.WAV,2025-06-14,14:00:00,17280488
T42_N3,20250614_180000.WAV,2025-06-14,18:00:00,17280488
T42_N3,20250615_000000.WAV,2025-06-15,00:00:00,17280488
T42_N3,20250615_040000.WAV,2025-06-15,04:00:00,17280488
T42_N3,20250615_110000.WAV,2025-06-15,11:00:00,17280488
T42_N3,20250615_140000.WAV,2025-06-15,14:00:00,17280488
T42_N3,20250615_180000.WAV,2025-06-15,18:00:00,17280488
T42_N3,20250616_000000.WAV,2025-06-16,00:00:00,17280488
T42_N3,20250616_040000.WAV,2025-06-16,04:00:00,17280488
T42_N3,20250616_110000.WAV,2025-06-16,11:00:00,17280488
T42_N3,20250616_140000.WAV,2025-06-16,14:00:00,17280488
T42_N3,20250616_180000.WAV,2025-06-16,18:00:00,17280488
T42_N3,20250617_000000.WAV,2025-06-17,00:00:00,17280488
T42_N3,20250617_040000.WAV,2025-06-17,04:00:00,17280488
T42_N3,20250617_110000.WAV,2025-06-17,11:00:00,17280488
T42_N3,20250617_140000.WAV,2025-06-17,14:00:00,17280488
T42_N3,20250617_180000.WAV,2025-06-17,18:00:00,17280488
T42_N3,20250618_000000.WAV,2025-06-18,00:00:00,17280488
T42_N3,20250618_040000.WAV,2025-06-18,04:00:00,17280488
T42_N3,20250618_110000.WAV,2025-06-18,11:00:00,17280488
T42_N3,20250618_140000.WAV,2025-06-18,14:00:00,17280488
T42_N3,20250618_180000.WAV,2025-06-18,18:00:00,17280488
T42_N3,20250619_000000.WAV,2025-06-19,00:00:00,17280488
T42_N3,20250619_040000.WAV,2025-06-19,04:00:00,17280488
T42_N3,20250619_110000.WAV,2025-06-19,11:00:00,17280488
T42_N3,20250619_140000.WAV,2025-06-19,14:00:00,17280488
T42_N3,20250619_180000.WAV,2025-06-19,18:00:00,17280488
T42_N3,20250620_000000.WAV,2025-06-20,00:00:00,17280488
T42_N3,20250620_040000.WAV,2025-06-20,04:00:00,17280488
T42_N3,20250620_110000.WAV,2025-06-20,11:00:00,17280488
T42_N3,20250620_140000.WAV,2025-06-20,14:00:00,17280488
T42_N3,20250620_180000.WAV,2025-06-20,18:00:00,17280488
T42_N3,20250621_000000.WAV,2025-06-21,00:00:00,17280488
T42_N3,20250621_040000.WAV,2025-06-21,04:00:00,17280488
T42_N3,20250621_110000.WAV,2025-06-21,11:00:00,17280488
T42_N3,20250621_140000.WAV,2025-06-21,14:00:00,17280488
T42_N3,20250621_180000.WAV,2025-06-21,18:00:00,17280488
T42_N3,20250622_000000.WAV,2025-06-22,00:00:00,17280488
T42_N3,20250622_040000.WAV,2025-06-22,04:00:00,17280488
T42_N3,20250622_110000.WAV,2025-06-22,11:00:00,17280488
T42_N3,20250622_140000.WAV,2025-06-22,14:00:00,17280488
T42_N3,20250622_180000.WAV,2025-06-22,18:00:00,17280488
T42_N3,20250623_000000.WAV,2025-06-23,00:00:00,17280488
T42_N3,20250623_040000.WAV,2025-06-23,04:00:00,17280488
T42_N3,20250623_110000.WAV,2025-06-23,11:00:00,17280488
T42_N3,20250623_140000.WAV,2025-06-23,14:00:00,17280488
T42_N3,20250623_180000.WAV,2025-06-23,18:00:00,17280488
T42_N3,20250624_000000.WAV,2025-06-24,00:00:00,17280488
T42_N3,20250624_040000.WAV,2025-06-24,04:00:00,17280488
T42_N3,20250624_110000.WAV,2025-06-24,11:00:00,17280488
T42_N3,20250624_140000.WAV,2025-06-24,14:00:00,17280488
T42_N3,20250624_180000.WAV,2025-06-24,18:00:00,17280488
T42_N3,20250625_000000.WAV,2025-06-25,00:00:00,17280488
T42_N3,20250625_040000.WAV,2025-06-25,04:00:00,17280488
T42_N3,20250625_110000.WAV,2025-06-25,11:00:00,17280488
T42_N3,20250625_140000.WAV,2025-06-25,14:00:00,17280488
T42_N3,20250625_180000.WAV,2025-06-25,18:00:00,17280488
T42_N3,20250626_000000.WAV,2025-06-26,00:00:00,17280488
T42_N3,20250626_040000.WAV,2025-06-26,04:00:00,17280488
T42_N3,20250626_110000.WAV,2025-06-26,11:00:00,17280488
T42_N3,20250626_140000.WAV,2025-06-26,14:00:00,17280488
T42_N3,20250626_180000.WAV,2025-06-26,18:00:00,17280488
T42_N3,20250627_000000.WAV,2025-06-27,00:00:00,17280488
T42_N3,20250627_040000.WAV,2025-06-27,04:00:00,17280488
T42_N3,20250627_110000.WAV,2025-06-27,11:00:00,17280488
T42_N3,20250627_140000.WAV,2025-06-27,14:00:00,17280488
T42_N3,20250627_180000.WAV,2025-06-27,18:00:00,17280488
T42_N3,20250628_000000.WAV,2025-06-28,00:00:00,17280488
T42_N3,20250628_040000.WAV,2025-06-28,04:00:00,17280488
T42_N3,20250628_110000.WAV,2025-06-28,11:00:00,17280488
T42_N3,20250628_140000.WAV,2025-06-28,14:00:00,17280488
T42_N3,20250628_180000.WAV,2025-06-28,18:00:00,17280488
T42_N3,20250629_000000.WAV,2025-06-29,00:00:00,17280488
T42_N3,20250629_040000.WAV,2025-06-29,04:00:00,17280488
T42_N3,20250629_110000.WAV,2025-06-29,11:00:00,17280488
T42_N3,20250629_140000.WAV,2025-06-29,14:00:00,17280488
T42_N3,20250629_180000.WAV,2025-06-29,18:00:00,17280488
T42_N3,20250630_000000.WAV,2025-06-30,00:00:00,17280488
T42_N3,20250630_040000.WAV,2025-06-30,04:00:00,17280488
T42_N3,20250630_110000.WAV,2025-06-30,11:00:00,17280488
T42_N3,20250630_140000.WAV,2025-06-30,14:00:00,17280488
T42_N3,20250630_180000.WAV,2025-06-30,18:00:00,17280488
T42_N3,20250701_000000.WAV,2025-07-01,00:00:00,17280488
T42_N3,20250701_040000.WAV,2025-07-01,04:00:00,17280488
T42_N3,20250701_110000.WAV,2025-07-01,11:00:00,17280488
T42_N3,20250701_140000.WAV,2025-07-01,14:00:00,17280488
T42_N3,20250701_180000.WAV,2025-07-01,18:00:00,17280488
T42_N3,20250702_000000.WAV,2025-07-02,00:00:00,17280488
T42_N3,20250702_040000.WAV,2025-07-02,04:00:00,17280488
T42_N3,20250702_110000.WAV,2025-07-02,11:00:00,17280488
T42_N3,20250702_140000.WAV,2025-07-02,14:00:00,17280488
T42_N3,20250702_180000.WAV,2025-07-02,18:00:00,17280488
T42_N3,20250703_000000.WAV,2025-07-03,00:00:00,17280488
T42_N3,20250703_040000.WAV,2025-07-03,04:00:00,17280488
T42_N3,20250703_110000.WAV,2025-07-03,11:00:00,17280488
T42_N3,20250703_140000.WAV,2025-07-03,14:00:00,17280488
T42_N3,20250703_180000.WAV,2025-07-03,18:00:00,17280488
T42_N3,20250704_000000.WAV,2025-07-04,00:00:00,17280488
T42_N3,20250704_040000.WAV,2025-07-04,04:00:00,17280488
T42_N3,20250704_110000.WAV,2025-07-04,11:00:00,17280488
T42_N3,20250704_140000.WAV,2025-07-04,14:00:00,17280488
T42_N3,20250704_180000.WAV,2025-07-04,18:00:00,17280488
T42_N3,20250705_000000.WAV,2025-07-05,00:00:00,17280488
T42_N3,20250705_040000.WAV,2025-07-05,04:00:00,17280488
T42_N3,20250705_110000.WAV,2025-07-05,11:00:00,17280488
T42_N3,20250705_140000.WAV,2025-07-05,14:00:00,17280488
T42_N3,20250705_180000.WAV,2025-07-05,18:00:00,17280488
T42_N3,20250706_000000.WAV,2025-07-06,00:00:00,17280488
T42_N3,20250706_040000.WAV,2025-07-06,04:00:00,17280488
T42_N3,20250706_110000.WAV,2025-07-06,11:00:00,17280488
T42_N3,20250706_140000.WAV,2025-07-06,14:00:00,17280488
T42_N3,20250706_180000.WAV,2025-07-06,18:00:00,17280488
T42_N3,20250707_000000.WAV,2025-07-07,00:00:00,17280488
T42_N3,20250707_040000.WAV,2025-07-07,04:00:00,17280488
T42_N3,20250707_110000.WAV,2025-07-07,11:00:00,17280488
T42_N3,20250707_140000.WAV,2025-07-07,14:00:00,17280488
T42_N3,20250707_180000.WAV,2025-07-07,18:00:00,17280488
T42_N3,20250708_000000.WAV,2025-07-08,00:00:00,17280488
T42_N3,20250708_040000.WAV,2025-07-08,04:00:00,17280488
T42_N3,20250708_110000.WAV,2025-07-08,11:00:00,17280488
T42_N3,20250708_140000.WAV,2025-07-08,14:00:00,17280488
T42_N3,20250708_180000.WAV,2025-07-08,18:00:00,17280488
T42_N3,20250709_000000.WAV,2025-07-09,00:00:00,17280488
T42_N3,20250709_040000.WAV,2025-07-09,04:00:00,17280488
T42_N3,20250709_110000.WAV,2025-07-09,11:00:00,17280488
T42_N3,20250709_140000.WAV,2025-07-09,14:00:00,17280488
T42_N3,20250709_180000.WAV,2025-07-09,18:00:00,17280488
T42_N3,20250710_000000.WAV,2025-07-10,00:00:00,17280488
T42_N3,20250710_040000.WAV,2025-07-10,04:00:00,17280488
T42_N3,20250710_110000.WAV,2025-07-10,11:00:00,17280488
T42_N3,20250710_140000.WAV,2025-07-10,14:00:00,17280488
T42_N3,20250710_180000.WAV,2025-07-10,18:00:00,17280488
T42_N3,20250711_000000.WAV,2025-07-11,00:00:00,17280488
T42_N3,20250711_040000.WAV,2025-07-11,04:00:00,17280488
T42_N3,20250711_110000.WAV,2025-07-11,11:00:00,17280488
T42_N3,20250711_140000.WAV,2025-07-11,14:00:00,17280488
T42_N3,20250711_180000.WAV,2025-07-11,18:00:00,17280488
T42_N3,20250712_000000.WAV,2025-07-12,00:00:00,17280488
T42_N3,20250712_040000.WAV,2025-07-12,04:00:00,17280488
T42_N3,20250712_110000.WAV,2025-07-12,11:00:00,17280488
T42_N3,20250712_140000.WAV,2025-07-12,14:00:00,17280488
T42_N3,20250712_180000.WAV,2025-07-12,18:00:00,17280488
T42_N3,20250713_000000.WAV,2025-07-13,00:00:00,17280488
T42_N3,20250713_040000.WAV,2025-07-13,04:00:00,17280488
T42_N3,20250713_110000.WAV,2025-07-13,11:00:00,17280488
T42_N3,20250713_140000.WAV,2025-07-13,14:00:00,17280488
T42_N3,20250713_180000.WAV,2025-07-13,18:00:00,17280488
T42_N3,20250714_000000.WAV,2025-07-14,00:00:00,17280488
T42_N3,20250714_040000.WAV,2025-07-14,04:00:00,17280488
T42_N3,20250714_110000.WAV,2025-07-14,11:00:00,17280488
T42_N3,20250714_140000.WAV,2025-07-14,14:00:00,17280488
T42_N3,20250714_180000.WAV,2025-07-14,18:00:00,17280488
T42_N3,20250715_000000.WAV,2025-07-15,00:00:00,17280488
T42_N3,20250715_040000.WAV,2025-07-15,04:00:00,17280488
T42_N3,20250715_110000.WAV,2025-07-15,11:00:00,17280488
T42_N3,20250715_140000.WAV,2025-07-15,14:00:00,17280488
T42_N3,20250715_180000.WAV,2025-07-15,18:00:00,17280488
T42_N3,20250716_000000.WAV,2025-07-16,00:00:00,17280488
T42_N3,20250716_040000.WAV,2025-07-16,04:00:00,17280488
T42_N3,20250716_110000.WAV,2025-07-16,11:00:00,17280488
T42_N3,20250716_140000.WAV,2025-07-16,14:00:00,17280488
T42_N3,20250716_180000.WAV,2025-07-16,18:00:00,17280488
T42_N3,20250717_000000.WAV,2025-07-17,00:00:00,17280488
T42_N3,20250717_040000.WAV,2025-07-17,04:00:00,17280488
T42_N3,20250717_110000.WAV,2025-07-17,11:00:00,17280488
T42_N3,20250717_140000.WAV,2025-07-17,14:00:00,17280488
T42_N3,20250717_180000.WAV,2025-07-17,18:00:00,17280488
T42_N3,20250718_000000.WAV,2025-07-18,00:00:00,17280488
T42_N3,20250718_040000.WAV,2025-07-18,04:00:00,17280488
T42_N3,20250718_110000.WAV,2025-07-18,11:00:00,17280488
T42_N3,20250718_140000.WAV,2025-07-18,14:00:00,17280488
T42_N3,20250718_180000.WAV,2025-07-18,18:00:00,17280488
T42_N3,20250719_000000.WAV,2025-07-19,00:00:00,17280488
T42_N3,20250719_040000.WAV,2025-07-19,04:00:00,17280488
T42_N3,20250719_110000.WAV,2025-07-19,11:00:00,17280488
T42_N3,20250719_140000.WAV,2025-07-19,14:00:00,17280488
T42_N3,20250719_180000.WAV,2025-07-19,18:00:00,17280488
T42_N3,20250720_000000.WAV,2025-07-20,00:00:00,17280488
T42_N3,20250720_040000.WAV,2025-07-20,04:00:00,17280488
T42_N3,20250720_110000.WAV,2025-07-20,11:00:00,17280488
T42_N3,20250720_140000.WAV,2025-07-20,14:00:00,17280488
T42_N3,20250720_180000.WAV,2025-07-20,18:00:00,17280488
T42_N3,20250721_000000.WAV,2025-07-21,00:00:00,17280488
T42_N3,20250721_040000.WAV,2025-07-21,04:00:00,17280488
T42_N3,20250721_110000.WAV,2025-07-21,11:00:00,17280488
T42_N3,20250721_140000.WAV,2025-07-21,14:00:00,17280488
T42_N3,20250721_180000.WAV,2025-07-21,18:00:00,17280488
T42_N3,20250722_000000.WAV,2025-07-22,00:00:00,17280488
T42_N3,20250722_040000.WAV,2025-07-22,04:00:00,17280488
T42_N3,20250722_110000.WAV,2025-07-22,11:00:00,17280488
T42_N3,20250722_140000.WAV,2025-07-22,14:00:00,17280488
T42_N3,20250722_180000.WAV,2025-07-22,18:00:00,17280488
T42_N3,20250723_000000.WAV,2025-07-23,00:00:00,17280488
T42_N3,20250723_040000.WAV,2025-07-23,04:00:00,17280488
T42_N3,20250723_110000.WAV,2025-07-23,11:00:00,17280488
T42_N3,20250723_140000.WAV,2025-07-23,14:00:00,17280488
T42_N3,20250723_180000.WAV,2025-07-23,18:00:00,17280488
T42_N3,20250724_000000.WAV,2025-07-24,00:00:00,17280488
T42_N3,20250724_040000.WAV,2025-07-24,04:00:00,17280488
T42_N3,20250724_110000.WAV,2025-07-24,11:00:00,17280488
T42_N3,20250724_140000.WAV,2025-07-24,14:00:00,17280488
T42_N3,20250724_180000.WAV,2025-07-24,18:00:00,17280488
T42_N3,20250725_000000.WAV,2025-07-25,00:00:00,17280488
T42_N3,20250725_040000.WAV,2025-07-25,04:00:00,17280488
T42_N3,20250725_110000.WAV,2025-07-25,11:00:00,17280488
T42_N3,20250725_140000.WAV,2025-07-25,14:00:00,17280488
T42_N3,20250725_180000.WAV,2025-07-25,18:00:00,17280488
T42_N3,20250726_000000.WAV,2025-07-26,00:00:00,17280488
T42_N3,20250726_040000.WAV,2025-07-26,04:00:00,17280488
T42_N3,20250726_110000.WAV,2025-07-26,11:00:00,17280488
T42_N3,20250726_140000.WAV,2025-07-26,14:00:00,17280488
T42_N3,20250726_180000.WAV,2025-07-26,18:00:00,17280488
T42_N3,20250727_000000.WAV,2025-07-27,00:00:00,17280488
T42_N3,20250727_040000.WAV,2025-07-27,04:00:00,17280488
T42_N3,20250727_110000.WAV,2025-07-27,11:00:00,17280488
T42_N3,20250727_140000.WAV,2025-07-27,14:00:00,17280488
T42_N3,20250727_180000.WAV,2025-07-27,18:00:00,17280488
T42_N3,20250728_000000.WAV,2025-07-28,00:00:00,17280488
T42_N3,20250728_040000.WAV,2025-07-28,04:00:00,17280488
T42_N3,20250728_110000.WAV,2025-07-28,11:00:00,17280488
T42_N3,20250728_140000.WAV,2025-07-28,14:00:00,17280488
T42_N3,20250728_180000.WAV,2025-07-28,18:00:00,17280488
T42_N3,20250729_000000.WAV,2025-07-29,00:00:00,17280488
T42_N3,20250729_040000.WAV,2025-07-29,04:00:00,17280488
T42_N3,20250729_110000.WAV,2025-07-29,11:00:00,17280488
T42_N3,20250729_140000.WAV,2025-07-29,14:00:00,17280488
T42_N3,20250729_180000.WAV,2025-07-29,18:00:00,17280488
T42_N3,20250730_000000.WAV,2025-07-30,00:00:00,17280488
T42_N3,20250730_040000.WAV,2025-07-30,04:00:00,17280488
T42_N3,20250730_110000.WAV,2025-07-30,11:00:00,17280488
T42_N3,20250730_140000.WAV,2025-07-30,14:00:00,17280488
T42_N3,20250730_180000.WAV,2025-07-30,18:00:00,17280488
T42_N3,20250731_000000.WAV,2025-07-31,00:00:00,17280488
T42_N3,20250731_040000.WAV,2025-07-31,04:00:00,17280488
T42_N3,20250731_110000.WAV,2025-07-31,11:00:00,17280488
T42_N3,20250731_140000.WAV,2025-07-31,14:00:00,17280488
T42_N3,20250731_180000.WAV,2025-07-31,18:00:00,17280488
T42_N3,20250801_000000.WAV,2025-08-01,00:00:00,17280488
T42_N3,20250801_040000.WAV,2025-08-01,04:00:00,17280488
T42_N3,20250801_110000.WAV,2025-08-01,11:00:00,17280488
T42_N3,20250801_140000.WAV,2025-08-01,14:00:00,17280488
T42_N3,20250801_180000.WAV,2025-08-01,18:00:00,17280488
T42_N3,20250802_000000.WAV,2025-08-02,00:00:00,17280488
T42_N3,20250802_040000.WAV,2025-08-02,04:00:00,17280488
T42_N3,20250802_110000.WAV,2025-08-02,11:00:00,17280488
T42_N3,20250802_140000.WAV,2025-08-02,14:00:00,17280488
T42_N3,20250802_180000.WAV,2025-08-02,18:00:00,17280488
T42_N3,20250803_000000.WAV,2025-08-03,00:00:00,17280488
T42_N3,20250803_040000.WAV,2025-08-03,04:00:00,17280488
T42_N3,20250803_110000.WAV,2025-08-03,11:00:00,17280488
T42_N3,20250803_140000.WAV,2025-08-03,14:00:00,17280488
T42_N3,20250803_180000.WAV,2025-08-03,18:00:00,17280488
T42_N3,20250804_000000.WAV,2025-08-04,00:00:00,17280488
T42_N3,20250804_040000.WAV,2025-08-04,04:00:00,17280488
T42_N3,20250804_110000.WAV,2025-08-04,11:00:00,17280488
T42_N3,20250804_140000.WAV,2025-08-04,14:00:00,17280488
T42_N3,20250804_180000.WAV,2025-08-04,18:00:00,17280488
T42_N3,20250805_000000.WAV,2025-08-05,00:00:00,17280488
T42_N3,20250805_040000.WAV,2025-08-05,04:00:00,17280488
T42_N3,20250805_110000.WAV,2025-08-05,11:00:00,17280488
T42_N3,20250805_140000.WAV,2025-08-05,14:00:00,17280488
T42_N3,20250805_180000.WAV,2025-08-05,18:00:00,17280488
T42_N3,20250806_000000.WAV,2025-08-06,00:00:00,17280488
T42_N3,20250806_040000.WAV,2025-08-06,04:00:00,17280488
T42_N3,20250806_110000.WAV,2025-08-06,11:00:00,17280488
T42_N3,20250806_140000.WAV,2025-08-06,14:00:00,17280488
T42_N3,20250806_180000.WAV,2025-08-06,18:00:00,17280488
T42_N3,20250807_000000.WAV,2025-08-07,00:00:00,17280488
T42_N3,20250807_040000.WAV,2025-08-07,04:00:00,17280488
T42_N3,20250807_110000.WAV,2025-08-07,11:00:00,17280488
T42_N3,20250807_140000.WAV,2025-08-07,14:00:00,17280488
T42_N3,20250807_180000.WAV,2025-08-07,18:00:00,17280488
T42_N3,20250808_000000.WAV,2025-08-08,00:00:00,17280488
T42_N3,20250808_040000.WAV,2025-08-08,04:00:00,17280488
T42_N3,20250808_110000.WAV,2025-08-08,11:00:00,17280488
T42_N3,20250808_140000.WAV,2025-08-08,14:00:00,17280488
T42_N3,20250808_180000.WAV,2025-08-08,18:00:00,17280488
T42_N3,20250809_000000.WAV,2025-08-09,00:00:00,17280488
T42_N3,20250809_040000.WAV,2025-08-09,04:00:00,17280488
T42_N3,20250809_110000.WAV,2025-08-09,11:00:00,17280488
T42_N3,20250809_140000.WAV,2025-08-09,14:00:00,17280488
T42_N3,20250809_180000.WAV,2025-08-09,18:00:00,17280488
T42_N3,20250810_000000.WAV,2025-08-10,00:00:00,17280488
T42_N3,20250810_040000.WAV,2025-08-10,04:00:00,17280488
T42_N3,20250810_110000.WAV,2025-08-10,11:00:00,17280488
T42_N3,20250810_140000.WAV,2025-08-10,14:00:00,17280488
T42_N3,20250810_180000.WAV,2025-08-10,18:00:00,17280488
T42_N3,20250811_000000.WAV,2025-08-11,00:00:00,17280488
T42_N3,20250811_040000.WAV,2025-08-11,04:00:00,17280488
T42_N3,20250811_110000.WAV,2025-08-11,11:00:00,17280488
T42_N3,20250811_140000.WAV,2025-08-11,14:00:00,17280488
T42_N3,20250811_180000.WAV,2025-08-11,18:00:00,17280488
T42_N3,20250812_000000.WAV,2025-08-12,00:00:00,17280488
T42_N3,20250812_040000.WAV,2025-08-12,04:00:00,17280488
T42_N3,20250812_110000.WAV,2025-08-12,11:00:00,17280488
T42_N3,20250812_140000.WAV,2025-08-12,14:00:00,17280488
T42_N3,20250812_180000.WAV,2025-08-12,18:00:00,17280488
T42_N3,20250813_000000.WAV,2025-08-13,00:00:00,17280488
T42_N3,20250813_040000.WAV,2025-08-13,04:00:00,17280488
T42_N3,20250813_110000.WAV,2025-08-13,11:00:00,17280488
T42_N3,20250813_140000.WAV,2025-08-13,14:00:00,17280488
T42_N3,20250813_180000.WAV,2025-08-13,18:00:00,17280488
T42_N3,20250814_000000.WAV,2025-08-14,00:00:00,17280488
T42_N3,20250814_040000.WAV,2025-08-14,04:00:00,17280488
T42_N3,20250814_110000.WAV,2025-08-14,11:00:00,17280488
T42_N3,20250814_140000.WAV,2025-08-14,14:00:00,17280488
T42_N3,20250814_180000.WAV,2025-08-14,18:00:00,17280488
T42_N3,20250815_000000.WAV,2025-08-15,00:00:00,17280488
T42_N3,20250815_040000.WAV,2025-08-15,04:00:00,17280488
T42_N3,20250815_110000.WAV,2025-08-15,11:00:00,17280488
T42_N3,20250815_140000.WAV,2025-08-15,14:00:00,17280488
T42_N3,20250815_180000.WAV,2025-08-15,18:00:00,17280488
T42_N3,20250816_000000.WAV,2025-08-16,00:00:00,17280488
T42_N3,20250816_040000.WAV,2025-08-16,04:00:00,17280488
T42_N3,20250816_110000.WAV,2025-08-16,11:00:00,17280488
T42_N3,20250816_140000.WAV,2025-08-16,14:00:00,17280488
T42_N3,20250816_180000.WAV,2025-08-16,18:00:00,17280488
T42_N3,20250817_000000.WAV,2025-08-17,00:00:00,17280488
T42_N3,20250817_040000.WAV,2025-08-17,04:00:00,17280488
T42_N3,20250817_110000.WAV,2025-08-17,11:00:00,17280488
T42_N3,20250817_140000.WAV,2025-08-17,14:00:00,17280488
T42_N3,20250817_180000.WAV,2025-08-17,18:00:00,17280488
T42_N3,20250818_000000.WAV,2025-08-18,00:00:00,17280488
T42_N3,20250818_040000.WAV,2025-08-18,04:00:00,17280488
T42_N3,20250818_110000.WAV,2025-08-18,11:00:00,17280488
T42_N3,20250818_140000.WAV,2025-08-18,14:00:00,17280488
T42_N3,20250818_180000.WAV,2025-08-18,18:00:00,17280488
T42_N3,20250819_000000.WAV,2025-08-19,00:00:00,17280488
T42_N3,20250819_040000.WAV,2025-08-19,04:00:00,17280488
T42_N3,20250819_110000.WAV,2025-08-19,11:00:00,17280488
T42_N3,20250819_140000.WAV,2025-08-19,14:00:00,17280488
T42_N3,20250819_180000.WAV,2025-08-19,18:00:00,17280488
T42_N3,20250820_000000.WAV,2025-08-20,00:00:00,17280488
T42_N3,20250820_040000.WAV,2025-08-20,04:00:00,17280488
T42_N3,20250820_110000.WAV,2025-08-20,11:00:00,17280488
T42_N3,20250820_140000.WAV,2025-08-20,14:00:00,17280488
T42_N3,20250820_180000.WAV,2025-08-20,18:00:00,17280488
T42_N3,20250821_000000.WAV,2025-08-21,00:00:00,17280488
T42_N3,20250821_040000.WAV,2025-08-21,04:00:00,17280488
T42_N3,20250821_110000.WAV,2025-08-21,11:00:00,17280488
T42_N3,20250821_140000.WAV,2025-08-21,14:00:00,17280488
T42_N3,20250821_180000.WAV,2025-08-21,18:00:00,17280488
T42_N3,20250822_000000.WAV,2025-08-22,00:00:00,17280488
T42_N3,20250822_040000.WAV,2025-08-22,04:00:00,17280488
T42_N3,20250822_110000.WAV,2025-08-22,11:00:00,17280488
T42_N3,20250822_140000.WAV,2025-08-22,14:00:00,17280488
T42_N3,20250822_180000.WAV,2025-08-22,18:00:00,17280488
T42_N3,20250823_000000.WAV,2025-08-23,00:00:00,17280488
T42_N3,20250823_040000.WAV,2025-08-23,04:00:00,17280488
T42_N3,20250823_110000.WAV,2025-08-23,11:00:00,17280488
T42_N3,20250823_140000.WAV,2025-08-23,14:00:00,17280488
T42_N3,20250823_180000.WAV,2025-08-23,18:00:00,17280488
T42_N3,20250824_000000.WAV,2025-08-24,00:00:00,17280488
T42_N3,20250824_040000.WAV,2025-08-24,04:00:00,17280488
T42_N3,20250824_110000.WAV,2025-08-24,11:00:00,17280488
T42_N3,20250824_140000.WAV,2025-08-24,14:00:00,17280488
T42_N3,20250824_180000.WAV,2025-08-24,18:00:00,17280488
T42_N3,20250825_000000.WAV,2025-08-25,00:00:00,17280488
T42_N3,20250825_040000.WAV,2025-08-25,04:00:00,17280488
T42_N3,20250825_110000.WAV,2025-08-25,11:00:00,17280488
T42_N3,20250825_140000.WAV,2025-08-25,14:00:00,17280488
T42_N3,20250825_180000.WAV,2025-08-25,18:00:00,17280488
T42_N3,20250826_000000.WAV,2025-08-26,00:00:00,17280488
T42_N3,20250826_040000.WAV,2025-08-26,04:00:00,17280488
T42_N3,20250826_110000.WAV,2025-08-26,11:00:00,17280488
T42_N3,20250826_140000.WAV,2025-08-26,14:00:00,17280488
T42_N3,20250826_180000.WAV,2025-08-26,18:00:00,17280488
T42_N3,20250827_000000.WAV,2025-08-27,00:00:00,17280488
T42_N3,20250827_040000.WAV,2025-08-27,04:00:00,17280488
T42_N3,20250827_110000.WAV,2025-08-27,11:00:00,17280488
T42_N3,20250827_140000.WAV,2025-08-27,14:00:00,17280488
T42_N3,20250827_180000.WAV,2025-08-27,18:00:00,17280488
T42_N3,20250828_000000.WAV,2025-08-28,00:00:00,17280488
T42_N3,20250828_040000.WAV,2025-08-28,04:00:00,17280488
T42_N3,20250828_110000.WAV,2025-08-28,11:00:00,17280488
T42_N3,20250828_140000.WAV,2025-08-28,14:00:00,17280488
T42_N3,20250828_180000.WAV,2025-08-28,18:00:00,17280488
T42_N3,20250829_000000.WAV,2025-08-29,00:00:00,17280488
T42_N3,20250829_040000.WAV,2025-08-29,04:00:00,17280488
T42_N3,20250829_110000.WAV,2025-08-29,11:00:00,17280488
T42_N3,20250829_140000.WAV,2025-08-29,14:00:00,17280488
T42_N3,20250829_180000.WAV,2025-08-29,18:00:00,17280488
T42_N3,20250830_000000.WAV,2025-08-30,00:00:00,17280488
T42_N3,20250830_040000.WAV,2025-08-30,04:00:00,17280488
T42_N3,20250830_110000.WAV,2025-08-30,11:00:00,17280488
T42_N3,20250830_140000.WAV,2025-08-30,14:00:00,17280488
T42_N3,20250830_180000.WAV,2025-08-30,18:00:00,17280488
T42_N3,20250831_000000.WAV,2025-08-31,00:00:00,17280488
T42_N3,20250831_040000.WAV,2025-08-31,04:00:00,17280488
T42_N3,20250831_110000.WAV,2025-08-31,11:00:00,17280488
T42_N3,20250831_140000.WAV,2025-08-31,14:00:00,17280488
T42_N3,20250831_180000.WAV,2025-08-31,18:00:00,17280488
T42_N3,20250901_000000.WAV,2025-09-01,00:00:00,17280488
T42_N3,20250901_040000.WAV,2025-09-01,04:00:00,17280488
T42_N3,20250901_110000.WAV,2025-09-01,11:00:00,17280488
T42_N3,20250901_140000.WAV,2025-09-01,14:00:00,17280488
T42_N3,20250901_180000.WAV,2025-09-01,18:00:00,17280488
T42_N3,20250902_000000.WAV,2025-09-02,00:00:00,17280488
T42_N3,20250902_040000.WAV,2025-09-02,04:00:00,17280488
T42_N3,20250902_110000.WAV,2025-09-02,11:00:00,17280488
T42_N3,20250902_140000.WAV,2025-09-02,14:00:00,17280488
T42_N3,20250902_180000.WAV,2025-09-02,18:00:00,17280488
T42_N3,20250903_000000.WAV,2025-09-03,00:00:00,17280488
T42_N3,20250903_040000.WAV,2025-09-03,04:00:00,17280488
T42_N3,20250903_110000.WAV,2025-09-03,11:00:00,17280488
T42_N3,20250903_140000.WAV,2025-09-03,14:00:00,17280488
T42_N3,20250903_180000.WAV,2025-09-03,18:00:00,17280488
T42_N3,20250904_000000.WAV,2025-09-04,00:00:00,17280488
T42_N3,20250904_040000.WAV,2025-09-04,04:00:00,17280488
T42_N3,20250904_110000.WAV,2025-09-04,11:00:00,17280488
T42_N3,20250904_140000.WAV,2025-09-04,14:00:00,17280488
T42_N3,20250904_180000.WAV,2025-09-04,18:00:00,17280488
T42_N3,20250905_000000.WAV,2025-09-05,00:00:00,17280488
T42_N3,20250905_040000.WAV,2025-09-05,04:00:00,17280488
T42_N3,20250905_110000.WAV,2025-09-05,11:00:00,17280488
T42_N3,20250905_140000.WAV,2025-09-05,14:00:00,17280488
T42_N3,20250905_180000.WAV,2025-09-05,18:00:00,17280488
T42_N3,20250906_000000.WAV,2025-09-06,00:00:00,17280488
T42_N3,20250906_040000.WAV,2025-09-06,04:00:00,17280488
T42_N3,20250906_110000.WAV,2025-09-06,11:00:00,17280488
T42_N3,20250906_140000.WAV,2025-09-06,14:00:00,17280488
T42_N3,20250906_180000.WAV,2025-09-06,18:00:00,17280488
T42_N3,20250907_000000.WAV,2025-09-07,00:00:00,17280488
T42_N3,20250907_040000.WAV,2025-09-07,04:00:00,17280488
T42_N3,20250907_110000.WAV,2025-09-07,11:00:00,17280488
T42_N3,20250907_140000.WAV,2025-09-07,14:00:00,17280488
T42_N3,20250907_180000.WAV,2025-09-07,18:00:00,17280488
T42_N3,20250908_000000.WAV,2025-09-08,00:00:00,17280488
T42_N3,20250908_040000.WAV,2025-09-08,04:00:00,17280488
T42_N3,20250908_110000.WAV,2025-09-08,11:00:00,17280488
T42_N3,20250908_140000.WAV,2025-09-08,14:00:00,17280488
T42_N3,20250908_180000.WAV,2025-09-08,18:00:00,17280488
T42_N3,20250909_000000.WAV,2025-09-09,00:00:00,17280488
T42_N3,20250909_040000.WAV,2025-09-09,04:00:00,17280488
T42_N3,20250909_110000.WAV,2025-09-09,11:00:00,17280488
T42_N3,20250909_140000.WAV,2025-09-09,14:00:00,17280488
T42_N3,20250909_180000.WAV,2025-09-09,18:00:00,17280488
T42_N3,20250910_000000.WAV,2025-09-10,00:00:00,17280488
T42_N3,20250910_040000.WAV,2025-09-10,04:00:00,17280488
T42_N3,20250910_110000.WAV,2025-09-10,11:00:00,17280488
T42_N3,20250910_140000.WAV,2025-09-10,14:00:00,17280488
T42_N3,20250910_180000.WAV,2025-09-10,18:00:00,17280488
T42_N3,20250911_000000.WAV,2025-09-11,00:00:00,17280488
T42_N3,20250911_040000.WAV,2025-09-11,04:00:00,17280488
T42_N3,20250911_110000.WAV,2025-09-11,11:00:00,17280488
T42_N3,20250911_140000.WAV,2025-09-11,14:00:00,17280488
T42_N3,20250911_180000.WAV,2025-09-11,18:00:00,17280488
T42_N3,20250912_000000.WAV,2025-09-12,00:00:00,17280488
T42_N3,20250912_040000.WAV,2025-09-12,04:00:00,17280488
T42_N3,20250912_110000.WAV,2025-09-12,11:00:00,17280488
T42_N3,20250912_140000.WAV,2025-09-12,14:00:00,17280488
T42_N3,20250912_180000.WAV,2025-09-12,18:00:00,17280488
T42_N3,20250913_000000.WAV,2025-09-13,00:00:00,17280488
T42_N3,20250913_040000.WAV,2025-09-13,04:00:00,17280488
T42_N3,20250913_110000.WAV,2025-09-13,11:00:00,17280488
T42_N3,20250913_140000.WAV,2025-09-13,14:00:00,17280488
T42_N3,20250913_180000.WAV,2025-09-13,18:00:00,17280488
T42_N3,20250914_000000.WAV,2025-09-14,00:00:00,17280488
T42_N3,20250914_040000.WAV,2025-09-14,04:00:00,17280488
T42_N3,20250914_110000.WAV,2025-09-14,11:00:00,17280488
T42_N3,20250914_140000.WAV,2025-09-14,14:00:00,17280488
T42_N3,20250914_180000.WAV,2025-09-14,18:00:00,17280488
T42_N3,20250915_000000.WAV,2025-09-15,00:00:00,17280488
T42_N3,20250915_040000.WAV,2025-09-15,04:00:00,17280488
T42_N3,20250915_110000.WAV,2025-09-15,11:00:00,17280488
T42_N3,20250915_140000.WAV,2025-09-15,14:00:00,17280488
T42_N3,20250915_180000.WAV,2025-09-15,18:00:00,17280488
T42_N3,20250916_000000.WAV,2025-09-16,00:00:00,17280488
T42_N3,20250916_040000.WAV,2025-09-16,04:00:00,17280488
T42_N3,20250916_110000.WAV,2025-09-16,11:00:00,17280488
T42_N3,20250916_140000.WAV,2025-09-16,14:00:00,17280488
T42_N3,20250916_180000.WAV,2025-09-16,18:00:00,17280488
T42_N3,20250917_000000.WAV,2025-09-17,00:00:00,17280488
T42_N3,20250917_040000.WAV,2025-09-17,04:00:00,17280488
T42_N3,20250917_110000.WAV,2025-09-17,11:00:00,17280488
T42_N3,20250917_140000.WAV,2025-09-17,14:00:00,17280488
T42_N3,20250917_180000.WAV,2025-09-17,18:00:00,17280488
T42_N3,20250918_000000.WAV,2025-09-18,00:00:00,17280488
T42_N3,20250918_040000.WAV,2025-09-18,04:00:00,17280488
T42_N3,20250918_110000.WAV,2025-09-18,11:00:00,17280488
T42_N3,20250918_140000.WAV,2025-09-18,14:00:00,17280488
T42_N3,20250918_180000.WAV,2025-09-18,18:00:00,17280488
T42_N3,20250919_000000.WAV,2025-09-19,00:00:00,17280488
T42_N3,20250919_040000.WAV,2025-09-19,04:00:00,17280488
T42_N3,20250919_110000.WAV,2025-09-19,11:00:00,17280488
T42_N3,20250919_140000.WAV,2025-09-19,14:00:00,17280488
T42_N3,20250919_180000.WAV,2025-09-19,18:00:00,17280488
T42_N3,20250920_000000.WAV,2025-09-20,00:00:00,17280488
T42_N3,20250920_040000.WAV,2025-09-20,04:00:00,17280488
T42_N3,20250920_110000.WAV,2025-09-20,11:00:00,17280488
T42_N3,20250920_140000.WAV,2025-09-20,14:00:00,17280488
T42_N3,20250920_180000.WAV,2025-09-20,18:00:00,17280488
T42_N3,20250921_000000.WAV,2025-09-21,00:00:00,17280488
T42_N3,20250921_040000.WAV,2025-09-21,04:00:00,17280488
T42_N3,20250921_110000.WAV,2025-09-21,11:00:00,17280488
T42_N3,20250921_140000.WAV,2025-09-21,14:00:00,17280488
T42_N3,20250921_180000.WAV,2025-09-21,18:00:00,17280488
T42_N3,20250922_000000.WAV,2025-09-22,00:00:00,17280488
T42_N3,20250922_040000.WAV,2025-09-22,04:00:00,17280488
T42_N3,20250922_110000.WAV,2025-09-22,11:00:00,17280488
T42_N3,20250922_140000.WAV,2025-09-22,14:00:00,17280488
T42_N3,20250922_180000.WAV,2025-09-22,18:00:00,17280488
T42_N3,20250923_000000.WAV,2025-09-23,00:00:00,17280488
T42_N3,20250923_040000.WAV,2025-09-23,04:00:00,17280488
T42_N3,20250923_110000.WAV,2025-09-23,11:00:00,17280488
T42_N3,20250923_140000.WAV,2025-09-23,14:00:00,17280488
T42_N3,20250923_180000.WAV,2025-09-23,18:00:00,17280488
T42_N3,20250924_000000.WAV,2025-09-24,00:00:00,17280488
T42_N3,20250924_040000.WAV,2025-09-24,04:00:00,17280488
T42_N3,20250924_110000.WAV,2025-09-24,11:00:00,17280488
T42_N3,20250924_140000.WAV,2025-09-24,14:00:00,17280488
T42_N3,20250924_180000.WAV,2025-09-24,18:00:00,17280488
T42_N3,20250925_000000.WAV,2025-09-25,00:00:00,17280488
T42_N3,20250925_040000.WAV,2025-09-25,04:00:00,17280488
T42_N3,20250925_110000.WAV,2025-09-25,11:00:00,17280488
T42_N3,20250925_140000.WAV,2025-09-25,14:00:00,17280488
T42_N3,20250925_180000.WAV,2025-09-25,18:00:00,17280488
T42_N3,20250926_000000.WAV,2025-09-26,00:00:00,17280488
T42_N3,20250926_040000.WAV,2025-09-26,04:00:00,17280488
T42_N3,20250926_110000.WAV,2025-09-26,11:00:00,17280488
T42_N3,20250926_140000.WAV,2025-09-26,14:00:00,17280488
T42_N3,20250926_180000.WAV,2025-09-26,18:00:00,17280488
T42_N3,20250927_000000.WAV,2025-09-27,00:00:00,17280488
T42_N3,20250927_040000.WAV,2025-09-27,04:00:00,17280488
T42_N3,20250927_110000.WAV,2025-09-27,11:00:00,17280488
T42_N3,20250927_140000.WAV,2025-09-27,14:00:00,17280488
T42_N3,20250927_180000.WAV,2025-09-27,18:00:00,17280488
T42_N3,20250928_000000.WAV,2025-09-28,00:00:00,17280488
T42_N3,20250928_040000.WAV,2025-09-28,04:00:00,17280488
T42_N3,20250928_110000.WAV,2025-09-28,11:00:00,17280488
T42_N3,20250928_140000.WAV,2025-09-28,14:00:00,17280488
T42_N3,20250928_180000.WAV,2025-09-28,18:00:00,17280488
T42_N3,20250929_000000.WAV,2025-09-29,00:00:00,17280488
T42_N3,20250929_040000.WAV,2025-09-29,04:00:00,17280488
T42_N3,20250929_110000.WAV,2025-09-29,11:00:00,17280488
T42_N3,20250929_140000.WAV,2025-09-29,14:00:00,17280488
T42_N3,20250929_180000.WAV,2025-09-29,18:00:00,17280488
T42_N3,20250930_000000.WAV,2025-09-30,00:00:00,17280488
T42_N3,20250930_040000.WAV,2025-09-30,04:00:00,17280488
T42_N3,20250930_110000.WAV,2025-09-30,11:00:00,17280488
T42_N3,20250930_140000.WAV,2025-09-30,14:00:00,17280488
T42_N3,20250930_180000.WAV,2025-09-30,18:00:00,17280488
T42_N3,20251001_000000.WAV,2025-10-01,00:00:00,17280488
T42_N3,20251001_040000.WAV,2025-10-01,04:00:00,17280488
T42_N3,20251001_110000.WAV,2025-10-01,11:00:00,17280488
T42_N3,20251001_140000.WAV,2025-10-01,14:00:00,17280488
T42_N3,20251001_180000.WAV,2025-10-01,18:00:00,17280488
T42_N3,20251002_000000.WAV,2025-10-02,00:00:00,17280488
T42_N3,20251002_040000.WAV,2025-10-02,04:00:00,17280488
T42_N3,20251002_110000.WAV,2025-10-02,11:00:00,17280488
T42_N3,20251002_140000.WAV,2025-10-02,14:00:00,17280488
T42_N3,20251002_180000.WAV,2025-10-02,18:00:00,17280488
T42_N3,20251003_000000.WAV,2025-10-03,00:00:00,17280488
T42_N3,20251003_040000.WAV,2025-10-03,04:00:00,17280488
T42_N3,20251003_110000.WAV,2025-10-03,11:00:00,17280488
T42_N3,20251003_140000.WAV,2025-10-03,14:00:00,17280488
T42_N3,20251003_180000.WAV,2025-10-03,18:00:00,17280488
T42_N3,20251004_000000.WAV,2025-10-04,00:00:00,17280488
T42_N3,20251004_040000.WAV,2025-10-04,04:00:00,17280488
T42_N3,20251004_110000.WAV,2025-10-04,11:00:00,17280488
T42_N3,20251004_140000.WAV,2025-10-04,14:00:00,17280488
T42_N3,20251004_180000.WAV,2025-10-04,18:00:00,17280488
T42_N3,20251005_000000.WAV,2025-10-05,00:00:00,17280488
T42_N3,20251005_040000.WAV,2025-10-05,04:00:00,17280488
T42_N3,20251005_110000.WAV,2025-10-05,11:00:00,17280488
T42_N3,20251005_140000.WAV,2025-10-05,14:00:00,17280488
T42_N3,20251005_180000.WAV,2025-10-05,18:00:00,17280488
T42_N3,20251006_000000.WAV,2025-10-06,00:00:00,17280488
T42_N3,20251006_040000.WAV,2025-10-06,04:00:00,17280488
T42_N3,20251006_110000.WAV,2025-10-06,11:00:00,17280488
T42_N3,20251006_140000.WAV,2025-10-06,14:00:00,17280488
T42_N3,20251006_180000.WAV,2025-10-06,18:00:00,17280488
T42_N3,20251007_000000.WAV,2025-10-07,00:00:00,17280488
T42_N3,20251007_040000.WAV,2025-10-07,04:00:00,17280488
T42_N3,20251007_110000.WAV,2025-10-07,11:00:00,17280488
T42_N3,20251007_140000.WAV,2025-10-07,14:00:00,17280488
T42_N3,20251007_180000.WAV,2025-10-07,18:00:00,17280488
T42_N3,20251008_000000.WAV,2025-10-08,00:00:00,17280488
T42_N3,20251008_040000.WAV,2025-10-08,04:00:00,17280488
T42_N3,20251008_110000.WAV,2025-10-08,11:00:00,17280488
T42_N3,20251008_140000.WAV,2025-10-08,14:00:00,17280488
T42_N3,20251008_180000.WAV,2025-10-08,18:00:00,17280488
T42_N3,20251009_000000.WAV,2025-10-09,00:00:00,17280488
T42_N3,20251009_040000.WAV,2025-10-09,04:00:00,17280488
T42_N3,20251009_110000.WAV,2025-10-09,11:00:00,17280488
T42_N3,20251009_140000.WAV,2025-10-09,14:00:00,17280488
T42_N3,20251009_180000.WAV,2025-10-09,18:00:00,17280488
T42_N3,20251010_000000.WAV,2025-10-10,00:00:00,17280488
T42_N3,20251010_040000.WAV,2025-10-10,04:00:00,17280488
T42_N3,20251010_110000.WAV,2025-10-10,11:00:00,17280488
T42_N3,20251010_140000.WAV,2025-10-10,14:00:00,17280488
T42_N3,20251010_180000.WAV,2025-10-10,18:00:00,17280488
T42_N3,20251011_000000.WAV,2025-10-11,00:00:00,17280488
T42_N3,20251011_040000.WAV,2025-10-11,04:00:00,17280488
T42_N3,20251011_110000.WAV,2025-10-11,11:00:00,17280488
T42_N3,20251011_140000.WAV,2025-10-11,14:00:00,17280488
T42_N3,20251011_180000.WAV,2025-10-11,18:00:00,17280488
T42_N3,20251012_000000.WAV,2025-10-12,00:00:00,17280488
T42_N3,20251012_040000.WAV,2025-10-12,04:00:00,17280488
T42_N3,20251012_110000.WAV,2025-10-12,11:00:00,17280488
T42_N3,20251012_140000.WAV,2025-10-12,14:00:00,17280488
T42_N3,20251012_180000.WAV,2025-10-12,18:00:00,17280488
T42_N3,20251013_000000.WAV,2025-10-13,00:00:00,17280488
T42_N3,20251013_040000.WAV,2025-10-13,04:00:00,17280488
T42_N3,20251013_110000.WAV,2025-10-13,11:00:00,17280488
T42_N3,20251013_140000.WAV,2025-10-13,14:00:00,17280488
T42_N3,20251013_180000.WAV,2025-10-13,18:00:00,17280488
T42_N3,20251014_000000.WAV,2025-10-14,00:00:00,17280488
T42_N3,20251014_040000.WAV,2025-10-14,04:00:00,17280488
T42_N3,20251014_110000.WAV,2025-10-14,11:00:00,17280488
T42_N3,20251014_140000.WAV,2025-10-14,14:00:00,17280488
T42_N3,20251014_180000.WAV,2025-10-14,18:00:00,17280488
T42_N3,20251015_000000.WAV,2025-10-15,00:00:00,17280488
T42_N3,20251015_040000.WAV,2025-10-15,04:00:00,17280488
T42_N3,20251015_110000.WAV,2025-10-15,11:00:00,17280488
T42_N3,20251015_140000.WAV,2025-10-15,14:00:00,17280488
T42_N3,20251015_180000.WAV,2025-10-15,18:00:00,17280488
T42_N3,20251016_000000.WAV,2025-10-16,00:00:00,17280488
T42_N3,20251016_040000.WAV,2025-10-16,04:00:00,17280488
T42_N3,20251016_110000.WAV,2025-10-16,11:00:00,17280488
T42_N3,20251016_140000.WAV,2025-10-16,14:00:00,17280488
T42_N3,20251016_180000.WAV,2025-10-16,18:00:00,17280488
T42_N3,20251017_000000.WAV,2025-10-17,00:00:00,17280488
T42_N3,20251017_040000.WAV,2025-10-17,04:00:00,17280488
T42_N3,20251017_110000.WAV,2025-10-17,11:00:00,17280488
T42_N3,20251017_140000.WAV,2025-10-17,14:00:00,17280488
T42_N3,20251017_180000.WAV,2025-10-17,18:00:00,17280488
T42_N3,20251018_000000.WAV,2025-10-18,00:00:00,17280488
T42_N3,20251018_040000.WAV,2025-10-18,04:00:00,17280488
T42_N3,20251018_110000.WAV,2025-10-18,11:00:00,17280488
T42_N3,20251018_140000.WAV,2025-10-18,14:00:00,17280488
T42_N3,20251018_180000.WAV,2025-10-18,18:00:00,17280488
T42_N3,20251019_000000.WAV,2025-10-19,00:00:00,17280488
T42_N3,20251019_040000.WAV,2025-10-19,04:00:00,17280488
T42_N3,20251019_110000.WAV,2025-10-19,11:00:00,17280488
T42_N3,20251019_140000.WAV,2025-10-19,14:00:00,17280488
T42_N3,20251019_180000.WAV,2025-10-19,18:00:00,17280488
T42_N3,20251020_000000.WAV,2025-10-20,00:00:00,17280488
T42_N3,20251020_040000.WAV,2025-10-20,04:00:00,17280488
T42_N3,20251020_110000.WAV,2025-10-20,11:00:00,17280488
T42_N3,20251020_140000.WAV,2025-10-20,14:00:00,17280488
T42_N3,20251020_180000.WAV,2025-10-20,18:00:00,17280488
T42_N3,20251021_000000.WAV,2025-10-21,00:00:00,17280488
T42_N3,20251021_040000.WAV,2025-10-21,04:00:00,17280488
T42_N3,20251021_110000.WAV,2025-10-21,11:00:00,17280488
T42_N3,20251021_140000.WAV,2025-10-21,14:00:00,17280488
T42_N3,20251021_180000.WAV,2025-10-21,18:00:00,17280488
T42_N3,20251022_000000.WAV,2025-10-22,00:00:00,17280488
T42_N3,20251022_040000.WAV,2025-10-22,04:00:00,17280488
T42_N3,20251022_110000.WAV,2025-10-22,11:00:00,17280488
T42_N3,20251022_140000.WAV,2025-10-22,14:00:00,17280488
T42_N3,20251022_180000.WAV,2025-10-22,18:00:00,17280488
T42_N3,20251023_000000.WAV,2025-10-23,00:00:00,17280488
T42_N3,20251023_040000.WAV,2025-10-23,04:00:00,17280488
T42_N3,20251023_110000.WAV,2025-10-23,11:00:00,17280488
T42_N3,20251023_140000.WAV,2025-10-23,14:00:00,17280488
T42_N3,20251023_180000.WAV,2025-10-23,18:00:00,17280488
T42_N3,20251024_000000.WAV,2025-10-24,00:00:00,17280488
T42_N3,20251024_040000.WAV,2025-10-24,04:00:00,17280488
T42_N3,20251024_110000.WAV,2025-10-24,11:00:00,17280488
T42_N3,20251024_140000.WAV,2025-10-24,14:00:00,17280488
T42_N3,20251024_180000.WAV,2025-10-24,18:00:00,17280488
T42_N3,20251025_000000.WAV,2025-10-25,00:00:00,17280488
T42_N3,20251025_040000.WAV,2025-10-25,04:00:00,17280488
T42_N3,20251025_110000.WAV,2025-10-25,11:00:00,17280488
T42_N3,20251025_140000.WAV,2025-10-25,14:00:00,17280488
T42_N3,20251025_180000.WAV,2025-10-25,18:00:00,17280488
T42_N3,20251026_000000.WAV,2025-10-26,00:00:00,17280488
T42_N3,20251026_040000.WAV,2025-10-26,04:00:00,17280488
T42_N3,20251026_110000.WAV,2025-10-26,11:00:00,17280488
T42_N3,20251026_140000.WAV,2025-10-26,14:00:00,17280488
T42_N3,20251026_180000.WAV,2025-10-26,18:00:00,17280488
T42_N3,20251027_000000.WAV,2025-10-27,00:00:00,17280488
T42_N3,20251027_040000.WAV,2025-10-27,04:00:00,17280488
T42_N3,20251027_110000.WAV,2025-10-27,11:00:00,17280488
T42_N3,20251027_140000.WAV,2025-10-27,14:00:00,17280488
T42_S2,20250429_180000.WAV,2025-04-29,18:00:00,17280488
T42_S2,20250430_000000.WAV,2025-04-30,00:00:00,17280488
T42_S2,20250430_040000.WAV,2025-04-30,04:00:00,17280488
T42_S2,20250430_110000.WAV,2025-04-30,11:00:00,17280488
T42_S2,20250430_140000.WAV,2025-04-30,14:00:00,17280488
T42_S2,20250430_180000.WAV,2025-04-30,18:00:00,17280488
T42_S2,20250501_000000.WAV,2025-05-01,00:00:00,17280488
T42_S2,20250501_040000.WAV,2025-05-01,04:00:00,17280488
T42_S2,20250501_110000.WAV,2025-05-01,11:00:00,17280488
T42_S2,20250501_140000.WAV,2025-05-01,14:00:00,17280488
T42_S2,20250501_180000.WAV,2025-05-01,18:00:00,17280488
T42_S2,20250502_000000.WAV,2025-05-02,00:00:00,17280488
T42_S2,20250502_040000.WAV,2025-05-02,04:00:00,17280488
T42_S2,20250502_110000.WAV,2025-05-02,11:00:00,17280488
T42_S2,20250502_140000.WAV,2025-05-02,14:00:00,17280488
T42_S2,20250502_180000.WAV,2025-05-02,18:00:00,17280488
T42_S2,20250503_000000.WAV,2025-05-03,00:00:00,17280488
T42_S2,20250503_040000.WAV,2025-05-03,04:00:00,17280488
T42_S2,20250503_110000.WAV,2025-05-03,11:00:00,17280488
T42_S2,20250503_140000.WAV,2025-05-03,14:00:00,17280488
T42_S2,20250503_180000.WAV,2025-05-03,18:00:00,17280488
T42_S2,20250504_000000.WAV,2025-05-04,00:00:00,17280488
T42_S2,20250504_040000.WAV,2025-05-04,04:00:00,17280488
T42_S2,20250504_110000.WAV,2025-05-04,11:00:00,17280488
T42_S2,20250504_140000.WAV,2025-05-04,14:00:00,17280488
T42_S2,20250504_180000.WAV,2025-05-04,18:00:00,17280488
T42_S2,20250505_000000.WAV,2025-05-05,00:00:00,17280488
T42_S2,20250505_040000.WAV,2025-05-05,04:00:00,17280488
T42_S2,20250505_110000.WAV,2025-05-05,11:00:00,17280488
T42_S2,20250505_140000.WAV,2025-05-05,14:00:00,17280488
T42_S2,20250505_180000.WAV,2025-05-05,18:00:00,17280488
T42_S2,20250506_000000.WAV,2025-05-06,00:00:00,17280488
T42_S2,20250506_040000.WAV,2025-05-06,04:00:00,17280488
T42_S2,20250506_110000.WAV,2025-05-06,11:00:00,17280488
T42_S2,20250506_140000.WAV,2025-05-06,14:00:00,17280488
T42_S2,20250506_180000.WAV,2025-05-06,18:00:00,17280488
T42_S2,20250507_000000.WAV,2025-05-07,00:00:00,17280488
T42_S2,20250507_040000.WAV,2025-05-07,04:00:00,17280488
T42_S2,20250507_110000.WAV,2025-05-07,11:00:00,17280488
T42_S2,20250507_140000.WAV,2025-05-07,14:00:00,17280488
T42_S2,20250507_180000.WAV,2025-05-07,18:00:00,17280488
T42_S2,20250508_000000.WAV,2025-05-08,00:00:00,17280488
T42_S2,20250508_040000.WAV,2025-05-08,04:00:00,17280488
T42_S2,20250508_110000.WAV,2025-05-08,11:00:00,17280488
T42_S2,20250508_140000.WAV,2025-05-08,14:00:00,17280488
T42_S2,20250508_180000.WAV,2025-05-08,18:00:00,17280488
T42_S2,20250509_000000.WAV,2025-05-09,00:00:00,17280488
T42_S2,20250509_040000.WAV,2025-05-09,04:00:00,17280488
T42_S2,20250509_110000.WAV,2025-05-09,11:00:00,17280488
T42_S2,20250509_140000.WAV,2025-05-09,14:00:00,17280488
T42_S2,20250509_180000.WAV,2025-05-09,18:00:00,17280488
T42_S2,20250510_000000.WAV,2025-05-10,00:00:00,17280488
T42_S2,20250510_040000.WAV,2025-05-10,04:00:00,17280488
T42_S2,20250510_110000.WAV,2025-05-10,11:00:00,17280488
T42_S2,20250510_140000.WAV,2025-05-10,14:00:00,17280488
T42_S2,20250510_180000.WAV,2025-05-10,18:00:00,17280488
T42_S2,20250511_000000.WAV,2025-05-11,00:00:00,17280488
T42_S2,20250511_040000.WAV,2025-05-11,04:00:00,17280488
T42_S2,20250511_110000.WAV,2025-05-11,11:00:00,17280488
T42_S2,20250511_140000.WAV,2025-05-11,14:00:00,17280488
T42_S2,20250511_180000.WAV,2025-05-11,18:00:00,17280488
T42_S2,20250512_000000.WAV,2025-05-12,00:00:00,17280488
T42_S2,20250512_040000.WAV,2025-05-12,04:00:00,17280488
T42_S2,20250512_110000.WAV,2025-05-12,11:00:00,17280488
T42_S2,20250512_140000.WAV,2025-05-12,14:00:00,17280488
T42_S2,20250512_180000.WAV,2025-05-12,18:00:00,17280488
T42_S2,20250513_000000.WAV,2025-05-13,00:00:00,17280488
T42_S2,20250513_040000.WAV,2025-05-13,04:00:00,17280488
T42_S2,20250513_110000.WAV,2025-05-13,11:00:00,17280488
T42_S2,20250513_140000.WAV,2025-05-13,14:00:00,17280488
T42_S2,20250513_180000.WAV,2025-05-13,18:00:00,17280488
T42_S2,20250514_000000.WAV,2025-05-14,00:00:00,17280488
T42_S2,20250514_040000.WAV,2025-05-14,04:00:00,17280488
T42_S2,20250514_110000.WAV,2025-05-14,11:00:00,17280488
T42_S2,20250514_140000.WAV,2025-05-14,14:00:00,17280488
T42_S2,20250514_180000.WAV,2025-05-14,18:00:00,17280488
T42_S2,20250515_000000.WAV,2025-05-15,00:00:00,17280488
T42_S2,20250515_040000.WAV,2025-05-15,04:00:00,17280488
T42_S2,20250515_110000.WAV,2025-05-15,11:00:00,17280488
T42_S2,20250515_140000.WAV,2025-05-15,14:00:00,17280488
T42_S2,20250515_180000.WAV,2025-05-15,18:00:00,17280488
T42_S2,20250516_000000.WAV,2025-05-16,00:00:00,17280488
T42_S2,20250516_040000.WAV,2025-05-16,04:00:00,17280488
T42_S2,20250516_110000.WAV,2025-05-16,11:00:00,17280488
T42_S2,20250516_140000.WAV,2025-05-16,14:00:00,17280488
T42_S2,20250516_180000.WAV,2025-05-16,18:00:00,17280488
T42_S2,20250517_000000.WAV,2025-05-17,00:00:00,17280488
T42_S2,20250517_040000.WAV,2025-05-17,04:00:00,17280488
T42_S2,20250517_110000.WAV,2025-05-17,11:00:00,17280488
T42_S2,20250517_140000.WAV,2025-05-17,14:00:00,17280488
T42_S2,20250517_180000.WAV,2025-05-17,18:00:00,17280488
T42_S2,20250518_000000.WAV,2025-05-18,00:00:00,17280488
T42_S2,20250518_040000.WAV,2025-05-18,04:00:00,17280488
T42_S2,20250518_110000.WAV,2025-05-18,11:00:00,17280488
T42_S2,20250518_140000.WAV,2025-05-18,14:00:00,17280488
T42_S2,20250518_180000.WAV,2025-05-18,18:00:00,17280488
T42_S2,20250519_000000.WAV,2025-05-19,00:00:00,17280488
T42_S2,20250519_040000.WAV,2025-05-19,04:00:00,17280488
T42_S2,20250519_110000.WAV,2025-05-19,11:00:00,17280488
T42_S2,20250519_140000.WAV,2025-05-19,14:00:00,17280488
T42_S2,20250519_180000.WAV,2025-05-19,18:00:00,17280488
T42_S2,20250520_000000.WAV,2025-05-20,00:00:00,17280488
T42_S2,20250520_040000.WAV,2025-05-20,04:00:00,17280488
T42_S2,20250520_110000.WAV,2025-05-20,11:00:00,17280488
T42_S2,20250520_140000.WAV,2025-05-20,14:00:00,17280488
T42_S2,20250520_180000.WAV,2025-05-20,18:00:00,17280488
T42_S2,20250521_000000.WAV,2025-05-21,00:00:00,17280488
T42_S2,20250521_040000.WAV,2025-05-21,04:00:00,17280488
T42_S2,20250521_110000.WAV,2025-05-21,11:00:00,17280488
T42_S2,20250521_140000.WAV,2025-05-21,14:00:00,17280488
T42_S2,20250521_180000.WAV,2025-05-21,18:00:00,17280488
T42_S2,20250522_000000.WAV,2025-05-22,00:00:00,17280488
T42_S2,20250522_040000.WAV,2025-05-22,04:00:00,17280488
T42_S2,20250522_110000.WAV,2025-05-22,11:00:00,17280488
T42_S2,20250522_140000.WAV,2025-05-22,14:00:00,17280488
T42_S2,20250522_180000.WAV,2025-05-22,18:00:00,17280488
T42_S2,20250523_000000.WAV,2025-05-23,00:00:00,17280488
T42_S2,20250523_040000.WAV,2025-05-23,04:00:00,17280488
T42_S2,20250523_110000.WAV,2025-05-23,11:00:00,17280488
T42_S2,20250523_140000.WAV,2025-05-23,14:00:00,17280488
T42_S2,20250523_180000.WAV,2025-05-23,18:00:00,17280488
T42_S2,20250524_000000.WAV,2025-05-24,00:00:00,17280488
T42_S2,20250524_040000.WAV,2025-05-24,04:00:00,17280488
T42_S2,20250524_110000.WAV,2025-05-24,11:00:00,17280488
T42_S2,20250524_140000.WAV,2025-05-24,14:00:00,17280488
T42_S2,20250524_180000.WAV,2025-05-24,18:00:00,17280488
T42_S2,20250525_000000.WAV,2025-05-25,00:00:00,17280488
T42_S2,20250525_040000.WAV,2025-05-25,04:00:00,17280488
T42_S2,20250525_110000.WAV,2025-05-25,11:00:00,17280488
T42_S2,20250525_140000.WAV,2025-05-25,14:00:00,17280488
T42_S2,20250525_180000.WAV,2025-05-25,18:00:00,17280488
T42_S2,20250526_000000.WAV,2025-05-26,00:00:00,17280488
T42_S2,20250526_040000.WAV,2025-05-26,04:00:00,17280488
T42_S2,20250526_110000.WAV,2025-05-26,11:00:00,17280488
T42_S2,20250526_140000.WAV,2025-05-26,14:00:00,17280488
T42_S2,20250526_180000.WAV,2025-05-26,18:00:00,17280488
T42_S2,20250527_000000.WAV,2025-05-27,00:00:00,17280488
T42_S2,20250527_040000.WAV,2025-05-27,04:00:00,17280488
T42_S2,20250527_110000.WAV,2025-05-27,11:00:00,17280488
T42_S2,20250527_140000.WAV,2025-05-27,14:00:00,17280488
T42_S2,20250527_180000.WAV,2025-05-27,18:00:00,17280488
T42_S2,20250528_000000.WAV,2025-05-28,00:00:00,17280488
T42_S2,20250528_040000.WAV,2025-05-28,04:00:00,17280488
T42_S2,20250528_110000.WAV,2025-05-28,11:00:00,17280488
T42_S2,20250528_140000.WAV,2025-05-28,14:00:00,17280488
T42_S2,20250528_180000.WAV,2025-05-28,18:00:00,17280488
T42_S2,20250529_000000.WAV,2025-05-29,00:00:00,17280488
T42_S2,20250529_040000.WAV,2025-05-29,04:00:00,17280488
T42_S2,20250529_110000.WAV,2025-05-29,11:00:00,17280488
T42_S2,20250529_140000.WAV,2025-05-29,14:00:00,17280488
T42_S2,20250529_180000.WAV,2025-05-29,18:00:00,17280488
T42_S2,20250530_000000.WAV,2025-05-30,00:00:00,17280488
T42_S2,20250530_040000.WAV,2025-05-30,04:00:00,17280488
T42_S2,20250530_110000.WAV,2025-05-30,11:00:00,17280488
T42_S2,20250530_140000.WAV,2025-05-30,14:00:00,17280488
T42_S2,20250530_180000.WAV,2025-05-30,18:00:00,17280488
T42_S2,20250531_000000.WAV,2025-05-31,00:00:00,17280488
T42_S2,20250531_040000.WAV,2025-05-31,04:00:00,17280488
T42_S2,20250531_110000.WAV,2025-05-31,11:00:00,17280488
T42_S2,20250531_140000.WAV,2025-05-31,14:00:00,17280488
T42_S2,20250531_180000.WAV,2025-05-31,18:00:00,17280488
T42_S2,20250601_000000.WAV,2025-06-01,00:00:00,17280488
T42_S2,20250601_040000.WAV,2025-06-01,04:00:00,17280488
T42_S2,20250601_110000.WAV,2025-06-01,11:00:00,17280488
T42_S2,20250601_140000.WAV,2025-06-01,14:00:00,17280488
T42_S2,20250601_180000.WAV,2025-06-01,18:00:00,17280488
T42_S2,20250602_000000.WAV,2025-06-02,00:00:00,17280488
T42_S2,20250602_040000.WAV,2025-06-02,04:00:00,17280488
T42_S2,20250602_110000.WAV,2025-06-02,11:00:00,17280488
T42_S2,20250602_140000.WAV,2025-06-02,14:00:00,17280488
T42_S2,20250602_180000.WAV,2025-06-02,18:00:00,17280488
T42_S2,20250603_000000.WAV,2025-06-03,00:00:00,17280488
T42_S2,20250603_040000.WAV,2025-06-03,04:00:00,17280488
T42_S2,20250603_110000.WAV,2025-06-03,11:00:00,17280488
T42_S2,20250603_140000.WAV,2025-06-03,14:00:00,17280488
T42_S2,20250603_180000.WAV,2025-06-03,18:00:00,17280488
T42_S2,20250604_000000.WAV,2025-06-04,00:00:00,17280488
T42_S2,20250604_040000.WAV,2025-06-04,04:00:00,17280488
T42_S2,20250604_110000.WAV,2025-06-04,11:00:00,17280488
T42_S2,20250604_140000.WAV,2025-06-04,14:00:00,17280488
T42_S2,20250604_180000.WAV,2025-06-04,18:00:00,17280488
T42_S2,20250605_000000.WAV,2025-06-05,00:00:00,17280488
T42_S2,20250605_040000.WAV,2025-06-05,04:00:00,17280488
T42_S2,20250605_110000.WAV,2025-06-05,11:00:00,17280488
T42_S2,20250605_140000.WAV,2025-06-05,14:00:00,17280488
T42_S2,20250605_180000.WAV,2025-06-05,18:00:00,17280488
T42_S2,20250606_000000.WAV,2025-06-06,00:00:00,17280488
T42_S2,20250606_040000.WAV,2025-06-06,04:00:00,17280488
T42_S2,20250606_110000.WAV,2025-06-06,11:00:00,17280488
T42_S2,20250606_140000.WAV,2025-06-06,14:00:00,17280488
T42_S2,20250606_180000.WAV,2025-06-06,18:00:00,17280488
T42_S2,20250607_000000.WAV,2025-06-07,00:00:00,17280488
T42_S2,20250607_040000.WAV,2025-06-07,04:00:00,17280488
T42_S2,20250607_110000.WAV,2025-06-07,11:00:00,17280488
T42_S2,20250607_140000.WAV,2025-06-07,14:00:00,17280488
T42_S2,20250607_180000.WAV,2025-06-07,18:00:00,17280488
T42_S2,20250608_000000.WAV,2025-06-08,00:00:00,17280488
T42_S2,20250608_040000.WAV,2025-06-08,04:00:00,17280488
T42_S2,20250608_110000.WAV,2025-06-08,11:00:00,17280488
T42_S2,20250608_140000.WAV,2025-06-08,14:00:00,17280488
T42_S2,20250608_180000.WAV,2025-06-08,18:00:00,17280488
T42_S2,20250609_000000.WAV,2025-06-09,00:00:00,17280488
T42_S2,20250609_040000.WAV,2025-06-09,04:00:00,17280488
T42_S2,20250609_110000.WAV,2025-06-09,11:00:00,17280488
T42_S2,20250609_140000.WAV,2025-06-09,14:00:00,17280488
T42_S2,20250609_180000.WAV,2025-06-09,18:00:00,17280488
T42_S2,20250610_000000.WAV,2025-06-10,00:00:00,17280488
T42_S2,20250610_040000.WAV,2025-06-10,04:00:00,17280488
T42_S2,20250610_110000.WAV,2025-06-10,11:00:00,17280488
T42_S2,20250610_140000.WAV,2025-06-10,14:00:00,17280488
T42_S2,20250610_180000.WAV,2025-06-10,18:00:00,17280488
T42_S2,20250611_000000.WAV,2025-06-11,00:00:00,17280488
T42_S2,20250611_040000.WAV,2025-06-11,04:00:00,17280488
T42_S2,20250611_110000.WAV,2025-06-11,11:00:00,17280488
T42_S2,20250611_140000.WAV,2025-06-11,14:00:00,17280488
T42_S2,20250611_180000.WAV,2025-06-11,18:00:00,17280488
T42_S2,20250612_000000.WAV,2025-06-12,00:00:00,17280488
T42_S2,20250612_040000.WAV,2025-06-12,04:00:00,17280488
T42_S2,20250612_110000.WAV,2025-06-12,11:00:00,17280488
T42_S2,20250612_140000.WAV,2025-06-12,14:00:00,17280488
T42_S2,20250612_180000.WAV,2025-06-12,18:00:00,17280488
T42_S2,20250613_000000.WAV,2025-06-13,00:00:00,17280488
T42_S2,20250613_040000.WAV,2025-06-13,04:00:00,17280488
T42_S2,20250613_110000.WAV,2025-06-13,11:00:00,17280488
T42_S2,20250613_140000.WAV,2025-06-13,14:00:00,17280488
T42_S2,20250613_180000.WAV,2025-06-13,18:00:00,17280488
T42_S2,20250614_000000.WAV,2025-06-14,00:00:00,17280488
T42_S2,20250614_040000.WAV,2025-06-14,04:00:00,17280488
T42_S2,20250614_110000.WAV,2025-06-14,11:00:00,17280488
T42_S2,20250614_140000.WAV,2025-06-14,14:00:00,17280488
T42_S2,20250614_180000.WAV,2025-06-14,18:00:00,17280488
T42_S2,20250615_000000.WAV,2025-06-15,00:00:00,17280488
T42_S2,20250615_040000.WAV,2025-06-15,04:00:00,17280488
T42_S2,20250615_110000.WAV,2025-06-15,11:00:00,17280488
T42_S2,20250615_140000.WAV,2025-06-15,14:00:00,17280488
T42_S2,20250615_180000.WAV,2025-06-15,18:00:00,17280488
T42_S2,20250616_000000.WAV,2025-06-16,00:00:00,17280488
T42_S2,20250616_040000.WAV,2025-06-16,04:00:00,17280488
T42_S2,20250616_110000.WAV,2025-06-16,11:00:00,17280488
T42_S2,20250616_140000.WAV,2025-06-16,14:00:00,17280488
T42_S2,20250616_180000.WAV,2025-06-16,18:00:00,17280488
T42_S2,20250617_000000.WAV,2025-06-17,00:00:00,17280488
T42_S2,20250617_040000.WAV,2025-06-17,04:00:00,17280488
T42_S2,20250617_110000.WAV,2025-06-17,11:00:00,17280488
T42_S2,20250617_140000.WAV,2025-06-17,14:00:00,17280488
T42_S2,20250617_180000.WAV,2025-06-17,18:00:00,17280488
T42_S2,20250618_000000.WAV,2025-06-18,00:00:00,17280488
T42_S2,20250618_040000.WAV,2025-06-18,04:00:00,17280488
T42_S2,20250618_110000.WAV,2025-06-18,11:00:00,17280488
T42_S2,20250618_140000.WAV,2025-06-18,14:00:00,17280488
T42_S2,20250618_180000.WAV,2025-06-18,18:00:00,17280488
T42_S2,20250619_000000.WAV,2025-06-19,00:00:00,17280488
T42_S2,20250619_040000.WAV,2025-06-19,04:00:00,17280488
T42_S2,20250619_110000.WAV,2025-06-19,11:00:00,17280488
T42_S2,20250619_140000.WAV,2025-06-19,14:00:00,17280488
T42_S2,20250619_180000.WAV,2025-06-19,18:00:00,17280488
T42_S2,20250620_000000.WAV,2025-06-20,00:00:00,17280488
T42_S2,20250620_040000.WAV,2025-06-20,04:00:00,17280488
T42_S2,20250620_110000.WAV,2025-06-20,11:00:00,17280488
T42_S2,20250620_140000.WAV,2025-06-20,14:00:00,17280488
T42_S2,20250620_180000.WAV,2025-06-20,18:00:00,17280488
T42_S2,20250621_000000.WAV,2025-06-21,00:00:00,17280488
T42_S2,20250621_040000.WAV,2025-06-21,04:00:00,17280488
T42_S2,20250621_110000.WAV,2025-06-21,11:00:00,17280488
T42_S2,20250621_140000.WAV,2025-06-21,14:00:00,17280488
T42_S2,20250621_180000.WAV,2025-06-21,18:00:00,17280488
T42_S2,20250622_000000.WAV,2025-06-22,00:00:00,17280488
T42_S2,20250622_040000.WAV,2025-06-22,04:00:00,17280488
T42_S2,20250622_110000.WAV,2025-06-22,11:00:00,17280488
T42_S2,20250622_140000.WAV,2025-06-22,14:00:00,17280488
T42_S2,20250622_180000.WAV,2025-06-22,18:00:00,17280488
T42_S2,20250623_000000.WAV,2025-06-23,00:00:00,17280488
T42_S2,20250623_040000.WAV,2025-06-23,04:00:00,17280488
T42_S2,20250623_110000.WAV,2025-06-23,11:00:00,17280488
T42_S2,20250623_140000.WAV,2025-06-23,14:00:00,17280488
T42_S2,20250623_180000.WAV,2025-06-23,18:00:00,17280488
T42_S2,20250624_000000.WAV,2025-06-24,00:00:00,17280488
T42_S2,20250624_040000.WAV,2025-06-24,04:00:00,17280488
T42_S2,20250624_110000.WAV,2025-06-24,11:00:00,17280488
T42_S2,20250624_140000.WAV,2025-06-24,14:00:00,17280488
T42_S2,20250624_180000.WAV,2025-06-24,18:00:00,17280488
T42_S2,20250625_000000.WAV,2025-06-25,00:00:00,17280488
T42_S2,20250625_040000.WAV,2025-06-25,04:00:00,17280488
T42_S2,20250625_110000.WAV,2025-06-25,11:00:00,17280488
T42_S2,20250625_140000.WAV,2025-06-25,14:00:00,17280488
T42_S2,20250625_180000.WAV,2025-06-25,18:00:00,17280488
T42_S2,20250626_000000.WAV,2025-06-26,00:00:00,17280488
T42_S2,20250626_040000.WAV,2025-06-26,04:00:00,17280488
T42_S2,20250626_110000.WAV,2025-06-26,11:00:00,17280488
T42_S2,20250626_140000.WAV,2025-06-26,14:00:00,17280488
T42_S2,20250626_180000.WAV,2025-06-26,18:00:00,17280488
T42_S2,20250627_000000.WAV,2025-06-27,00:00:00,17280488
T42_S2,20250627_040000.WAV,2025-06-27,04:00:00,17280488
T42_S2,20250627_110000.WAV,2025-06-27,11:00:00,17280488
T42_S2,20250627_140000.WAV,2025-06-27,14:00:00,17280488
T42_S2,20250627_180000.WAV,2025-06-27,18:00:00,17280488
T42_S2,20250628_000000.WAV,2025-06-28,00:00:00,17280488
T42_S2,20250628_040000.WAV,2025-06-28,04:00:00,17280488
T42_S2,20250628_110000.WAV,2025-06-28,11:00:00,17280488
T42_S2,20250628_140000.WAV,2025-06-28,14:00:00,17280488
T42_S2,20250628_180000.WAV,2025-06-28,18:00:00,17280488
T42_S2,20250629_000000.WAV,2025-06-29,00:00:00,17280488
T42_S2,20250629_040000.WAV,2025-06-29,04:00:00,17280488
T42_S2,20250629_110000.WAV,2025-06-29,11:00:00,17280488
T42_S2,20250629_140000.WAV,2025-06-29,14:00:00,17280488
T42_S2,20250629_180000.WAV,2025-06-29,18:00:00,17280488
T42_S2,20250630_000000.WAV,2025-06-30,00:00:00,17280488
T42_S2,20250630_040000.WAV,2025-06-30,04:00:00,17280488
T42_S2,20250630_110000.WAV,2025-06-30,11:00:00,17280488
T42_S2,20250630_140000.WAV,2025-06-30,14:00:00,17280488
T42_S2,20250630_180000.WAV,2025-06-30,18:00:00,17280488
T42_S2,20250701_000000.WAV,2025-07-01,00:00:00,17280488
T42_S2,20250701_040000.WAV,2025-07-01,04:00:00,17280488
T42_S2,20250701_110000.WAV,2025-07-01,11:00:00,17280488
T42_S2,20250701_140000.WAV,2025-07-01,14:00:00,17280488
T42_S2,20250701_180000.WAV,2025-07-01,18:00:00,17280488
T42_S2,20250702_000000.WAV,2025-07-02,00:00:00,17280488
T42_S2,20250702_040000.WAV,2025-07-02,04:00:00,17280488
T42_S2,20250702_110000.WAV,2025-07-02,11:00:00,17280488
T42_S2,20250702_140000.WAV,2025-07-02,14:00:00,17280488
T42_S2,20250702_180000.WAV,2025-07-02,18:00:00,17280488
T42_S2,20250703_000000.WAV,2025-07-03,00:00:00,17280488
T42_S2,20250703_040000.WAV,2025-07-03,04:00:00,17280488
T42_S2,20250703_110000.WAV,2025-07-03,11:00:00,17280488
T42_S2,20250703_140000.WAV,2025-07-03,14:00:00,17280488
T42_S2,20250703_180000.WAV,2025-07-03,18:00:00,17280488
T42_S2,20250704_000000.WAV,2025-07-04,00:00:00,17280488
T42_S2,20250704_040000.WAV,2025-07-04,04:00:00,17280488
T42_S2,20250704_110000.WAV,2025-07-04,11:00:00,17280488
T42_S2,20250704_140000.WAV,2025-07-04,14:00:00,17280488
T42_S2,20250704_180000.WAV,2025-07-04,18:00:00,17280488
T42_S2,20250705_000000.WAV,2025-07-05,00:00:00,17280488
T42_S2,20250705_040000.WAV,2025-07-05,04:00:00,17280488
T42_S2,20250705_110000.WAV,2025-07-05,11:00:00,17280488
T42_S2,20250705_140000.WAV,2025-07-05,14:00:00,17280488
T42_S2,20250705_180000.WAV,2025-07-05,18:00:00,17280488
T42_S2,20250706_000000.WAV,2025-07-06,00:00:00,17280488
T42_S2,20250706_040000.WAV,2025-07-06,04:00:00,17280488
T42_S2,20250706_110000.WAV,2025-07-06,11:00:00,17280488
T42_S2,20250706_140000.WAV,2025-07-06,14:00:00,17280488
T42_S2,20250706_180000.WAV,2025-07-06,18:00:00,17280488
T42_S2,20250707_000000.WAV,2025-07-07,00:00:00,17280488
T42_S2,20250707_040000.WAV,2025-07-07,04:00:00,17280488
T42_S2,20250707_110000.WAV,2025-07-07,11:00:00,17280488
T42_S2,20250707_140000.WAV,2025-07-07,14:00:00,17280488
T42_S2,20250707_180000.WAV,2025-07-07,18:00:00,17280488
T42_S2,20250708_000000.WAV,2025-07-08,00:00:00,17280488
T42_S2,20250708_040000.WAV,2025-07-08,04:00:00,17280488
T42_S2,20250708_110000.WAV,2025-07-08,11:00:00,17280488
T42_S2,20250708_140000.WAV,2025-07-08,14:00:00,17280488
T42_S2,20250708_180000.WAV,2025-07-08,18:00:00,17280488
T42_S2,20250709_000000.WAV,2025-07-09,00:00:00,17280488
T42_S2,20250709_040000.WAV,2025-07-09,04:00:00,17280488
T42_S2,20250709_110000.WAV,2025-07-09,11:00:00,17280488
T42_S2,20250709_140000.WAV,2025-07-09,14:00:00,17280488
T42_S2,20250709_180000.WAV,2025-07-09,18:00:00,17280488
T42_S2,20250710_000000.WAV,2025-07-10,00:00:00,17280488
T42_S2,20250710_040000.WAV,2025-07-10,04:00:00,17280488
T42_S2,20250710_110000.WAV,2025-07-10,11:00:00,17280488
T42_S2,20250710_140000.WAV,2025-07-10,14:00:00,17280488
T42_S2,20250710_180000.WAV,2025-07-10,18:00:00,17280488
T42_S2,20250711_000000.WAV,2025-07-11,00:00:00,17280488
T42_S2,20250711_040000.WAV,2025-07-11,04:00:00,17280488
T42_S2,20250711_110000.WAV,2025-07-11,11:00:00,17280488
T42_S2,20250711_140000.WAV,2025-07-11,14:00:00,17280488
T42_S2,20250711_180000.WAV,2025-07-11,18:00:00,17280488
T42_S2,20250712_000000.WAV,2025-07-12,00:00:00,17280488
T42_S2,20250712_040000.WAV,2025-07-12,04:00:00,17280488
T42_S2,20250712_110000.WAV,2025-07-12,11:00:00,17280488
T42_S2,20250712_140000.WAV,2025-07-12,14:00:00,17280488
T42_S2,20250712_180000.WAV,2025-07-12,18:00:00,17280488
T42_S2,20250713_000000.WAV,2025-07-13,00:00:00,17280488
T42_S2,20250713_040000.WAV,2025-07-13,04:00:00,17280488
T42_S2,20250713_110000.WAV,2025-07-13,11:00:00,17280488
T42_S2,20250713_140000.WAV,2025-07-13,14:00:00,17280488
T42_S2,20250713_180000.WAV,2025-07-13,18:00:00,17280488
T42_S2,20250714_000000.WAV,2025-07-14,00:00:00,17280488
T42_S2,20250714_040000.WAV,2025-07-14,04:00:00,17280488
T42_S2,20250714_110000.WAV,2025-07-14,11:00:00,17280488
T42_S2,20250714_140000.WAV,2025-07-14,14:00:00,17280488
T42_S2,20250714_180000.WAV,2025-07-14,18:00:00,17280488
T42_S2,20250715_000000.WAV,2025-07-15,00:00:00,17280488
T42_S2,20250715_040000.WAV,2025-07-15,04:00:00,17280488
T42_S2,20250715_110000.WAV,2025-07-15,11:00:00,17280488
T42_S2,20250715_140000.WAV,2025-07-15,14:00:00,17280488
T42_S2,20250715_180000.WAV,2025-07-15,18:00:00,17280488
T42_S2,20250716_000000.WAV,2025-07-16,00:00:00,17280488
T42_S2,20250716_040000.WAV,2025-07-16,04:00:00,17280488
T42_S2,20250716_110000.WAV,2025-07-16,11:00:00,17280488
T42_S2,20250716_140000.WAV,2025-07-16,14:00:00,17280488
T42_S2,20250716_180000.WAV,2025-07-16,18:00:00,17280488
T42_S2,20250717_000000.WAV,2025-07-17,00:00:00,17280488
T42_S2,20250717_040000.WAV,2025-07-17,04:00:00,17280488
T42_S2,20250717_110000.WAV,2025-07-17,11:00:00,17280488
T42_S2,20250717_140000.WAV,2025-07-17,14:00:00,17280488
T42_S2,20250717_180000.WAV,2025-07-17,18:00:00,17280488
T42_S2,20250718_000000.WAV,2025-07-18,00:00:00,17280488
T42_S2,20250718_040000.WAV,2025-07-18,04:00:00,17280488
T42_S2,20250718_110000.WAV,2025-07-18,11:00:00,17280488
T42_S2,20250718_140000.WAV,2025-07-18,14:00:00,17280488
T42_S2,20250718_180000.WAV,2025-07-18,18:00:00,17280488
T42_S2,20250719_000000.WAV,2025-07-19,00:00:00,17280488
T42_S2,20250719_040000.WAV,2025-07-19,04:00:00,17280488
T42_S2,20250719_110000.WAV,2025-07-19,11:00:00,17280488
T42_S2,20250719_140000.WAV,2025-07-19,14:00:00,17280488
T42_S2,20250719_180000.WAV,2025-07-19,18:00:00,17280488
T42_S2,20250720_000000.WAV,2025-07-20,00:00:00,17280488
T42_S2,20250720_040000.WAV,2025-07-20,04:00:00,17280488
T42_S2,20250720_110000.WAV,2025-07-20,11:00:00,17280488
T42_S2,20250720_140000.WAV,2025-07-20,14:00:00,17280488
T42_S2,20250720_180000.WAV,2025-07-20,18:00:00,17280488
T42_S2,20250721_000000.WAV,2025-07-21,00:00:00,17280488
T42_S2,20250721_040000.WAV,2025-07-21,04:00:00,17280488
T42_S2,20250721_110000.WAV,2025-07-21,11:00:00,17280488
T42_S2,20250721_140000.WAV,2025-07-21,14:00:00,17280488
T42_S2,20250721_180000.WAV,2025-07-21,18:00:00,17280488
T42_S2,20250722_000000.WAV,2025-07-22,00:00:00,17280488
T42_S2,20250722_040000.WAV,2025-07-22,04:00:00,17280488
T42_S2,20250722_110000.WAV,2025-07-22,11:00:00,17280488
T42_S2,20250722_140000.WAV,2025-07-22,14:00:00,17280488
T42_S2,20250722_180000.WAV,2025-07-22,18:00:00,17280488
T42_S2,20250723_000000.WAV,2025-07-23,00:00:00,17280488
T42_S2,20250723_040000.WAV,2025-07-23,04:00:00,17280488
T42_S2,20250723_110000.WAV,2025-07-23,11:00:00,17280488
T42_S2,20250723_140000.WAV,2025-07-23,14:00:00,17280488
T42_S2,20250723_180000.WAV,2025-07-23,18:00:00,17280488
T42_S2,20250724_000000.WAV,2025-07-24,00:00:00,17280488
T42_S2,20250724_040000.WAV,2025-07-24,04:00:00,17280488
T42_S2,20250724_110000.WAV,2025-07-24,11:00:00,17280488
T42_S2,20250724_140000.WAV,2025-07-24,14:00:00,17280488
T42_S2,20250724_180000.WAV,2025-07-24,18:00:00,17280488
T42_S2,20250725_000000.WAV,2025-07-25,00:00:00,17280488
T42_S2,20250725_040000.WAV,2025-07-25,04:00:00,17280488
T42_S2,20250725_110000.WAV,2025-07-25,11:00:00,17280488
T42_S2,20250725_140000.WAV,2025-07-25,14:00:00,17280488
T42_S2,20250725_180000.WAV,2025-07-25,18:00:00,17280488
T42_S2,20250726_000000.WAV,2025-07-26,00:00:00,17280488
T42_S2,20250726_040000.WAV,2025-07-26,04:00:00,17280488
T42_S2,20250726_110000.WAV,2025-07-26,11:00:00,17280488
T42_S2,20250726_140000.WAV,2025-07-26,14:00:00,17280488
T42_S2,20250726_180000.WAV,2025-07-26,18:00:00,17280488
T42_S2,20250727_000000.WAV,2025-07-27,00:00:00,17280488
T42_S2,20250727_040000.WAV,2025-07-27,04:00:00,17280488
T42_S2,20250727_110000.WAV,2025-07-27,11:00:00,17280488
T42_S2,20250727_140000.WAV,2025-07-27,14:00:00,17280488
T42_S2,20250727_180000.WAV,2025-07-27,18:00:00,17280488
T42_S2,20250728_000000.WAV,2025-07-28,00:00:00,17280488
T42_S2,20250728_040000.WAV,2025-07-28,04:00:00,17280488
T42_S2,20250728_110000.WAV,2025-07-28,11:00:00,17280488
T42_S2,20250728_140000.WAV,2025-07-28,14:00:00,17280488
T42_S2,20250728_180000.WAV,2025-07-28,18:00:00,17280488
T42_S2,20250729_000000.WAV,2025-07-29,00:00:00,17280488
T42_S2,20250729_040000.WAV,2025-07-29,04:00:00,17280488
T42_S2,20250729_110000.WAV,2025-07-29,11:00:00,17280488
T42_S2,20250729_140000.WAV,2025-07-29,14:00:00,17280488
T42_S2,20250729_180000.WAV,2025-07-29,18:00:00,17280488
T42_S2,20250730_000000.WAV,2025-07-30,00:00:00,17280488
T42_S2,20250730_040000.WAV,2025-07-30,04:00:00,17280488
T42_S2,20250730_110000.WAV,2025-07-30,11:00:00,17280488
T42_S2,20250730_140000.WAV,2025-07-30,14:00:00,17280488
T42_S2,20250730_180000.WAV,2025-07-30,18:00:00,17280488
T42_S2,20250731_000000.WAV,2025-07-31,00:00:00,17280488
T42_S2,20250731_040000.WAV,2025-07-31,04:00:00,17280488
T42_S2,20250731_110000.WAV,2025-07-31,11:00:00,17280488
T42_S2,20250731_140000.WAV,2025-07-31,14:00:00,17280488
T42_S2,20250731_180000.WAV,2025-07-31,18:00:00,17280488
T42_S2,20250801_000000.WAV,2025-08-01,00:00:00,17280488
T42_S2,20250801_040000.WAV,2025-08-01,04:00:00,17280488
T42_S2,20250801_110000.WAV,2025-08-01,11:00:00,17280488
T42_S2,20250801_140000.WAV,2025-08-01,14:00:00,17280488
T42_S2,20250801_180000.WAV,2025-08-01,18:00:00,17280488
T42_S2,20250802_000000.WAV,2025-08-02,00:00:00,17280488
T42_S2,20250802_040000.WAV,2025-08-02,04:00:00,17280488
T42_S2,20250802_110000.WAV,2025-08-02,11:00:00,17280488
T42_S2,20250802_140000.WAV,2025-08-02,14:00:00,17280488
T42_S2,20250802_180000.WAV,2025-08-02,18:00:00,17280488
T42_S2,20250803_000000.WAV,2025-08-03,00:00:00,17280488
T42_S2,20250803_040000.WAV,2025-08-03,04:00:00,17280488
T42_S2,20250803_110000.WAV,2025-08-03,11:00:00,17280488
T42_S2,20250803_140000.WAV,2025-08-03,14:00:00,17280488
T42_S2,20250803_180000.WAV,2025-08-03,18:00:00,17280488
T42_S2,20250804_000000.WAV,2025-08-04,00:00:00,17280488
T42_S2,20250804_040000.WAV,2025-08-04,04:00:00,17280488
T42_S2,20250804_110000.WAV,2025-08-04,11:00:00,17280488
T42_S2,20250804_140000.WAV,2025-08-04,14:00:00,17280488
T42_S2,20250804_180000.WAV,2025-08-04,18:00:00,17280488
T42_S2,20250805_000000.WAV,2025-08-05,00:00:00,17280488
T42_S2,20250805_040000.WAV,2025-08-05,04:00:00,17280488
T42_S2,20250805_110000.WAV,2025-08-05,11:00:00,17280488
T42_S2,20250805_140000.WAV,2025-08-05,14:00:00,17280488
T42_S2,20250805_180000.WAV,2025-08-05,18:00:00,17280488
T42_S2,20250806_000000.WAV,2025-08-06,00:00:00,17280488
T42_S2,20250806_040000.WAV,2025-08-06,04:00:00,17280488
T42_S2,20250806_110000.WAV,2025-08-06,11:00:00,17280488
T42_S2,20250806_140000.WAV,2025-08-06,14:00:00,17280488
T42_S2,20250806_180000.WAV,2025-08-06,18:00:00,17280488
T42_S2,20250807_000000.WAV,2025-08-07,00:00:00,17280488
T42_S2,20250807_040000.WAV,2025-08-07,04:00:00,17280488
T42_S2,20250807_110000.WAV,2025-08-07,11:00:00,17280488
T42_S2,20250807_140000.WAV,2025-08-07,14:00:00,17280488
T42_S2,20250807_180000.WAV,2025-08-07,18:00:00,17280488
T42_S2,20250808_000000.WAV,2025-08-08,00:00:00,17280488
T42_S2,20250808_040000.WAV,2025-08-08,04:00:00,17280488
T42_S2,20250808_110000.WAV,2025-08-08,11:00:00,17280488
T42_S2,20250808_140000.WAV,2025-08-08,14:00:00,17280488
T42_S2,20250808_180000.WAV,2025-08-08,18:00:00,17280488
T42_S2,20250809_000000.WAV,2025-08-09,00:00:00,17280488
T42_S2,20250809_040000.WAV,2025-08-09,04:00:00,17280488
T42_S2,20250809_110000.WAV,2025-08-09,11:00:00,17280488
T42_S2,20250809_140000.WAV,2025-08-09,14:00:00,17280488
T42_S2,20250809_180000.WAV,2025-08-09,18:00:00,17280488
T42_S2,20250810_000000.WAV,2025-08-10,00:00:00,17280488
T42_S2,20250810_040000.WAV,2025-08-10,04:00:00,17280488
T42_S2,20250810_110000.WAV,2025-08-10,11:00:00,17280488
T42_S2,20250810_140000.WAV,2025-08-10,14:00:00,17280488
T42_S2,20250810_180000.WAV,2025-08-10,18:00:00,17280488
T42_S2,20250811_000000.WAV,2025-08-11,00:00:00,17280488
T42_S2,20250811_040000.WAV,2025-08-11,04:00:00,17280488
T42_S2,20250811_110000.WAV,2025-08-11,11:00:00,17280488
T42_S2,20250811_140000.WAV,2025-08-11,14:00:00,17280488
T42_S2,20250811_180000.WAV,2025-08-11,18:00:00,17280488
T42_S2,20250812_000000.WAV,2025-08-12,00:00:00,17280488
T42_S2,20250812_040000.WAV,2025-08-12,04:00:00,17280488
T42_S2,20250812_110000.WAV,2025-08-12,11:00:00,17280488
T42_S2,20250812_140000.WAV,2025-08-12,14:00:00,17280488
T42_S2,20250812_180000.WAV,2025-08-12,18:00:00,17280488
T42_S2,20250813_000000.WAV,2025-08-13,00:00:00,17280488
T42_S2,20250813_040000.WAV,2025-08-13,04:00:00,17280488
T42_S2,20250813_110000.WAV,2025-08-13,11:00:00,17280488
T42_S2,20250813_140000.WAV,2025-08-13,14:00:00,17280488
T42_S2,20250813_180000.WAV,2025-08-13,18:00:00,17280488
T42_S2,20250814_000000.WAV,2025-08-14,00:00:00,17280488
T42_S2,20250814_040000.WAV,2025-08-14,04:00:00,17280488
T42_S2,20250814_110000.WAV,2025-08-14,11:00:00,17280488
T42_S2,20250814_140000.WAV,2025-08-14,14:00:00,17280488
T42_S2,20250814_180000.WAV,2025-08-14,18:00:00,17280488
T42_S2,20250815_000000.WAV,2025-08-15,00:00:00,17280488
T42_S2,20250815_040000.WAV,2025-08-15,04:00:00,17280488
T42_S2,20250815_110000.WAV,2025-08-15,11:00:00,17280488
T42_S2,20250815_140000.WAV,2025-08-15,14:00:00,17280488
T42_S2,20250815_180000.WAV,2025-08-15,18:00:00,17280488
T42_S2,20250816_000000.WAV,2025-08-16,00:00:00,17280488
T42_S2,20250816_040000.WAV,2025-08-16,04:00:00,17280488
T42_S2,20250816_110000.WAV,2025-08-16,11:00:00,17280488
T42_S2,20250816_140000.WAV,2025-08-16,14:00:00,17280488
T42_S2,20250816_180000.WAV,2025-08-16,18:00:00,17280488
T42_S2,20250817_000000.WAV,2025-08-17,00:00:00,17280488
T42_S2,20250817_040000.WAV,2025-08-17,04:00:00,17280488
T42_S2,20250817_110000.WAV,2025-08-17,11:00:00,17280488
T42_S2,20250817_140000.WAV,2025-08-17,14:00:00,17280488
T42_S2,20250817_180000.WAV,2025-08-17,18:00:00,17280488
T42_S2,20250818_000000.WAV,2025-08-18,00:00:00,17280488
T42_S2,20250818_040000.WAV,2025-08-18,04:00:00,17280488
T42_S2,20250818_110000.WAV,2025-08-18,11:00:00,17280488
T42_S2,20250818_140000.WAV,2025-08-18,14:00:00,17280488
T42_S2,20250818_180000.WAV,2025-08-18,18:00:00,17280488
T42_S2,20250819_000000.WAV,2025-08-19,00:00:00,17280488
T42_S2,20250819_040000.WAV,2025-08-19,04:00:00,17280488
T42_S2,20250819_110000.WAV,2025-08-19,11:00:00,17280488
T42_S2,20250819_140000.WAV,2025-08-19,14:00:00,17280488
T42_S2,20250819_180000.WAV,2025-08-19,18:00:00,17280488
T42_S2,20250820_000000.WAV,2025-08-20,00:00:00,17280488
T42_S2,20250820_040000.WAV,2025-08-20,04:00:00,17280488
T42_S2,20250820_110000.WAV,2025-08-20,11:00:00,17280488
T42_S2,20250820_140000.WAV,2025-08-20,14:00:00,17280488
T42_S2,20250820_180000.WAV,2025-08-20,18:00:00,17280488
T42_S2,20250821_000000.WAV,2025-08-21,00:00:00,17280488
T42_S2,20250821_040000.WAV,2025-08-21,04:00:00,17280488
T42_S2,20250821_110000.WAV,2025-08-21,11:00:00,17280488
T42_S2,20250821_140000.WAV,2025-08-21,14:00:00,17280488
T42_S2,20250821_180000.WAV,2025-08-21,18:00:00,17280488
T42_S2,20250822_000000.WAV,2025-08-22,00:00:00,17280488
T42_S2,20250822_040000.WAV,2025-08-22,04:00:00,17280488
T42_S2,20250822_110000.WAV,2025-08-22,11:00:00,17280488
T42_S2,20250822_140000.WAV,2025-08-22,14:00:00,17280488
T42_S2,20250822_180000.WAV,2025-08-22,18:00:00,17280488
T42_S2,20250823_000000.WAV,2025-08-23,00:00:00,17280488
T42_S2,20250823_040000.WAV,2025-08-23,04:00:00,17280488
T42_S2,20250823_110000.WAV,2025-08-23,11:00:00,17280488
T42_S2,20250823_140000.WAV,2025-08-23,14:00:00,17280488
T42_S2,20250823_180000.WAV,2025-08-23,18:00:00,17280488
T42_S2,20250824_000000.WAV,2025-08-24,00:00:00,17280488
T42_S2,20250824_040000.WAV,2025-08-24,04:00:00,17280488
T42_S2,20250824_110000.WAV,2025-08-24,11:00:00,17280488
T42_S2,20250824_140000.WAV,2025-08-24,14:00:00,17280488
T42_S2,20250824_180000.WAV,2025-08-24,18:00:00,17280488
T42_S2,20250825_000000.WAV,2025-08-25,00:00:00,17280488
T42_S2,20250825_040000.WAV,2025-08-25,04:00:00,17280488
T42_S2,20250825_110000.WAV,2025-08-25,11:00:00,17280488
T42_S2,20250825_140000.WAV,2025-08-25,14:00:00,17280488
T42_S2,20250825_180000.WAV,2025-08-25,18:00:00,17280488
T42_S2,20250826_000000.WAV,2025-08-26,00:00:00,17280488
T42_S2,20250826_040000.WAV,2025-08-26,04:00:00,17280488
T42_S2,20250826_110000.WAV,2025-08-26,11:00:00,17280488
T42_S2,20250826_140000.WAV,2025-08-26,14:00:00,17280488
T42_S2,20250826_180000.WAV,2025-08-26,18:00:00,17280488
T42_S2,20250827_000000.WAV,2025-08-27,00:00:00,17280488
T42_S2,20250827_040000.WAV,2025-08-27,04:00:00,17280488
T42_S2,20250827_110000.WAV,2025-08-27,11:00:00,17280488
T42_S2,20250827_140000.WAV,2025-08-27,14:00:00,17280488
T42_S2,20250827_180000.WAV,2025-08-27,18:00:00,17280488
T42_S2,20250828_000000.WAV,2025-08-28,00:00:00,17280488
T42_S2,20250828_040000.WAV,2025-08-28,04:00:00,17280488
T42_S2,20250828_110000.WAV,2025-08-28,11:00:00,17280488
T42_S2,20250828_140000.WAV,2025-08-28,14:00:00,17280488
T42_S2,20250828_180000.WAV,2025-08-28,18:00:00,17280488
T42_S2,20250829_000000.WAV,2025-08-29,00:00:00,17280488
T42_S2,20250829_040000.WAV,2025-08-29,04:00:00,17280488
T42_S2,20250829_110000.WAV,2025-08-29,11:00:00,17280488
T42_S2,20250829_140000.WAV,2025-08-29,14:00:00,17280488
T42_S2,20250829_180000.WAV,2025-08-29,18:00:00,17280488
T42_S2,20250830_000000.WAV,2025-08-30,00:00:00,17280488
T42_S2,20250830_040000.WAV,2025-08-30,04:00:00,17280488
T42_S2,20250830_110000.WAV,2025-08-30,11:00:00,17280488
T42_S2,20250830_140000.WAV,2025-08-30,14:00:00,17280488
T42_S2,20250830_180000.WAV,2025-08-30,18:00:00,17280488
T42_S2,20250831_000000.WAV,2025-08-31,00:00:00,17280488
T42_S2,20250831_040000.WAV,2025-08-31,04:00:00,17280488
T42_S2,20250831_110000.WAV,2025-08-31,11:00:00,17280488
T42_S2,20250831_140000.WAV,2025-08-31,14:00:00,17280488
T42_S2,20250831_180000.WAV,2025-08-31,18:00:00,17280488
T42_S2,20250901_000000.WAV,2025-09-01,00:00:00,17280488
T42_S2,20250901_040000.WAV,2025-09-01,04:00:00,17280488
T42_S2,20250901_110000.WAV,2025-09-01,11:00:00,17280488
T42_S2,20250901_140000.WAV,2025-09-01,14:00:00,17280488
T42_S2,20250901_180000.WAV,2025-09-01,18:00:00,17280488
T42_S2,20250902_000000.WAV,2025-09-02,00:00:00,17280488
T42_S2,20250902_040000.WAV,2025-09-02,04:00:00,17280488
T42_S2,20250902_110000.WAV,2025-09-02,11:00:00,17280488
T42_S2,20250902_140000.WAV,2025-09-02,14:00:00,17280488
T42_S2,20250902_180000.WAV,2025-09-02,18:00:00,17280488
T42_S2,20250903_000000.WAV,2025-09-03,00:00:00,17280488
T42_S2,20250903_040000.WAV,2025-09-03,04:00:00,17280488
T42_S2,20250903_110000.WAV,2025-09-03,11:00:00,17280488
T42_S2,20250903_140000.WAV,2025-09-03,14:00:00,17280488
T42_S2,20250903_180000.WAV,2025-09-03,18:00:00,17280488
T42_S2,20250904_000000.WAV,2025-09-04,00:00:00,17280488
T42_S2,20250904_040000.WAV,2025-09-04,04:00:00,17280488
T42_S2,20250904_110000.WAV,2025-09-04,11:00:00,17280488
T42_S2,20250904_140000.WAV,2025-09-04,14:00:00,17280488
T42_S2,20250904_180000.WAV,2025-09-04,18:00:00,17280488
T42_S2,20250905_000000.WAV,2025-09-05,00:00:00,17280488
T42_S2,20250905_040000.WAV,2025-09-05,04:00:00,17280488
T42_S2,20250905_110000.WAV,2025-09-05,11:00:00,17280488
T42_S2,20250905_140000.WAV,2025-09-05,14:00:00,17280488
T42_S2,20250905_180000.WAV,2025-09-05,18:00:00,17280488
T42_S2,20250906_000000.WAV,2025-09-06,00:00:00,17280488
T42_S2,20250906_040000.WAV,2025-09-06,04:00:00,17280488
T42_S2,20250906_110000.WAV,2025-09-06,11:00:00,17280488
T42_S2,20250906_140000.WAV,2025-09-06,14:00:00,17280488
T42_S2,20250906_180000.WAV,2025-09-06,18:00:00,17280488
T42_S2,20250907_000000.WAV,2025-09-07,00:00:00,17280488
T42_S2,20250907_040000.WAV,2025-09-07,04:00:00,17280488
T42_S2,20250907_110000.WAV,2025-09-07,11:00:00,17280488
T42_S2,20250907_140000.WAV,2025-09-07,14:00:00,17280488
T42_S2,20250907_180000.WAV,2025-09-07,18:00:00,17280488
T42_S2,20250908_000000.WAV,2025-09-08,00:00:00,17280488
T42_S2,20250908_040000.WAV,2025-09-08,04:00:00,17280488
T42_S2,20250908_110000.WAV,2025-09-08,11:00:00,17280488
T42_S2,20250908_140000.WAV,2025-09-08,14:00:00,17280488
T42_S2,20250908_180000.WAV,2025-09-08,18:00:00,17280488
T42_S2,20250909_000000.WAV,2025-09-09,00:00:00,17280488
T42_S2,20250909_040000.WAV,2025-09-09,04:00:00,17280488
T42_S2,20250909_110000.WAV,2025-09-09,11:00:00,17280488
T42_S2,20250909_140000.WAV,2025-09-09,14:00:00,17280488
T42_S2,20250909_180000.WAV,2025-09-09,18:00:00,17280488
T42_S2,20250910_000000.WAV,2025-09-10,00:00:00,17280488
T42_S2,20250910_040000.WAV,2025-09-10,04:00:00,17280488
T42_S2,20250910_110000.WAV,2025-09-10,11:00:00,17280488
T42_S2,20250910_140000.WAV,2025-09-10,14:00:00,17280488
T42_S2,20250910_180000.WAV,2025-09-10,18:00:00,17280488
T42_S2,20250911_000000.WAV,2025-09-11,00:00:00,17280488
T42_S2,20250911_040000.WAV,2025-09-11,04:00:00,17280488
T42_S2,20250911_110000.WAV,2025-09-11,11:00:00,17280488
T42_S2,20250911_140000.WAV,2025-09-11,14:00:00,17280488
T42_S2,20250911_180000.WAV,2025-09-11,18:00:00,17280488
T42_S2,20250912_000000.WAV,2025-09-12,00:00:00,17280488
T42_S2,20250912_040000.WAV,2025-09-12,04:00:00,17280488
T42_S2,20250912_110000.WAV,2025-09-12,11:00:00,17280488
T42_S2,20250912_140000.WAV,2025-09-12,14:00:00,17280488
T42_S2,20250912_180000.WAV,2025-09-12,18:00:00,17280488
T42_S2,20250913_000000.WAV,2025-09-13,00:00:00,17280488
T42_S2,20250913_040000.WAV,2025-09-13,04:00:00,17280488
T42_S2,20250913_110000.WAV,2025-09-13,11:00:00,17280488
T42_S2,20250913_140000.WAV,2025-09-13,14:00:00,17280488
T42_S2,20250913_180000.WAV,2025-09-13,18:00:00,17280488
T42_S2,20250914_000000.WAV,2025-09-14,00:00:00,17280488
T42_S2,20250914_040000.WAV,2025-09-14,04:00:00,17280488
T42_S2,20250914_110000.WAV,2025-09-14,11:00:00,17280488
T42_S2,20250914_140000.WAV,2025-09-14,14:00:00,17280488
T42_S2,20250914_180000.WAV,2025-09-14,18:00:00,17280488
T42_S2,20250915_000000.WAV,2025-09-15,00:00:00,17280488
T42_S2,20250915_040000.WAV,2025-09-15,04:00:00,17280488
T42_S2,20250915_110000.WAV,2025-09-15,11:00:00,17280488
T42_S2,20250915_140000.WAV,2025-09-15,14:00:00,17280488
T42_S2,20250915_180000.WAV,2025-09-15,18:00:00,17280488
T42_S2,20250916_000000.WAV,2025-09-16,00:00:00,17280488
T42_S2,20250916_040000.WAV,2025-09-16,04:00:00,17280488
T42_S2,20250916_110000.WAV,2025-09-16,11:00:00,17280488
T42_S2,20250916_140000.WAV,2025-09-16,14:00:00,17280488
T42_S2,20250916_180000.WAV,2025-09-16,18:00:00,17280488
T42_S2,20250917_000000.WAV,2025-09-17,00:00:00,17280488
T42_S2,20250917_040000.WAV,2025-09-17,04:00:00,17280488
T42_S2,20250917_110000.WAV,2025-09-17,11:00:00,17280488
T42_S2,20250917_140000.WAV,2025-09-17,14:00:00,17280488
T42_S2,20250917_180000.WAV,2025-09-17,18:00:00,17280488
T42_S2,20250918_000000.WAV,2025-09-18,00:00:00,17280488
T42_S2,20250918_040000.WAV,2025-09-18,04:00:00,17280488
T42_S2,20250918_110000.WAV,2025-09-18,11:00:00,17280488
T42_S2,20250918_140000.WAV,2025-09-18,14:00:00,17280488
T42_S2,20250918_180000.WAV,2025-09-18,18:00:00,17280488
T42_S2,20250919_000000.WAV,2025-09-19,00:00:00,17280488
T42_S2,20250919_040000.WAV,2025-09-19,04:00:00,17280488
T42_S2,20250919_110000.WAV,2025-09-19,11:00:00,17280488
T42_S2,20250919_140000.WAV,2025-09-19,14:00:00,17280488
T42_S2,20250919_180000.WAV,2025-09-19,18:00:00,17280488
T42_S2,20250920_000000.WAV,2025-09-20,00:00:00,17280488
T42_S2,20250920_040000.WAV,2025-09-20,04:00:00,17280488
T42_S2,20250920_110000.WAV,2025-09-20,11:00:00,17280488
T42_S2,20250920_140000.WAV,2025-09-20,14:00:00,17280488
T42_S2,20250920_180000.WAV,2025-09-20,18:00:00,17280488
T42_S2,20250921_000000.WAV,2025-09-21,00:00:00,17280488
T42_S2,20250921_040000.WAV,2025-09-21,04:00:00,17280488
T42_S2,20250921_110000.WAV,2025-09-21,11:00:00,17280488
T42_S2,20250921_140000.WAV,2025-09-21,14:00:00,17280488
T42_S2,20250921_180000.WAV,2025-09-21,18:00:00,17280488
T42_S2,20250922_000000.WAV,2025-09-22,00:00:00,17280488
T42_S2,20250922_040000.WAV,2025-09-22,04:00:00,17280488
T42_S2,20250922_110000.WAV,2025-09-22,11:00:00,17280488
T42_S2,20250922_140000.WAV,2025-09-22,14:00:00,17280488
T42_S2,20250922_180000.WAV,2025-09-22,18:00:00,17280488
T42_S2,20250923_000000.WAV,2025-09-23,00:00:00,17280488
T42_S2,20250923_040000.WAV,2025-09-23,04:00:00,17280488
T42_S2,20250923_110000.WAV,2025-09-23,11:00:00,17280488
T42_S2,20250923_140000.WAV,2025-09-23,14:00:00,17280488
T42_S2,20250923_180000.WAV,2025-09-23,18:00:00,17280488
T42_S2,20250924_000000.WAV,2025-09-24,00:00:00,17280488
T42_S2,20250924_040000.WAV,2025-09-24,04:00:00,17280488
T42_S2,20250924_110000.WAV,2025-09-24,11:00:00,17280488
T42_S2,20250924_140000.WAV,2025-09-24,14:00:00,17280488
T42_S2,20250924_180000.WAV,2025-09-24,18:00:00,17280488
T42_S2,20250925_000000.WAV,2025-09-25,00:00:00,17280488
T42_S2,20250925_040000.WAV,2025-09-25,04:00:00,17280488
T42_S2,20250925_110000.WAV,2025-09-25,11:00:00,17280488
T42_S2,20250925_140000.WAV,2025-09-25,14:00:00,17280488
T42_S2,20250925_180000.WAV,2025-09-25,18:00:00,17280488
T42_S2,20250926_000000.WAV,2025-09-26,00:00:00,17280488
T42_S2,20250926_040000.WAV,2025-09-26,04:00:00,17280488
T42_S2,20250926_110000.WAV,2025-09-26,11:00:00,17280488
T42_S2,20250926_140000.WAV,2025-09-26,14:00:00,17280488
T42_S2,20250926_180000.WAV,2025-09-26,18:00:00,17280488
T42_S2,20250927_000000.WAV,2025-09-27,00:00:00,17280488
T42_S2,20250927_040000.WAV,2025-09-27,04:00:00,17280488
T42_S2,20250927_110000.WAV,2025-09-27,11:00:00,17280488
T42_S2,20250927_140000.WAV,2025-09-27,14:00:00,17280488
T42_S2,20250927_180000.WAV,2025-09-27,18:00:00,17280488
T42_S2,20250928_000000.WAV,2025-09-28,00:00:00,17280488
T42_S2,20250928_040000.WAV,2025-09-28,04:00:00,17280488
T42_S2,20250928_110000.WAV,2025-09-28,11:00:00,17280488
T42_S2,20250928_140000.WAV,2025-09-28,14:00:00,17280488
T42_S2,20250928_180000.WAV,2025-09-28,18:00:00,17280488
T42_S2,20250929_000000.WAV,2025-09-29,00:00:00,17280488
T42_S2,20250929_040000.WAV,2025-09-29,04:00:00,17280488
T42_S2,20250929_110000.WAV,2025-09-29,11:00:00,17280488
T42_S2,20250929_140000.WAV,2025-09-29,14:00:00,17280488
T42_S2,20250929_180000.WAV,2025-09-29,18:00:00,17280488
T42_S2,20250930_000000.WAV,2025-09-30,00:00:00,17280488
T42_S2,20250930_040000.WAV,2025-09-30,04:00:00,17280488
T42_S2,20250930_110000.WAV,2025-09-30,11:00:00,17280488
T42_S2,20250930_140000.WAV,2025-09-30,14:00:00,17280488
T42_S2,20250930_180000.WAV,2025-09-30,18:00:00,17280488
T42_S2,20251001_000000.WAV,2025-10-01,00:00:00,17280488
T42_S2,20251001_040000.WAV,2025-10-01,04:00:00,17280488
T42_S2,20251001_110000.WAV,2025-10-01,11:00:00,17280488
T42_S2,20251001_140000.WAV,2025-10-01,14:00:00,17280488
T42_S2,20251001_180000.WAV,2025-10-01,18:00:00,17280488
T42_S2,20251002_000000.WAV,2025-10-02,00:00:00,17280488
T42_S2,20251002_040000.WAV,2025-10-02,04:00:00,17280488
T42_S2,20251002_110000.WAV,2025-10-02,11:00:00,17280488
T42_S2,20251002_140000.WAV,2025-10-02,14:00:00,17280488
T42_S2,20251002_180000.WAV,2025-10-02,18:00:00,17280488
T42_S2,20251003_000000.WAV,2025-10-03,00:00:00,17280488
T42_S2,20251003_040000.WAV,2025-10-03,04:00:00,17280488
T42_S2,20251003_110000.WAV,2025-10-03,11:00:00,17280488
T42_S2,20251003_140000.WAV,2025-10-03,14:00:00,17280488
T42_S2,20251003_180000.WAV,2025-10-03,18:00:00,17280488
T42_S2,20251004_000000.WAV,2025-10-04,00:00:00,17280488
T42_S2,20251004_040000.WAV,2025-10-04,04:00:00,17280488
T42_S2,20251004_110000.WAV,2025-10-04,11:00:00,17280488
T42_S2,20251004_140000.WAV,2025-10-04,14:00:00,17280488
T42_S2,20251004_180000.WAV,2025-10-04,18:00:00,17280488
T42_S2,20251005_000000.WAV,2025-10-05,00:00:00,17280488
T42_S2,20251005_040000.WAV,2025-10-05,04:00:00,17280488
T42_S2,20251005_110000.WAV,2025-10-05,11:00:00,17280488
T42_S2,20251005_140000.WAV,2025-10-05,14:00:00,17280488
T42_S2,20251005_180000.WAV,2025-10-05,18:00:00,17280488
T42_S2,20251006_000000.WAV,2025-10-06,00:00:00,17280488
T42_S2,20251006_040000.WAV,2025-10-06,04:00:00,17280488
T42_S2,20251006_110000.WAV,2025-10-06,11:00:00,17280488
T42_S2,20251006_140000.WAV,2025-10-06,14:00:00,17280488
T42_S2,20251006_180000.WAV,2025-10-06,18:00:00,17280488
T42_S2,20251007_000000.WAV,2025-10-07,00:00:00,17280488
T42_S2,20251007_040000.WAV,2025-10-07,04:00:00,17280488
T42_S2,20251007_110000.WAV,2025-10-07,11:00:00,17280488
T42_S2,20251007_140000.WAV,2025-10-07,14:00:00,17280488
T42_S2,20251007_180000.WAV,2025-10-07,18:00:00,17280488
T42_S2,20251008_000000.WAV,2025-10-08,00:00:00,17280488
T42_S2,20251008_040000.WAV,2025-10-08,04:00:00,17280488
T42_S2,20251008_110000.WAV,2025-10-08,11:00:00,17280488
T42_S2,20251008_140000.WAV,2025-10-08,14:00:00,17280488
T42_S2,20251008_180000.WAV,2025-10-08,18:00:00,17280488
T42_S2,20251009_000000.WAV,2025-10-09,00:00:00,17280488
T42_S2,20251009_040000.WAV,2025-10-09,04:00:00,17280488
T42_S2,20251009_110000.WAV,2025-10-09,11:00:00,17280488
T42_S2,20251009_140000.WAV,2025-10-09,14:00:00,17280488
T42_S2,20251009_180000.WAV,2025-10-09,18:00:00,17280488
T42_S2,20251010_000000.WAV,2025-10-10,00:00:00,17280488
T42_S2,20251010_040000.WAV,2025-10-10,04:00:00,17280488
T42_S2,20251010_110000.WAV,2025-10-10,11:00:00,17280488
T42_S2,20251010_140000.WAV,2025-10-10,14:00:00,17280488
T42_S2,20251010_180000.WAV,2025-10-10,18:00:00,17280488
T42_S2,20251011_000000.WAV,2025-10-11,00:00:00,17280488
T42_S2,20251011_040000.WAV,2025-10-11,04:00:00,17280488
T42_S2,20251011_110000.WAV,2025-10-11,11:00:00,17280488
T42_S2,20251011_140000.WAV,2025-10-11,14:00:00,17280488
T42_S2,20251011_180000.WAV,2025-10-11,18:00:00,17280488
T42_S2,20251012_000000.WAV,2025-10-12,00:00:00,17280488
T42_S2,20251012_040000.WAV,2025-10-12,04:00:00,17280488
T42_S2,20251012_110000.WAV,2025-10-12,11:00:00,17280488
T42_S2,20251012_140000.WAV,2025-10-12,14:00:00,17280488
T42_S2,20251012_180000.WAV,2025-10-12,18:00:00,17280488
T42_S2,20251013_000000.WAV,2025-10-13,00:00:00,17280488
T42_S2,20251013_040000.WAV,2025-10-13,04:00:00,17280488
T42_S2,20251013_110000.WAV,2025-10-13,11:00:00,17280488
T42_S2,20251013_140000.WAV,2025-10-13,14:00:00,17280488
T42_S2,20251013_180000.WAV,2025-10-13,18:00:00,17280488
T42_S2,20251014_000000.WAV,2025-10-14,00:00:00,17280488
T42_S2,20251014_040000.WAV,2025-10-14,04:00:00,17280488
T42_S2,20251014_110000.WAV,2025-10-14,11:00:00,17280488
T42_S2,20251014_140000.WAV,2025-10-14,14:00:00,17280488
T42_S2,20251014_180000.WAV,2025-10-14,18:00:00,17280488
T42_S2,20251015_000000.WAV,2025-10-15,00:00:00,17280488
T42_S2,20251015_040000.WAV,2025-10-15,04:00:00,17280488
T42_S2,20251015_110000.WAV,2025-10-15,11:00:00,17280488
T42_S2,20251015_140000.WAV,2025-10-15,14:00:00,17280488
T42_S2,20251015_180000.WAV,2025-10-15,18:00:00,17280488
T42_S2,20251016_000000.WAV,2025-10-16,00:00:00,17280488
T42_S2,20251016_040000.WAV,2025-10-16,04:00:00,17280488
T42_S2,20251016_110000.WAV,2025-10-16,11:00:00,17280488
T42_S2,20251016_140000.WAV,2025-10-16,14:00:00,17280488
T42_S2,20251016_180000.WAV,2025-10-16,18:00:00,17280488
T42_S2,20251017_000000.WAV,2025-10-17,00:00:00,17280488
T42_S2,20251017_040000.WAV,2025-10-17,04:00:00,17280488
T42_S2,20251017_110000.WAV,2025-10-17,11:00:00,17280488
T42_S2,20251017_140000.WAV,2025-10-17,14:00:00,17280488
T42_S2,20251017_180000.WAV,2025-10-17,18:00:00,17280488
T42_S2,20251018_000000.WAV,2025-10-18,00:00:00,17280488
T42_S2,20251018_040000.WAV,2025-10-18,04:00:00,17280488
T42_S2,20251018_110000.WAV,2025-10-18,11:00:00,17280488
T42_S2,20251018_140000.WAV,2025-10-18,14:00:00,17280488
T42_S2,20251018_180000.WAV,2025-10-18,18:00:00,17280488
T42_S2,20251019_000000.WAV,2025-10-19,00:00:00,17280488
T42_S2,20251019_040000.WAV,2025-10-19,04:00:00,17280488
T42_S2,20251019_110000.WAV,2025-10-19,11:00:00,17280488
T42_S2,20251019_140000.WAV,2025-10-19,14:00:00,17280488
T42_S2,20251019_180000.WAV,2025-10-19,18:00:00,17280488
T42_S2,20251020_000000.WAV,2025-10-20,00:00:00,17280488
T42_S2,20251020_040000.WAV,2025-10-20,04:00:00,17280488
T42_S2,20251020_110000.WAV,2025-10-20,11:00:00,17280488
T42_S2,20251020_140000.WAV,2025-10-20,14:00:00,17280488
T42_S2,20251020_180000.WAV,2025-10-20,18:00:00,17280488
T42_S2,20251021_000000.WAV,2025-10-21,00:00:00,17280488
T42_S2,20251021_040000.WAV,2025-10-21,04:00:00,17280488
T42_S2,20251021_110000.WAV,2025-10-21,11:00:00,17280488
T42_S2,20251021_140000.WAV,2025-10-21,14:00:00,17280488
T42_S2,20251021_180000.WAV,2025-10-21,18:00:00,17280488
T42_S2,20251022_000000.WAV,2025-10-22,00:00:00,17280488
T42_S2,20251022_040000.WAV,2025-10-22,04:00:00,17280488
T42_S2,20251022_110000.WAV,2025-10-22,11:00:00,17280488
T42_S2,20251022_140000.WAV,2025-10-22,14:00:00,17280488
T42_S2,20251022_180000.WAV,2025-10-22,18:00:00,17280488
T42_S2,20251023_000000.WAV,2025-10-23,00:00:00,17280488
T42_S2,20251023_040000.WAV,2025-10-23,04:00:00,17280488
T42_S2,20251023_110000.WAV,2025-10-23,11:00:00,17280488
T42_S2,20251023_140000.WAV,2025-10-23,14:00:00,17280488
T42_S2,20251023_180000.WAV,2025-10-23,18:00:00,17280488
T42_S2,20251024_000000.WAV,2025-10-24,00:00:00,17280488
T42_S2,20251024_040000.WAV,2025-10-24,04:00:00,17280488
T42_S2,20251024_110000.WAV,2025-10-24,11:00:00,17280488
T42_S2,20251024_140000.WAV,2025-10-24,14:00:00,17280488
T42_S2,20251024_180000.WAV,2025-10-24,18:00:00,17280488
T42_S2,20251025_000000.WAV,2025-10-25,00:00:00,17280488
T42_S2,20251025_040000.WAV,2025-10-25,04:00:00,17280488
T42_S2,20251025_110000.WAV,2025-10-25,11:00:00,17280488
T42_S2,20251025_140000.WAV,2025-10-25,14:00:00,17280488
T42_S2,20251025_180000.WAV,2025-10-25,18:00:00,17280488
T42_S2,20251026_000000.WAV,2025-10-26,00:00:00,17280488
T42_S2,20251026_040000.WAV,2025-10-26,04:00:00,17280488
T42_S2,20251026_110000.WAV,2025-10-26,11:00:00,17280488
T42_S2,20251026_140000.WAV,2025-10-26,14:00:00,17280488
T42_S2,20251026_180000.WAV,2025-10-26,18:00:00,17280488
T42_S2,20251027_000000.WAV,2025-10-27,00:00:00,17280488
T42_S2,20251027_040000.WAV,2025-10-27,04:00:00,17280488
T42_S2,20251027_110000.WAV,2025-10-27,11:00:00,17280488
T42_S2,20251027_140000.WAV,2025-10-27,14:00:00,17280488
T42_S3,20250429_180000.WAV,2025-04-29,18:00:00,17280488
T42_S3,20250430_000000.WAV,2025-04-30,00:00:00,17280488
T42_S3,20250430_040000.WAV,2025-04-30,04:00:00,17280488
T42_S3,20250430_110000.WAV,2025-04-30,11:00:00,17280488
T42_S3,20250430_140000.WAV,2025-04-30,14:00:00,17280488
T42_S3,20250430_180000.WAV,2025-04-30,18:00:00,17280488
T42_S3,20250501_000000.WAV,2025-05-01,00:00:00,17280488
T42_S3,20250501_040000.WAV,2025-05-01,04:00:00,17280488
T42_S3,20250501_110000.WAV,2025-05-01,11:00:00,17280488
T42_S3,20250501_140000.WAV,2025-05-01,14:00:00,17280488
T42_S3,20250501_180000.WAV,2025-05-01,18:00:00,17280488
T42_S3,20250502_000000.WAV,2025-05-02,00:00:00,17280488
T42_S3,20250502_040000.WAV,2025-05-02,04:00:00,17280488
T42_S3,20250502_110000.WAV,2025-05-02,11:00:00,17280488
T42_S3,20250502_140000.WAV,2025-05-02,14:00:00,17280488
T42_S3,20250502_180000.WAV,2025-05-02,18:00:00,17280488
T42_S3,20250503_000000.WAV,2025-05-03,00:00:00,17280488
T42_S3,20250503_040000.WAV,2025-05-03,04:00:00,17280488
T42_S3,20250503_110000.WAV,2025-05-03,11:00:00,17280488
T42_S3,20250503_140000.WAV,2025-05-03,14:00:00,17280488
T42_S3,20250503_180000.WAV,2025-05-03,18:00:00,17280488
T42_S3,20250504_000000.WAV,2025-05-04,00:00:00,17280488
T42_S3,20250504_040000.WAV,2025-05-04,04:00:00,17280488
T42_S3,20250504_110000.WAV,2025-05-04,11:00:00,17280488
T42_S3,20250504_140000.WAV,2025-05-04,14:00:00,17280488
T42_S3,20250504_180000.WAV,2025-05-04,18:00:00,17280488
T42_S3,20250505_000000.WAV,2025-05-05,00:00:00,17280488
T42_S3,20250505_040000.WAV,2025-05-05,04:00:00,17280488
T42_S3,20250505_110000.WAV,2025-05-05,11:00:00,17280488
T42_S3,20250505_140000.WAV,2025-05-05,14:00:00,17280488
T42_S3,20250505_180000.WAV,2025-05-05,18:00:00,17280488
T42_S3,20250506_000000.WAV,2025-05-06,00:00:00,17280488
T42_S3,20250506_040000.WAV,2025-05-06,04:00:00,17280488
T42_S3,20250506_110000.WAV,2025-05-06,11:00:00,17280488
T42_S3,20250506_140000.WAV,2025-05-06,14:00:00,17280488
T42_S3,20250506_180000.WAV,2025-05-06,18:00:00,17280488
T42_S3,20250507_000000.WAV,2025-05-07,00:00:00,17280488
T42_S3,20250507_040000.WAV,2025-05-07,04:00:00,17280488
T42_S3,20250507_110000.WAV,2025-05-07,11:00:00,17280488
T42_S3,20250507_140000.WAV,2025-05-07,14:00:00,17280488
T42_S3,20250507_180000.WAV,2025-05-07,18:00:00,17280488
T42_S3,20250508_000000.WAV,2025-05-08,00:00:00,17280488
T42_S3,20250508_040000.WAV,2025-05-08,04:00:00,17280488
T42_S3,20250508_110000.WAV,2025-05-08,11:00:00,17280488
T42_S3,20250508_140000.WAV,2025-05-08,14:00:00,17280488
T42_S3,20250508_180000.WAV,2025-05-08,18:00:00,17280488
T42_S3,20250509_000000.WAV,2025-05-09,00:00:00,17280488
T42_S3,20250509_040000.WAV,2025-05-09,04:00:00,17280488
T42_S3,20250509_110000.WAV,2025-05-09,11:00:00,17280488
T42_S3,20250509_140000.WAV,2025-05-09,14:00:00,17280488
T42_S3,20250509_180000.WAV,2025-05-09,18:00:00,17280488
T42_S3,20250510_000000.WAV,2025-05-10,00:00:00,17280488
T42_S3,20250510_040000.WAV,2025-05-10,04:00:00,17280488
T42_S3,20250510_110000.WAV,2025-05-10,11:00:00,17280488
T42_S3,20250510_140000.WAV,2025-05-10,14:00:00,17280488
T42_S3,20250510_180000.WAV,2025-05-10,18:00:00,17280488
T42_S3,20250511_000000.WAV,2025-05-11,00:00:00,17280488
T42_S3,20250511_040000.WAV,2025-05-11,04:00:00,17280488
T42_S3,20250511_110000.WAV,2025-05-11,11:00:00,17280488
T42_S3,20250511_140000.WAV,2025-05-11,14:00:00,17280488
T42_S3,20250511_180000.WAV,2025-05-11,18:00:00,17280488
T42_S3,20250512_000000.WAV,2025-05-12,00:00:00,17280488
T42_S3,20250512_040000.WAV,2025-05-12,04:00:00,17280488
T42_S3,20250512_110000.WAV,2025-05-12,11:00:00,17280488
T42_S3,20250512_140000.WAV,2025-05-12,14:00:00,17280488
T42_S3,20250512_180000.WAV,2025-05-12,18:00:00,17280488
T42_S3,20250513_000000.WAV,2025-05-13,00:00:00,17280488
T42_S3,20250513_040000.WAV,2025-05-13,04:00:00,17280488
T42_S3,20250513_110000.WAV,2025-05-13,11:00:00,17280488
T42_S3,20250513_140000.WAV,2025-05-13,14:00:00,17280488
T42_S3,20250513_180000.WAV,2025-05-13,18:00:00,17280488
T42_S3,20250514_000000.WAV,2025-05-14,00:00:00,17280488
T42_S3,20250514_040000.WAV,2025-05-14,04:00:00,17280488
T42_S3,20250514_110000.WAV,2025-05-14,11:00:00,17280488
T42_S3,20250514_140000.WAV,2025-05-14,14:00:00,17280488
T42_S3,20250514_180000.WAV,2025-05-14,18:00:00,17280488
T42_S3,20250515_000000.WAV,2025-05-15,00:00:00,17280488
T42_S3,20250515_040000.WAV,2025-05-15,04:00:00,17280488
T42_S3,20250515_110000.WAV,2025-05-15,11:00:00,17280488
T42_S3,20250515_140000.WAV,2025-05-15,14:00:00,17280488
T42_S3,20250515_180000.WAV,2025-05-15,18:00:00,17280488
T42_S3,20250516_000000.WAV,2025-05-16,00:00:00,17280488
T42_S3,20250516_040000.WAV,2025-05-16,04:00:00,17280488
T42_S3,20250516_110000.WAV,2025-05-16,11:00:00,17280488
T42_S3,20250516_140000.WAV,2025-05-16,14:00:00,17280488
T42_S3,20250516_180000.WAV,2025-05-16,18:00:00,17280488
T42_S3,20250517_000000.WAV,2025-05-17,00:00:00,17280488
T42_S3,20250517_040000.WAV,2025-05-17,04:00:00,17280488
T42_S3,20250517_110000.WAV,2025-05-17,11:00:00,17280488
T42_S3,20250517_140000.WAV,2025-05-17,14:00:00,17280488
T42_S3,20250517_180000.WAV,2025-05-17,18:00:00,17280488
T42_S3,20250518_000000.WAV,2025-05-18,00:00:00,17280488
T42_S3,20250518_040000.WAV,2025-05-18,04:00:00,17280488
T42_S3,20250518_110000.WAV,2025-05-18,11:00:00,17280488
T42_S3,20250518_140000.WAV,2025-05-18,14:00:00,17280488
T42_S3,20250518_180000.WAV,2025-05-18,18:00:00,17280488
T42_S3,20250519_000000.WAV,2025-05-19,00:00:00,17280488
T42_S3,20250519_040000.WAV,2025-05-19,04:00:00,17280488
T42_S3,20250519_110000.WAV,2025-05-19,11:00:00,17280488
T42_S3,20250519_140000.WAV,2025-05-19,14:00:00,17280488
T42_S3,20250519_180000.WAV,2025-05-19,18:00:00,17280488
T42_S3,20250520_000000.WAV,2025-05-20,00:00:00,17280488
T42_S3,20250520_040000.WAV,2025-05-20,04:00:00,17280488
T42_S3,20250520_110000.WAV,2025-05-20,11:00:00,17280488
T42_S3,20250520_140000.WAV,2025-05-20,14:00:00,17280488
T42_S3,20250520_180000.WAV,2025-05-20,18:00:00,17280488
T42_S3,20250521_000000.WAV,2025-05-21,00:00:00,17280488
T42_S3,20250521_040000.WAV,2025-05-21,04:00:00,17280488
T42_S3,20250521_110000.WAV,2025-05-21,11:00:00,17280488
T42_S3,20250521_140000.WAV,2025-05-21,14:00:00,17280488
T42_S3,20250521_180000.WAV,2025-05-21,18:00:00,17280488
T42_S3,20250522_000000.WAV,2025-05-22,00:00:00,17280488
T42_S3,20250522_040000.WAV,2025-05-22,04:00:00,17280488
T42_S3,20250522_110000.WAV,2025-05-22,11:00:00,17280488
T42_S3,20250522_140000.WAV,2025-05-22,14:00:00,17280488
T42_S3,20250522_180000.WAV,2025-05-22,18:00:00,17280488
T42_S3,20250523_000000.WAV,2025-05-23,00:00:00,17280488
T42_S3,20250523_040000.WAV,2025-05-23,04:00:00,17280488
T42_S3,20250523_110000.WAV,2025-05-23,11:00:00,17280488
T42_S3,20250523_140000.WAV,2025-05-23,14:00:00,17280488
T42_S3,20250523_180000.WAV,2025-05-23,18:00:00,17280488
T42_S3,20250524_000000.WAV,2025-05-24,00:00:00,17280488
T42_S3,20250524_040000.WAV,2025-05-24,04:00:00,17280488
T42_S3,20250524_110000.WAV,2025-05-24,11:00:00,17280488
T42_S3,20250524_140000.WAV,2025-05-24,14:00:00,17280488
T42_S3,20250524_180000.WAV,2025-05-24,18:00:00,17280488
T42_S3,20250525_000000.WAV,2025-05-25,00:00:00,17280488
T42_S3,20250525_040000.WAV,2025-05-25,04:00:00,17280488
T42_S3,20250525_110000.WAV,2025-05-25,11:00:00,17280488
T42_S3,20250525_140000.WAV,2025-05-25,14:00:00,17280488
T42_S3,20250525_180000.WAV,2025-05-25,18:00:00,17280488
T42_S3,20250526_000000.WAV,2025-05-26,00:00:00,17280488
T42_S3,20250526_040000.WAV,2025-05-26,04:00:00,17280488
T42_S3,20250526_110000.WAV,2025-05-26,11:00:00,17280488
T42_S3,20250526_140000.WAV,2025-05-26,14:00:00,17280488
T42_S3,20250526_180000.WAV,2025-05-26,18:00:00,17280488
T42_S3,20250527_000000.WAV,2025-05-27,00:00:00,17280488
T42_S3,20250527_040000.WAV,2025-05-27,04:00:00,17280488
T42_S3,20250527_110000.WAV,2025-05-27,11:00:00,17280488
T42_S3,20250527_140000.WAV,2025-05-27,14:00:00,17280488
T42_S3,20250527_180000.WAV,2025-05-27,18:00:00,17280488
T42_S3,20250528_000000.WAV,2025-05-28,00:00:00,17280488
T42_S3,20250528_040000.WAV,2025-05-28,04:00:00,17280488
T42_S3,20250528_110000.WAV,2025-05-28,11:00:00,17280488
T42_S3,20250528_140000.WAV,2025-05-28,14:00:00,17280488
T42_S3,20250528_180000.WAV,2025-05-28,18:00:00,17280488
T42_S3,20250529_000000.WAV,2025-05-29,00:00:00,17280488
T42_S3,20250529_040000.WAV,2025-05-29,04:00:00,17280488
T42_S3,20250529_110000.WAV,2025-05-29,11:00:00,17280488
T42_S3,20250529_140000.WAV,2025-05-29,14:00:00,17280488
T42_S3,20250529_180000.WAV,2025-05-29,18:00:00,17280488
T42_S3,20250530_000000.WAV,2025-05-30,00:00:00,17280488
T42_S3,20250530_040000.WAV,2025-05-30,04:00:00,17280488
T42_S3,20250530_110000.WAV,2025-05-30,11:00:00,17280488
T42_S3,20250530_140000.WAV,2025-05-30,14:00:00,17280488
T42_S3,20250530_180000.WAV,2025-05-30,18:00:00,17280488
T42_S3,20250531_000000.WAV,2025-05-31,00:00:00,17280488
T42_S3,20250531_040000.WAV,2025-05-31,04:00:00,17280488
T42_S3,20250531_110000.WAV,2025-05-31,11:00:00,17280488
T42_S3,20250531_140000.WAV,2025-05-31,14:00:00,17280488
T42_S3,20250531_180000.WAV,2025-05-31,18:00:00,17280488
T42_S3,20250601_000000.WAV,2025-06-01,00:00:00,17280488
T42_S3,20250601_040000.WAV,2025-06-01,04:00:00,17280488
T42_S3,20250601_110000.WAV,2025-06-01,11:00:00,17280488
T42_S3,20250601_140000.WAV,2025-06-01,14:00:00,17280488
T42_S3,20250601_180000.WAV,2025-06-01,18:00:00,17280488
T42_S3,20250602_000000.WAV,2025-06-02,00:00:00,17280488
T42_S3,20250602_040000.WAV,2025-06-02,04:00:00,17280488
T42_S3,20250602_110000.WAV,2025-06-02,11:00:00,17280488
T42_S3,20250602_140000.WAV,2025-06-02,14:00:00,17280488
T42_S3,20250602_180000.WAV,2025-06-02,18:00:00,17280488
T42_S3,20250603_000000.WAV,2025-06-03,00:00:00,17280488
T42_S3,20250603_040000.WAV,2025-06-03,04:00:00,17280488
T42_S3,20250603_110000.WAV,2025-06-03,11:00:00,17280488
T42_S3,20250603_140000.WAV,2025-06-03,14:00:00,17280488
T42_S3,20250603_180000.WAV,2025-06-03,18:00:00,17280488
T42_S3,20250604_000000.WAV,2025-06-04,00:00:00,17280488
T42_S3,20250604_040000.WAV,2025-06-04,04:00:00,17280488
T42_S3,20250604_110000.WAV,2025-06-04,11:00:00,17280488
T42_S3,20250604_140000.WAV,2025-06-04,14:00:00,17280488
T42_S3,20250604_180000.WAV,2025-06-04,18:00:00,17280488
T42_S3,20250605_000000.WAV,2025-06-05,00:00:00,17280488
T42_S3,20250605_040000.WAV,2025-06-05,04:00:00,17280488
T42_S3,20250605_110000.WAV,2025-06-05,11:00:00,17280488
T42_S3,20250605_140000.WAV,2025-06-05,14:00:00,17280488
T42_S3,20250605_180000.WAV,2025-06-05,18:00:00,17280488
T42_S3,20250606_000000.WAV,2025-06-06,00:00:00,17280488
T42_S3,20250606_040000.WAV,2025-06-06,04:00:00,17280488
T42_S3,20250606_110000.WAV,2025-06-06,11:00:00,17280488
T42_S3,20250606_140000.WAV,2025-06-06,14:00:00,17280488
T42_S3,20250606_180000.WAV,2025-06-06,18:00:00,17280488
T42_S3,20250607_000000.WAV,2025-06-07,00:00:00,17280488
T42_S3,20250607_040000.WAV,2025-06-07,04:00:00,17280488
T42_S3,20250607_110000.WAV,2025-06-07,11:00:00,17280488
T42_S3,20250607_140000.WAV,2025-06-07,14:00:00,17280488
T42_S3,20250607_180000.WAV,2025-06-07,18:00:00,17280488
T42_S3,20250608_000000.WAV,2025-06-08,00:00:00,17280488
T42_S3,20250608_040000.WAV,2025-06-08,04:00:00,17280488
T42_S3,20250608_110000.WAV,2025-06-08,11:00:00,17280488
T42_S3,20250608_140000.WAV,2025-06-08,14:00:00,17280488
T42_S3,20250608_180000.WAV,2025-06-08,18:00:00,17280488
T42_S3,20250609_000000.WAV,2025-06-09,00:00:00,17280488
T42_S3,20250609_040000.WAV,2025-06-09,04:00:00,17280488
T42_S3,20250609_110000.WAV,2025-06-09,11:00:00,17280488
T42_S3,20250609_140000.WAV,2025-06-09,14:00:00,17280488
T42_S3,20250609_180000.WAV,2025-06-09,18:00:00,17280488
T42_S3,20250610_000000.WAV,2025-06-10,00:00:00,17280488
T42_S3,20250610_040000.WAV,2025-06-10,04:00:00,17280488
T42_S3,20250610_110000.WAV,2025-06-10,11:00:00,17280488
T42_S3,20250610_140000.WAV,2025-06-10,14:00:00,17280488
T42_S3,20250610_180000.WAV,2025-06-10,18:00:00,17280488
T42_S3,20250611_000000.WAV,2025-06-11,00:00:00,17280488
T42_S3,20250611_040000.WAV,2025-06-11,04:00:00,17280488
T42_S3,20250611_110000.WAV,2025-06-11,11:00:00,17280488
T42_S3,20250611_140000.WAV,2025-06-11,14:00:00,17280488
T42_S3,20250611_180000.WAV,2025-06-11,18:00:00,17280488
T42_S3,20250612_000000.WAV,2025-06-12,00:00:00,17280488
T42_S3,20250612_040000.WAV,2025-06-12,04:00:00,17280488
T42_S3,20250612_110000.WAV,2025-06-12,11:00:00,17280488
T42_S3,20250612_140000.WAV,2025-06-12,14:00:00,17280488
T42_S3,20250612_180000.WAV,2025-06-12,18:00:00,17280488
T42_S3,20250613_000000.WAV,2025-06-13,00:00:00,17280488
T42_S3,20250613_040000.WAV,2025-06-13,04:00:00,17280488
T42_S3,20250613_110000.WAV,2025-06-13,11:00:00,17280488
T42_S3,20250613_140000.WAV,2025-06-13,14:00:00,17280488
T42_S3,20250613_180000.WAV,2025-06-13,18:00:00,17280488
T42_S3,20250614_000000.WAV,2025-06-14,00:00:00,17280488
T42_S3,20250614_040000.WAV,2025-06-14,04:00:00,17280488
T42_S3,20250614_110000.WAV,2025-06-14,11:00:00,17280488
T42_S3,20250614_140000.WAV,2025-06-14,14:00:00,17280488
T42_S3,20250614_180000.WAV,2025-06-14,18:00:00,17280488
T42_S3,20250615_000000.WAV,2025-06-15,00:00:00,17280488
T42_S3,20250615_040000.WAV,2025-06-15,04:00:00,17280488
T42_S3,20250615_110000.WAV,2025-06-15,11:00:00,17280488
T42_S3,20250615_140000.WAV,2025-06-15,14:00:00,17280488
T42_S3,20250615_180000.WAV,2025-06-15,18:00:00,17280488
T42_S3,20250616_000000.WAV,2025-06-16,00:00:00,17280488
T42_S3,20250616_040000.WAV,2025-06-16,04:00:00,17280488
T42_S3,20250616_110000.WAV,2025-06-16,11:00:00,17280488
T42_S3,20250616_140000.WAV,2025-06-16,14:00:00,17280488
T42_S3,20250616_180000.WAV,2025-06-16,18:00:00,17280488
T42_S3,20250617_000000.WAV,2025-06-17,00:00:00,17280488
T42_S3,20250617_040000.WAV,2025-06-17,04:00:00,17280488
T42_S3,20250617_110000.WAV,2025-06-17,11:00:00,17280488
T42_S3,20250617_140000.WAV,2025-06-17,14:00:00,17280488
T42_S3,20250617_180000.WAV,2025-06-17,18:00:00,17280488
T42_S3,20250618_000000.WAV,2025-06-18,00:00:00,17280488
T42_S3,20250618_040000.WAV,2025-06-18,04:00:00,17280488
T42_S3,20250618_110000.WAV,2025-06-18,11:00:00,17280488
T42_S3,20250618_140000.WAV,2025-06-18,14:00:00,17280488
T42_S3,20250618_180000.WAV,2025-06-18,18:00:00,17280488
T42_S3,20250619_000000.WAV,2025-06-19,00:00:00,17280488
T42_S3,20250619_040000.WAV,2025-06-19,04:00:00,17280488
T42_S3,20250619_110000.WAV,2025-06-19,11:00:00,17280488
T42_S3,20250619_140000.WAV,2025-06-19,14:00:00,17280488
T42_S3,20250619_180000.WAV,2025-06-19,18:00:00,17280488
T42_S3,20250620_000000.WAV,2025-06-20,00:00:00,17280488
T42_S3,20250620_040000.WAV,2025-06-20,04:00:00,17280488
T42_S3,20250620_110000.WAV,2025-06-20,11:00:00,17280488
T42_S3,20250620_140000.WAV,2025-06-20,14:00:00,17280488
T42_S3,20250620_180000.WAV,2025-06-20,18:00:00,17280488
T42_S3,20250621_000000.WAV,2025-06-21,00:00:00,17280488
T42_S3,20250621_040000.WAV,2025-06-21,04:00:00,17280488
T42_S3,20250621_110000.WAV,2025-06-21,11:00:00,17280488
T42_S3,20250621_140000.WAV,2025-06-21,14:00:00,17280488
T42_S3,20250621_180000.WAV,2025-06-21,18:00:00,17280488
T42_S3,20250622_000000.WAV,2025-06-22,00:00:00,17280488
T42_S3,20250622_040000.WAV,2025-06-22,04:00:00,17280488
T42_S3,20250622_110000.WAV,2025-06-22,11:00:00,17280488
T42_S3,20250622_140000.WAV,2025-06-22,14:00:00,17280488
T42_S3,20250622_180000.WAV,2025-06-22,18:00:00,17280488
T42_S3,20250623_000000.WAV,2025-06-23,00:00:00,17280488
T42_S3,20250623_040000.WAV,2025-06-23,04:00:00,17280488
T42_S3,20250623_110000.WAV,2025-06-23,11:00:00,17280488
T42_S3,20250623_140000.WAV,2025-06-23,14:00:00,17280488
T42_S3,20250623_180000.WAV,2025-06-23,18:00:00,17280488
T42_S3,20250624_000000.WAV,2025-06-24,00:00:00,17280488
T42_S3,20250624_040000.WAV,2025-06-24,04:00:00,17280488
T42_S3,20250624_110000.WAV,2025-06-24,11:00:00,17280488
T42_S3,20250624_140000.WAV,2025-06-24,14:00:00,17280488
T42_S3,20250624_180000.WAV,2025-06-24,18:00:00,17280488
T42_S3,20250625_000000.WAV,2025-06-25,00:00:00,17280488
T42_S3,20250625_040000.WAV,2025-06-25,04:00:00,17280488
T42_S3,20250625_110000.WAV,2025-06-25,11:00:00,17280488
T42_S3,20250625_140000.WAV,2025-06-25,14:00:00,17280488
T42_S3,20250625_180000.WAV,2025-06-25,18:00:00,17280488
T42_S3,20250626_000000.WAV,2025-06-26,00:00:00,17280488
T42_S3,20250626_040000.WAV,2025-06-26,04:00:00,17280488
T42_S3,20250626_110000.WAV,2025-06-26,11:00:00,17280488
T42_S3,20250626_140000.WAV,2025-06-26,14:00:00,17280488
T42_S3,20250626_180000.WAV,2025-06-26,18:00:00,17280488
T42_S3,20250627_000000.WAV,2025-06-27,00:00:00,17280488
T42_S3,20250627_040000.WAV,2025-06-27,04:00:00,17280488
T42_S3,20250627_110000.WAV,2025-06-27,11:00:00,17280488
T42_S3,20250627_140000.WAV,2025-06-27,14:00:00,17280488
T42_S3,20250627_180000.WAV,2025-06-27,18:00:00,17280488
T42_S3,20250628_000000.WAV,2025-06-28,00:00:00,17280488
T42_S3,20250628_040000.WAV,2025-06-28,04:00:00,17280488
T42_S3,20250628_110000.WAV,2025-06-28,11:00:00,17280488
T42_S3,20250628_140000.WAV,2025-06-28,14:00:00,17280488
T42_S3,20250628_180000.WAV,2025-06-28,18:00:00,17280488
T42_S3,20250629_000000.WAV,2025-06-29,00:00:00,17280488
T42_S3,20250629_040000.WAV,2025-06-29,04:00:00,17280488
T42_S3,20250629_110000.WAV,2025-06-29,11:00:00,17280488
T42_S3,20250629_140000.WAV,2025-06-29,14:00:00,17280488
T42_S3,20250629_180000.WAV,2025-06-29,18:00:00,17280488
T42_S3,20250630_000000.WAV,2025-06-30,00:00:00,17280488
T42_S3,20250630_040000.WAV,2025-06-30,04:00:00,17280488
T42_S3,20250630_110000.WAV,2025-06-30,11:00:00,17280488
T42_S3,20250630_140000.WAV,2025-06-30,14:00:00,17280488
T42_S3,20250630_180000.WAV,2025-06-30,18:00:00,17280488
T42_S3,20250701_000000.WAV,2025-07-01,00:00:00,17280488
T42_S3,20250701_040000.WAV,2025-07-01,04:00:00,17280488
T42_S3,20250701_110000.WAV,2025-07-01,11:00:00,17280488
T42_S3,20250701_140000.WAV,2025-07-01,14:00:00,17280488
T42_S3,20250701_180000.WAV,2025-07-01,18:00:00,17280488
T42_S3,20250702_000000.WAV,2025-07-02,00:00:00,17280488
T42_S3,20250702_040000.WAV,2025-07-02,04:00:00,17280488
T42_S3,20250702_110000.WAV,2025-07-02,11:00:00,17280488
T42_S3,20250702_140000.WAV,2025-07-02,14:00:00,17280488
T42_S3,20250702_180000.WAV,2025-07-02,18:00:00,17280488
T42_S3,20250703_000000.WAV,2025-07-03,00:00:00,17280488
T42_S3,20250703_040000.WAV,2025-07-03,04:00:00,17280488
T42_S3,20250703_110000.WAV,2025-07-03,11:00:00,17280488
T42_S3,20250703_140000.WAV,2025-07-03,14:00:00,17280488
T42_S3,20250703_180000.WAV,2025-07-03,18:00:00,17280488
T42_S3,20250704_000000.WAV,2025-07-04,00:00:00,17280488
T42_S3,20250704_040000.WAV,2025-07-04,04:00:00,17280488
T42_S3,20250704_110000.WAV,2025-07-04,11:00:00,17280488
T42_S3,20250704_140000.WAV,2025-07-04,14:00:00,17280488
T42_S3,20250704_180000.WAV,2025-07-04,18:00:00,17280488
T42_S3,20250705_000000.WAV,2025-07-05,00:00:00,17280488
T42_S3,20250705_040000.WAV,2025-07-05,04:00:00,17280488
T42_S3,20250705_110000.WAV,2025-07-05,11:00:00,17280488
T42_S3,20250705_140000.WAV,2025-07-05,14:00:00,17280488
T42_S3,20250705_180000.WAV,2025-07-05,18:00:00,17280488
T42_S3,20250706_000000.WAV,2025-07-06,00:00:00,17280488
T42_S3,20250706_040000.WAV,2025-07-06,04:00:00,17280488
T42_S3,20250706_110000.WAV,2025-07-06,11:00:00,17280488
T42_S3,20250706_140000.WAV,2025-07-06,14:00:00,17280488
T42_S3,20250706_180000.WAV,2025-07-06,18:00:00,17280488
T42_S3,20250707_000000.WAV,2025-07-07,00:00:00,17280488
T42_S3,20250707_040000.WAV,2025-07-07,04:00:00,17280488
T42_S3,20250707_110000.WAV,2025-07-07,11:00:00,17280488
T42_S3,20250707_140000.WAV,2025-07-07,14:00:00,17280488
T42_S3,20250707_180000.WAV,2025-07-07,18:00:00,17280488
T42_S3,20250708_000000.WAV,2025-07-08,00:00:00,17280488
T42_S3,20250708_040000.WAV,2025-07-08,04:00:00,17280488
T42_S3,20250708_110000.WAV,2025-07-08,11:00:00,17280488
T42_S3,20250708_140000.WAV,2025-07-08,14:00:00,17280488
T42_S3,20250708_180000.WAV,2025-07-08,18:00:00,17280488
T42_S3,20250709_000000.WAV,2025-07-09,00:00:00,17280488
T42_S3,20250709_040000.WAV,2025-07-09,04:00:00,17280488
T42_S3,20250709_110000.WAV,2025-07-09,11:00:00,17280488
T42_S3,20250709_140000.WAV,2025-07-09,14:00:00,17280488
T42_S3,20250709_180000.WAV,2025-07-09,18:00:00,17280488
T42_S3,20250710_000000.WAV,2025-07-10,00:00:00,17280488
T42_S3,20250710_040000.WAV,2025-07-10,04:00:00,17280488
T42_S3,20250710_110000.WAV,2025-07-10,11:00:00,17280488
T42_S3,20250710_140000.WAV,2025-07-10,14:00:00,17280488
T42_S3,20250710_180000.WAV,2025-07-10,18:00:00,17280488
T42_S3,20250711_000000.WAV,2025-07-11,00:00:00,17280488
T42_S3,20250711_040000.WAV,2025-07-11,04:00:00,17280488
T42_S3,20250711_110000.WAV,2025-07-11,11:00:00,17280488
T42_S3,20250711_140000.WAV,2025-07-11,14:00:00,17280488
T42_S3,20250711_180000.WAV,2025-07-11,18:00:00,17280488
T42_S3,20250712_000000.WAV,2025-07-12,00:00:00,17280488
T42_S3,20250712_040000.WAV,2025-07-12,04:00:00,17280488
T42_S3,20250712_110000.WAV,2025-07-12,11:00:00,17280488
T42_S3,20250712_140000.WAV,2025-07-12,14:00:00,17280488
T42_S3,20250712_180000.WAV,2025-07-12,18:00:00,17280488
T42_S3,20250713_000000.WAV,2025-07-13,00:00:00,17280488
T42_S3,20250713_040000.WAV,2025-07-13,04:00:00,17280488
T42_S3,20250713_110000.WAV,2025-07-13,11:00:00,17280488
T42_S3,20250713_140000.WAV,2025-07-13,14:00:00,17280488
T42_S3,20250713_180000.WAV,2025-07-13,18:00:00,17280488
T42_S3,20250714_000000.WAV,2025-07-14,00:00:00,17280488
T42_S3,20250714_040000.WAV,2025-07-14,04:00:00,17280488
T42_S3,20250714_110000.WAV,2025-07-14,11:00:00,17280488
T42_S3,20250714_140000.WAV,2025-07-14,14:00:00,17280488
T42_S3,20250714_180000.WAV,2025-07-14,18:00:00,17280488
T42_S3,20250715_000000.WAV,2025-07-15,00:00:00,17280488
T42_S3,20250715_040000.WAV,2025-07-15,04:00:00,17280488
T42_S3,20250715_110000.WAV,2025-07-15,11:00:00,17280488
T42_S3,20250715_140000.WAV,2025-07-15,14:00:00,17280488
T42_S3,20250715_180000.WAV,2025-07-15,18:00:00,17280488
T42_S3,20250716_000000.WAV,2025-07-16,00:00:00,17280488
T42_S3,20250716_040000.WAV,2025-07-16,04:00:00,17280488
T42_S3,20250716_110000.WAV,2025-07-16,11:00:00,17280488
T42_S3,20250716_140000.WAV,2025-07-16,14:00:00,17280488
T42_S3,20250716_180000.WAV,2025-07-16,18:00:00,17280488
T42_S3,20250717_000000.WAV,2025-07-17,00:00:00,17280488
T42_S3,20250717_040000.WAV,2025-07-17,04:00:00,17280488
T42_S3,20250717_110000.WAV,2025-07-17,11:00:00,17280488
T42_S3,20250717_140000.WAV,2025-07-17,14:00:00,17280488
T42_S3,20250717_180000.WAV,2025-07-17,18:00:00,17280488
T42_S3,20250718_000000.WAV,2025-07-18,00:00:00,17280488
T42_S3,20250718_040000.WAV,2025-07-18,04:00:00,17280488
T42_S3,20250718_110000.WAV,2025-07-18,11:00:00,17280488
T42_S3,20250718_140000.WAV,2025-07-18,14:00:00,17280488
T42_S3,20250718_180000.WAV,2025-07-18,18:00:00,17280488
T42_S3,20250719_000000.WAV,2025-07-19,00:00:00,17280488
T42_S3,20250719_040000.WAV,2025-07-19,04:00:00,17280488
T42_S3,20250719_110000.WAV,2025-07-19,11:00:00,17280488
T42_S3,20250719_140000.WAV,2025-07-19,14:00:00,17280488
T42_S3,20250719_180000.WAV,2025-07-19,18:00:00,17280488
T42_S3,20250720_000000.WAV,2025-07-20,00:00:00,17280488
T42_S3,20250720_040000.WAV,2025-07-20,04:00:00,17280488
T42_S3,20250720_110000.WAV,2025-07-20,11:00:00,17280488
T42_S3,20250720_140000.WAV,2025-07-20,14:00:00,17280488
T42_S3,20250720_180000.WAV,2025-07-20,18:00:00,17280488
T42_S3,20250721_000000.WAV,2025-07-21,00:00:00,17280488
T42_S3,20250721_040000.WAV,2025-07-21,04:00:00,17280488
T42_S3,20250721_110000.WAV,2025-07-21,11:00:00,17280488
T42_S3,20250721_140000.WAV,2025-07-21,14:00:00,17280488
T42_S3,20250721_180000.WAV,2025-07-21,18:00:00,17280488
T42_S3,20250722_000000.WAV,2025-07-22,00:00:00,17280488
T42_S3,20250722_040000.WAV,2025-07-22,04:00:00,17280488
T42_S3,20250722_110000.WAV,2025-07-22,11:00:00,17280488
T42_S3,20250722_140000.WAV,2025-07-22,14:00:00,17280488
T42_S3,20250722_180000.WAV,2025-07-22,18:00:00,17280488
T42_S3,20250723_000000.WAV,2025-07-23,00:00:00,17280488
T42_S3,20250723_040000.WAV,2025-07-23,04:00:00,17280488
T42_S3,20250723_110000.WAV,2025-07-23,11:00:00,17280488
T42_S3,20250723_140000.WAV,2025-07-23,14:00:00,17280488
T42_S3,20250723_180000.WAV,2025-07-23,18:00:00,17280488
T42_S3,20250724_000000.WAV,2025-07-24,00:00:00,17280488
T42_S3,20250724_040000.WAV,2025-07-24,04:00:00,17280488
T42_S3,20250724_110000.WAV,2025-07-24,11:00:00,17280488
T42_S3,20250724_140000.WAV,2025-07-24,14:00:00,17280488
T42_S3,20250724_180000.WAV,2025-07-24,18:00:00,17280488
T42_S3,20250725_000000.WAV,2025-07-25,00:00:00,17280488
T42_S3,20250725_040000.WAV,2025-07-25,04:00:00,17280488
T42_S3,20250725_110000.WAV,2025-07-25,11:00:00,17280488
T42_S3,20250725_140000.WAV,2025-07-25,14:00:00,17280488
T42_S3,20250725_180000.WAV,2025-07-25,18:00:00,17280488
T42_S3,20250726_000000.WAV,2025-07-26,00:00:00,17280488
T42_S3,20250726_040000.WAV,2025-07-26,04:00:00,17280488
T42_S3,20250726_110000.WAV,2025-07-26,11:00:00,17280488
T42_S3,20250726_140000.WAV,2025-07-26,14:00:00,17280488
T42_S3,20250726_180000.WAV,2025-07-26,18:00:00,17280488
T42_S3,20250727_000000.WAV,2025-07-27,00:00:00,17280488
T42_S3,20250727_040000.WAV,2025-07-27,04:00:00,17280488
T42_S3,20250727_110000.WAV,2025-07-27,11:00:00,17280488
T42_S3,20250727_140000.WAV,2025-07-27,14:00:00,17280488
T42_S3,20250727_180000.WAV,2025-07-27,18:00:00,17280488
T42_S3,20250728_000000.WAV,2025-07-28,00:00:00,17280488
T42_S3,20250728_040000.WAV,2025-07-28,04:00:00,17280488
T42_S3,20250728_110000.WAV,2025-07-28,11:00:00,17280488
T42_S3,20250728_140000.WAV,2025-07-28,14:00:00,17280488
T42_S3,20250728_180000.WAV,2025-07-28,18:00:00,17280488
T42_S3,20250729_000000.WAV,2025-07-29,00:00:00,17280488
T42_S3,20250729_040000.WAV,2025-07-29,04:00:00,17280488
T42_S3,20250729_110000.WAV,2025-07-29,11:00:00,17280488
T42_S3,20250729_140000.WAV,2025-07-29,14:00:00,17280488
T42_S3,20250729_180000.WAV,2025-07-29,18:00:00,17280488
T42_S3,20250730_000000.WAV,2025-07-30,00:00:00,17280488
T42_S3,20250730_040000.WAV,2025-07-30,04:00:00,17280488
T42_S3,20250730_110000.WAV,2025-07-30,11:00:00,17280488
T42_S3,20250730_140000.WAV,2025-07-30,14:00:00,17280488
T42_S3,20250730_180000.WAV,2025-07-30,18:00:00,17280488
T42_S3,20250731_000000.WAV,2025-07-31,00:00:00,17280488
T42_S3,20250731_040000.WAV,2025-07-31,04:00:00,17280488
T42_S3,20250731_110000.WAV,2025-07-31,11:00:00,17280488
T42_S3,20250731_140000.WAV,2025-07-31,14:00:00,17280488
T42_S3,20250731_180000.WAV,2025-07-31,18:00:00,17280488
T42_S3,20250801_000000.WAV,2025-08-01,00:00:00,17280488
T42_S3,20250801_040000.WAV,2025-08-01,04:00:00,17280488
T42_S3,20250801_110000.WAV,2025-08-01,11:00:00,17280488
T42_S3,20250801_140000.WAV,2025-08-01,14:00:00,17280488
T42_S3,20250801_180000.WAV,2025-08-01,18:00:00,17280488
T42_S3,20250802_000000.WAV,2025-08-02,00:00:00,17280488
T42_S3,20250802_040000.WAV,2025-08-02,04:00:00,17280488
T42_S3,20250802_110000.WAV,2025-08-02,11:00:00,17280488
T42_S3,20250802_140000.WAV,2025-08-02,14:00:00,17280488
T42_S3,20250802_180000.WAV,2025-08-02,18:00:00,17280488
T42_S3,20250803_000000.WAV,2025-08-03,00:00:00,17280488
T42_S3,20250803_040000.WAV,2025-08-03,04:00:00,17280488
T42_S3,20250803_110000.WAV,2025-08-03,11:00:00,17280488
T42_S3,20250803_140000.WAV,2025-08-03,14:00:00,17280488
T42_S3,20250803_180000.WAV,2025-08-03,18:00:00,17280488
T42_S3,20250804_000000.WAV,2025-08-04,00:00:00,17280488
T42_S3,20250804_040000.WAV,2025-08-04,04:00:00,17280488
T42_S3,20250804_110000.WAV,2025-08-04,11:00:00,17280488
T42_S3,20250804_140000.WAV,2025-08-04,14:00:00,17280488
T42_S3,20250804_180000.WAV,2025-08-04,18:00:00,17280488
T42_S3,20250805_000000.WAV,2025-08-05,00:00:00,17280488
T42_S3,20250805_040000.WAV,2025-08-05,04:00:00,17280488
T42_S3,20250805_110000.WAV,2025-08-05,11:00:00,17280488
T42_S3,20250805_140000.WAV,2025-08-05,14:00:00,17280488
T42_S3,20250805_180000.WAV,2025-08-05,18:00:00,17280488
T42_S3,20250806_000000.WAV,2025-08-06,00:00:00,17280488
T42_S3,20250806_040000.WAV,2025-08-06,04:00:00,17280488
T42_S3,20250806_110000.WAV,2025-08-06,11:00:00,17280488
T42_S3,20250806_140000.WAV,2025-08-06,14:00:00,17280488
T42_S3,20250806_180000.WAV,2025-08-06,18:00:00,17280488
T42_S3,20250807_000000.WAV,2025-08-07,00:00:00,17280488
T42_S3,20250807_040000.WAV,2025-08-07,04:00:00,17280488
T42_S3,20250807_110000.WAV,2025-08-07,11:00:00,17280488
T42_S3,20250807_140000.WAV,2025-08-07,14:00:00,17280488
T42_S3,20250807_180000.WAV,2025-08-07,18:00:00,17280488
T42_S3,20250808_000000.WAV,2025-08-08,00:00:00,17280488
T42_S3,20250808_040000.WAV,2025-08-08,04:00:00,17280488
T42_S3,20250808_110000.WAV,2025-08-08,11:00:00,17280488
T42_S3,20250808_140000.WAV,2025-08-08,14:00:00,17280488
T42_S3,20250808_180000.WAV,2025-08-08,18:00:00,17280488
T42_S3,20250809_000000.WAV,2025-08-09,00:00:00,17280488
T42_S3,20250809_040000.WAV,2025-08-09,04:00:00,17280488
T42_S3,20250809_110000.WAV,2025-08-09,11:00:00,17280488
T42_S3,20250809_140000.WAV,2025-08-09,14:00:00,17280488
T42_S3,20250809_180000.WAV,2025-08-09,18:00:00,17280488
T42_S3,20250810_000000.WAV,2025-08-10,00:00:00,17280488
T42_S3,20250810_040000.WAV,2025-08-10,04:00:00,17280488
T42_S3,20250810_110000.WAV,2025-08-10,11:00:00,17280488
T42_S3,20250810_140000.WAV,2025-08-10,14:00:00,17280488
T42_S3,20250810_180000.WAV,2025-08-10,18:00:00,17280488
T42_S3,20250811_000000.WAV,2025-08-11,00:00:00,17280488
T42_S3,20250811_040000.WAV,2025-08-11,04:00:00,17280488
T42_S3,20250811_110000.WAV,2025-08-11,11:00:00,17280488
T42_S3,20250811_140000.WAV,2025-08-11,14:00:00,17280488
T42_S3,20250811_180000.WAV,2025-08-11,18:00:00,17280488
T42_S3,20250812_000000.WAV,2025-08-12,00:00:00,17280488
T42_S3,20250812_040000.WAV,2025-08-12,04:00:00,17280488
T42_S3,20250812_110000.WAV,2025-08-12,11:00:00,17280488
T42_S3,20250812_140000.WAV,2025-08-12,14:00:00,17280488
T42_S3,20250812_180000.WAV,2025-08-12,18:00:00,17280488
T42_S3,20250813_000000.WAV,2025-08-13,00:00:00,17280488
T42_S3,20250813_040000.WAV,2025-08-13,04:00:00,17280488
T42_S3,20250813_110000.WAV,2025-08-13,11:00:00,17280488
T42_S3,20250813_140000.WAV,2025-08-13,14:00:00,17280488
T42_S3,20250813_180000.WAV,2025-08-13,18:00:00,17280488
T42_S3,20250814_000000.WAV,2025-08-14,00:00:00,17280488
T42_S3,20250814_040000.WAV,2025-08-14,04:00:00,17280488
T42_S3,20250814_110000.WAV,2025-08-14,11:00:00,17280488
T42_S3,20250814_140000.WAV,2025-08-14,14:00:00,17280488
T42_S3,20250814_180000.WAV,2025-08-14,18:00:00,17280488
T42_S3,20250815_000000.WAV,2025-08-15,00:00:00,17280488
T42_S3,20250815_040000.WAV,2025-08-15,04:00:00,17280488
T42_S3,20250815_110000.WAV,2025-08-15,11:00:00,17280488
T42_S3,20250815_140000.WAV,2025-08-15,14:00:00,17280488
T42_S3,20250815_180000.WAV,2025-08-15,18:00:00,17280488
T42_S3,20250816_000000.WAV,2025-08-16,00:00:00,17280488
T42_S3,20250816_040000.WAV,2025-08-16,04:00:00,17280488
T42_S3,20250816_110000.WAV,2025-08-16,11:00:00,17280488
T42_S3,20250816_140000.WAV,2025-08-16,14:00:00,17280488
T42_S3,20250816_180000.WAV,2025-08-16,18:00:00,17280488
T42_S3,20250817_000000.WAV,2025-08-17,00:00:00,17280488
T42_S3,20250817_040000.WAV,2025-08-17,04:00:00,17280488
T42_S3,20250817_110000.WAV,2025-08-17,11:00:00,17280488
T42_S3,20250817_140000.WAV,2025-08-17,14:00:00,17280488
T42_S3,20250817_180000.WAV,2025-08-17,18:00:00,17280488
T42_S3,20250818_000000.WAV,2025-08-18,00:00:00,17280488
T42_S3,20250818_040000.WAV,2025-08-18,04:00:00,17280488
T42_S3,20250818_110000.WAV,2025-08-18,11:00:00,17280488
T42_S3,20250818_140000.WAV,2025-08-18,14:00:00,17280488
T42_S3,20250818_180000.WAV,2025-08-18,18:00:00,17280488
T42_S3,20250819_000000.WAV,2025-08-19,00:00:00,17280488
T42_S3,20250819_040000.WAV,2025-08-19,04:00:00,17280488
T42_S3,20250819_110000.WAV,2025-08-19,11:00:00,17280488
T42_S3,20250819_140000.WAV,2025-08-19,14:00:00,17280488
T42_S3,20250819_180000.WAV,2025-08-19,18:00:00,17280488
T42_S3,20250820_000000.WAV,2025-08-20,00:00:00,17280488
T42_S3,20250820_040000.WAV,2025-08-20,04:00:00,17280488
T42_S3,20250820_110000.WAV,2025-08-20,11:00:00,17280488
T42_S3,20250820_140000.WAV,2025-08-20,14:00:00,17280488
T42_S3,20250820_180000.WAV,2025-08-20,18:00:00,17280488
T42_S3,20250821_000000.WAV,2025-08-21,00:00:00,17280488
T42_S3,20250821_040000.WAV,2025-08-21,04:00:00,17280488
T42_S3,20250821_110000.WAV,2025-08-21,11:00:00,17280488
T42_S3,20250821_140000.WAV,2025-08-21,14:00:00,17280488
T42_S3,20250821_180000.WAV,2025-08-21,18:00:00,17280488
T42_S3,20250822_000000.WAV,2025-08-22,00:00:00,17280488
T42_S3,20250822_040000.WAV,2025-08-22,04:00:00,17280488
T42_S3,20250822_110000.WAV,2025-08-22,11:00:00,17280488
T42_S3,20250822_140000.WAV,2025-08-22,14:00:00,17280488
T42_S3,20250822_180000.WAV,2025-08-22,18:00:00,17280488
T42_S3,20250823_000000.WAV,2025-08-23,00:00:00,17280488
T42_S3,20250823_040000.WAV,2025-08-23,04:00:00,17280488
T42_S3,20250823_110000.WAV,2025-08-23,11:00:00,17280488
T42_S3,20250823_140000.WAV,2025-08-23,14:00:00,17280488
T42_S3,20250823_180000.WAV,2025-08-23,18:00:00,17280488
T42_S3,20250824_000000.WAV,2025-08-24,00:00:00,17280488
T42_S3,20250824_040000.WAV,2025-08-24,04:00:00,17280488
T42_S3,20250824_110000.WAV,2025-08-24,11:00:00,17280488
T42_S3,20250824_140000.WAV,2025-08-24,14:00:00,17280488
T42_S3,20250824_180000.WAV,2025-08-24,18:00:00,17280488
T42_S3,20250825_000000.WAV,2025-08-25,00:00:00,17280488
T42_S3,20250825_040000.WAV,2025-08-25,04:00:00,17280488
T42_S3,20250825_110000.WAV,2025-08-25,11:00:00,17280488
T42_S3,20250825_140000.WAV,2025-08-25,14:00:00,17280488
T42_S3,20250825_180000.WAV,2025-08-25,18:00:00,17280488
T42_S3,20250826_000000.WAV,2025-08-26,00:00:00,17280488
T42_S3,20250826_040000.WAV,2025-08-26,04:00:00,17280488
T42_S3,20250826_110000.WAV,2025-08-26,11:00:00,17280488
T42_S3,20250826_140000.WAV,2025-08-26,14:00:00,17280488
T42_S3,20250826_180000.WAV,2025-08-26,18:00:00,17280488
T42_S3,20250827_000000.WAV,2025-08-27,00:00:00,17280488
T42_S3,20250827_040000.WAV,2025-08-27,04:00:00,17280488
T42_S3,20250827_110000.WAV,2025-08-27,11:00:00,17280488
T42_S3,20250827_140000.WAV,2025-08-27,14:00:00,17280488
T42_S3,20250827_180000.WAV,2025-08-27,18:00:00,17280488
T42_S3,20250828_000000.WAV,2025-08-28,00:00:00,17280488
T42_S3,20250828_040000.WAV,2025-08-28,04:00:00,17280488
T42_S3,20250828_110000.WAV,2025-08-28,11:00:00,17280488
T42_S3,20250828_140000.WAV,2025-08-28,14:00:00,17280488
T42_S3,20250828_180000.WAV,2025-08-28,18:00:00,17280488
T42_S3,20250829_000000.WAV,2025-08-29,00:00:00,17280488
T42_S3,20250829_040000.WAV,2025-08-29,04:00:00,17280488
T42_S3,20250829_110000.WAV,2025-08-29,11:00:00,17280488
T42_S3,20250829_140000.WAV,2025-08-29,14:00:00,17280488
T42_S3,20250829_180000.WAV,2025-08-29,18:00:00,17280488
T42_S3,20250830_000000.WAV,2025-08-30,00:00:00,17280488
T42_S3,20250830_040000.WAV,2025-08-30,04:00:00,17280488
T42_S3,20250830_110000.WAV,2025-08-30,11:00:00,17280488
T42_S3,20250830_140000.WAV,2025-08-30,14:00:00,17280488
T42_S3,20250830_180000.WAV,2025-08-30,18:00:00,17280488
T42_S3,20250831_000000.WAV,2025-08-31,00:00:00,17280488
T42_S3,20250831_040000.WAV,2025-08-31,04:00:00,17280488
T42_S3,20250831_110000.WAV,2025-08-31,11:00:00,17280488
T42_S3,20250831_140000.WAV,2025-08-31,14:00:00,17280488
T42_S3,20250831_180000.WAV,2025-08-31,18:00:00,17280488
T42_S3,20250901_000000.WAV,2025-09-01,00:00:00,17280488
T42_S3,20250901_040000.WAV,2025-09-01,04:00:00,17280488
T42_S3,20250901_110000.WAV,2025-09-01,11:00:00,17280488
T42_S3,20250901_140000.WAV,2025-09-01,14:00:00,17280488
T42_S3,20250901_180000.WAV,2025-09-01,18:00:00,17280488
T42_S3,20250902_000000.WAV,2025-09-02,00:00:00,17280488
T42_S3,20250902_040000.WAV,2025-09-02,04:00:00,17280488
T42_S3,20250902_110000.WAV,2025-09-02,11:00:00,17280488
T42_S3,20250902_140000.WAV,2025-09-02,14:00:00,17280488
T42_S3,20250902_180000.WAV,2025-09-02,18:00:00,17280488
T42_S3,20250903_000000.WAV,2025-09-03,00:00:00,17280488
T42_S3,20250903_040000.WAV,2025-09-03,04:00:00,17280488
T42_S3,20250903_110000.WAV,2025-09-03,11:00:00,17280488
T42_S3,20250903_140000.WAV,2025-09-03,14:00:00,17280488
T42_S3,20250903_180000.WAV,2025-09-03,18:00:00,17280488
T42_S3,20250904_000000.WAV,2025-09-04,00:00:00,17280488
T42_S3,20250904_040000.WAV,2025-09-04,04:00:00,17280488
T42_S3,20250904_110000.WAV,2025-09-04,11:00:00,17280488
T42_S3,20250904_140000.WAV,2025-09-04,14:00:00,17280488
T42_S3,20250904_180000.WAV,2025-09-04,18:00:00,17280488
T42_S3,20250905_000000.WAV,2025-09-05,00:00:00,17280488
T42_S3,20250905_040000.WAV,2025-09-05,04:00:00,17280488
T42_S3,20250905_110000.WAV,2025-09-05,11:00:00,17280488
T42_S3,20250905_140000.WAV,2025-09-05,14:00:00,17280488
T42_S3,20250905_180000.WAV,2025-09-05,18:00:00,17280488
T42_S3,20250906_000000.WAV,2025-09-06,00:00:00,17280488
T42_S3,20250906_040000.WAV,2025-09-06,04:00:00,17280488
T42_S3,20250906_110000.WAV,2025-09-06,11:00:00,17280488
T42_S3,20250906_140000.WAV,2025-09-06,14:00:00,17280488
T42_S3,20250906_180000.WAV,2025-09-06,18:00:00,17280488
T42_S3,20250907_000000.WAV,2025-09-07,00:00:00,17280488
T42_S3,20250907_040000.WAV,2025-09-07,04:00:00,17280488
T42_S3,20250907_110000.WAV,2025-09-07,11:00:00,17280488
T42_S3,20250907_140000.WAV,2025-09-07,14:00:00,17280488
T42_S3,20250907_180000.WAV,2025-09-07,18:00:00,17280488
T42_S3,20250908_000000.WAV,2025-09-08,00:00:00,17280488
T42_S3,20250908_040000.WAV,2025-09-08,04:00:00,17280488
T42_S3,20250908_110000.WAV,2025-09-08,11:00:00,17280488
T42_S3,20250908_140000.WAV,2025-09-08,14:00:00,17280488
T42_S3,20250908_180000.WAV,2025-09-08,18:00:00,17280488
T42_S3,20250909_000000.WAV,2025-09-09,00:00:00,17280488
T42_S3,20250909_040000.WAV,2025-09-09,04:00:00,17280488
T42_S3,20250909_110000.WAV,2025-09-09,11:00:00,17280488
T42_S3,20250909_140000.WAV,2025-09-09,14:00:00,17280488
T42_S3,20250909_180000.WAV,2025-09-09,18:00:00,17280488
T42_S3,20250910_000000.WAV,2025-09-10,00:00:00,17280488
T42_S3,20250910_040000.WAV,2025-09-10,04:00:00,17280488
T42_S3,20250910_110000.WAV,2025-09-10,11:00:00,17280488
T42_S3,20250910_140000.WAV,2025-09-10,14:00:00,17280488
T42_S3,20250910_180000.WAV,2025-09-10,18:00:00,17280488
T42_S3,20250911_000000.WAV,2025-09-11,00:00:00,17280488
T42_S3,20250911_040000.WAV,2025-09-11,04:00:00,17280488
T42_S3,20250911_110000.WAV,2025-09-11,11:00:00,17280488
T42_S3,20250911_140000.WAV,2025-09-11,14:00:00,17280488
T42_S3,20250911_180000.WAV,2025-09-11,18:00:00,17280488
T42_S3,20250912_000000.WAV,2025-09-12,00:00:00,17280488
T42_S3,20250912_040000.WAV,2025-09-12,04:00:00,17280488
T42_S3,20250912_110000.WAV,2025-09-12,11:00:00,17280488
T42_S3,20250912_140000.WAV,2025-09-12,14:00:00,17280488
T42_S3,20250912_180000.WAV,2025-09-12,18:00:00,17280488
T42_S3,20250913_000000.WAV,2025-09-13,00:00:00,17280488
T42_S3,20250913_040000.WAV,2025-09-13,04:00:00,17280488
T42_S3,20250913_110000.WAV,2025-09-13,11:00:00,17280488
T42_S3,20250913_140000.WAV,2025-09-13,14:00:00,17280488
T42_S3,20250913_180000.WAV,2025-09-13,18:00:00,17280488
T42_S3,20250914_000000.WAV,2025-09-14,00:00:00,17280488
T42_S3,20250914_040000.WAV,2025-09-14,04:00:00,17280488
T42_S3,20250914_110000.WAV,2025-09-14,11:00:00,17280488
T42_S3,20250914_140000.WAV,2025-09-14,14:00:00,17280488
T42_S3,20250914_180000.WAV,2025-09-14,18:00:00,17280488
T42_S3,20250915_000000.WAV,2025-09-15,00:00:00,17280488
T42_S3,20250915_040000.WAV,2025-09-15,04:00:00,17280488
T42_S3,20250915_110000.WAV,2025-09-15,11:00:00,17280488
T42_S3,20250915_140000.WAV,2025-09-15,14:00:00,17280488
T42_S3,20250915_180000.WAV,2025-09-15,18:00:00,17280488
T42_S3,20250916_000000.WAV,2025-09-16,00:00:00,17280488
T42_S3,20250916_040000.WAV,2025-09-16,04:00:00,17280488
T42_S3,20250916_110000.WAV,2025-09-16,11:00:00,17280488
T42_S3,20250916_140000.WAV,2025-09-16,14:00:00,17280488
T42_S3,20250916_180000.WAV,2025-09-16,18:00:00,17280488
T42_S3,20250917_000000.WAV,2025-09-17,00:00:00,17280488
T42_S3,20250917_040000.WAV,2025-09-17,04:00:00,17280488
T42_S3,20250917_110000.WAV,2025-09-17,11:00:00,17280488
T42_S3,20250917_140000.WAV,2025-09-17,14:00:00,17280488
T42_S3,20250917_180000.WAV,2025-09-17,18:00:00,17280488
T42_S3,20250918_000000.WAV,2025-09-18,00:00:00,17280488
T42_S3,20250918_040000.WAV,2025-09-18,04:00:00,17280488
T42_S3,20250918_110000.WAV,2025-09-18,11:00:00,17280488
T42_S3,20250918_140000.WAV,2025-09-18,14:00:00,17280488
T42_S3,20250918_180000.WAV,2025-09-18,18:00:00,17280488
T42_S3,20250919_000000.WAV,2025-09-19,00:00:00,17280488
T42_S3,20250919_040000.WAV,2025-09-19,04:00:00,17280488
T42_S3,20250919_110000.WAV,2025-09-19,11:00:00,17280488
T42_S3,20250919_140000.WAV,2025-09-19,14:00:00,17280488
T42_S3,20250919_180000.WAV,2025-09-19,18:00:00,17280488
T42_S3,20250920_000000.WAV,2025-09-20,00:00:00,17280488
T42_S3,20250920_040000.WAV,2025-09-20,04:00:00,17280488
T42_S3,20250920_110000.WAV,2025-09-20,11:00:00,17280488
T42_S3,20250920_140000.WAV,2025-09-20,14:00:00,17280488
T42_S3,20250920_180000.WAV,2025-09-20,18:00:00,17280488
T42_S3,20250921_000000.WAV,2025-09-21,00:00:00,17280488
T42_S3,20250921_040000.WAV,2025-09-21,04:00:00,17280488
T42_S3,20250921_110000.WAV,2025-09-21,11:00:00,17280488
T42_S3,20250921_140000.WAV,2025-09-21,14:00:00,17280488
T42_S3,20250921_180000.WAV,2025-09-21,18:00:00,17280488
T42_S3,20250922_000000.WAV,2025-09-22,00:00:00,17280488
T42_S3,20250922_040000.WAV,2025-09-22,04:00:00,17280488
T42_S3,20250922_110000.WAV,2025-09-22,11:00:00,17280488
T42_S3,20250922_140000.WAV,2025-09-22,14:00:00,17280488
T42_S3,20250922_180000.WAV,2025-09-22,18:00:00,17280488
T42_S3,20250923_000000.WAV,2025-09-23,00:00:00,17280488
T42_S3,20250923_040000.WAV,2025-09-23,04:00:00,17280488
T42_S3,20250923_110000.WAV,2025-09-23,11:00:00,17280488
T42_S3,20250923_140000.WAV,2025-09-23,14:00:00,17280488
T42_S3,20250923_180000.WAV,2025-09-23,18:00:00,17280488
T42_S3,20250924_000000.WAV,2025-09-24,00:00:00,17280488
T42_S3,20250924_040000.WAV,2025-09-24,04:00:00,17280488
T42_S3,20250924_110000.WAV,2025-09-24,11:00:00,17280488
T42_S3,20250924_140000.WAV,2025-09-24,14:00:00,17280488
T42_S3,20250924_180000.WAV,2025-09-24,18:00:00,17280488
T42_S3,20250925_000000.WAV,2025-09-25,00:00:00,17280488
T42_S3,20250925_040000.WAV,2025-09-25,04:00:00,17280488
T42_S3,20250925_110000.WAV,2025-09-25,11:00:00,17280488
T42_S3,20250925_140000.WAV,2025-09-25,14:00:00,17280488
T42_S3,20250925_180000.WAV,2025-09-25,18:00:00,17280488
T42_S3,20250926_000000.WAV,2025-09-26,00:00:00,17280488
T42_S3,20250926_040000.WAV,2025-09-26,04:00:00,17280488
T42_S3,20250926_110000.WAV,2025-09-26,11:00:00,17280488
T42_S3,20250926_140000.WAV,2025-09-26,14:00:00,17280488
T42_S3,20250926_180000.WAV,2025-09-26,18:00:00,17280488
T42_S3,20250927_000000.WAV,2025-09-27,00:00:00,17280488
T42_S3,20250927_040000.WAV,2025-09-27,04:00:00,17280488
T42_S3,20250927_110000.WAV,2025-09-27,11:00:00,17280488
T42_S3,20250927_140000.WAV,2025-09-27,14:00:00,17280488
T42_S3,20250927_180000.WAV,2025-09-27,18:00:00,17280488
T42_S3,20250928_000000.WAV,2025-09-28,00:00:00,17280488
T42_S3,20250928_040000.WAV,2025-09-28,04:00:00,17280488
T42_S3,20250928_110000.WAV,2025-09-28,11:00:00,17280488
T42_S3,20250928_140000.WAV,2025-09-28,14:00:00,17280488
T42_S3,20250928_180000.WAV,2025-09-28,18:00:00,17280488
T42_S3,20250929_000000.WAV,2025-09-29,00:00:00,17280488
T42_S3,20250929_040000.WAV,2025-09-29,04:00:00,17280488
T42_S3,20250929_110000.WAV,2025-09-29,11:00:00,17280488
T42_S3,20250929_140000.WAV,2025-09-29,14:00:00,17280488
T42_S3,20250929_180000.WAV,2025-09-29,18:00:00,17280488
T42_S3,20250930_000000.WAV,2025-09-30,00:00:00,17280488
T42_S3,20250930_040000.WAV,2025-09-30,04:00:00,17280488
T42_S3,20250930_110000.WAV,2025-09-30,11:00:00,17280488
T42_S3,20250930_140000.WAV,2025-09-30,14:00:00,17280488
T42_S3,20250930_180000.WAV,2025-09-30,18:00:00,17280488
T42_S3,20251001_000000.WAV,2025-10-01,00:00:00,17280488
T42_S3,20251001_040000.WAV,2025-10-01,04:00:00,17280488
T42_S3,20251001_110000.WAV,2025-10-01,11:00:00,17280488
T42_S3,20251001_140000.WAV,2025-10-01,14:00:00,17280488
T42_S3,20251001_180000.WAV,2025-10-01,18:00:00,17280488
T42_S3,20251002_000000.WAV,2025-10-02,00:00:00,17280488
T42_S3,20251002_040000.WAV,2025-10-02,04:00:00,17280488
T42_S3,20251002_110000.WAV,2025-10-02,11:00:00,17280488
T42_S3,20251002_140000.WAV,2025-10-02,14:00:00,17280488
T42_S3,20251002_180000.WAV,2025-10-02,18:00:00,17280488
T42_S3,20251003_000000.WAV,2025-10-03,00:00:00,17280488
T42_S3,20251003_040000.WAV,2025-10-03,04:00:00,17280488
T42_S3,20251003_110000.WAV,2025-10-03,11:00:00,17280488
T42_S3,20251003_140000.WAV,2025-10-03,14:00:00,17280488
T42_S3,20251003_180000.WAV,2025-10-03,18:00:00,17280488
T42_S3,20251004_000000.WAV,2025-10-04,00:00:00,17280488
T42_S3,20251004_040000.WAV,2025-10-04,04:00:00,17280488
T42_S3,20251004_110000.WAV,2025-10-04,11:00:00,17280488
T42_S3,20251004_140000.WAV,2025-10-04,14:00:00,17280488
T42_S3,20251004_180000.WAV,2025-10-04,18:00:00,17280488
T42_S3,20251005_000000.WAV,2025-10-05,00:00:00,17280488
T42_S3,20251005_040000.WAV,2025-10-05,04:00:00,17280488
T42_S3,20251005_110000.WAV,2025-10-05,11:00:00,17280488
T42_S3,20251005_140000.WAV,2025-10-05,14:00:00,17280488
T42_S3,20251005_180000.WAV,2025-10-05,18:00:00,17280488
T42_S3,20251006_000000.WAV,2025-10-06,00:00:00,17280488
T42_S3,20251006_040000.WAV,2025-10-06,04:00:00,17280488
T42_S3,20251006_110000.WAV,2025-10-06,11:00:00,17280488
T42_S3,20251006_140000.WAV,2025-10-06,14:00:00,17280488
T42_S3,20251006_180000.WAV,2025-10-06,18:00:00,17280488
T42_S3,20251007_000000.WAV,2025-10-07,00:00:00,17280488
T42_S3,20251007_040000.WAV,2025-10-07,04:00:00,17280488
T42_S3,20251007_110000.WAV,2025-10-07,11:00:00,17280488
T42_S3,20251007_140000.WAV,2025-10-07,14:00:00,17280488
T42_S3,20251007_180000.WAV,2025-10-07,18:00:00,17280488
T42_S3,20251008_000000.WAV,2025-10-08,00:00:00,17280488
T42_S3,20251008_040000.WAV,2025-10-08,04:00:00,17280488
T42_S3,20251008_110000.WAV,2025-10-08,11:00:00,17280488
T42_S3,20251008_140000.WAV,2025-10-08,14:00:00,17280488
T42_S3,20251008_180000.WAV,2025-10-08,18:00:00,17280488
T42_S3,20251009_000000.WAV,2025-10-09,00:00:00,17280488
T42_S3,20251009_040000.WAV,2025-10-09,04:00:00,17280488
T42_S3,20251009_110000.WAV,2025-10-09,11:00:00,17280488
T42_S3,20251009_140000.WAV,2025-10-09,14:00:00,17280488
T42_S3,20251009_180000.WAV,2025-10-09,18:00:00,17280488
T42_S3,20251010_000000.WAV,2025-10-10,00:00:00,17280488
T42_S3,20251010_040000.WAV,2025-10-10,04:00:00,17280488
T42_S3,20251010_110000.WAV,2025-10-10,11:00:00,17280488
T42_S3,20251010_140000.WAV,2025-10-10,14:00:00,17280488
T42_S3,20251010_180000.WAV,2025-10-10,18:00:00,17280488
T42_S3,20251011_000000.WAV,2025-10-11,00:00:00,17280488
T42_S3,20251011_040000.WAV,2025-10-11,04:00:00,17280488
T42_S3,20251011_110000.WAV,2025-10-11,11:00:00,17280488
T42_S3,20251011_140000.WAV,2025-10-11,14:00:00,17280488
T42_S3,20251011_180000.WAV,2025-10-11,18:00:00,17280488
T42_S3,20251012_000000.WAV,2025-10-12,00:00:00,17280488
T42_S3,20251012_040000.WAV,2025-10-12,04:00:00,17280488
T42_S3,20251012_110000.WAV,2025-10-12,11:00:00,17280488
T42_S3,20251012_140000.WAV,2025-10-12,14:00:00,17280488
T42_S3,20251012_180000.WAV,2025-10-12,18:00:00,17280488
T42_S3,20251013_000000.WAV,2025-10-13,00:00:00,17280488
T42_S3,20251013_040000.WAV,2025-10-13,04:00:00,17280488
T42_S3,20251013_110000.WAV,2025-10-13,11:00:00,17280488
T42_S3,20251013_140000.WAV,2025-10-13,14:00:00,17280488
T42_S3,20251013_180000.WAV,2025-10-13,18:00:00,17280488
T42_S3,20251014_000000.WAV,2025-10-14,00:00:00,17280488
T42_S3,20251014_040000.WAV,2025-10-14,04:00:00,17280488
T42_S3,20251014_110000.WAV,2025-10-14,11:00:00,17280488
T42_S3,20251014_140000.WAV,2025-10-14,14:00:00,17280488
T42_S3,20251014_180000.WAV,2025-10-14,18:00:00,17280488
T42_S3,20251015_000000.WAV,2025-10-15,00:00:00,17280488
T42_S3,20251015_040000.WAV,2025-10-15,04:00:00,17280488
T42_S3,20251015_110000.WAV,2025-10-15,11:00:00,17280488
T42_S3,20251015_140000.WAV,2025-10-15,14:00:00,17280488
T42_S3,20251015_180000.WAV,2025-10-15,18:00:00,17280488
T42_S3,20251016_000000.WAV,2025-10-16,00:00:00,17280488
T42_S3,20251016_040000.WAV,2025-10-16,04:00:00,17280488
T42_S3,20251016_110000.WAV,2025-10-16,11:00:00,17280488
T42_S3,20251016_140000.WAV,2025-10-16,14:00:00,17280488
T42_S3,20251016_180000.WAV,2025-10-16,18:00:00,17280488
T42_S3,20251017_000000.WAV,2025-10-17,00:00:00,17280488
T42_S3,20251017_040000.WAV,2025-10-17,04:00:00,17280488
T42_S3,20251017_110000.WAV,2025-10-17,11:00:00,17280488
T42_S3,20251017_140000.WAV,2025-10-17,14:00:00,17280488
T42_S3,20251017_180000.WAV,2025-10-17,18:00:00,17280488
T42_S3,20251018_000000.WAV,2025-10-18,00:00:00,17280488
T42_S3,20251018_040000.WAV,2025-10-18,04:00:00,17280488
T42_S3,20251018_110000.WAV,2025-10-18,11:00:00,17280488
T42_S3,20251018_140000.WAV,2025-10-18,14:00:00,17280488
T42_S3,20251018_180000.WAV,2025-10-18,18:00:00,17280488
T42_S3,20251019_000000.WAV,2025-10-19,00:00:00,17280488
T42_S3,20251019_040000.WAV,2025-10-19,04:00:00,17280488
T42_S3,20251019_110000.WAV,2025-10-19,11:00:00,17280488
T42_S3,20251019_140000.WAV,2025-10-19,14:00:00,17280488
T42_S3,20251019_180000.WAV,2025-10-19,18:00:00,17280488
T42_S3,20251020_000000.WAV,2025-10-20,00:00:00,17280488
T42_S3,20251020_040000.WAV,2025-10-20,04:00:00,17280488
T42_S3,20251020_110000.WAV,2025-10-20,11:00:00,17280488
T42_S3,20251020_140000.WAV,2025-10-20,14:00:00,17280488
T42_S3,20251020_180000.WAV,2025-10-20,18:00:00,17280488
T42_S3,20251021_000000.WAV,2025-10-21,00:00:00,17280488
T42_S3,20251021_040000.WAV,2025-10-21,04:00:00,17280488
T42_S3,20251021_110000.WAV,2025-10-21,11:00:00,17280488
T42_S3,20251021_140000.WAV,2025-10-21,14:00:00,17280488
T42_S3,20251021_180000.WAV,2025-10-21,18:00:00,17280488
T42_S3,20251022_000000.WAV,2025-10-22,00:00:00,17280488
T42_S3,20251022_040000.WAV,2025-10-22,04:00:00,17280488
T42_S3,20251022_110000.WAV,2025-10-22,11:00:00,17280488
T42_S3,20251022_140000.WAV,2025-10-22,14:00:00,17280488
T42_S3,20251022_180000.WAV,2025-10-22,18:00:00,17280488
T42_S3,20251023_000000.WAV,2025-10-23,00:00:00,17280488
T42_S3,20251023_040000.WAV,2025-10-23,04:00:00,17280488
T42_S3,20251023_110000.WAV,2025-10-23,11:00:00,17280488
T42_S3,20251023_140000.WAV,2025-10-23,14:00:00,17280488
T42_S3,20251023_180000.WAV,2025-10-23,18:00:00,17280488
T42_S3,20251024_000000.WAV,2025-10-24,00:00:00,17280488
T42_S3,20251024_040000.WAV,2025-10-24,04:00:00,17280488
T42_S3,20251024_110000.WAV,2025-10-24,11:00:00,17280488
T42_S3,20251024_140000.WAV,2025-10-24,14:00:00,17280488
T42_S3,20251024_180000.WAV,2025-10-24,18:00:00,17280488
T42_S3,20251025_000000.WAV,2025-10-25,00:00:00,17280488
T42_S3,20251025_040000.WAV,2025-10-25,04:00:00,17280488
T42_S3,20251025_110000.WAV,2025-10-25,11:00:00,17280488
T42_S3,20251025_140000.WAV,2025-10-25,14:00:00,17280488
T42_S3,20251025_180000.WAV,2025-10-25,18:00:00,17280488
T42_S3,20251026_000000.WAV,2025-10-26,00:00:00,17280488
T42_S3,20251026_040000.WAV,2025-10-26,04:00:00,17280488
T42_S3,20251026_110000.WAV,2025-10-26,11:00:00,17280488
T42_S3,20251026_140000.WAV,2025-10-26,14:00:00,17280488
T42_S3,20251026_180000.WAV,2025-10-26,18:00:00,17280488
T42_S3,20251027_000000.WAV,2025-10-27,00:00:00,17280488
T42_S3,20251027_040000.WAV,2025-10-27,04:00:00,17280488
T42_S3,20251027_110000.WAV,2025-10-27,11:00:00,17280488
T42_S3,20251027_140000.WAV,2025-10-27,14:00:00,17280488
T47_1,20250429_180000.WAV,2025-04-29,18:00:00,17280488
T47_1,20250430_000000.WAV,2025-04-30,00:00:00,17280488
T47_1,20250430_040000.WAV,2025-04-30,04:00:00,17280488
T47_1,20250430_110000.WAV,2025-04-30,11:00:00,17280488
T47_1,20250430_140000.WAV,2025-04-30,14:00:00,17280488
T47_1,20250430_180000.WAV,2025-04-30,18:00:00,17280488
T47_1,20250501_000000.WAV,2025-05-01,00:00:00,17280488
T47_1,20250501_040000.WAV,2025-05-01,04:00:00,17280488
T47_1,20250501_110000.WAV,2025-05-01,11:00:00,17280488
T47_1,20250501_140000.WAV,2025-05-01,14:00:00,17280488
T47_1,20250501_180000.WAV,2025-05-01,18:00:00,17280488
T47_1,20250502_000000.WAV,2025-05-02,00:00:00,17280488
T47_1,20250502_040000.WAV,2025-05-02,04:00:00,17280488
T47_1,20250502_110000.WAV,2025-05-02,11:00:00,17280488
T47_1,20250502_140000.WAV,2025-05-02,14:00:00,17280488
T47_1,20250502_180000.WAV,2025-05-02,18:00:00,17280488
T47_1,20250503_000000.WAV,2025-05-03,00:00:00,17280488
T47_1,20250503_040000.WAV,2025-05-03,04:00:00,17280488
T47_1,20250503_110000.WAV,2025-05-03,11:00:00,17280488
T47_1,20250503_140000.WAV,2025-05-03,14:00:00,17280488
T47_1,20250503_180000.WAV,2025-05-03,18:00:00,17280488
T47_1,20250504_000000.WAV,2025-05-04,00:00:00,17280488
T47_1,20250504_040000.WAV,2025-05-04,04:00:00,17280488
T47_1,20250504_110000.WAV,2025-05-04,11:00:00,17280488
T47_1,20250504_140000.WAV,2025-05-04,14:00:00,17280488
T47_1,20250504_180000.WAV,2025-05-04,18:00:00,17280488
T47_1,20250505_000000.WAV,2025-05-05,00:00:00,17280488
T47_1,20250505_040000.WAV,2025-05-05,04:00:00,17280488
T47_1,20250505_110000.WAV,2025-05-05,11:00:00,17280488
T47_1,20250505_140000.WAV,2025-05-05,14:00:00,17280488
T47_1,20250505_180000.WAV,2025-05-05,18:00:00,17280488
T47_1,20250506_000000.WAV,2025-05-06,00:00:00,17280488
T47_1,20250506_040000.WAV,2025-05-06,04:00:00,17280488
T47_1,20250506_110000.WAV,2025-05-06,11:00:00,17280488
T47_1,20250506_140000.WAV,2025-05-06,14:00:00,17280488
T47_1,20250506_180000.WAV,2025-05-06,18:00:00,17280488
T47_1,20250507_000000.WAV,2025-05-07,00:00:00,17280488
T47_1,20250507_040000.WAV,2025-05-07,04:00:00,17280488
T47_1,20250507_110000.WAV,2025-05-07,11:00:00,17280488
T47_1,20250507_140000.WAV,2025-05-07,14:00:00,17280488
T47_1,20250507_180000.WAV,2025-05-07,18:00:00,17280488
T47_1,20250508_000000.WAV,2025-05-08,00:00:00,17280488
T47_1,20250508_040000.WAV,2025-05-08,04:00:00,17280488
T47_1,20250508_110000.WAV,2025-05-08,11:00:00,17280488
T47_1,20250508_140000.WAV,2025-05-08,14:00:00,17280488
T47_1,20250508_180000.WAV,2025-05-08,18:00:00,17280488
T47_1,20250509_000000.WAV,2025-05-09,00:00:00,17280488
T47_1,20250509_040000.WAV,2025-05-09,04:00:00,17280488
T47_1,20250509_110000.WAV,2025-05-09,11:00:00,17280488
T47_1,20250509_140000.WAV,2025-05-09,14:00:00,17280488
T47_1,20250509_180000.WAV,2025-05-09,18:00:00,17280488
T47_1,20250510_000000.WAV,2025-05-10,00:00:00,17280488
T47_1,20250510_040000.WAV,2025-05-10,04:00:00,17280488
T47_1,20250510_110000.WAV,2025-05-10,11:00:00,17280488
T47_1,20250510_140000.WAV,2025-05-10,14:00:00,17280488
T47_1,20250510_180000.WAV,2025-05-10,18:00:00,17280488
T47_1,20250511_000000.WAV,2025-05-11,00:00:00,17280488
T47_1,20250511_040000.WAV,2025-05-11,04:00:00,17280488
T47_1,20250511_110000.WAV,2025-05-11,11:00:00,17280488
T47_1,20250511_140000.WAV,2025-05-11,14:00:00,17280488
T47_1,20250511_180000.WAV,2025-05-11,18:00:00,17280488
T47_1,20250512_000000.WAV,2025-05-12,00:00:00,17280488
T47_1,20250512_040000.WAV,2025-05-12,04:00:00,17280488
T47_1,20250512_110000.WAV,2025-05-12,11:00:00,17280488
T47_1,20250512_140000.WAV,2025-05-12,14:00:00,17280488
T47_1,20250512_180000.WAV,2025-05-12,18:00:00,17280488
T47_1,20250513_000000.WAV,2025-05-13,00:00:00,17280488
T47_1,20250513_040000.WAV,2025-05-13,04:00:00,17280488
T47_1,20250513_110000.WAV,2025-05-13,11:00:00,17280488
T47_1,20250513_140000.WAV,2025-05-13,14:00:00,17280488
T47_1,20250513_180000.WAV,2025-05-13,18:00:00,17280488
T47_1,20250514_000000.WAV,2025-05-14,00:00:00,17280488
T47_1,20250514_040000.WAV,2025-05-14,04:00:00,17280488
T47_1,20250514_110000.WAV,2025-05-14,11:00:00,17280488
T47_1,20250514_140000.WAV,2025-05-14,14:00:00,17280488
T47_1,20250514_180000.WAV,2025-05-14,18:00:00,17280488
T47_1,20250515_000000.WAV,2025-05-15,00:00:00,17280488
T47_1,20250515_040000.WAV,2025-05-15,04:00:00,17280488
T47_1,20250515_110000.WAV,2025-05-15,11:00:00,17280488
T47_1,20250515_140000.WAV,2025-05-15,14:00:00,17280488
T47_1,20250515_180000.WAV,2025-05-15,18:00:00,17280488
T47_1,20250516_000000.WAV,2025-05-16,00:00:00,17280488
T47_1,20250516_040000.WAV,2025-05-16,04:00:00,17280488
T47_1,20250516_110000.WAV,2025-05-16,11:00:00,17280488
T47_1,20250516_140000.WAV,2025-05-16,14:00:00,17280488
T47_1,20250516_180000.WAV,2025-05-16,18:00:00,17280488
T47_1,20250517_000000.WAV,2025-05-17,00:00:00,17280488
T47_1,20250517_040000.WAV,2025-05-17,04:00:00,17280488
T47_1,20250517_110000.WAV,2025-05-17,11:00:00,17280488
T47_1,20250517_140000.WAV,2025-05-17,14:00:00,17280488
T47_1,20250517_180000.WAV,2025-05-17,18:00:00,17280488
T47_1,20250518_000000.WAV,2025-05-18,00:00:00,17280488
T47_1,20250518_040000.WAV,2025-05-18,04:00:00,17280488
T47_1,20250518_110000.WAV,2025-05-18,11:00:00,17280488
T47_1,20250518_140000.WAV,2025-05-18,14:00:00,17280488
T47_1,20250518_180000.WAV,2025-05-18,18:00:00,17280488
T47_1,20250519_000000.WAV,2025-05-19,00:00:00,17280488
T47_1,20250519_040000.WAV,2025-05-19,04:00:00,17280488
T47_1,20250519_110000.WAV,2025-05-19,11:00:00,17280488
T47_1,20250519_140000.WAV,2025-05-19,14:00:00,17280488
T47_1,20250519_180000.WAV,2025-05-19,18:00:00,17280488
T47_1,20250520_000000.WAV,2025-05-20,00:00:00,17280488
T47_1,20250520_040000.WAV,2025-05-20,04:00:00,17280488
T47_1,20250520_110000.WAV,2025-05-20,11:00:00,17280488
T47_1,20250520_140000.WAV,2025-05-20,14:00:00,17280488
T47_1,20250520_180000.WAV,2025-05-20,18:00:00,17280488
T47_1,20250521_000000.WAV,2025-05-21,00:00:00,17280488
T47_1,20250521_040000.WAV,2025-05-21,04:00:00,17280488
T47_1,20250521_110000.WAV,2025-05-21,11:00:00,17280488
T47_1,20250521_140000.WAV,2025-05-21,14:00:00,17280488
T47_1,20250521_180000.WAV,2025-05-21,18:00:00,17280488
T47_1,20250522_000000.WAV,2025-05-22,00:00:00,17280488
T47_1,20250522_040000.WAV,2025-05-22,04:00:00,17280488
T47_1,20250522_110000.WAV,2025-05-22,11:00:00,17280488
T47_1,20250522_140000.WAV,2025-05-22,14:00:00,17280488
T47_1,20250522_180000.WAV,2025-05-22,18:00:00,17280488
T47_1,20250523_000000.WAV,2025-05-23,00:00:00,17280488
T47_1,20250523_040000.WAV,2025-05-23,04:00:00,17280488
T47_1,20250523_110000.WAV,2025-05-23,11:00:00,17280488
T47_1,20250523_140000.WAV,2025-05-23,14:00:00,17280488
T47_1,20250523_180000.WAV,2025-05-23,18:00:00,17280488
T47_1,20250524_000000.WAV,2025-05-24,00:00:00,17280488
T47_1,20250524_040000.WAV,2025-05-24,04:00:00,17280488
T47_1,20250524_110000.WAV,2025-05-24,11:00:00,17280488
T47_1,20250524_140000.WAV,2025-05-24,14:00:00,17280488
T47_1,20250524_180000.WAV,2025-05-24,18:00:00,17280488
T47_1,20250525_000000.WAV,2025-05-25,00:00:00,17280488
T47_1,20250525_040000.WAV,2025-05-25,04:00:00,17280488
T47_1,20250525_110000.WAV,2025-05-25,11:00:00,17280488
T47_1,20250525_140000.WAV,2025-05-25,14:00:00,17280488
T47_1,20250525_180000.WAV,2025-05-25,18:00:00,17280488
T47_1,20250526_000000.WAV,2025-05-26,00:00:00,17280488
T47_1,20250526_040000.WAV,2025-05-26,04:00:00,17280488
T47_1,20250526_110000.WAV,2025-05-26,11:00:00,17280488
T47_1,20250526_140000.WAV,2025-05-26,14:00:00,17280488
T47_1,20250526_180000.WAV,2025-05-26,18:00:00,17280488
T47_1,20250527_000000.WAV,2025-05-27,00:00:00,17280488
T47_1,20250527_040000.WAV,2025-05-27,04:00:00,17280488
T47_1,20250527_110000.WAV,2025-05-27,11:00:00,17280488
T47_1,20250527_140000.WAV,2025-05-27,14:00:00,17280488
T47_1,20250527_180000.WAV,2025-05-27,18:00:00,17280488
T47_1,20250528_000000.WAV,2025-05-28,00:00:00,17280488
T47_1,20250528_040000.WAV,2025-05-28,04:00:00,17280488
T47_1,20250528_110000.WAV,2025-05-28,11:00:00,17280488
T47_1,20250528_140000.WAV,2025-05-28,14:00:00,17280488
T47_1,20250528_180000.WAV,2025-05-28,18:00:00,17280488
T47_1,20250529_000000.WAV,2025-05-29,00:00:00,17280488
T47_1,20250529_040000.WAV,2025-05-29,04:00:00,17280488
T47_1,20250529_110000.WAV,2025-05-29,11:00:00,17280488
T47_1,20250529_140000.WAV,2025-05-29,14:00:00,17280488
T47_1,20250529_180000.WAV,2025-05-29,18:00:00,17280488
T47_1,20250530_000000.WAV,2025-05-30,00:00:00,17280488
T47_1,20250530_040000.WAV,2025-05-30,04:00:00,17280488
T47_1,20250530_110000.WAV,2025-05-30,11:00:00,17280488
T47_1,20250530_140000.WAV,2025-05-30,14:00:00,17280488
T47_1,20250530_180000.WAV,2025-05-30,18:00:00,17280488
T47_1,20250531_000000.WAV,2025-05-31,00:00:00,17280488
T47_1,20250531_040000.WAV,2025-05-31,04:00:00,17280488
T47_1,20250531_110000.WAV,2025-05-31,11:00:00,17280488
T47_1,20250531_140000.WAV,2025-05-31,14:00:00,17280488
T47_1,20250531_180000.WAV,2025-05-31,18:00:00,17280488
T47_1,20250601_000000.WAV,2025-06-01,00:00:00,17280488
T47_1,20250601_040000.WAV,2025-06-01,04:00:00,17280488
T47_1,20250601_110000.WAV,2025-06-01,11:00:00,17280488
T47_1,20250601_140000.WAV,2025-06-01,14:00:00,17280488
T47_1,20250601_180000.WAV,2025-06-01,18:00:00,17280488
T47_1,20250602_000000.WAV,2025-06-02,00:00:00,17280488
T47_1,20250602_040000.WAV,2025-06-02,04:00:00,17280488
T47_1,20250602_110000.WAV,2025-06-02,11:00:00,17280488
T47_1,20250602_140000.WAV,2025-06-02,14:00:00,17280488
T47_1,20250602_180000.WAV,2025-06-02,18:00:00,17280488
T47_1,20250603_000000.WAV,2025-06-03,00:00:00,17280488
T47_1,20250603_040000.WAV,2025-06-03,04:00:00,17280488
T47_1,20250603_110000.WAV,2025-06-03,11:00:00,17280488
T47_1,20250603_140000.WAV,2025-06-03,14:00:00,17280488
T47_1,20250603_180000.WAV,2025-06-03,18:00:00,17280488
T47_1,20250604_000000.WAV,2025-06-04,00:00:00,17280488
T47_1,20250604_040000.WAV,2025-06-04,04:00:00,17280488
T47_1,20250604_110000.WAV,2025-06-04,11:00:00,17280488
T47_1,20250604_140000.WAV,2025-06-04,14:00:00,17280488
T47_1,20250604_180000.WAV,2025-06-04,18:00:00,17280488
T47_1,20250605_000000.WAV,2025-06-05,00:00:00,17280488
T47_1,20250605_040000.WAV,2025-06-05,04:00:00,17280488
T47_1,20250605_110000.WAV,2025-06-05,11:00:00,17280488
T47_1,20250605_140000.WAV,2025-06-05,14:00:00,17280488
T47_1,20250605_180000.WAV,2025-06-05,18:00:00,17280488
T47_1,20250606_000000.WAV,2025-06-06,00:00:00,17280488
T47_1,20250606_040000.WAV,2025-06-06,04:00:00,17280488
T47_1,20250606_110000.WAV,2025-06-06,11:00:00,17280488
T47_1,20250606_140000.WAV,2025-06-06,14:00:00,17280488
T47_1,20250606_180000.WAV,2025-06-06,18:00:00,17280488
T47_1,20250607_000000.WAV,2025-06-07,00:00:00,17280488
T47_1,20250607_040000.WAV,2025-06-07,04:00:00,17280488
T47_1,20250607_110000.WAV,2025-06-07,11:00:00,17280488
T47_1,20250607_140000.WAV,2025-06-07,14:00:00,17280488
T47_1,20250607_180000.WAV,2025-06-07,18:00:00,17280488
T47_1,20250608_000000.WAV,2025-06-08,00:00:00,17280488
T47_1,20250608_040000.WAV,2025-06-08,04:00:00,17280488
T47_1,20250608_110000.WAV,2025-06-08,11:00:00,17280488
T47_1,20250608_140000.WAV,2025-06-08,14:00:00,17280488
T47_1,20250608_180000.WAV,2025-06-08,18:00:00,17280488
T47_1,20250609_000000.WAV,2025-06-09,00:00:00,17280488
T47_1,20250609_040000.WAV,2025-06-09,04:00:00,17280488
T47_1,20250609_110000.WAV,2025-06-09,11:00:00,17280488
T47_1,20250609_140000.WAV,2025-06-09,14:00:00,17280488
T47_1,20250609_180000.WAV,2025-06-09,18:00:00,17280488
T47_1,20250610_000000.WAV,2025-06-10,00:00:00,17280488
T47_1,20250610_040000.WAV,2025-06-10,04:00:00,17280488
T47_1,20250610_110000.WAV,2025-06-10,11:00:00,17280488
T47_1,20250610_140000.WAV,2025-06-10,14:00:00,17280488
T47_1,20250610_180000.WAV,2025-06-10,18:00:00,17280488
T47_1,20250611_000000.WAV,2025-06-11,00:00:00,17280488
T47_1,20250611_040000.WAV,2025-06-11,04:00:00,17280488
T47_1,20250611_110000.WAV,2025-06-11,11:00:00,17280488
T47_1,20250611_140000.WAV,2025-06-11,14:00:00,17280488
T47_1,20250611_180000.WAV,2025-06-11,18:00:00,17280488
T47_1,20250612_000000.WAV,2025-06-12,00:00:00,17280488
T47_1,20250612_040000.WAV,2025-06-12,04:00:00,17280488
T47_1,20250612_110000.WAV,2025-06-12,11:00:00,17280488
T47_1,20250612_140000.WAV,2025-06-12,14:00:00,17280488
T47_1,20250612_180000.WAV,2025-06-12,18:00:00,17280488
T47_1,20250613_000000.WAV,2025-06-13,00:00:00,17280488
T47_1,20250613_040000.WAV,2025-06-13,04:00:00,17280488
T47_1,20250613_110000.WAV,2025-06-13,11:00:00,17280488
T47_1,20250613_140000.WAV,2025-06-13,14:00:00,17280488
T47_1,20250613_180000.WAV,2025-06-13,18:00:00,17280488
T47_1,20250614_000000.WAV,2025-06-14,00:00:00,17280488
T47_1,20250614_040000.WAV,2025-06-14,04:00:00,17280488
T47_1,20250614_110000.WAV,2025-06-14,11:00:00,17280488
T47_1,20250614_140000.WAV,2025-06-14,14:00:00,17280488
T47_1,20250614_180000.WAV,2025-06-14,18:00:00,17280488
T47_1,20250615_000000.WAV,2025-06-15,00:00:00,17280488
T47_1,20250615_040000.WAV,2025-06-15,04:00:00,17280488
T47_1,20250615_110000.WAV,2025-06-15,11:00:00,17280488
T47_1,20250615_140000.WAV,2025-06-15,14:00:00,17280488
T47_1,20250615_180000.WAV,2025-06-15,18:00:00,17280488
T47_1,20250616_000000.WAV,2025-06-16,00:00:00,17280488
T47_1,20250616_040000.WAV,2025-06-16,04:00:00,17280488
T47_1,20250616_110000.WAV,2025-06-16,11:00:00,17280488
T47_1,20250616_140000.WAV,2025-06-16,14:00:00,17280488
T47_1,20250616_180000.WAV,2025-06-16,18:00:00,17280488
T47_1,20250617_000000.WAV,2025-06-17,00:00:00,17280488
T47_1,20250617_040000.WAV,2025-06-17,04:00:00,17280488
T47_1,20250617_110000.WAV,2025-06-17,11:00:00,17280488
T47_1,20250617_140000.WAV,2025-06-17,14:00:00,17280488
T47_1,20250617_180000.WAV,2025-06-17,18:00:00,17280488
T47_1,20250618_000000.WAV,2025-06-18,00:00:00,17280488
T47_1,20250618_040000.WAV,2025-06-18,04:00:00,17280488
T47_1,20250618_110000.WAV,2025-06-18,11:00:00,17280488
T47_1,20250618_140000.WAV,2025-06-18,14:00:00,17280488
T47_1,20250618_180000.WAV,2025-06-18,18:00:00,17280488
T47_1,20250619_000000.WAV,2025-06-19,00:00:00,17280488
T47_1,20250619_040000.WAV,2025-06-19,04:00:00,17280488
T47_1,20250619_110000.WAV,2025-06-19,11:00:00,17280488
T47_1,20250619_140000.WAV,2025-06-19,14:00:00,17280488
T47_1,20250619_180000.WAV,2025-06-19,18:00:00,17280488
T47_1,20250620_000000.WAV,2025-06-20,00:00:00,17280488
T47_1,20250620_040000.WAV,2025-06-20,04:00:00,17280488
T47_1,20250620_110000.WAV,2025-06-20,11:00:00,17280488
T47_1,20250620_140000.WAV,2025-06-20,14:00:00,17280488
T47_1,20250620_180000.WAV,2025-06-20,18:00:00,17280488
T47_1,20250621_000000.WAV,2025-06-21,00:00:00,17280488
T47_1,20250621_040000.WAV,2025-06-21,04:00:00,17280488
T47_1,20250621_110000.WAV,2025-06-21,11:00:00,17280488
T47_1,20250621_140000.WAV,2025-06-21,14:00:00,17280488
T47_1,20250621_180000.WAV,2025-06-21,18:00:00,17280488
T47_1,20250622_000000.WAV,2025-06-22,00:00:00,17280488
T47_1,20250622_040000.WAV,2025-06-22,04:00:00,17280488
T47_1,20250622_110000.WAV,2025-06-22,11:00:00,17280488
T47_1,20250622_140000.WAV,2025-06-22,14:00:00,17280488
T47_1,20250622_180000.WAV,2025-06-22,18:00:00,17280488
T47_1,20250623_000000.WAV,2025-06-23,00:00:00,17280488
T47_1,20250623_040000.WAV,2025-06-23,04:00:00,17280488
T47_1,20250623_110000.WAV,2025-06-23,11:00:00,17280488
T47_1,20250623_140000.WAV,2025-06-23,14:00:00,17280488
T47_1,20250623_180000.WAV,2025-06-23,18:00:00,17280488
T47_1,20250624_000000.WAV,2025-06-24,00:00:00,17280488
T47_1,20250624_040000.WAV,2025-06-24,04:00:00,17280488
T47_1,20250624_110000.WAV,2025-06-24,11:00:00,17280488
T47_1,20250624_140000.WAV,2025-06-24,14:00:00,17280488
T47_1,20250624_180000.WAV,2025-06-24,18:00:00,17280488
T47_1,20250625_000000.WAV,2025-06-25,00:00:00,17280488
T47_1,20250625_040000.WAV,2025-06-25,04:00:00,17280488
T47_1,20250625_110000.WAV,2025-06-25,11:00:00,17280488
T47_1,20250625_140000.WAV,2025-06-25,14:00:00,17280488
T47_1,20250625_180000.WAV,2025-06-25,18:00:00,17280488
T47_1,20250626_000000.WAV,2025-06-26,00:00:00,17280488
T47_1,20250626_040000.WAV,2025-06-26,04:00:00,17280488
T47_1,20250626_110000.WAV,2025-06-26,11:00:00,17280488
T47_1,20250626_140000.WAV,2025-06-26,14:00:00,17280488
T47_1,20250626_180000.WAV,2025-06-26,18:00:00,17280488
T47_1,20250627_000000.WAV,2025-06-27,00:00:00,17280488
T47_1,20250627_040000.WAV,2025-06-27,04:00:00,17280488
T47_1,20250627_110000.WAV,2025-06-27,11:00:00,17280488
T47_1,20250627_140000.WAV,2025-06-27,14:00:00,17280488
T47_1,20250627_180000.WAV,2025-06-27,18:00:00,17280488
T47_1,20250628_000000.WAV,2025-06-28,00:00:00,17280488
T47_1,20250628_040000.WAV,2025-06-28,04:00:00,17280488
T47_1,20250628_110000.WAV,2025-06-28,11:00:00,17280488
T47_1,20250628_140000.WAV,2025-06-28,14:00:00,17280488
T47_1,20250628_180000.WAV,2025-06-28,18:00:00,17280488
T47_1,20250629_000000.WAV,2025-06-29,00:00:00,17280488
T47_1,20250629_040000.WAV,2025-06-29,04:00:00,17280488
T47_1,20250629_110000.WAV,2025-06-29,11:00:00,17280488
T47_1,20250629_140000.WAV,2025-06-29,14:00:00,17280488
T47_1,20250629_180000.WAV,2025-06-29,18:00:00,17280488
T47_1,20250630_000000.WAV,2025-06-30,00:00:00,17280488
T47_1,20250630_040000.WAV,2025-06-30,04:00:00,17280488
T47_1,20250630_110000.WAV,2025-06-30,11:00:00,17280488
T47_1,20250630_140000.WAV,2025-06-30,14:00:00,17280488
T47_1,20250630_180000.WAV,2025-06-30,18:00:00,17280488
T47_1,20250701_000000.WAV,2025-07-01,00:00:00,17280488
T47_1,20250701_040000.WAV,2025-07-01,04:00:00,17280488
T47_1,20250701_110000.WAV,2025-07-01,11:00:00,17280488
T47_1,20250701_140000.WAV,2025-07-01,14:00:00,17280488
T47_1,20250701_180000.WAV,2025-07-01,18:00:00,17280488
T47_1,20250702_000000.WAV,2025-07-02,00:00:00,17280488
T47_1,20250702_040000.WAV,2025-07-02,04:00:00,17280488
T47_1,20250702_110000.WAV,2025-07-02,11:00:00,17280488
T47_1,20250702_140000.WAV,2025-07-02,14:00:00,17280488
T47_1,20250702_180000.WAV,2025-07-02,18:00:00,17280488
T47_1,20250703_000000.WAV,2025-07-03,00:00:00,17280488
T47_1,20250703_040000.WAV,2025-07-03,04:00:00,17280488
T47_1,20250703_110000.WAV,2025-07-03,11:00:00,17280488
T47_1,20250703_140000.WAV,2025-07-03,14:00:00,17280488
T47_1,20250703_180000.WAV,2025-07-03,18:00:00,17280488
T47_1,20250704_000000.WAV,2025-07-04,00:00:00,17280488
T47_1,20250704_040000.WAV,2025-07-04,04:00:00,17280488
T47_1,20250704_110000.WAV,2025-07-04,11:00:00,17280488
T47_1,20250704_140000.WAV,2025-07-04,14:00:00,17280488
T47_1,20250704_180000.WAV,2025-07-04,18:00:00,17280488
T47_1,20250705_000000.WAV,2025-07-05,00:00:00,17280488
T47_1,20250705_040000.WAV,2025-07-05,04:00:00,17280488
T47_1,20250705_110000.WAV,2025-07-05,11:00:00,17280488
T47_1,20250705_140000.WAV,2025-07-05,14:00:00,17280488
T47_1,20250705_180000.WAV,2025-07-05,18:00:00,17280488
T47_1,20250706_000000.WAV,2025-07-06,00:00:00,17280488
T47_1,20250706_040000.WAV,2025-07-06,04:00:00,17280488
T47_1,20250706_110000.WAV,2025-07-06,11:00:00,17280488
T47_1,20250706_140000.WAV,2025-07-06,14:00:00,17280488
T47_1,20250706_180000.WAV,2025-07-06,18:00:00,17280488
T47_1,20250707_000000.WAV,2025-07-07,00:00:00,17280488
T47_1,20250707_040000.WAV,2025-07-07,04:00:00,17280488
T47_1,20250707_110000.WAV,2025-07-07,11:00:00,17280488
T47_1,20250707_140000.WAV,2025-07-07,14:00:00,17280488
T47_1,20250707_180000.WAV,2025-07-07,18:00:00,17280488
T47_1,20250708_000000.WAV,2025-07-08,00:00:00,17280488
T47_1,20250708_040000.WAV,2025-07-08,04:00:00,17280488
T47_1,20250708_110000.WAV,2025-07-08,11:00:00,17280488
T47_1,20250708_140000.WAV,2025-07-08,14:00:00,17280488
T47_1,20250708_180000.WAV,2025-07-08,18:00:00,17280488
T47_1,20250709_000000.WAV,2025-07-09,00:00:00,17280488
T47_1,20250709_040000.WAV,2025-07-09,04:00:00,17280488
T47_1,20250709_110000.WAV,2025-07-09,11:00:00,17280488
T47_1,20250709_140000.WAV,2025-07-09,14:00:00,17280488
T47_1,20250709_180000.WAV,2025-07-09,18:00:00,17280488
T47_1,20250710_000000.WAV,2025-07-10,00:00:00,17280488
T47_1,20250710_040000.WAV,2025-07-10,04:00:00,17280488
T47_1,20250710_110000.WAV,2025-07-10,11:00:00,17280488
T47_1,20250710_140000.WAV,2025-07-10,14:00:00,17280488
T47_1,20250710_180000.WAV,2025-07-10,18:00:00,17280488
T47_1,20250711_000000.WAV,2025-07-11,00:00:00,17280488
T47_1,20250711_040000.WAV,2025-07-11,04:00:00,17280488
T47_1,20250711_110000.WAV,2025-07-11,11:00:00,17280488
T47_1,20250711_140000.WAV,2025-07-11,14:00:00,17280488
T47_1,20250711_180000.WAV,2025-07-11,18:00:00,17280488
T47_1,20250712_000000.WAV,2025-07-12,00:00:00,17280488
T47_1,20250712_040000.WAV,2025-07-12,04:00:00,17280488
T47_1,20250712_110000.WAV,2025-07-12,11:00:00,17280488
T47_1,20250712_140000.WAV,2025-07-12,14:00:00,17280488
T47_1,20250712_180000.WAV,2025-07-12,18:00:00,17280488
T47_1,20250713_000000.WAV,2025-07-13,00:00:00,17280488
T47_1,20250713_040000.WAV,2025-07-13,04:00:00,17280488
T47_1,20250713_110000.WAV,2025-07-13,11:00:00,17280488
T47_1,20250713_140000.WAV,2025-07-13,14:00:00,17280488
T47_1,20250713_180000.WAV,2025-07-13,18:00:00,17280488
T47_1,20250714_000000.WAV,2025-07-14,00:00:00,17280488
T47_1,20250714_040000.WAV,2025-07-14,04:00:00,17280488
T47_1,20250714_110000.WAV,2025-07-14,11:00:00,17280488
T47_1,20250714_140000.WAV,2025-07-14,14:00:00,17280488
T47_1,20250714_180000.WAV,2025-07-14,18:00:00,17280488
T47_1,20250715_000000.WAV,2025-07-15,00:00:00,17280488
T47_1,20250715_040000.WAV,2025-07-15,04:00:00,17280488
T47_1,20250715_110000.WAV,2025-07-15,11:00:00,17280488
T47_1,20250715_140000.WAV,2025-07-15,14:00:00,17280488
T47_1,20250715_180000.WAV,2025-07-15,18:00:00,17280488
T47_1,20250716_000000.WAV,2025-07-16,00:00:00,17280488
T47_1,20250716_040000.WAV,2025-07-16,04:00:00,17280488
T47_1,20250716_110000.WAV,2025-07-16,11:00:00,17280488
T47_1,20250716_140000.WAV,2025-07-16,14:00:00,17280488
T47_1,20250716_180000.WAV,2025-07-16,18:00:00,17280488
T47_1,20250717_000000.WAV,2025-07-17,00:00:00,17280488
T47_1,20250717_040000.WAV,2025-07-17,04:00:00,17280488
T47_1,20250717_110000.WAV,2025-07-17,11:00:00,17280488
T47_1,20250717_140000.WAV,2025-07-17,14:00:00,17280488
T47_1,20250717_180000.WAV,2025-07-17,18:00:00,17280488
T47_1,20250718_000000.WAV,2025-07-18,00:00:00,17280488
T47_1,20250718_040000.WAV,2025-07-18,04:00:00,17280488
T47_1,20250718_110000.WAV,2025-07-18,11:00:00,17280488
T47_1,20250718_140000.WAV,2025-07-18,14:00:00,17280488
T47_1,20250718_180000.WAV,2025-07-18,18:00:00,17280488
T47_1,20250719_000000.WAV,2025-07-19,00:00:00,17280488
T47_1,20250719_040000.WAV,2025-07-19,04:00:00,17280488
T47_1,20250719_110000.WAV,2025-07-19,11:00:00,17280488
T47_1,20250719_140000.WAV,2025-07-19,14:00:00,17280488
T47_1,20250719_180000.WAV,2025-07-19,18:00:00,17280488
T47_1,20250720_000000.WAV,2025-07-20,00:00:00,17280488
T47_1,20250720_040000.WAV,2025-07-20,04:00:00,17280488
T47_1,20250720_110000.WAV,2025-07-20,11:00:00,17280488
T47_1,20250720_140000.WAV,2025-07-20,14:00:00,17280488
T47_1,20250720_180000.WAV,2025-07-20,18:00:00,17280488
T47_1,20250721_000000.WAV,2025-07-21,00:00:00,17280488
T47_1,20250721_040000.WAV,2025-07-21,04:00:00,17280488
T47_1,20250721_110000.WAV,2025-07-21,11:00:00,17280488
T47_1,20250721_140000.WAV,2025-07-21,14:00:00,17280488
T47_1,20250721_180000.WAV,2025-07-21,18:00:00,17280488
T47_1,20250722_000000.WAV,2025-07-22,00:00:00,17280488
T47_1,20250722_040000.WAV,2025-07-22,04:00:00,17280488
T47_1,20250722_110000.WAV,2025-07-22,11:00:00,17280488
T47_1,20250722_140000.WAV,2025-07-22,14:00:00,17280488
T47_1,20250722_180000.WAV,2025-07-22,18:00:00,17280488
T47_1,20250723_000000.WAV,2025-07-23,00:00:00,17280488
T47_1,20250723_040000.WAV,2025-07-23,04:00:00,17280488
T47_1,20250723_110000.WAV,2025-07-23,11:00:00,17280488
T47_1,20250723_140000.WAV,2025-07-23,14:00:00,17280488
T47_1,20250723_180000.WAV,2025-07-23,18:00:00,17280488
T47_1,20250724_000000.WAV,2025-07-24,00:00:00,17280488
T47_1,20250724_040000.WAV,2025-07-24,04:00:00,17280488
T47_1,20250724_110000.WAV,2025-07-24,11:00:00,17280488
T47_1,20250724_140000.WAV,2025-07-24,14:00:00,17280488
T47_1,20250724_180000.WAV,2025-07-24,18:00:00,17280488
T47_1,20250725_000000.WAV,2025-07-25,00:00:00,17280488
T47_1,20250725_040000.WAV,2025-07-25,04:00:00,17280488
T47_1,20250725_110000.WAV,2025-07-25,11:00:00,17280488
T47_1,20250725_140000.WAV,2025-07-25,14:00:00,17280488
T47_1,20250725_180000.WAV,2025-07-25,18:00:00,17280488
T47_1,20250726_000000.WAV,2025-07-26,00:00:00,17280488
T47_1,20250726_040000.WAV,2025-07-26,04:00:00,17280488
T47_1,20250726_110000.WAV,2025-07-26,11:00:00,17280488
T47_1,20250726_140000.WAV,2025-07-26,14:00:00,17280488
T47_1,20250726_180000.WAV,2025-07-26,18:00:00,17280488
T47_1,20250727_000000.WAV,2025-07-27,00:00:00,17280488
T47_1,20250727_040000.WAV,2025-07-27,04:00:00,17280488
T47_1,20250727_110000.WAV,2025-07-27,11:00:00,17280488
T47_1,20250727_140000.WAV,2025-07-27,14:00:00,17280488
T47_1,20250727_180000.WAV,2025-07-27,18:00:00,17280488
T47_1,20250728_000000.WAV,2025-07-28,00:00:00,17280488
T47_1,20250728_040000.WAV,2025-07-28,04:00:00,17280488
T47_1,20250728_110000.WAV,2025-07-28,11:00:00,17280488
T47_1,20250728_140000.WAV,2025-07-28,14:00:00,17280488
T47_1,20250728_180000.WAV,2025-07-28,18:00:00,17280488
T47_1,20250729_000000.WAV,2025-07-29,00:00:00,17280488
T47_1,20250729_040000.WAV,2025-07-29,04:00:00,17280488
T47_1,20250729_110000.WAV,2025-07-29,11:00:00,17280488
T47_1,20250729_140000.WAV,2025-07-29,14:00:00,17280488
T47_1,20250729_180000.WAV,2025-07-29,18:00:00,17280488
T47_1,20250730_000000.WAV,2025-07-30,00:00:00,17280488
T47_1,20250730_040000.WAV,2025-07-30,04:00:00,17280488
T47_1,20250730_110000.WAV,2025-07-30,11:00:00,17280488
T47_1,20250730_140000.WAV,2025-07-30,14:00:00,17280488
T47_1,20250730_180000.WAV,2025-07-30,18:00:00,17280488
T47_1,20250731_000000.WAV,2025-07-31,00:00:00,17280488
T47_1,20250731_040000.WAV,2025-07-31,04:00:00,17280488
T47_1,20250731_110000.WAV,2025-07-31,11:00:00,17280488
T47_1,20250731_140000.WAV,2025-07-31,14:00:00,17280488
T47_1,20250731_180000.WAV,2025-07-31,18:00:00,17280488
T47_1,20250801_000000.WAV,2025-08-01,00:00:00,17280488
T47_1,20250801_040000.WAV,2025-08-01,04:00:00,17280488
T47_1,20250801_110000.WAV,2025-08-01,11:00:00,17280488
T47_1,20250801_140000.WAV,2025-08-01,14:00:00,17280488
T47_1,20250801_180000.WAV,2025-08-01,18:00:00,17280488
T47_1,20250802_000000.WAV,2025-08-02,00:00:00,17280488
T47_1,20250802_040000.WAV,2025-08-02,04:00:00,17280488
T47_1,20250802_110000.WAV,2025-08-02,11:00:00,17280488
T47_1,20250802_140000.WAV,2025-08-02,14:00:00,17280488
T47_1,20250802_180000.WAV,2025-08-02,18:00:00,17280488
T47_1,20250803_000000.WAV,2025-08-03,00:00:00,17280488
T47_1,20250803_040000.WAV,2025-08-03,04:00:00,17280488
T47_1,20250803_110000.WAV,2025-08-03,11:00:00,17280488
T47_1,20250803_140000.WAV,2025-08-03,14:00:00,17280488
T47_1,20250803_180000.WAV,2025-08-03,18:00:00,17280488
T47_1,20250804_000000.WAV,2025-08-04,00:00:00,17280488
T47_1,20250804_040000.WAV,2025-08-04,04:00:00,17280488
T47_1,20250804_110000.WAV,2025-08-04,11:00:00,17280488
T47_1,20250804_140000.WAV,2025-08-04,14:00:00,17280488
T47_1,20250804_180000.WAV,2025-08-04,18:00:00,17280488
T47_1,20250805_000000.WAV,2025-08-05,00:00:00,17280488
T47_1,20250805_040000.WAV,2025-08-05,04:00:00,17280488
T47_1,20250805_110000.WAV,2025-08-05,11:00:00,17280488
T47_1,20250805_140000.WAV,2025-08-05,14:00:00,17280488
T47_1,20250805_180000.WAV,2025-08-05,18:00:00,17280488
T47_1,20250806_000000.WAV,2025-08-06,00:00:00,17280488
T47_1,20250806_040000.WAV,2025-08-06,04:00:00,17280488
T47_1,20250806_110000.WAV,2025-08-06,11:00:00,17280488
T47_1,20250806_140000.WAV,2025-08-06,14:00:00,17280488
T47_1,20250806_180000.WAV,2025-08-06,18:00:00,17280488
T47_1,20250807_000000.WAV,2025-08-07,00:00:00,17280488
T47_1,20250807_040000.WAV,2025-08-07,04:00:00,17280488
T47_1,20250807_110000.WAV,2025-08-07,11:00:00,17280488
T47_1,20250807_140000.WAV,2025-08-07,14:00:00,17280488
T47_1,20250807_180000.WAV,2025-08-07,18:00:00,17280488
T47_1,20250808_000000.WAV,2025-08-08,00:00:00,17280488
T47_1,20250808_040000.WAV,2025-08-08,04:00:00,17280488
T47_1,20250808_110000.WAV,2025-08-08,11:00:00,17280488
T47_1,20250808_140000.WAV,2025-08-08,14:00:00,17280488
T47_1,20250808_180000.WAV,2025-08-08,18:00:00,17280488
T47_1,20250809_000000.WAV,2025-08-09,00:00:00,17280488
T47_1,20250809_040000.WAV,2025-08-09,04:00:00,17280488
T47_1,20250809_110000.WAV,2025-08-09,11:00:00,17280488
T47_1,20250809_140000.WAV,2025-08-09,14:00:00,17280488
T47_1,20250809_180000.WAV,2025-08-09,18:00:00,17280488
T47_1,20250810_000000.WAV,2025-08-10,00:00:00,17280488
T47_1,20250810_040000.WAV,2025-08-10,04:00:00,17280488
T47_1,20250810_110000.WAV,2025-08-10,11:00:00,17280488
T47_1,20250810_140000.WAV,2025-08-10,14:00:00,17280488
T47_1,20250810_180000.WAV,2025-08-10,18:00:00,17280488
T47_1,20250811_000000.WAV,2025-08-11,00:00:00,17280488
T47_1,20250811_040000.WAV,2025-08-11,04:00:00,17280488
T47_1,20250811_110000.WAV,2025-08-11,11:00:00,17280488
T47_1,20250811_140000.WAV,2025-08-11,14:00:00,17280488
T47_1,20250811_180000.WAV,2025-08-11,18:00:00,17280488
T47_1,20250812_000000.WAV,2025-08-12,00:00:00,17280488
T47_1,20250812_040000.WAV,2025-08-12,04:00:00,17280488
T47_1,20250812_110000.WAV,2025-08-12,11:00:00,17280488
T47_1,20250812_140000.WAV,2025-08-12,14:00:00,17280488
T47_1,20250812_180000.WAV,2025-08-12,18:00:00,17280488
T47_1,20250813_000000.WAV,2025-08-13,00:00:00,17280488
T47_1,20250813_040000.WAV,2025-08-13,04:00:00,17280488
T47_1,20250813_110000.WAV,2025-08-13,11:00:00,17280488
T47_1,20250813_140000.WAV,2025-08-13,14:00:00,17280488
T47_1,20250813_180000.WAV,2025-08-13,18:00:00,17280488
T47_1,20250814_000000.WAV,2025-08-14,00:00:00,17280488
T47_1,20250814_040000.WAV,2025-08-14,04:00:00,17280488
T47_1,20250814_110000.WAV,2025-08-14,11:00:00,17280488
T47_1,20250814_140000.WAV,2025-08-14,14:00:00,17280488
T47_1,20250814_180000.WAV,2025-08-14,18:00:00,17280488
T47_1,20250815_000000.WAV,2025-08-15,00:00:00,17280488
T47_1,20250815_040000.WAV,2025-08-15,04:00:00,17280488
T47_1,20250815_110000.WAV,2025-08-15,11:00:00,17280488
T47_1,20250815_140000.WAV,2025-08-15,14:00:00,17280488
T47_1,20250815_180000.WAV,2025-08-15,18:00:00,17280488
T47_1,20250816_000000.WAV,2025-08-16,00:00:00,17280488
T47_1,20250816_040000.WAV,2025-08-16,04:00:00,17280488
T47_1,20250816_110000.WAV,2025-08-16,11:00:00,17280488
T47_1,20250816_140000.WAV,2025-08-16,14:00:00,17280488
T47_1,20250816_180000.WAV,2025-08-16,18:00:00,17280488
T47_1,20250817_000000.WAV,2025-08-17,00:00:00,17280488
T47_1,20250817_040000.WAV,2025-08-17,04:00:00,17280488
T47_1,20250817_110000.WAV,2025-08-17,11:00:00,17280488
T47_1,20250817_140000.WAV,2025-08-17,14:00:00,17280488
T47_1,20250817_180000.WAV,2025-08-17,18:00:00,17280488
T47_1,20250818_000000.WAV,2025-08-18,00:00:00,17280488
T47_1,20250818_040000.WAV,2025-08-18,04:00:00,17280488
T47_1,20250818_110000.WAV,2025-08-18,11:00:00,17280488
T47_1,20250818_140000.WAV,2025-08-18,14:00:00,17280488
T47_1,20250818_180000.WAV,2025-08-18,18:00:00,17280488
T47_1,20250819_000000.WAV,2025-08-19,00:00:00,17280488
T47_1,20250819_040000.WAV,2025-08-19,04:00:00,17280488
T47_1,20250819_110000.WAV,2025-08-19,11:00:00,17280488
T47_1,20250819_140000.WAV,2025-08-19,14:00:00,17280488
T47_1,20250819_180000.WAV,2025-08-19,18:00:00,17280488
T47_1,20250820_000000.WAV,2025-08-20,00:00:00,17280488
T47_1,20250820_040000.WAV,2025-08-20,04:00:00,17280488
T47_1,20250820_110000.WAV,2025-08-20,11:00:00,17280488
T47_1,20250820_140000.WAV,2025-08-20,14:00:00,17280488
T47_1,20250820_180000.WAV,2025-08-20,18:00:00,17280488
T47_1,20250821_000000.WAV,2025-08-21,00:00:00,17280488
T47_1,20250821_040000.WAV,2025-08-21,04:00:00,17280488
T47_1,20250821_110000.WAV,2025-08-21,11:00:00,17280488
T47_1,20250821_140000.WAV,2025-08-21,14:00:00,17280488
T47_1,20250821_180000.WAV,2025-08-21,18:00:00,17280488
T47_1,20250822_000000.WAV,2025-08-22,00:00:00,17280488
T47_1,20250822_040000.WAV,2025-08-22,04:00:00,17280488
T47_1,20250822_110000.WAV,2025-08-22,11:00:00,17280488
T47_1,20250822_140000.WAV,2025-08-22,14:00:00,17280488
T47_1,20250822_180000.WAV,2025-08-22,18:00:00,17280488
T47_1,20250823_000000.WAV,2025-08-23,00:00:00,17280488
T47_1,20250823_040000.WAV,2025-08-23,04:00:00,17280488
T47_1,20250823_110000.WAV,2025-08-23,11:00:00,17280488
T47_1,20250823_140000.WAV,2025-08-23,14:00:00,17280488
T47_1,20250823_180000.WAV,2025-08-23,18:00:00,17280488
T47_1,20250824_000000.WAV,2025-08-24,00:00:00,17280488
T47_1,20250824_040000.WAV,2025-08-24,04:00:00,17280488
T47_1,20250824_110000.WAV,2025-08-24,11:00:00,17280488
T47_1,20250824_140000.WAV,2025-08-24,14:00:00,17280488
T47_1,20250824_180000.WAV,2025-08-24,18:00:00,17280488
T47_1,20250825_000000.WAV,2025-08-25,00:00:00,17280488
T47_1,20250825_040000.WAV,2025-08-25,04:00:00,17280488
T47_1,20250825_110000.WAV,2025-08-25,11:00:00,17280488
T47_1,20250825_140000.WAV,2025-08-25,14:00:00,17280488
T47_1,20250825_180000.WAV,2025-08-25,18:00:00,17280488
T47_1,20250826_000000.WAV,2025-08-26,00:00:00,17280488
T47_1,20250826_040000.WAV,2025-08-26,04:00:00,17280488
T47_1,20250826_110000.WAV,2025-08-26,11:00:00,17280488
T47_1,20250826_140000.WAV,2025-08-26,14:00:00,17280488
T47_1,20250826_180000.WAV,2025-08-26,18:00:00,17280488
T47_1,20250827_000000.WAV,2025-08-27,00:00:00,17280488
T47_1,20250827_040000.WAV,2025-08-27,04:00:00,17280488
T47_1,20250827_110000.WAV,2025-08-27,11:00:00,17280488
T47_1,20250827_140000.WAV,2025-08-27,14:00:00,17280488
T47_1,20250827_180000.WAV,2025-08-27,18:00:00,17280488
T47_1,20250828_000000.WAV,2025-08-28,00:00:00,17280488
T47_1,20250828_040000.WAV,2025-08-28,04:00:00,17280488
T47_1,20250828_110000.WAV,2025-08-28,11:00:00,17280488
T47_1,20250828_140000.WAV,2025-08-28,14:00:00,17280488
T47_1,20250828_180000.WAV,2025-08-28,18:00:00,17280488
T47_1,20250829_000000.WAV,2025-08-29,00:00:00,17280488
T47_1,20250829_040000.WAV,2025-08-29,04:00:00,17280488
T47_1,20250829_110000.WAV,2025-08-29,11:00:00,17280488
T47_1,20250829_140000.WAV,2025-08-29,14:00:00,17280488
T47_1,20250829_180000.WAV,2025-08-29,18:00:00,17280488
T47_1,20250830_000000.WAV,2025-08-30,00:00:00,17280488
T47_1,20250830_040000.WAV,2025-08-30,04:00:00,17280488
T47_1,20250830_110000.WAV,2025-08-30,11:00:00,17280488
T47_1,20250830_140000.WAV,2025-08-30,14:00:00,17280488
T47_1,20250830_180000.WAV,2025-08-30,18:00:00,17280488
T47_1,20250831_000000.WAV,2025-08-31,00:00:00,17280488
T47_1,20250831_040000.WAV,2025-08-31,04:00:00,17280488
T47_1,20250831_110000.WAV,2025-08-31,11:00:00,17280488
T47_1,20250831_140000.WAV,2025-08-31,14:00:00,17280488
T47_1,20250831_180000.WAV,2025-08-31,18:00:00,17280488
T47_1,20250901_000000.WAV,2025-09-01,00:00:00,17280488
T47_1,20250901_040000.WAV,2025-09-01,04:00:00,17280488
T47_1,20250901_110000.WAV,2025-09-01,11:00:00,17280488
T47_1,20250901_140000.WAV,2025-09-01,14:00:00,17280488
T47_1,20250901_180000.WAV,2025-09-01,18:00:00,17280488
T47_1,20250902_000000.WAV,2025-09-02,00:00:00,17280488
T47_1,20250902_040000.WAV,2025-09-02,04:00:00,17280488
T47_1,20250902_110000.WAV,2025-09-02,11:00:00,17280488
T47_1,20250902_140000.WAV,2025-09-02,14:00:00,17280488
T47_1,20250902_180000.WAV,2025-09-02,18:00:00,17280488
T47_1,20250903_000000.WAV,2025-09-03,00:00:00,17280488
T47_1,20250903_040000.WAV,2025-09-03,04:00:00,17280488
T47_1,20250903_110000.WAV,2025-09-03,11:00:00,17280488
T47_1,20250903_140000.WAV,2025-09-03,14:00:00,17280488
T47_1,20250903_180000.WAV,2025-09-03,18:00:00,17280488
T47_1,20250904_000000.WAV,2025-09-04,00:00:00,17280488
T47_1,20250904_040000.WAV,2025-09-04,04:00:00,17280488
T47_1,20250904_110000.WAV,2025-09-04,11:00:00,17280488
T47_1,20250904_140000.WAV,2025-09-04,14:00:00,17280488
T47_1,20250904_180000.WAV,2025-09-04,18:00:00,17280488
T47_1,20250905_000000.WAV,2025-09-05,00:00:00,17280488
T47_1,20250905_040000.WAV,2025-09-05,04:00:00,17280488
T47_1,20250905_110000.WAV,2025-09-05,11:00:00,17280488
T47_1,20250905_140000.WAV,2025-09-05,14:00:00,17280488
T47_1,20250905_180000.WAV,2025-09-05,18:00:00,17280488
T47_1,20250906_000000.WAV,2025-09-06,00:00:00,17280488
T47_1,20250906_040000.WAV,2025-09-06,04:00:00,17280488
T47_1,20250906_110000.WAV,2025-09-06,11:00:00,17280488
T47_1,20250906_140000.WAV,2025-09-06,14:00:00,17280488
T47_1,20250906_180000.WAV,2025-09-06,18:00:00,17280488
T47_1,20250907_000000.WAV,2025-09-07,00:00:00,17280488
T47_1,20250907_040000.WAV,2025-09-07,04:00:00,17280488
T47_1,20250907_110000.WAV,2025-09-07,11:00:00,17280488
T47_1,20250907_140000.WAV,2025-09-07,14:00:00,17280488
T47_1,20250907_180000.WAV,2025-09-07,18:00:00,17280488
T47_1,20250908_000000.WAV,2025-09-08,00:00:00,17280488
T47_1,20250908_040000.WAV,2025-09-08,04:00:00,17280488
T47_1,20250908_110000.WAV,2025-09-08,11:00:00,17280488
T47_1,20250908_140000.WAV,2025-09-08,14:00:00,17280488
T47_1,20250908_180000.WAV,2025-09-08,18:00:00,17280488
T47_1,20250909_000000.WAV,2025-09-09,00:00:00,17280488
T47_1,20250909_040000.WAV,2025-09-09,04:00:00,17280488
T47_1,20250909_110000.WAV,2025-09-09,11:00:00,17280488
T47_1,20250909_140000.WAV,2025-09-09,14:00:00,17280488
T47_1,20250909_180000.WAV,2025-09-09,18:00:00,17280488
T47_1,20250910_000000.WAV,2025-09-10,00:00:00,17280488
T47_1,20250910_040000.WAV,2025-09-10,04:00:00,17280488
T47_1,20250910_110000.WAV,2025-09-10,11:00:00,17280488
T47_1,20250910_140000.WAV,2025-09-10,14:00:00,17280488
T47_1,20250910_180000.WAV,2025-09-10,18:00:00,17280488
T47_1,20250911_000000.WAV,2025-09-11,00:00:00,17280488
T47_1,20250911_040000.WAV,2025-09-11,04:00:00,17280488
T47_1,20250911_110000.WAV,2025-09-11,11:00:00,17280488
T47_1,20250911_140000.WAV,2025-09-11,14:00:00,17280488
T47_1,20250911_180000.WAV,2025-09-11,18:00:00,17280488
T47_1,20250912_000000.WAV,2025-09-12,00:00:00,17280488
T47_1,20250912_040000.WAV,2025-09-12,04:00:00,17280488
T47_1,20250912_110000.WAV,2025-09-12,11:00:00,17280488
T47_1,20250912_140000.WAV,2025-09-12,14:00:00,17280488
T47_1,20250912_180000.WAV,2025-09-12,18:00:00,17280488
T47_1,20250913_000000.WAV,2025-09-13,00:00:00,17280488
T47_1,20250913_040000.WAV,2025-09-13,04:00:00,17280488
T47_1,20250913_110000.WAV,2025-09-13,11:00:00,17280488
T47_1,20250913_140000.WAV,2025-09-13,14:00:00,17280488
T47_1,20250913_180000.WAV,2025-09-13,18:00:00,17280488
T47_1,20250914_000000.WAV,2025-09-14,00:00:00,17280488
T47_1,20250914_040000.WAV,2025-09-14,04:00:00,17280488
T47_1,20250914_110000.WAV,2025-09-14,11:00:00,17280488
T47_1,20250914_140000.WAV,2025-09-14,14:00:00,17280488
T47_1,20250914_180000.WAV,2025-09-14,18:00:00,17280488
T47_1,20250915_000000.WAV,2025-09-15,00:00:00,17280488
T47_1,20250915_040000.WAV,2025-09-15,04:00:00,17280488
T47_1,20250915_110000.WAV,2025-09-15,11:00:00,17280488
T47_1,20250915_140000.WAV,2025-09-15,14:00:00,17280488
T47_1,20250915_180000.WAV,2025-09-15,18:00:00,17280488
T47_1,20250916_000000.WAV,2025-09-16,00:00:00,17280488
T47_1,20250916_040000.WAV,2025-09-16,04:00:00,17280488
T47_1,20250916_110000.WAV,2025-09-16,11:00:00,17280488
T47_1,20250916_140000.WAV,2025-09-16,14:00:00,17280488
T47_1,20250916_180000.WAV,2025-09-16,18:00:00,17280488
T47_1,20250917_000000.WAV,2025-09-17,00:00:00,17280488
T47_1,20250917_040000.WAV,2025-09-17,04:00:00,17280488
T47_1,20250917_110000.WAV,2025-09-17,11:00:00,17280488
T47_1,20250917_140000.WAV,2025-09-17,14:00:00,17280488
T47_1,20250917_180000.WAV,2025-09-17,18:00:00,17280488
T47_1,20250918_000000.WAV,2025-09-18,00:00:00,17280488
T47_1,20250918_040000.WAV,2025-09-18,04:00:00,17280488
T47_1,20250918_110000.WAV,2025-09-18,11:00:00,17280488
T47_1,20250918_140000.WAV,2025-09-18,14:00:00,17280488
T47_1,20250918_180000.WAV,2025-09-18,18:00:00,17280488
T47_1,20250919_000000.WAV,2025-09-19,00:00:00,17280488
T47_1,20250919_040000.WAV,2025-09-19,04:00:00,17280488
T47_1,20250919_110000.WAV,2025-09-19,11:00:00,17280488
T47_1,20250919_140000.WAV,2025-09-19,14:00:00,17280488
T47_1,20250919_180000.WAV,2025-09-19,18:00:00,17280488
T47_1,20250920_000000.WAV,2025-09-20,00:00:00,17280488
T47_1,20250920_040000.WAV,2025-09-20,04:00:00,17280488
T47_1,20250920_110000.WAV,2025-09-20,11:00:00,17280488
T47_1,20250920_140000.WAV,2025-09-20,14:00:00,17280488
T47_1,20250920_180000.WAV,2025-09-20,18:00:00,17280488
T47_1,20250921_000000.WAV,2025-09-21,00:00:00,17280488
T47_1,20250921_040000.WAV,2025-09-21,04:00:00,17280488
T47_1,20250921_110000.WAV,2025-09-21,11:00:00,17280488
T47_1,20250921_140000.WAV,2025-09-21,14:00:00,17280488
T47_1,20250921_180000.WAV,2025-09-21,18:00:00,17280488
T47_1,20250922_000000.WAV,2025-09-22,00:00:00,17280488
T47_1,20250922_040000.WAV,2025-09-22,04:00:00,17280488
T47_1,20250922_110000.WAV,2025-09-22,11:00:00,17280488
T47_1,20250922_140000.WAV,2025-09-22,14:00:00,17280488
T47_1,20250922_180000.WAV,2025-09-22,18:00:00,17280488
T47_1,20250923_000000.WAV,2025-09-23,00:00:00,17280488
T47_1,20250923_040000.WAV,2025-09-23,04:00:00,17280488
T47_1,20250923_110000.WAV,2025-09-23,11:00:00,17280488
T47_1,20250923_140000.WAV,2025-09-23,14:00:00,17280488
T47_1,20250923_180000.WAV,2025-09-23,18:00:00,17280488
T47_1,20250924_000000.WAV,2025-09-24,00:00:00,17280488
T47_1,20250924_040000.WAV,2025-09-24,04:00:00,17280488
T47_1,20250924_110000.WAV,2025-09-24,11:00:00,17280488
T47_1,20250924_140000.WAV,2025-09-24,14:00:00,17280488
T47_1,20250924_180000.WAV,2025-09-24,18:00:00,17280488
T47_1,20250925_000000.WAV,2025-09-25,00:00:00,17280488
T47_1,20250925_040000.WAV,2025-09-25,04:00:00,17280488
T47_1,20250925_110000.WAV,2025-09-25,11:00:00,17280488
T47_1,20250925_140000.WAV,2025-09-25,14:00:00,17280488
T47_1,20250925_180000.WAV,2025-09-25,18:00:00,17280488
T47_1,20250926_000000.WAV,2025-09-26,00:00:00,17280488
T47_1,20250926_040000.WAV,2025-09-26,04:00:00,17280488
T47_1,20250926_110000.WAV,2025-09-26,11:00:00,17280488
T47_1,20250926_140000.WAV,2025-09-26,14:00:00,17280488
T47_1,20250926_180000.WAV,2025-09-26,18:00:00,17280488
T47_1,20250927_000000.WAV,2025-09-27,00:00:00,17280488
T47_1,20250927_040000.WAV,2025-09-27,04:00:00,17280488
T47_1,20250927_110000.WAV,2025-09-27,11:00:00,17280488
T47_1,20250927_140000.WAV,2025-09-27,14:00:00,17280488
T47_1,20250927_180000.WAV,2025-09-27,18:00:00,17280488
T47_1,20250928_000000.WAV,2025-09-28,00:00:00,17280488
T47_1,20250928_040000.WAV,2025-09-28,04:00:00,17280488
T47_1,20250928_110000.WAV,2025-09-28,11:00:00,17280488
T47_1,20250928_140000.WAV,2025-09-28,14:00:00,17280488
T47_1,20250928_180000.WAV,2025-09-28,18:00:00,17280488
T47_1,20250929_000000.WAV,2025-09-29,00:00:00,17280488
T47_1,20250929_040000.WAV,2025-09-29,04:00:00,17280488
T47_1,20250929_110000.WAV,2025-09-29,11:00:00,17280488
T47_1,20250929_140000.WAV,2025-09-29,14:00:00,17280488
T47_1,20250929_180000.WAV,2025-09-29,18:00:00,17280488
T47_1,20250930_000000.WAV,2025-09-30,00:00:00,17280488
T47_1,20250930_040000.WAV,2025-09-30,04:00:00,17280488
T47_1,20250930_110000.WAV,2025-09-30,11:00:00,17280488
T47_1,20250930_140000.WAV,2025-09-30,14:00:00,17280488
T47_1,20250930_180000.WAV,2025-09-30,18:00:00,17280488
T47_1,20251001_000000.WAV,2025-10-01,00:00:00,17280488
T47_1,20251001_040000.WAV,2025-10-01,04:00:00,17280488
T47_1,20251001_110000.WAV,2025-10-01,11:00:00,17280488
T47_1,20251001_140000.WAV,2025-10-01,14:00:00,17280488
T47_1,20251001_180000.WAV,2025-10-01,18:00:00,17280488
T47_1,20251002_000000.WAV,2025-10-02,00:00:00,17280488
T47_1,20251002_040000.WAV,2025-10-02,04:00:00,17280488
T47_1,20251002_110000.WAV,2025-10-02,11:00:00,17280488
T47_1,20251002_140000.WAV,2025-10-02,14:00:00,17280488
T47_1,20251002_180000.WAV,2025-10-02,18:00:00,17280488
T47_1,20251003_000000.WAV,2025-10-03,00:00:00,17280488
T47_1,20251003_040000.WAV,2025-10-03,04:00:00,17280488
T47_1,20251003_110000.WAV,2025-10-03,11:00:00,17280488
T47_1,20251003_140000.WAV,2025-10-03,14:00:00,17280488
T47_1,20251003_180000.WAV,2025-10-03,18:00:00,17280488
T47_1,20251004_000000.WAV,2025-10-04,00:00:00,17280488
T47_1,20251004_040000.WAV,2025-10-04,04:00:00,17280488
T47_1,20251004_110000.WAV,2025-10-04,11:00:00,17280488
T47_1,20251004_140000.WAV,2025-10-04,14:00:00,17280488
T47_1,20251004_180000.WAV,2025-10-04,18:00:00,17280488
T47_1,20251005_000000.WAV,2025-10-05,00:00:00,17280488
T47_1,20251005_040000.WAV,2025-10-05,04:00:00,17280488
T47_1,20251005_110000.WAV,2025-10-05,11:00:00,17280488
T47_1,20251005_140000.WAV,2025-10-05,14:00:00,17280488
T47_1,20251005_180000.WAV,2025-10-05,18:00:00,17280488
T47_1,20251006_000000.WAV,2025-10-06,00:00:00,17280488
T47_1,20251006_040000.WAV,2025-10-06,04:00:00,17280488
T47_1,20251006_110000.WAV,2025-10-06,11:00:00,17280488
T47_1,20251006_140000.WAV,2025-10-06,14:00:00,17280488
T47_1,20251006_180000.WAV,2025-10-06,18:00:00,17280488
T47_1,20251007_000000.WAV,2025-10-07,00:00:00,17280488
T47_1,20251007_040000.WAV,2025-10-07,04:00:00,17280488
T47_1,20251007_110000.WAV,2025-10-07,11:00:00,17280488
T47_1,20251007_140000.WAV,2025-10-07,14:00:00,17280488
T47_1,20251007_180000.WAV,2025-10-07,18:00:00,17280488
T47_1,20251008_000000.WAV,2025-10-08,00:00:00,17280488
T47_1,20251008_040000.WAV,2025-10-08,04:00:00,17280488
T47_1,20251008_110000.WAV,2025-10-08,11:00:00,17280488
T47_1,20251008_140000.WAV,2025-10-08,14:00:00,17280488
T47_1,20251008_180000.WAV,2025-10-08,18:00:00,17280488
T47_1,20251009_000000.WAV,2025-10-09,00:00:00,17280488
T47_1,20251009_040000.WAV,2025-10-09,04:00:00,17280488
T47_1,20251009_110000.WAV,2025-10-09,11:00:00,17280488
T47_1,20251009_140000.WAV,2025-10-09,14:00:00,17280488
T47_1,20251009_180000.WAV,2025-10-09,18:00:00,17280488
T47_1,20251010_000000.WAV,2025-10-10,00:00:00,17280488
T47_1,20251010_040000.WAV,2025-10-10,04:00:00,17280488
T47_1,20251010_110000.WAV,2025-10-10,11:00:00,17280488
T47_1,20251010_140000.WAV,2025-10-10,14:00:00,17280488
T47_1,20251010_180000.WAV,2025-10-10,18:00:00,17280488
T47_1,20251011_000000.WAV,2025-10-11,00:00:00,17280488
T47_1,20251011_040000.WAV,2025-10-11,04:00:00,17280488
T47_1,20251011_110000.WAV,2025-10-11,11:00:00,17280488
T47_1,20251011_140000.WAV,2025-10-11,14:00:00,17280488
T47_1,20251011_180000.WAV,2025-10-11,18:00:00,17280488
T47_1,20251012_000000.WAV,2025-10-12,00:00:00,17280488
T47_1,20251012_040000.WAV,2025-10-12,04:00:00,17280488
T47_1,20251012_110000.WAV,2025-10-12,11:00:00,17280488
T47_1,20251012_140000.WAV,2025-10-12,14:00:00,17280488
T47_1,20251012_180000.WAV,2025-10-12,18:00:00,17280488
T47_1,20251013_000000.WAV,2025-10-13,00:00:00,17280488
T47_1,20251013_040000.WAV,2025-10-13,04:00:00,17280488
T47_1,20251013_110000.WAV,2025-10-13,11:00:00,17280488
T47_1,20251013_140000.WAV,2025-10-13,14:00:00,17280488
T47_1,20251013_180000.WAV,2025-10-13,18:00:00,17280488
T47_1,20251014_000000.WAV,2025-10-14,00:00:00,17280488
T47_1,20251014_040000.WAV,2025-10-14,04:00:00,17280488
T47_1,20251014_110000.WAV,2025-10-14,11:00:00,17280488
T47_1,20251014_140000.WAV,2025-10-14,14:00:00,17280488
T47_1,20251014_180000.WAV,2025-10-14,18:00:00,17280488
T47_1,20251015_000000.WAV,2025-10-15,00:00:00,17280488
T47_1,20251015_040000.WAV,2025-10-15,04:00:00,17280488
T47_1,20251015_110000.WAV,2025-10-15,11:00:00,17280488
T47_1,20251015_140000.WAV,2025-10-15,14:00:00,17280488
T47_1,20251015_180000.WAV,2025-10-15,18:00:00,17280488
T47_1,20251016_000000.WAV,2025-10-16,00:00:00,17280488
T47_1,20251016_040000.WAV,2025-10-16,04:00:00,17280488
T47_1,20251016_110000.WAV,2025-10-16,11:00:00,17280488
T47_1,20251016_140000.WAV,2025-10-16,14:00:00,17280488
T47_1,20251016_180000.WAV,2025-10-16,18:00:00,17280488
T47_1,20251017_000000.WAV,2025-10-17,00:00:00,17280488
T47_1,20251017_040000.WAV,2025-10-17,04:00:00,17280488
T47_1,20251017_110000.WAV,2025-10-17,11:00:00,17280488
T47_1,20251017_140000.WAV,2025-10-17,14:00:00,17280488
T47_1,20251017_180000.WAV,2025-10-17,18:00:00,17280488
T47_1,20251018_000000.WAV,2025-10-18,00:00:00,17280488
T47_1,20251018_040000.WAV,2025-10-18,04:00:00,17280488
T47_1,20251018_110000.WAV,2025-10-18,11:00:00,17280488
T47_1,20251018_140000.WAV,2025-10-18,14:00:00,17280488
T47_1,20251018_180000.WAV,2025-10-18,18:00:00,17280488
T47_1,20251019_000000.WAV,2025-10-19,00:00:00,17280488
T47_1,20251019_040000.WAV,2025-10-19,04:00:00,17280488
T47_1,20251019_110000.WAV,2025-10-19,11:00:00,17280488
T47_1,20251019_140000.WAV,2025-10-19,14:00:00,17280488
T47_1,20251019_180000.WAV,2025-10-19,18:00:00,17280488
T47_1,20251020_000000.WAV,2025-10-20,00:00:00,17280488
T47_1,20251020_040000.WAV,2025-10-20,04:00:00,17280488
T47_1,20251020_110000.WAV,2025-10-20,11:00:00,17280488
T47_1,20251020_140000.WAV,2025-10-20,14:00:00,17280488
T47_1,20251020_180000.WAV,2025-10-20,18:00:00,17280488
T47_1,20251021_000000.WAV,2025-10-21,00:00:00,17280488
T47_1,20251021_040000.WAV,2025-10-21,04:00:00,17280488
T47_1,20251021_110000.WAV,2025-10-21,11:00:00,17280488
T47_1,20251021_140000.WAV,2025-10-21,14:00:00,17280488
T47_1,20251021_180000.WAV,2025-10-21,18:00:00,17280488
T47_1,20251022_000000.WAV,2025-10-22,00:00:00,17280488
T47_1,20251022_040000.WAV,2025-10-22,04:00:00,17280488
T47_1,20251022_110000.WAV,2025-10-22,11:00:00,17280488
T47_1,20251022_140000.WAV,2025-10-22,14:00:00,17280488
T47_1,20251022_180000.WAV,2025-10-22,18:00:00,17280488
T47_1,20251023_000000.WAV,2025-10-23,00:00:00,17280488
T47_1,20251023_040000.WAV,2025-10-23,04:00:00,17280488
T47_1,20251023_110000.WAV,2025-10-23,11:00:00,17280488
T47_1,20251023_140000.WAV,2025-10-23,14:00:00,17280488
T47_1,20251023_180000.WAV,2025-10-23,18:00:00,17280488
T47_1,20251024_000000.WAV,2025-10-24,00:00:00,17280488
T47_1,20251024_040000.WAV,2025-10-24,04:00:00,17280488
T47_1,20251024_110000.WAV,2025-10-24,11:00:00,17280488
T47_1,20251024_140000.WAV,2025-10-24,14:00:00,17280488
T47_1,20251024_180000.WAV,2025-10-24,18:00:00,17280488
T47_1,20251025_000000.WAV,2025-10-25,00:00:00,17280488
T47_1,20251025_040000.WAV,2025-10-25,04:00:00,17280488
T47_1,20251025_110000.WAV,2025-10-25,11:00:00,17280488
T47_1,20251025_140000.WAV,2025-10-25,14:00:00,17280488
T47_1,20251025_180000.WAV,2025-10-25,18:00:00,17280488
T47_1,20251026_000000.WAV,2025-10-26,00:00:00,17280488
T47_1,20251026_040000.WAV,2025-10-26,04:00:00,17280488
T47_1,20251026_110000.WAV,2025-10-26,11:00:00,17280488
T47_1,20251026_140000.WAV,2025-10-26,14:00:00,17280488
T47_1,20251026_180000.WAV,2025-10-26,18:00:00,17280488
T47_2,20250429_180000.WAV,2025-04-29,18:00:00,17280488
T47_2,20250430_000000.WAV,2025-04-30,00:00:00,17280488
T47_2,20250430_040000.WAV,2025-04-30,04:00:00,17280488
T47_2,20250430_110000.WAV,2025-04-30,11:00:00,17280488
T47_2,20250430_140000.WAV,2025-04-30,14:00:00,17280488
T47_2,20250430_180000.WAV,2025-04-30,18:00:00,17280488
T47_2,20250501_000000.WAV,2025-05-01,00:00:00,17280488
T47_2,20250501_040000.WAV,2025-05-01,04:00:00,17280488
T47_2,20250501_110000.WAV,2025-05-01,11:00:00,17280488
T47_2,20250501_140000.WAV,2025-05-01,14:00:00,17280488
T47_2,20250501_180000.WAV,2025-05-01,18:00:00,17280488
T47_2,20250502_000000.WAV,2025-05-02,00:00:00,17280488
T47_2,20250502_040000.WAV,2025-05-02,04:00:00,17280488
T47_2,20250502_110000.WAV,2025-05-02,11:00:00,17280488
T47_2,20250502_140000.WAV,2025-05-02,14:00:00,17280488
T47_2,20250502_180000.WAV,2025-05-02,18:00:00,17280488
T47_2,20250503_000000.WAV,2025-05-03,00:00:00,17280488
T47_2,20250503_040000.WAV,2025-05-03,04:00:00,17280488
T47_2,20250503_110000.WAV,2025-05-03,11:00:00,17280488
T47_2,20250503_140000.WAV,2025-05-03,14:00:00,17280488
T47_2,20250503_180000.WAV,2025-05-03,18:00:00,17280488
T47_2,20250504_000000.WAV,2025-05-04,00:00:00,17280488
T47_2,20250504_040000.WAV,2025-05-04,04:00:00,17280488
T47_2,20250504_110000.WAV,2025-05-04,11:00:00,17280488
T47_2,20250504_140000.WAV,2025-05-04,14:00:00,17280488
T47_2,20250504_180000.WAV,2025-05-04,18:00:00,17280488
T47_2,20250505_000000.WAV,2025-05-05,00:00:00,17280488
T47_2,20250505_040000.WAV,2025-05-05,04:00:00,17280488
T47_2,20250505_110000.WAV,2025-05-05,11:00:00,17280488
T47_2,20250505_140000.WAV,2025-05-05,14:00:00,17280488
T47_2,20250505_180000.WAV,2025-05-05,18:00:00,17280488
T47_2,20250506_000000.WAV,2025-05-06,00:00:00,17280488
T47_2,20250506_040000.WAV,2025-05-06,04:00:00,17280488
T47_2,20250506_110000.WAV,2025-05-06,11:00:00,17280488
T47_2,20250506_140000.WAV,2025-05-06,14:00:00,17280488
T47_2,20250506_180000.WAV,2025-05-06,18:00:00,17280488
T47_2,20250507_000000.WAV,2025-05-07,00:00:00,17280488
T47_2,20250507_040000.WAV,2025-05-07,04:00:00,17280488
T47_2,20250507_110000.WAV,2025-05-07,11:00:00,17280488
T47_2,20250507_140000.WAV,2025-05-07,14:00:00,17280488
T47_2,20250507_180000.WAV,2025-05-07,18:00:00,17280488
T47_2,20250508_000000.WAV,2025-05-08,00:00:00,17280488
T47_2,20250508_040000.WAV,2025-05-08,04:00:00,17280488
T47_2,20250508_110000.WAV,2025-05-08,11:00:00,17280488
T47_2,20250508_140000.WAV,2025-05-08,14:00:00,17280488
T47_2,20250508_180000.WAV,2025-05-08,18:00:00,17280488
T47_2,20250509_000000.WAV,2025-05-09,00:00:00,17280488
T47_2,20250509_040000.WAV,2025-05-09,04:00:00,17280488
T47_2,20250509_110000.WAV,2025-05-09,11:00:00,17280488
T47_2,20250509_140000.WAV,2025-05-09,14:00:00,17280488
T47_2,20250509_180000.WAV,2025-05-09,18:00:00,17280488
T47_2,20250510_000000.WAV,2025-05-10,00:00:00,17280488
T47_2,20250510_040000.WAV,2025-05-10,04:00:00,17280488
T47_2,20250510_110000.WAV,2025-05-10,11:00:00,17280488
T47_2,20250510_140000.WAV,2025-05-10,14:00:00,17280488
T47_2,20250510_180000.WAV,2025-05-10,18:00:00,17280488
T47_2,20250511_000000.WAV,2025-05-11,00:00:00,17280488
T47_2,20250511_040000.WAV,2025-05-11,04:00:00,17280488
T47_2,20250511_110000.WAV,2025-05-11,11:00:00,17280488
T47_2,20250511_140000.WAV,2025-05-11,14:00:00,17280488
T47_2,20250511_180000.WAV,2025-05-11,18:00:00,17280488
T47_2,20250512_000000.WAV,2025-05-12,00:00:00,17280488
T47_2,20250512_040000.WAV,2025-05-12,04:00:00,17280488
T47_2,20250512_110000.WAV,2025-05-12,11:00:00,17280488
T47_2,20250512_140000.WAV,2025-05-12,14:00:00,17280488
T47_2,20250512_180000.WAV,2025-05-12,18:00:00,17280488
T47_2,20250513_000000.WAV,2025-05-13,00:00:00,17280488
T47_2,20250513_040000.WAV,2025-05-13,04:00:00,17280488
T47_2,20250513_110000.WAV,2025-05-13,11:00:00,17280488
T47_2,20250513_140000.WAV,2025-05-13,14:00:00,17280488
T47_2,20250513_180000.WAV,2025-05-13,18:00:00,17280488
T47_2,20250514_000000.WAV,2025-05-14,00:00:00,17280488
T47_2,20250514_040000.WAV,2025-05-14,04:00:00,17280488
T47_2,20250514_110000.WAV,2025-05-14,11:00:00,17280488
T47_2,20250514_140000.WAV,2025-05-14,14:00:00,17280488
T47_2,20250514_180000.WAV,2025-05-14,18:00:00,17280488
T47_2,20250515_000000.WAV,2025-05-15,00:00:00,17280488
T47_2,20250515_040000.WAV,2025-05-15,04:00:00,17280488
T47_2,20250515_110000.WAV,2025-05-15,11:00:00,17280488
T47_2,20250515_140000.WAV,2025-05-15,14:00:00,17280488
T47_2,20250515_180000.WAV,2025-05-15,18:00:00,17280488
T47_2,20250516_000000.WAV,2025-05-16,00:00:00,17280488
T47_2,20250516_040000.WAV,2025-05-16,04:00:00,17280488
T47_2,20250516_110000.WAV,2025-05-16,11:00:00,17280488
T47_2,20250516_140000.WAV,2025-05-16,14:00:00,17280488
T47_2,20250516_180000.WAV,2025-05-16,18:00:00,17280488
T47_2,20250517_000000.WAV,2025-05-17,00:00:00,17280488
T47_2,20250517_040000.WAV,2025-05-17,04:00:00,17280488
T47_2,20250517_110000.WAV,2025-05-17,11:00:00,17280488
T47_2,20250517_140000.WAV,2025-05-17,14:00:00,17280488
T47_2,20250517_180000.WAV,2025-05-17,18:00:00,17280488
T47_2,20250518_000000.WAV,2025-05-18,00:00:00,17280488
T47_2,20250518_040000.WAV,2025-05-18,04:00:00,17280488
T47_2,20250518_110000.WAV,2025-05-18,11:00:00,17280488
T47_2,20250518_140000.WAV,2025-05-18,14:00:00,17280488
T47_2,20250518_180000.WAV,2025-05-18,18:00:00,17280488
T47_2,20250519_000000.WAV,2025-05-19,00:00:00,17280488
T47_2,20250519_040000.WAV,2025-05-19,04:00:00,17280488
T47_2,20250519_110000.WAV,2025-05-19,11:00:00,17280488
T47_2,20250519_140000.WAV,2025-05-19,14:00:00,17280488
T47_2,20250519_180000.WAV,2025-05-19,18:00:00,17280488
T47_2,20250520_000000.WAV,2025-05-20,00:00:00,17280488
T47_2,20250520_040000.WAV,2025-05-20,04:00:00,17280488
T47_2,20250520_110000.WAV,2025-05-20,11:00:00,17280488
T47_2,20250520_140000.WAV,2025-05-20,14:00:00,17280488
T47_2,20250520_180000.WAV,2025-05-20,18:00:00,17280488
T47_2,20250521_000000.WAV,2025-05-21,00:00:00,17280488
T47_2,20250521_040000.WAV,2025-05-21,04:00:00,17280488
T47_2,20250521_110000.WAV,2025-05-21,11:00:00,17280488
T47_2,20250521_140000.WAV,2025-05-21,14:00:00,17280488
T47_2,20250521_180000.WAV,2025-05-21,18:00:00,17280488
T47_2,20250522_000000.WAV,2025-05-22,00:00:00,17280488
T47_2,20250522_040000.WAV,2025-05-22,04:00:00,17280488
T47_2,20250522_110000.WAV,2025-05-22,11:00:00,17280488
T47_2,20250522_140000.WAV,2025-05-22,14:00:00,17280488
T47_2,20250522_180000.WAV,2025-05-22,18:00:00,17280488
T47_2,20250523_000000.WAV,2025-05-23,00:00:00,17280488
T47_2,20250523_040000.WAV,2025-05-23,04:00:00,17280488
T47_2,20250523_110000.WAV,2025-05-23,11:00:00,17280488
T47_2,20250523_140000.WAV,2025-05-23,14:00:00,17280488
T47_2,20250523_180000.WAV,2025-05-23,18:00:00,17280488
T47_2,20250524_000000.WAV,2025-05-24,00:00:00,17280488
T47_2,20250524_040000.WAV,2025-05-24,04:00:00,17280488
T47_2,20250524_110000.WAV,2025-05-24,11:00:00,17280488
T47_2,20250524_140000.WAV,2025-05-24,14:00:00,17280488
T47_2,20250524_180000.WAV,2025-05-24,18:00:00,17280488
T47_2,20250525_000000.WAV,2025-05-25,00:00:00,17280488
T47_2,20250525_040000.WAV,2025-05-25,04:00:00,17280488
T47_2,20250525_110000.WAV,2025-05-25,11:00:00,17280488
T47_2,20250525_140000.WAV,2025-05-25,14:00:00,17280488
T47_2,20250525_180000.WAV,2025-05-25,18:00:00,17280488
T47_2,20250526_000000.WAV,2025-05-26,00:00:00,17280488
T47_2,20250526_040000.WAV,2025-05-26,04:00:00,17280488
T47_2,20250526_110000.WAV,2025-05-26,11:00:00,17280488
T47_2,20250526_140000.WAV,2025-05-26,14:00:00,17280488
T47_2,20250526_180000.WAV,2025-05-26,18:00:00,17280488
T47_2,20250527_000000.WAV,2025-05-27,00:00:00,17280488
T47_2,20250527_040000.WAV,2025-05-27,04:00:00,17280488
T47_2,20250527_110000.WAV,2025-05-27,11:00:00,17280488
T47_2,20250527_140000.WAV,2025-05-27,14:00:00,17280488
T47_2,20250527_180000.WAV,2025-05-27,18:00:00,17280488
T47_2,20250528_000000.WAV,2025-05-28,00:00:00,17280488
T47_2,20250528_040000.WAV,2025-05-28,04:00:00,17280488
T47_2,20250528_110000.WAV,2025-05-28,11:00:00,17280488
T47_2,20250528_140000.WAV,2025-05-28,14:00:00,17280488
T47_2,20250528_180000.WAV,2025-05-28,18:00:00,17280488
T47_2,20250529_000000.WAV,2025-05-29,00:00:00,17280488
T47_2,20250529_040000.WAV,2025-05-29,04:00:00,17280488
T47_2,20250529_110000.WAV,2025-05-29,11:00:00,17280488
T47_2,20250529_140000.WAV,2025-05-29,14:00:00,17280488
T47_2,20250529_180000.WAV,2025-05-29,18:00:00,17280488
T47_2,20250530_000000.WAV,2025-05-30,00:00:00,17280488
T47_2,20250530_040000.WAV,2025-05-30,04:00:00,17280488
T47_2,20250530_110000.WAV,2025-05-30,11:00:00,17280488
T47_2,20250530_140000.WAV,2025-05-30,14:00:00,17280488
T47_2,20250530_180000.WAV,2025-05-30,18:00:00,17280488
T47_2,20250531_000000.WAV,2025-05-31,00:00:00,17280488
T47_2,20250531_040000.WAV,2025-05-31,04:00:00,17280488
T47_2,20250531_110000.WAV,2025-05-31,11:00:00,17280488
T47_2,20250531_140000.WAV,2025-05-31,14:00:00,17280488
T47_2,20250531_180000.WAV,2025-05-31,18:00:00,17280488
T47_2,20250601_000000.WAV,2025-06-01,00:00:00,17280488
T47_2,20250601_040000.WAV,2025-06-01,04:00:00,17280488
T47_2,20250601_110000.WAV,2025-06-01,11:00:00,17280488
T47_2,20250601_140000.WAV,2025-06-01,14:00:00,17280488
T47_2,20250601_180000.WAV,2025-06-01,18:00:00,17280488
T47_2,20250602_000000.WAV,2025-06-02,00:00:00,17280488
T47_2,20250602_040000.WAV,2025-06-02,04:00:00,17280488
T47_2,20250602_110000.WAV,2025-06-02,11:00:00,17280488
T47_2,20250602_140000.WAV,2025-06-02,14:00:00,17280488
T47_2,20250602_180000.WAV,2025-06-02,18:00:00,17280488
T47_2,20250603_000000.WAV,2025-06-03,00:00:00,17280488
T47_2,20250603_040000.WAV,2025-06-03,04:00:00,17280488
T47_2,20250603_110000.WAV,2025-06-03,11:00:00,17280488
T47_2,20250603_140000.WAV,2025-06-03,14:00:00,17280488
T47_2,20250603_180000.WAV,2025-06-03,18:00:00,17280488
T47_2,20250604_000000.WAV,2025-06-04,00:00:00,17280488
T47_2,20250604_040000.WAV,2025-06-04,04:00:00,17280488
T47_2,20250604_110000.WAV,2025-06-04,11:00:00,17280488
T47_2,20250604_140000.WAV,2025-06-04,14:00:00,17280488
T47_2,20250604_180000.WAV,2025-06-04,18:00:00,17280488
T47_2,20250605_000000.WAV,2025-06-05,00:00:00,17280488
T47_2,20250605_040000.WAV,2025-06-05,04:00:00,17280488
T47_2,20250605_110000.WAV,2025-06-05,11:00:00,17280488
T47_2,20250605_140000.WAV,2025-06-05,14:00:00,17280488
T47_2,20250605_180000.WAV,2025-06-05,18:00:00,17280488
T47_2,20250606_000000.WAV,2025-06-06,00:00:00,17280488
T47_2,20250606_040000.WAV,2025-06-06,04:00:00,17280488
T47_2,20250606_110000.WAV,2025-06-06,11:00:00,17280488
T47_2,20250606_140000.WAV,2025-06-06,14:00:00,17280488
T47_2,20250606_180000.WAV,2025-06-06,18:00:00,17280488
T47_2,20250607_000000.WAV,2025-06-07,00:00:00,17280488
T47_2,20250607_040000.WAV,2025-06-07,04:00:00,17280488
T47_2,20250607_110000.WAV,2025-06-07,11:00:00,17280488
T47_2,20250607_140000.WAV,2025-06-07,14:00:00,17280488
T47_2,20250607_180000.WAV,2025-06-07,18:00:00,17280488
T47_2,20250608_000000.WAV,2025-06-08,00:00:00,17280488
T47_2,20250608_040000.WAV,2025-06-08,04:00:00,17280488
T47_2,20250608_110000.WAV,2025-06-08,11:00:00,17280488
T47_2,20250608_140000.WAV,2025-06-08,14:00:00,17280488
T47_2,20250608_180000.WAV,2025-06-08,18:00:00,17280488
T47_2,20250609_000000.WAV,2025-06-09,00:00:00,17280488
T47_2,20250609_040000.WAV,2025-06-09,04:00:00,17280488
T47_2,20250609_110000.WAV,2025-06-09,11:00:00,17280488
T47_2,20250609_140000.WAV,2025-06-09,14:00:00,17280488
T47_2,20250609_180000.WAV,2025-06-09,18:00:00,17280488
T47_2,20250610_000000.WAV,2025-06-10,00:00:00,17280488
T47_2,20250610_040000.WAV,2025-06-10,04:00:00,17280488
T47_2,20250610_110000.WAV,2025-06-10,11:00:00,17280488
T47_2,20250610_140000.WAV,2025-06-10,14:00:00,17280488
T47_2,20250610_180000.WAV,2025-06-10,18:00:00,17280488
T47_2,20250611_000000.WAV,2025-06-11,00:00:00,17280488
T47_2,20250611_040000.WAV,2025-06-11,04:00:00,17280488
T47_2,20250611_110000.WAV,2025-06-11,11:00:00,17280488
T47_2,20250611_140000.WAV,2025-06-11,14:00:00,17280488
T47_2,20250611_180000.WAV,2025-06-11,18:00:00,17280488
T47_2,20250612_000000.WAV,2025-06-12,00:00:00,17280488
T47_2,20250612_040000.WAV,2025-06-12,04:00:00,17280488
T47_2,20250612_110000.WAV,2025-06-12,11:00:00,17280488
T47_2,20250612_140000.WAV,2025-06-12,14:00:00,17280488
T47_2,20250612_180000.WAV,2025-06-12,18:00:00,17280488
T47_2,20250613_000000.WAV,2025-06-13,00:00:00,17280488
T47_2,20250613_040000.WAV,2025-06-13,04:00:00,17280488
T47_2,20250613_110000.WAV,2025-06-13,11:00:00,17280488
T47_2,20250613_140000.WAV,2025-06-13,14:00:00,17280488
T47_2,20250613_180000.WAV,2025-06-13,18:00:00,17280488
T47_2,20250614_000000.WAV,2025-06-14,00:00:00,17280488
T47_2,20250614_040000.WAV,2025-06-14,04:00:00,17280488
T47_2,20250614_110000.WAV,2025-06-14,11:00:00,17280488
T47_2,20250614_140000.WAV,2025-06-14,14:00:00,17280488
T47_2,20250614_180000.WAV,2025-06-14,18:00:00,17280488
T47_2,20250615_000000.WAV,2025-06-15,00:00:00,17280488
T47_2,20250615_040000.WAV,2025-06-15,04:00:00,17280488
T47_2,20250615_110000.WAV,2025-06-15,11:00:00,17280488
T47_2,20250615_140000.WAV,2025-06-15,14:00:00,17280488
T47_2,20250615_180000.WAV,2025-06-15,18:00:00,17280488
T47_2,20250616_000000.WAV,2025-06-16,00:00:00,17280488
T47_2,20250616_040000.WAV,2025-06-16,04:00:00,17280488
T47_2,20250616_110000.WAV,2025-06-16,11:00:00,17280488
T47_2,20250616_140000.WAV,2025-06-16,14:00:00,17280488
T47_2,20250616_180000.WAV,2025-06-16,18:00:00,17280488
T47_2,20250617_000000.WAV,2025-06-17,00:00:00,17280488
T47_2,20250617_040000.WAV,2025-06-17,04:00:00,17280488
T47_2,20250617_110000.WAV,2025-06-17,11:00:00,17280488
T47_2,20250617_140000.WAV,2025-06-17,14:00:00,17280488
T47_2,20250617_180000.WAV,2025-06-17,18:00:00,17280488
T47_2,20250618_000000.WAV,2025-06-18,00:00:00,17280488
T47_2,20250618_040000.WAV,2025-06-18,04:00:00,17280488
T47_2,20250618_110000.WAV,2025-06-18,11:00:00,17280488
T47_2,20250618_140000.WAV,2025-06-18,14:00:00,17280488
T47_2,20250618_180000.WAV,2025-06-18,18:00:00,17280488
T47_2,20250619_000000.WAV,2025-06-19,00:00:00,17280488
T47_2,20250619_040000.WAV,2025-06-19,04:00:00,17280488
T47_2,20250619_110000.WAV,2025-06-19,11:00:00,17280488
T47_2,20250619_140000.WAV,2025-06-19,14:00:00,17280488
T47_2,20250619_180000.WAV,2025-06-19,18:00:00,17280488
T47_2,20250620_000000.WAV,2025-06-20,00:00:00,17280488
T47_2,20250620_040000.WAV,2025-06-20,04:00:00,17280488
T47_2,20250620_110000.WAV,2025-06-20,11:00:00,17280488
T47_2,20250620_140000.WAV,2025-06-20,14:00:00,17280488
T47_2,20250620_180000.WAV,2025-06-20,18:00:00,17280488
T47_2,20250621_000000.WAV,2025-06-21,00:00:00,17280488
T47_2,20250621_040000.WAV,2025-06-21,04:00:00,17280488
T47_2,20250621_110000.WAV,2025-06-21,11:00:00,17280488
T47_2,20250621_140000.WAV,2025-06-21,14:00:00,17280488
T47_2,20250621_180000.WAV,2025-06-21,18:00:00,17280488
T47_2,20250622_000000.WAV,2025-06-22,00:00:00,17280488
T47_2,20250622_040000.WAV,2025-06-22,04:00:00,17280488
T47_2,20250622_110000.WAV,2025-06-22,11:00:00,17280488
T47_2,20250622_140000.WAV,2025-06-22,14:00:00,17280488
T47_2,20250622_180000.WAV,2025-06-22,18:00:00,17280488
T47_2,20250623_000000.WAV,2025-06-23,00:00:00,17280488
T47_2,20250623_040000.WAV,2025-06-23,04:00:00,17280488
T47_2,20250623_110000.WAV,2025-06-23,11:00:00,17280488
T47_2,20250623_140000.WAV,2025-06-23,14:00:00,17280488
T47_2,20250623_180000.WAV,2025-06-23,18:00:00,17280488
T47_2,20250624_000000.WAV,2025-06-24,00:00:00,17280488
T47_2,20250624_040000.WAV,2025-06-24,04:00:00,17280488
T47_2,20250624_110000.WAV,2025-06-24,11:00:00,17280488
T47_2,20250624_140000.WAV,2025-06-24,14:00:00,17280488
T47_2,20250624_180000.WAV,2025-06-24,18:00:00,17280488
T47_2,20250625_000000.WAV,2025-06-25,00:00:00,17280488
T47_2,20250625_040000.WAV,2025-06-25,04:00:00,17280488
T47_2,20250625_110000.WAV,2025-06-25,11:00:00,17280488
T47_2,20250625_140000.WAV,2025-06-25,14:00:00,17280488
T47_2,20250625_180000.WAV,2025-06-25,18:00:00,17280488
T47_2,20250626_000000.WAV,2025-06-26,00:00:00,17280488
T47_2,20250626_040000.WAV,2025-06-26,04:00:00,17280488
T47_2,20250626_110000.WAV,2025-06-26,11:00:00,17280488
T47_2,20250626_140000.WAV,2025-06-26,14:00:00,17280488
T47_2,20250626_180000.WAV,2025-06-26,18:00:00,17280488
T47_2,20250627_000000.WAV,2025-06-27,00:00:00,17280488
T47_2,20250627_040000.WAV,2025-06-27,04:00:00,17280488
T47_2,20250627_110000.WAV,2025-06-27,11:00:00,17280488
T47_2,20250627_140000.WAV,2025-06-27,14:00:00,17280488
T47_2,20250627_180000.WAV,2025-06-27,18:00:00,17280488
T47_2,20250628_000000.WAV,2025-06-28,00:00:00,17280488
T47_2,20250628_040000.WAV,2025-06-28,04:00:00,17280488
T47_2,20250628_110000.WAV,2025-06-28,11:00:00,17280488
T47_2,20250628_140000.WAV,2025-06-28,14:00:00,17280488
T47_2,20250628_180000.WAV,2025-06-28,18:00:00,17280488
T47_2,20250629_000000.WAV,2025-06-29,00:00:00,17280488
T47_2,20250629_040000.WAV,2025-06-29,04:00:00,17280488
T47_2,20250629_110000.WAV,2025-06-29,11:00:00,17280488
T47_2,20250629_140000.WAV,2025-06-29,14:00:00,17280488
T47_2,20250629_180000.WAV,2025-06-29,18:00:00,17280488
T47_2,20250630_000000.WAV,2025-06-30,00:00:00,17280488
T47_2,20250630_040000.WAV,2025-06-30,04:00:00,17280488
T47_2,20250630_110000.WAV,2025-06-30,11:00:00,17280488
T47_2,20250630_140000.WAV,2025-06-30,14:00:00,17280488
T47_2,20250630_180000.WAV,2025-06-30,18:00:00,17280488
T47_2,20250701_000000.WAV,2025-07-01,00:00:00,17280488
T47_2,20250701_040000.WAV,2025-07-01,04:00:00,17280488
T47_2,20250701_110000.WAV,2025-07-01,11:00:00,17280488
T47_2,20250701_140000.WAV,2025-07-01,14:00:00,17280488
T47_2,20250701_180000.WAV,2025-07-01,18:00:00,17280488
T47_2,20250702_000000.WAV,2025-07-02,00:00:00,17280488
T47_2,20250702_040000.WAV,2025-07-02,04:00:00,17280488
T47_2,20250702_110000.WAV,2025-07-02,11:00:00,17280488
T47_2,20250702_140000.WAV,2025-07-02,14:00:00,17280488
T47_2,20250702_180000.WAV,2025-07-02,18:00:00,17280488
T47_2,20250703_000000.WAV,2025-07-03,00:00:00,17280488
T47_2,20250703_040000.WAV,2025-07-03,04:00:00,17280488
T47_2,20250703_110000.WAV,2025-07-03,11:00:00,17280488
T47_2,20250703_140000.WAV,2025-07-03,14:00:00,17280488
T47_2,20250703_180000.WAV,2025-07-03,18:00:00,17280488
T47_2,20250704_000000.WAV,2025-07-04,00:00:00,17280488
T47_2,20250704_040000.WAV,2025-07-04,04:00:00,17280488
T47_2,20250704_110000.WAV,2025-07-04,11:00:00,17280488
T47_2,20250704_140000.WAV,2025-07-04,14:00:00,17280488
T47_2,20250704_180000.WAV,2025-07-04,18:00:00,17280488
T47_2,20250705_000000.WAV,2025-07-05,00:00:00,17280488
T47_2,20250705_040000.WAV,2025-07-05,04:00:00,17280488
T47_2,20250705_110000.WAV,2025-07-05,11:00:00,17280488
T47_2,20250705_140000.WAV,2025-07-05,14:00:00,17280488
T47_2,20250705_180000.WAV,2025-07-05,18:00:00,17280488
T47_2,20250706_000000.WAV,2025-07-06,00:00:00,17280488
T47_2,20250706_040000.WAV,2025-07-06,04:00:00,17280488
T47_2,20250706_110000.WAV,2025-07-06,11:00:00,17280488
T47_2,20250706_140000.WAV,2025-07-06,14:00:00,17280488
T47_2,20250706_180000.WAV,2025-07-06,18:00:00,17280488
T47_2,20250707_000000.WAV,2025-07-07,00:00:00,17280488
T47_2,20250707_040000.WAV,2025-07-07,04:00:00,17280488
T47_2,20250707_110000.WAV,2025-07-07,11:00:00,17280488
T47_2,20250707_140000.WAV,2025-07-07,14:00:00,17280488
T47_2,20250707_180000.WAV,2025-07-07,18:00:00,17280488
T47_2,20250708_000000.WAV,2025-07-08,00:00:00,17280488
T47_2,20250708_040000.WAV,2025-07-08,04:00:00,17280488
T47_2,20250708_110000.WAV,2025-07-08,11:00:00,17280488
T47_2,20250708_140000.WAV,2025-07-08,14:00:00,17280488
T47_2,20250708_180000.WAV,2025-07-08,18:00:00,17280488
T47_2,20250709_000000.WAV,2025-07-09,00:00:00,17280488
T47_2,20250709_040000.WAV,2025-07-09,04:00:00,17280488
T47_2,20250709_110000.WAV,2025-07-09,11:00:00,17280488
T47_2,20250709_140000.WAV,2025-07-09,14:00:00,17280488
T47_2,20250709_180000.WAV,2025-07-09,18:00:00,17280488
T47_2,20250710_000000.WAV,2025-07-10,00:00:00,17280488
T47_2,20250710_040000.WAV,2025-07-10,04:00:00,17280488
T47_2,20250710_110000.WAV,2025-07-10,11:00:00,17280488
T47_2,20250710_140000.WAV,2025-07-10,14:00:00,17280488
T47_2,20250710_180000.WAV,2025-07-10,18:00:00,17280488
T47_2,20250711_000000.WAV,2025-07-11,00:00:00,17280488
T47_2,20250711_040000.WAV,2025-07-11,04:00:00,17280488
T47_2,20250711_110000.WAV,2025-07-11,11:00:00,17280488
T47_2,20250711_140000.WAV,2025-07-11,14:00:00,17280488
T47_2,20250711_180000.WAV,2025-07-11,18:00:00,17280488
T47_2,20250712_000000.WAV,2025-07-12,00:00:00,17280488
T47_2,20250712_040000.WAV,2025-07-12,04:00:00,17280488
T47_2,20250712_110000.WAV,2025-07-12,11:00:00,17280488
T47_2,20250712_140000.WAV,2025-07-12,14:00:00,17280488
T47_2,20250712_180000.WAV,2025-07-12,18:00:00,17280488
T47_2,20250713_000000.WAV,2025-07-13,00:00:00,17280488
T47_2,20250713_040000.WAV,2025-07-13,04:00:00,17280488
T47_2,20250713_110000.WAV,2025-07-13,11:00:00,17280488
T47_2,20250713_140000.WAV,2025-07-13,14:00:00,17280488
T47_2,20250713_180000.WAV,2025-07-13,18:00:00,17280488
T47_2,20250714_000000.WAV,2025-07-14,00:00:00,17280488
T47_2,20250714_040000.WAV,2025-07-14,04:00:00,17280488
T47_2,20250714_110000.WAV,2025-07-14,11:00:00,17280488
T47_2,20250714_140000.WAV,2025-07-14,14:00:00,17280488
T47_2,20250714_180000.WAV,2025-07-14,18:00:00,17280488
T47_2,20250715_000000.WAV,2025-07-15,00:00:00,17280488
T47_2,20250715_040000.WAV,2025-07-15,04:00:00,17280488
T47_2,20250715_110000.WAV,2025-07-15,11:00:00,17280488
T47_2,20250715_140000.WAV,2025-07-15,14:00:00,17280488
T47_2,20250715_180000.WAV,2025-07-15,18:00:00,17280488
T47_2,20250716_000000.WAV,2025-07-16,00:00:00,17280488
T47_2,20250716_040000.WAV,2025-07-16,04:00:00,17280488
T47_2,20250716_110000.WAV,2025-07-16,11:00:00,17280488
T47_2,20250716_140000.WAV,2025-07-16,14:00:00,17280488
T47_2,20250716_180000.WAV,2025-07-16,18:00:00,17280488
T47_2,20250717_000000.WAV,2025-07-17,00:00:00,17280488
T47_2,20250717_040000.WAV,2025-07-17,04:00:00,17280488
T47_2,20250717_110000.WAV,2025-07-17,11:00:00,17280488
T47_2,20250717_140000.WAV,2025-07-17,14:00:00,17280488
T47_2,20250717_180000.WAV,2025-07-17,18:00:00,17280488
T47_2,20250718_000000.WAV,2025-07-18,00:00:00,17280488
T47_2,20250718_040000.WAV,2025-07-18,04:00:00,17280488
T47_2,20250718_110000.WAV,2025-07-18,11:00:00,17280488
T47_2,20250718_140000.WAV,2025-07-18,14:00:00,17280488
T47_2,20250718_180000.WAV,2025-07-18,18:00:00,17280488
T47_2,20250719_000000.WAV,2025-07-19,00:00:00,17280488
T47_2,20250719_040000.WAV,2025-07-19,04:00:00,17280488
T47_2,20250719_110000.WAV,2025-07-19,11:00:00,17280488
T47_2,20250719_140000.WAV,2025-07-19,14:00:00,17280488
T47_2,20250719_180000.WAV,2025-07-19,18:00:00,17280488
T47_2,20250720_000000.WAV,2025-07-20,00:00:00,17280488
T47_2,20250720_040000.WAV,2025-07-20,04:00:00,17280488
T47_2,20250720_110000.WAV,2025-07-20,11:00:00,17280488
T47_2,20250720_140000.WAV,2025-07-20,14:00:00,17280488
T47_2,20250720_180000.WAV,2025-07-20,18:00:00,17280488
T47_2,20250721_000000.WAV,2025-07-21,00:00:00,17280488
T47_2,20250721_040000.WAV,2025-07-21,04:00:00,17280488
T47_2,20250721_110000.WAV,2025-07-21,11:00:00,17280488
T47_2,20250721_140000.WAV,2025-07-21,14:00:00,17280488
T47_2,20250721_180000.WAV,2025-07-21,18:00:00,17280488
T47_2,20250722_000000.WAV,2025-07-22,00:00:00,17280488
T47_2,20250722_040000.WAV,2025-07-22,04:00:00,17280488
T47_2,20250722_110000.WAV,2025-07-22,11:00:00,17280488
T47_2,20250722_140000.WAV,2025-07-22,14:00:00,17280488
T47_2,20250722_180000.WAV,2025-07-22,18:00:00,17280488
T47_2,20250723_000000.WAV,2025-07-23,00:00:00,17280488
T47_2,20250723_040000.WAV,2025-07-23,04:00:00,17280488
T47_2,20250723_110000.WAV,2025-07-23,11:00:00,17280488
T47_2,20250723_140000.WAV,2025-07-23,14:00:00,17280488
T47_2,20250723_180000.WAV,2025-07-23,18:00:00,17280488
T47_2,20250724_000000.WAV,2025-07-24,00:00:00,17280488
T47_2,20250724_040000.WAV,2025-07-24,04:00:00,17280488
T47_2,20250724_110000.WAV,2025-07-24,11:00:00,17280488
T47_2,20250724_140000.WAV,2025-07-24,14:00:00,17280488
T47_2,20250724_180000.WAV,2025-07-24,18:00:00,17280488
T47_2,20250725_000000.WAV,2025-07-25,00:00:00,17280488
T47_2,20250725_040000.WAV,2025-07-25,04:00:00,17280488
T47_2,20250725_110000.WAV,2025-07-25,11:00:00,17280488
T47_2,20250725_140000.WAV,2025-07-25,14:00:00,17280488
T47_2,20250725_180000.WAV,2025-07-25,18:00:00,17280488
T47_2,20250726_000000.WAV,2025-07-26,00:00:00,17280488
T47_2,20250726_040000.WAV,2025-07-26,04:00:00,17280488
T47_2,20250726_110000.WAV,2025-07-26,11:00:00,17280488
T47_2,20250726_140000.WAV,2025-07-26,14:00:00,17280488
T47_2,20250726_180000.WAV,2025-07-26,18:00:00,17280488
T47_2,20250727_000000.WAV,2025-07-27,00:00:00,17280488
T47_2,20250727_040000.WAV,2025-07-27,04:00:00,17280488
T47_2,20250727_110000.WAV,2025-07-27,11:00:00,17280488
T47_2,20250727_140000.WAV,2025-07-27,14:00:00,17280488
T47_2,20250727_180000.WAV,2025-07-27,18:00:00,17280488
T47_2,20250728_000000.WAV,2025-07-28,00:00:00,17280488
T47_2,20250728_040000.WAV,2025-07-28,04:00:00,17280488
T47_2,20250728_110000.WAV,2025-07-28,11:00:00,17280488
T47_2,20250728_140000.WAV,2025-07-28,14:00:00,17280488
T47_2,20250728_180000.WAV,2025-07-28,18:00:00,17280488
T47_2,20250729_000000.WAV,2025-07-29,00:00:00,17280488
T47_2,20250729_040000.WAV,2025-07-29,04:00:00,17280488
T47_2,20250729_110000.WAV,2025-07-29,11:00:00,17280488
T47_2,20250729_140000.WAV,2025-07-29,14:00:00,17280488
T47_2,20250729_180000.WAV,2025-07-29,18:00:00,17280488
T47_2,20250730_000000.WAV,2025-07-30,00:00:00,17280488
T47_2,20250730_040000.WAV,2025-07-30,04:00:00,17280488
T47_2,20250730_110000.WAV,2025-07-30,11:00:00,17280488
T47_2,20250730_140000.WAV,2025-07-30,14:00:00,17280488
T47_2,20250730_180000.WAV,2025-07-30,18:00:00,17280488
T47_2,20250731_000000.WAV,2025-07-31,00:00:00,17280488
T47_2,20250731_040000.WAV,2025-07-31,04:00:00,17280488
T47_2,20250731_110000.WAV,2025-07-31,11:00:00,17280488
T47_2,20250731_140000.WAV,2025-07-31,14:00:00,17280488
T47_2,20250731_180000.WAV,2025-07-31,18:00:00,17280488
T47_2,20250801_000000.WAV,2025-08-01,00:00:00,17280488
T47_2,20250801_040000.WAV,2025-08-01,04:00:00,17280488
T47_2,20250801_110000.WAV,2025-08-01,11:00:00,17280488
T47_2,20250801_140000.WAV,2025-08-01,14:00:00,17280488
T47_2,20250801_180000.WAV,2025-08-01,18:00:00,17280488
T47_2,20250802_000000.WAV,2025-08-02,00:00:00,17280488
T47_2,20250802_040000.WAV,2025-08-02,04:00:00,17280488
T47_2,20250802_110000.WAV,2025-08-02,11:00:00,17280488
T47_2,20250802_140000.WAV,2025-08-02,14:00:00,17280488
T47_2,20250802_180000.WAV,2025-08-02,18:00:00,17280488
T47_2,20250803_000000.WAV,2025-08-03,00:00:00,17280488
T47_2,20250803_040000.WAV,2025-08-03,04:00:00,17280488
T47_2,20250803_110000.WAV,2025-08-03,11:00:00,17280488
T47_2,20250803_140000.WAV,2025-08-03,14:00:00,17280488
T47_2,20250803_180000.WAV,2025-08-03,18:00:00,17280488
T47_2,20250804_000000.WAV,2025-08-04,00:00:00,17280488
T47_2,20250804_040000.WAV,2025-08-04,04:00:00,17280488
T47_2,20250804_110000.WAV,2025-08-04,11:00:00,17280488
T47_2,20250804_140000.WAV,2025-08-04,14:00:00,17280488
T47_2,20250804_180000.WAV,2025-08-04,18:00:00,17280488
T47_2,20250805_000000.WAV,2025-08-05,00:00:00,17280488
T47_2,20250805_040000.WAV,2025-08-05,04:00:00,17280488
T47_2,20250805_110000.WAV,2025-08-05,11:00:00,17280488
T47_2,20250805_140000.WAV,2025-08-05,14:00:00,17280488
T47_2,20250805_180000.WAV,2025-08-05,18:00:00,17280488
T47_2,20250806_000000.WAV,2025-08-06,00:00:00,17280488
T47_2,20250806_040000.WAV,2025-08-06,04:00:00,17280488
T47_2,20250806_110000.WAV,2025-08-06,11:00:00,17280488
T47_2,20250806_140000.WAV,2025-08-06,14:00:00,17280488
T47_2,20250806_180000.WAV,2025-08-06,18:00:00,17280488
T47_2,20250807_000000.WAV,2025-08-07,00:00:00,17280488
T47_2,20250807_040000.WAV,2025-08-07,04:00:00,17280488
T47_2,20250807_110000.WAV,2025-08-07,11:00:00,17280488
T47_2,20250807_140000.WAV,2025-08-07,14:00:00,17280488
T47_2,20250807_180000.WAV,2025-08-07,18:00:00,17280488
T47_2,20250808_000000.WAV,2025-08-08,00:00:00,17280488
T47_2,20250808_040000.WAV,2025-08-08,04:00:00,17280488
T47_2,20250808_110000.WAV,2025-08-08,11:00:00,17280488
T47_2,20250808_140000.WAV,2025-08-08,14:00:00,17280488
T47_2,20250808_180000.WAV,2025-08-08,18:00:00,17280488
T47_2,20250809_000000.WAV,2025-08-09,00:00:00,17280488
T47_2,20250809_040000.WAV,2025-08-09,04:00:00,17280488
T47_2,20250809_110000.WAV,2025-08-09,11:00:00,17280488
T47_2,20250809_140000.WAV,2025-08-09,14:00:00,17280488
T47_2,20250809_180000.WAV,2025-08-09,18:00:00,17280488
T47_2,20250810_000000.WAV,2025-08-10,00:00:00,17280488
T47_2,20250810_040000.WAV,2025-08-10,04:00:00,17280488
T47_2,20250810_110000.WAV,2025-08-10,11:00:00,17280488
T47_2,20250810_140000.WAV,2025-08-10,14:00:00,17280488
T47_2,20250810_180000.WAV,2025-08-10,18:00:00,17280488
T47_2,20250811_000000.WAV,2025-08-11,00:00:00,17280488
T47_2,20250811_040000.WAV,2025-08-11,04:00:00,17280488
T47_2,20250811_110000.WAV,2025-08-11,11:00:00,17280488
T47_2,20250811_140000.WAV,2025-08-11,14:00:00,17280488
T47_2,20250811_180000.WAV,2025-08-11,18:00:00,17280488
T47_2,20250812_000000.WAV,2025-08-12,00:00:00,17280488
T47_2,20250812_040000.WAV,2025-08-12,04:00:00,17280488
T47_2,20250812_110000.WAV,2025-08-12,11:00:00,17280488
T47_2,20250812_140000.WAV,2025-08-12,14:00:00,17280488
T47_2,20250812_180000.WAV,2025-08-12,18:00:00,17280488
T47_2,20250813_000000.WAV,2025-08-13,00:00:00,17280488
T47_2,20250813_040000.WAV,2025-08-13,04:00:00,17280488
T47_2,20250813_110000.WAV,2025-08-13,11:00:00,17280488
T47_2,20250813_140000.WAV,2025-08-13,14:00:00,17280488
T47_2,20250813_180000.WAV,2025-08-13,18:00:00,17280488
T47_2,20250814_000000.WAV,2025-08-14,00:00:00,17280488
T47_2,20250814_040000.WAV,2025-08-14,04:00:00,17280488
T47_2,20250814_110000.WAV,2025-08-14,11:00:00,17280488
T47_2,20250814_140000.WAV,2025-08-14,14:00:00,17280488
T47_2,20250814_180000.WAV,2025-08-14,18:00:00,17280488
T47_2,20250815_000000.WAV,2025-08-15,00:00:00,17280488
T47_2,20250815_040000.WAV,2025-08-15,04:00:00,17280488
T47_2,20250815_110000.WAV,2025-08-15,11:00:00,17280488
T47_2,20250815_140000.WAV,2025-08-15,14:00:00,17280488
T47_2,20250815_180000.WAV,2025-08-15,18:00:00,17280488
T47_2,20250816_000000.WAV,2025-08-16,00:00:00,17280488
T47_2,20250816_040000.WAV,2025-08-16,04:00:00,17280488
T47_2,20250816_110000.WAV,2025-08-16,11:00:00,17280488
T47_2,20250816_140000.WAV,2025-08-16,14:00:00,17280488
T47_2,20250816_180000.WAV,2025-08-16,18:00:00,17280488
T47_2,20250817_000000.WAV,2025-08-17,00:00:00,17280488
T47_2,20250817_040000.WAV,2025-08-17,04:00:00,17280488
T47_2,20250817_110000.WAV,2025-08-17,11:00:00,17280488
T47_2,20250817_140000.WAV,2025-08-17,14:00:00,17280488
T47_2,20250817_180000.WAV,2025-08-17,18:00:00,17280488
T47_2,20250818_000000.WAV,2025-08-18,00:00:00,17280488
T47_2,20250818_040000.WAV,2025-08-18,04:00:00,17280488
T47_2,20250818_110000.WAV,2025-08-18,11:00:00,17280488
T47_2,20250818_140000.WAV,2025-08-18,14:00:00,17280488
T47_2,20250818_180000.WAV,2025-08-18,18:00:00,17280488
T47_2,20250819_000000.WAV,2025-08-19,00:00:00,17280488
T47_2,20250819_040000.WAV,2025-08-19,04:00:00,17280488
T47_2,20250819_110000.WAV,2025-08-19,11:00:00,17280488
T47_2,20250819_140000.WAV,2025-08-19,14:00:00,17280488
T47_2,20250819_180000.WAV,2025-08-19,18:00:00,17280488
T47_2,20250820_000000.WAV,2025-08-20,00:00:00,17280488
T47_2,20250820_040000.WAV,2025-08-20,04:00:00,17280488
T47_2,20250820_110000.WAV,2025-08-20,11:00:00,17280488
T47_2,20250820_140000.WAV,2025-08-20,14:00:00,17280488
T47_2,20250820_180000.WAV,2025-08-20,18:00:00,17280488
T47_2,20250821_000000.WAV,2025-08-21,00:00:00,17280488
T47_2,20250821_040000.WAV,2025-08-21,04:00:00,17280488
T47_2,20250821_110000.WAV,2025-08-21,11:00:00,17280488
T47_2,20250821_140000.WAV,2025-08-21,14:00:00,17280488
T47_2,20250821_180000.WAV,2025-08-21,18:00:00,17280488
T47_2,20250822_000000.WAV,2025-08-22,00:00:00,17280488
T47_2,20250822_040000.WAV,2025-08-22,04:00:00,17280488
T47_2,20250822_110000.WAV,2025-08-22,11:00:00,17280488
T47_2,20250822_140000.WAV,2025-08-22,14:00:00,17280488
T47_2,20250822_180000.WAV,2025-08-22,18:00:00,17280488
T47_2,20250823_000000.WAV,2025-08-23,00:00:00,17280488
T47_2,20250823_040000.WAV,2025-08-23,04:00:00,17280488
T47_2,20250823_110000.WAV,2025-08-23,11:00:00,17280488
T47_2,20250823_140000.WAV,2025-08-23,14:00:00,17280488
T47_2,20250823_180000.WAV,2025-08-23,18:00:00,17280488
T47_2,20250824_000000.WAV,2025-08-24,00:00:00,17280488
T47_2,20250824_040000.WAV,2025-08-24,04:00:00,17280488
T47_2,20250824_110000.WAV,2025-08-24,11:00:00,17280488
T47_2,20250824_140000.WAV,2025-08-24,14:00:00,17280488
T47_2,20250824_180000.WAV,2025-08-24,18:00:00,17280488
T47_2,20250825_000000.WAV,2025-08-25,00:00:00,17280488
T47_2,20250825_040000.WAV,2025-08-25,04:00:00,17280488
T47_2,20250825_110000.WAV,2025-08-25,11:00:00,17280488
T47_2,20250825_140000.WAV,2025-08-25,14:00:00,17280488
T47_2,20250825_180000.WAV,2025-08-25,18:00:00,17280488
T47_2,20250826_000000.WAV,2025-08-26,00:00:00,17280488
T47_2,20250826_040000.WAV,2025-08-26,04:00:00,17280488
T47_2,20250826_110000.WAV,2025-08-26,11:00:00,17280488
T47_2,20250826_140000.WAV,2025-08-26,14:00:00,17280488
T47_2,20250826_180000.WAV,2025-08-26,18:00:00,17280488
T47_2,20250827_000000.WAV,2025-08-27,00:00:00,17280488
T47_2,20250827_040000.WAV,2025-08-27,04:00:00,17280488
T47_2,20250827_110000.WAV,2025-08-27,11:00:00,17280488
T47_2,20250827_140000.WAV,2025-08-27,14:00:00,17280488
T47_2,20250827_180000.WAV,2025-08-27,18:00:00,17280488
T47_2,20250828_000000.WAV,2025-08-28,00:00:00,17280488
T47_2,20250828_040000.WAV,2025-08-28,04:00:00,17280488
T47_2,20250828_110000.WAV,2025-08-28,11:00:00,17280488
T47_2,20250828_140000.WAV,2025-08-28,14:00:00,17280488
T47_2,20250828_180000.WAV,2025-08-28,18:00:00,17280488
T47_2,20250829_000000.WAV,2025-08-29,00:00:00,17280488
T47_2,20250829_040000.WAV,2025-08-29,04:00:00,17280488
T47_2,20250829_110000.WAV,2025-08-29,11:00:00,17280488
T47_2,20250829_140000.WAV,2025-08-29,14:00:00,17280488
T47_2,20250829_180000.WAV,2025-08-29,18:00:00,17280488
T47_2,20250830_000000.WAV,2025-08-30,00:00:00,17280488
T47_2,20250830_040000.WAV,2025-08-30,04:00:00,17280488
T47_2,20250830_110000.WAV,2025-08-30,11:00:00,17280488
T47_2,20250830_140000.WAV,2025-08-30,14:00:00,17280488
T47_2,20250830_180000.WAV,2025-08-30,18:00:00,17280488
T47_2,20250831_000000.WAV,2025-08-31,00:00:00,17280488
T47_2,20250831_040000.WAV,2025-08-31,04:00:00,17280488
T47_2,20250831_110000.WAV,2025-08-31,11:00:00,17280488
T47_2,20250831_140000.WAV,2025-08-31,14:00:00,17280488
T47_2,20250831_180000.WAV,2025-08-31,18:00:00,17280488
T47_2,20250901_000000.WAV,2025-09-01,00:00:00,17280488
T47_2,20250901_040000.WAV,2025-09-01,04:00:00,17280488
T47_2,20250901_110000.WAV,2025-09-01,11:00:00,17280488
T47_2,20250901_140000.WAV,2025-09-01,14:00:00,17280488
T47_2,20250901_180000.WAV,2025-09-01,18:00:00,17280488
T47_2,20250902_000000.WAV,2025-09-02,00:00:00,17280488
T47_2,20250902_040000.WAV,2025-09-02,04:00:00,17280488
T47_2,20250902_110000.WAV,2025-09-02,11:00:00,17280488
T47_2,20250902_140000.WAV,2025-09-02,14:00:00,17280488
T47_2,20250902_180000.WAV,2025-09-02,18:00:00,17280488
T47_2,20250903_000000.WAV,2025-09-03,00:00:00,17280488
T47_2,20250903_040000.WAV,2025-09-03,04:00:00,17280488
T47_2,20250903_110000.WAV,2025-09-03,11:00:00,17280488
T47_2,20250903_140000.WAV,2025-09-03,14:00:00,17280488
T47_2,20250903_180000.WAV,2025-09-03,18:00:00,17280488
T47_2,20250904_000000.WAV,2025-09-04,00:00:00,17280488
T47_2,20250904_040000.WAV,2025-09-04,04:00:00,17280488
T47_2,20250904_110000.WAV,2025-09-04,11:00:00,17280488
T47_2,20250904_140000.WAV,2025-09-04,14:00:00,17280488
T47_2,20250904_180000.WAV,2025-09-04,18:00:00,17280488
T47_2,20250905_000000.WAV,2025-09-05,00:00:00,17280488
T47_2,20250905_040000.WAV,2025-09-05,04:00:00,17280488
T47_2,20250905_110000.WAV,2025-09-05,11:00:00,17280488
T47_2,20250905_140000.WAV,2025-09-05,14:00:00,17280488
T47_2,20250905_180000.WAV,2025-09-05,18:00:00,17280488
T47_2,20250906_000000.WAV,2025-09-06,00:00:00,17280488
T47_2,20250906_040000.WAV,2025-09-06,04:00:00,17280488
T47_2,20250906_110000.WAV,2025-09-06,11:00:00,17280488
T47_2,20250906_140000.WAV,2025-09-06,14:00:00,17280488
T47_2,20250906_180000.WAV,2025-09-06,18:00:00,17280488
T47_2,20250907_000000.WAV,2025-09-07,00:00:00,17280488
T47_2,20250907_040000.WAV,2025-09-07,04:00:00,17280488
T47_2,20250907_110000.WAV,2025-09-07,11:00:00,17280488
T47_2,20250907_140000.WAV,2025-09-07,14:00:00,17280488
T47_2,20250907_180000.WAV,2025-09-07,18:00:00,17280488
T47_2,20250908_000000.WAV,2025-09-08,00:00:00,17280488
T47_2,20250908_040000.WAV,2025-09-08,04:00:00,17280488
T47_2,20250908_110000.WAV,2025-09-08,11:00:00,17280488
T47_2,20250908_140000.WAV,2025-09-08,14:00:00,17280488
T47_2,20250908_180000.WAV,2025-09-08,18:00:00,17280488
T47_2,20250909_000000.WAV,2025-09-09,00:00:00,17280488
T47_2,20250909_040000.WAV,2025-09-09,04:00:00,17280488
T47_2,20250909_110000.WAV,2025-09-09,11:00:00,17280488
T47_2,20250909_140000.WAV,2025-09-09,14:00:00,17280488
T47_2,20250909_180000.WAV,2025-09-09,18:00:00,17280488
T47_2,20250910_000000.WAV,2025-09-10,00:00:00,17280488
T47_2,20250910_040000.WAV,2025-09-10,04:00:00,17280488
T47_2,20250910_110000.WAV,2025-09-10,11:00:00,17280488
T47_2,20250910_140000.WAV,2025-09-10,14:00:00,17280488
T47_2,20250910_180000.WAV,2025-09-10,18:00:00,17280488
T47_2,20250911_000000.WAV,2025-09-11,00:00:00,17280488
T47_2,20250911_040000.WAV,2025-09-11,04:00:00,17280488
T47_2,20250911_110000.WAV,2025-09-11,11:00:00,17280488
T47_2,20250911_140000.WAV,2025-09-11,14:00:00,17280488
T47_2,20250911_180000.WAV,2025-09-11,18:00:00,17280488
T47_2,20250912_000000.WAV,2025-09-12,00:00:00,17280488
T47_2,20250912_040000.WAV,2025-09-12,04:00:00,17280488
T47_2,20250912_110000.WAV,2025-09-12,11:00:00,17280488
T47_2,20250912_140000.WAV,2025-09-12,14:00:00,17280488
T47_2,20250912_180000.WAV,2025-09-12,18:00:00,17280488
T47_2,20250913_000000.WAV,2025-09-13,00:00:00,17280488
T47_2,20250913_040000.WAV,2025-09-13,04:00:00,17280488
T47_2,20250913_110000.WAV,2025-09-13,11:00:00,17280488
T47_2,20250913_140000.WAV,2025-09-13,14:00:00,17280488
T47_2,20250913_180000.WAV,2025-09-13,18:00:00,17280488
T47_2,20250914_000000.WAV,2025-09-14,00:00:00,17280488
T47_2,20250914_040000.WAV,2025-09-14,04:00:00,17280488
T47_2,20250914_110000.WAV,2025-09-14,11:00:00,17280488
T47_2,20250914_140000.WAV,2025-09-14,14:00:00,17280488
T47_2,20250914_180000.WAV,2025-09-14,18:00:00,17280488
T47_2,20250915_000000.WAV,2025-09-15,00:00:00,17280488
T47_2,20250915_040000.WAV,2025-09-15,04:00:00,17280488
T47_2,20250915_110000.WAV,2025-09-15,11:00:00,17280488
T47_2,20250915_140000.WAV,2025-09-15,14:00:00,17280488
T47_2,20250915_180000.WAV,2025-09-15,18:00:00,17280488
T47_2,20250916_000000.WAV,2025-09-16,00:00:00,17280488
T47_2,20250916_040000.WAV,2025-09-16,04:00:00,17280488
T47_2,20250916_110000.WAV,2025-09-16,11:00:00,17280488
T47_2,20250916_140000.WAV,2025-09-16,14:00:00,17280488
T47_2,20250916_180000.WAV,2025-09-16,18:00:00,17280488
T47_2,20250917_000000.WAV,2025-09-17,00:00:00,17280488
T47_2,20250917_040000.WAV,2025-09-17,04:00:00,17280488
T47_2,20250917_110000.WAV,2025-09-17,11:00:00,17280488
T47_2,20250917_140000.WAV,2025-09-17,14:00:00,17280488
T47_2,20250917_180000.WAV,2025-09-17,18:00:00,17280488
T47_2,20250918_000000.WAV,2025-09-18,00:00:00,17280488
T47_2,20250918_040000.WAV,2025-09-18,04:00:00,17280488
T47_2,20250918_110000.WAV,2025-09-18,11:00:00,17280488
T47_2,20250918_140000.WAV,2025-09-18,14:00:00,17280488
T47_2,20250918_180000.WAV,2025-09-18,18:00:00,17280488
T47_2,20250919_000000.WAV,2025-09-19,00:00:00,17280488
T47_2,20250919_040000.WAV,2025-09-19,04:00:00,17280488
T47_2,20250919_110000.WAV,2025-09-19,11:00:00,17280488
T47_2,20250919_140000.WAV,2025-09-19,14:00:00,17280488
T47_2,20250919_180000.WAV,2025-09-19,18:00:00,17280488
T47_2,20250920_000000.WAV,2025-09-20,00:00:00,17280488
T47_2,20250920_040000.WAV,2025-09-20,04:00:00,17280488
T47_2,20250920_110000.WAV,2025-09-20,11:00:00,17280488
T47_2,20250920_140000.WAV,2025-09-20,14:00:00,17280488
T47_2,20250920_180000.WAV,2025-09-20,18:00:00,17280488
T47_2,20250921_000000.WAV,2025-09-21,00:00:00,17280488
T47_2,20250921_040000.WAV,2025-09-21,04:00:00,17280488
T47_2,20250921_110000.WAV,2025-09-21,11:00:00,17280488
T47_2,20250921_140000.WAV,2025-09-21,14:00:00,17280488
T47_2,20250921_180000.WAV,2025-09-21,18:00:00,17280488
T47_2,20250922_000000.WAV,2025-09-22,00:00:00,17280488
T47_2,20250922_040000.WAV,2025-09-22,04:00:00,17280488
T47_2,20250922_110000.WAV,2025-09-22,11:00:00,17280488
T47_2,20250922_140000.WAV,2025-09-22,14:00:00,17280488
T47_2,20250922_180000.WAV,2025-09-22,18:00:00,17280488
T47_2,20250923_000000.WAV,2025-09-23,00:00:00,17280488
T47_2,20250923_040000.WAV,2025-09-23,04:00:00,17280488
T47_2,20250923_110000.WAV,2025-09-23,11:00:00,17280488
T47_2,20250923_140000.WAV,2025-09-23,14:00:00,17280488
T47_2,20250923_180000.WAV,2025-09-23,18:00:00,17280488
T47_2,20250924_000000.WAV,2025-09-24,00:00:00,17280488
T47_2,20250924_040000.WAV,2025-09-24,04:00:00,17280488
T47_2,20250924_110000.WAV,2025-09-24,11:00:00,17280488
T47_2,20250924_140000.WAV,2025-09-24,14:00:00,17280488
T47_2,20250924_180000.WAV,2025-09-24,18:00:00,17280488
T47_2,20250925_000000.WAV,2025-09-25,00:00:00,17280488
T47_2,20250925_040000.WAV,2025-09-25,04:00:00,17280488
T47_2,20250925_110000.WAV,2025-09-25,11:00:00,17280488
T47_2,20250925_140000.WAV,2025-09-25,14:00:00,17280488
T47_2,20250925_180000.WAV,2025-09-25,18:00:00,17280488
T47_2,20250926_000000.WAV,2025-09-26,00:00:00,17280488
T47_2,20250926_040000.WAV,2025-09-26,04:00:00,17280488
T47_2,20250926_110000.WAV,2025-09-26,11:00:00,17280488
T47_2,20250926_140000.WAV,2025-09-26,14:00:00,17280488
T47_2,20250926_180000.WAV,2025-09-26,18:00:00,17280488
T47_2,20250927_000000.WAV,2025-09-27,00:00:00,17280488
T47_2,20250927_040000.WAV,2025-09-27,04:00:00,17280488
T47_2,20250927_110000.WAV,2025-09-27,11:00:00,17280488
T47_2,20250927_140000.WAV,2025-09-27,14:00:00,17280488
T47_2,20250927_180000.WAV,2025-09-27,18:00:00,17280488
T47_2,20250928_000000.WAV,2025-09-28,00:00:00,17280488
T47_2,20250928_040000.WAV,2025-09-28,04:00:00,17280488
T47_2,20250928_110000.WAV,2025-09-28,11:00:00,17280488
T47_2,20250928_140000.WAV,2025-09-28,14:00:00,17280488
T47_2,20250928_180000.WAV,2025-09-28,18:00:00,17280488
T47_2,20250929_000000.WAV,2025-09-29,00:00:00,17280488
T47_2,20250929_040000.WAV,2025-09-29,04:00:00,17280488
T47_2,20250929_110000.WAV,2025-09-29,11:00:00,17280488
T47_2,20250929_140000.WAV,2025-09-29,14:00:00,17280488
T47_2,20250929_180000.WAV,2025-09-29,18:00:00,17280488
T47_2,20250930_000000.WAV,2025-09-30,00:00:00,17280488
T47_2,20250930_040000.WAV,2025-09-30,04:00:00,17280488
T47_2,20250930_110000.WAV,2025-09-30,11:00:00,17280488
T47_2,20250930_140000.WAV,2025-09-30,14:00:00,17280488
T47_2,20250930_180000.WAV,2025-09-30,18:00:00,17280488
T47_2,20251001_000000.WAV,2025-10-01,00:00:00,17280488
T47_2,20251001_040000.WAV,2025-10-01,04:00:00,17280488
T47_2,20251001_110000.WAV,2025-10-01,11:00:00,17280488
T47_2,20251001_140000.WAV,2025-10-01,14:00:00,17280488
T47_2,20251001_180000.WAV,2025-10-01,18:00:00,17280488
T47_2,20251002_000000.WAV,2025-10-02,00:00:00,17280488
T47_2,20251002_040000.WAV,2025-10-02,04:00:00,17280488
T47_2,20251002_110000.WAV,2025-10-02,11:00:00,17280488
T47_2,20251002_140000.WAV,2025-10-02,14:00:00,17280488
T47_2,20251002_180000.WAV,2025-10-02,18:00:00,17280488
T47_2,20251003_000000.WAV,2025-10-03,00:00:00,17280488
T47_2,20251003_040000.WAV,2025-10-03,04:00:00,17280488
T47_2,20251003_110000.WAV,2025-10-03,11:00:00,17280488
T47_2,20251003_140000.WAV,2025-10-03,14:00:00,17280488
T47_2,20251003_180000.WAV,2025-10-03,18:00:00,17280488
T47_2,20251004_000000.WAV,2025-10-04,00:00:00,17280488
T47_2,20251004_040000.WAV,2025-10-04,04:00:00,17280488
T47_2,20251004_110000.WAV,2025-10-04,11:00:00,17280488
T47_2,20251004_140000.WAV,2025-10-04,14:00:00,17280488
T47_2,20251004_180000.WAV,2025-10-04,18:00:00,17280488
T47_2,20251005_000000.WAV,2025-10-05,00:00:00,17280488
T47_2,20251005_040000.WAV,2025-10-05,04:00:00,17280488
T47_2,20251005_110000.WAV,2025-10-05,11:00:00,17280488
T47_2,20251005_140000.WAV,2025-10-05,14:00:00,17280488
T47_2,20251005_180000.WAV,2025-10-05,18:00:00,17280488
T47_2,20251006_000000.WAV,2025-10-06,00:00:00,17280488
T47_2,20251006_040000.WAV,2025-10-06,04:00:00,17280488
T47_2,20251006_110000.WAV,2025-10-06,11:00:00,17280488
T47_2,20251006_140000.WAV,2025-10-06,14:00:00,17280488
T47_2,20251006_180000.WAV,2025-10-06,18:00:00,17280488
T47_2,20251007_000000.WAV,2025-10-07,00:00:00,17280488
T47_2,20251007_040000.WAV,2025-10-07,04:00:00,17280488
T47_2,20251007_110000.WAV,2025-10-07,11:00:00,17280488
T47_2,20251007_140000.WAV,2025-10-07,14:00:00,17280488
T47_2,20251007_180000.WAV,2025-10-07,18:00:00,17280488
T47_2,20251008_000000.WAV,2025-10-08,00:00:00,17280488
T47_2,20251008_040000.WAV,2025-10-08,04:00:00,17280488
T47_2,20251008_110000.WAV,2025-10-08,11:00:00,17280488
T47_2,20251008_140000.WAV,2025-10-08,14:00:00,17280488
T47_2,20251008_180000.WAV,2025-10-08,18:00:00,17280488
T47_2,20251009_000000.WAV,2025-10-09,00:00:00,17280488
T47_2,20251009_040000.WAV,2025-10-09,04:00:00,17280488
T47_2,20251009_110000.WAV,2025-10-09,11:00:00,17280488
T47_2,20251009_140000.WAV,2025-10-09,14:00:00,17280488
T47_2,20251009_180000.WAV,2025-10-09,18:00:00,17280488
T47_2,20251010_000000.WAV,2025-10-10,00:00:00,17280488
T47_2,20251010_040000.WAV,2025-10-10,04:00:00,17280488
T47_2,20251010_110000.WAV,2025-10-10,11:00:00,17280488
T47_2,20251010_140000.WAV,2025-10-10,14:00:00,17280488
T47_2,20251010_180000.WAV,2025-10-10,18:00:00,17280488
T47_2,20251011_000000.WAV,2025-10-11,00:00:00,17280488
T47_2,20251011_040000.WAV,2025-10-11,04:00:00,17280488
T47_2,20251011_110000.WAV,2025-10-11,11:00:00,17280488
T47_2,20251011_140000.WAV,2025-10-11,14:00:00,17280488
T47_2,20251011_180000.WAV,2025-10-11,18:00:00,17280488
T47_2,20251012_000000.WAV,2025-10-12,00:00:00,17280488
T47_2,20251012_040000.WAV,2025-10-12,04:00:00,17280488
T47_2,20251012_110000.WAV,2025-10-12,11:00:00,17280488
T47_2,20251012_140000.WAV,2025-10-12,14:00:00,17280488
T47_2,20251012_180000.WAV,2025-10-12,18:00:00,17280488
T47_2,20251013_000000.WAV,2025-10-13,00:00:00,17280488
T47_2,20251013_040000.WAV,2025-10-13,04:00:00,17280488
T47_2,20251013_110000.WAV,2025-10-13,11:00:00,17280488
T47_2,20251013_140000.WAV,2025-10-13,14:00:00,17280488
T47_2,20251013_180000.WAV,2025-10-13,18:00:00,17280488
T47_2,20251014_000000.WAV,2025-10-14,00:00:00,17280488
T47_2,20251014_040000.WAV,2025-10-14,04:00:00,17280488
T47_2,20251014_110000.WAV,2025-10-14,11:00:00,17280488
T47_2,20251014_140000.WAV,2025-10-14,14:00:00,17280488
T47_2,20251014_180000.WAV,2025-10-14,18:00:00,17280488
T47_2,20251015_000000.WAV,2025-10-15,00:00:00,17280488
T47_2,20251015_040000.WAV,2025-10-15,04:00:00,17280488
T47_2,20251015_110000.WAV,2025-10-15,11:00:00,17280488
T47_2,20251015_140000.WAV,2025-10-15,14:00:00,17280488
T47_2,20251015_180000.WAV,2025-10-15,18:00:00,17280488
T47_2,20251016_000000.WAV,2025-10-16,00:00:00,17280488
T47_2,20251016_040000.WAV,2025-10-16,04:00:00,17280488
T47_2,20251016_110000.WAV,2025-10-16,11:00:00,17280488
T47_2,20251016_140000.WAV,2025-10-16,14:00:00,17280488
T47_2,20251016_180000.WAV,2025-10-16,18:00:00,17280488
T47_2,20251017_000000.WAV,2025-10-17,00:00:00,17280488
T47_2,20251017_040000.WAV,2025-10-17,04:00:00,17280488
T47_2,20251017_110000.WAV,2025-10-17,11:00:00,17280488
T47_2,20251017_140000.WAV,2025-10-17,14:00:00,17280488
T47_2,20251017_180000.WAV,2025-10-17,18:00:00,17280488
T47_2,20251018_000000.WAV,2025-10-18,00:00:00,17280488
T47_2,20251018_040000.WAV,2025-10-18,04:00:00,17280488
T47_2,20251018_110000.WAV,2025-10-18,11:00:00,17280488
T47_2,20251018_140000.WAV,2025-10-18,14:00:00,17280488
T47_2,20251018_180000.WAV,2025-10-18,18:00:00,17280488
T47_2,20251019_000000.WAV,2025-10-19,00:00:00,17280488
T47_2,20251019_040000.WAV,2025-10-19,04:00:00,17280488
T47_2,20251019_110000.WAV,2025-10-19,11:00:00,17280488
T47_2,20251019_140000.WAV,2025-10-19,14:00:00,17280488
T47_2,20251019_180000.WAV,2025-10-19,18:00:00,17280488
T47_2,20251020_000000.WAV,2025-10-20,00:00:00,17280488
T47_2,20251020_040000.WAV,2025-10-20,04:00:00,17280488
T47_2,20251020_110000.WAV,2025-10-20,11:00:00,17280488
T47_2,20251020_140000.WAV,2025-10-20,14:00:00,17280488
T47_2,20251020_180000.WAV,2025-10-20,18:00:00,17280488
T47_2,20251021_000000.WAV,2025-10-21,00:00:00,17280488
T47_2,20251021_040000.WAV,2025-10-21,04:00:00,17280488
T47_2,20251021_110000.WAV,2025-10-21,11:00:00,17280488
T47_2,20251021_140000.WAV,2025-10-21,14:00:00,17280488
T47_2,20251021_180000.WAV,2025-10-21,18:00:00,17280488
T47_2,20251022_000000.WAV,2025-10-22,00:00:00,17280488
T47_2,20251022_040000.WAV,2025-10-22,04:00:00,17280488
T47_2,20251022_110000.WAV,2025-10-22,11:00:00,17280488
T47_2,20251022_140000.WAV,2025-10-22,14:00:00,17280488
T47_2,20251022_180000.WAV,2025-10-22,18:00:00,17280488
T47_2,20251023_000000.WAV,2025-10-23,00:00:00,17280488
T47_2,20251023_040000.WAV,2025-10-23,04:00:00,17280488
T47_2,20251023_110000.WAV,2025-10-23,11:00:00,17280488
T47_2,20251023_140000.WAV,2025-10-23,14:00:00,17280488
T47_2,20251023_180000.WAV,2025-10-23,18:00:00,17280488
T47_2,20251024_000000.WAV,2025-10-24,00:00:00,17280488
T47_2,20251024_040000.WAV,2025-10-24,04:00:00,17280488
T47_2,20251024_110000.WAV,2025-10-24,11:00:00,17280488
T47_2,20251024_140000.WAV,2025-10-24,14:00:00,17280488
T47_2,20251024_180000.WAV,2025-10-24,18:00:00,17280488
T47_2,20251025_000000.WAV,2025-10-25,00:00:00,17280488
T47_2,20251025_040000.WAV,2025-10-25,04:00:00,17280488
T47_2,20251025_110000.WAV,2025-10-25,11:00:00,17280488
T47_2,20251025_140000.WAV,2025-10-25,14:00:00,17280488
T47_2,20251025_180000.WAV,2025-10-25,18:00:00,17280488
T47_2,20251026_000000.WAV,2025-10-26,00:00:00,17280488
T47_2,20251026_040000.WAV,2025-10-26,04:00:00,17280488
T47_2,20251026_110000.WAV,2025-10-26,11:00:00,17280488
T47_2,20251026_140000.WAV,2025-10-26,14:00:00,17280488
T47_2,20251026_180000.WAV,2025-10-26,18:00:00,17280488
T47_3,20250429_180000.WAV,2025-04-29,18:00:00,17280488
T47_3,20250430_000000.WAV,2025-04-30,00:00:00,17280488
T47_3,20250430_040000.WAV,2025-04-30,04:00:00,17280488
T47_3,20250430_110000.WAV,2025-04-30,11:00:00,17280488
T47_3,20250430_140000.WAV,2025-04-30,14:00:00,17280488
T47_3,20250430_180000.WAV,2025-04-30,18:00:00,17280488
T47_3,20250501_000000.WAV,2025-05-01,00:00:00,17280488
T47_3,20250501_040000.WAV,2025-05-01,04:00:00,17280488
T47_3,20250501_110000.WAV,2025-05-01,11:00:00,17280488
T47_3,20250501_140000.WAV,2025-05-01,14:00:00,17280488
T47_3,20250501_180000.WAV,2025-05-01,18:00:00,17280488
T47_3,20250502_000000.WAV,2025-05-02,00:00:00,17280488
T47_3,20250502_040000.WAV,2025-05-02,04:00:00,17280488
T47_3,20250502_110000.WAV,2025-05-02,11:00:00,17280488
T47_3,20250502_140000.WAV,2025-05-02,14:00:00,17280488
T47_3,20250502_180000.WAV,2025-05-02,18:00:00,17280488
T47_3,20250503_000000.WAV,2025-05-03,00:00:00,17280488
T47_3,20250503_040000.WAV,2025-05-03,04:00:00,17280488
T47_3,20250503_110000.WAV,2025-05-03,11:00:00,17280488
T47_3,20250503_140000.WAV,2025-05-03,14:00:00,17280488
T47_3,20250503_180000.WAV,2025-05-03,18:00:00,17280488
T47_3,20250504_000000.WAV,2025-05-04,00:00:00,17280488
T47_3,20250504_040000.WAV,2025-05-04,04:00:00,17280488
T47_3,20250504_110000.WAV,2025-05-04,11:00:00,17280488
T47_3,20250504_140000.WAV,2025-05-04,14:00:00,17280488
T47_3,20250504_180000.WAV,2025-05-04,18:00:00,17280488
T47_3,20250505_000000.WAV,2025-05-05,00:00:00,17280488
T47_3,20250505_040000.WAV,2025-05-05,04:00:00,17280488
T47_3,20250505_110000.WAV,2025-05-05,11:00:00,17280488
T47_3,20250505_140000.WAV,2025-05-05,14:00:00,17280488
T47_3,20250505_180000.WAV,2025-05-05,18:00:00,17280488
T47_3,20250506_000000.WAV,2025-05-06,00:00:00,17280488
T47_3,20250506_040000.WAV,2025-05-06,04:00:00,17280488
T47_3,20250506_110000.WAV,2025-05-06,11:00:00,17280488
T47_3,20250506_140000.WAV,2025-05-06,14:00:00,17280488
T47_3,20250506_180000.WAV,2025-05-06,18:00:00,17280488
T47_3,20250507_000000.WAV,2025-05-07,00:00:00,17280488
T47_3,20250507_040000.WAV,2025-05-07,04:00:00,17280488
T47_3,20250507_110000.WAV,2025-05-07,11:00:00,17280488
T47_3,20250507_140000.WAV,2025-05-07,14:00:00,17280488
T47_3,20250507_180000.WAV,2025-05-07,18:00:00,17280488
T47_3,20250508_000000.WAV,2025-05-08,00:00:00,17280488
T47_3,20250508_040000.WAV,2025-05-08,04:00:00,17280488
T47_3,20250508_110000.WAV,2025-05-08,11:00:00,17280488
T47_3,20250508_140000.WAV,2025-05-08,14:00:00,17280488
T47_3,20250508_180000.WAV,2025-05-08,18:00:00,17280488
T47_3,20250509_000000.WAV,2025-05-09,00:00:00,17280488
T47_3,20250509_040000.WAV,2025-05-09,04:00:00,17280488
T47_3,20250509_110000.WAV,2025-05-09,11:00:00,17280488
T47_3,20250509_140000.WAV,2025-05-09,14:00:00,17280488
T47_3,20250509_180000.WAV,2025-05-09,18:00:00,17280488
T47_3,20250510_000000.WAV,2025-05-10,00:00:00,17280488
T47_3,20250510_040000.WAV,2025-05-10,04:00:00,17280488
T47_3,20250510_110000.WAV,2025-05-10,11:00:00,17280488
T47_3,20250510_140000.WAV,2025-05-10,14:00:00,17280488
T47_3,20250510_180000.WAV,2025-05-10,18:00:00,17280488
T47_3,20250511_000000.WAV,2025-05-11,00:00:00,17280488
T47_3,20250511_040000.WAV,2025-05-11,04:00:00,17280488
T47_3,20250511_110000.WAV,2025-05-11,11:00:00,17280488
T47_3,20250511_140000.WAV,2025-05-11,14:00:00,17280488
T47_3,20250511_180000.WAV,2025-05-11,18:00:00,17280488
T47_3,20250512_000000.WAV,2025-05-12,00:00:00,17280488
T47_3,20250512_040000.WAV,2025-05-12,04:00:00,17280488
T47_3,20250512_110000.WAV,2025-05-12,11:00:00,17280488
T47_3,20250512_140000.WAV,2025-05-12,14:00:00,17280488
T47_3,20250512_180000.WAV,2025-05-12,18:00:00,17280488
T47_3,20250513_000000.WAV,2025-05-13,00:00:00,17280488
T47_3,20250513_040000.WAV,2025-05-13,04:00:00,17280488
T47_3,20250513_110000.WAV,2025-05-13,11:00:00,17280488
T47_3,20250513_140000.WAV,2025-05-13,14:00:00,17280488
T47_3,20250513_180000.WAV,2025-05-13,18:00:00,17280488
T47_3,20250514_000000.WAV,2025-05-14,00:00:00,17280488
T47_3,20250514_040000.WAV,2025-05-14,04:00:00,17280488
T47_3,20250514_110000.WAV,2025-05-14,11:00:00,17280488
T47_3,20250514_140000.WAV,2025-05-14,14:00:00,17280488
T47_3,20250514_180000.WAV,2025-05-14,18:00:00,17280488
T47_3,20250515_000000.WAV,2025-05-15,00:00:00,17280488
T47_3,20250515_040000.WAV,2025-05-15,04:00:00,17280488
T47_3,20250515_110000.WAV,2025-05-15,11:00:00,17280488
T47_3,20250515_140000.WAV,2025-05-15,14:00:00,17280488
T47_3,20250515_180000.WAV,2025-05-15,18:00:00,17280488
T47_3,20250516_000000.WAV,2025-05-16,00:00:00,17280488
T47_3,20250516_040000.WAV,2025-05-16,04:00:00,17280488
T47_3,20250516_110000.WAV,2025-05-16,11:00:00,17280488
T47_3,20250516_140000.WAV,2025-05-16,14:00:00,17280488
T47_3,20250516_180000.WAV,2025-05-16,18:00:00,17280488
T47_3,20250517_000000.WAV,2025-05-17,00:00:00,17280488
T47_3,20250517_040000.WAV,2025-05-17,04:00:00,17280488
T47_3,20250517_110000.WAV,2025-05-17,11:00:00,17280488
T47_3,20250517_140000.WAV,2025-05-17,14:00:00,17280488
T47_3,20250517_180000.WAV,2025-05-17,18:00:00,17280488
T47_3,20250518_000000.WAV,2025-05-18,00:00:00,17280488
T47_3,20250518_040000.WAV,2025-05-18,04:00:00,17280488
T47_3,20250518_110000.WAV,2025-05-18,11:00:00,17280488
T47_3,20250518_140000.WAV,2025-05-18,14:00:00,17280488
T47_3,20250518_180000.WAV,2025-05-18,18:00:00,17280488
T47_3,20250519_000000.WAV,2025-05-19,00:00:00,17280488
T47_3,20250519_040000.WAV,2025-05-19,04:00:00,17280488
T47_3,20250519_110000.WAV,2025-05-19,11:00:00,17280488
T47_3,20250519_140000.WAV,2025-05-19,14:00:00,17280488
T47_3,20250519_180000.WAV,2025-05-19,18:00:00,17280488
T47_3,20250520_000000.WAV,2025-05-20,00:00:00,17280488
T47_3,20250520_040000.WAV,2025-05-20,04:00:00,17280488
T47_3,20250520_110000.WAV,2025-05-20,11:00:00,17280488
T47_3,20250520_140000.WAV,2025-05-20,14:00:00,17280488
T47_3,20250520_180000.WAV,2025-05-20,18:00:00,17280488
T47_3,20250521_000000.WAV,2025-05-21,00:00:00,17280488
T47_3,20250521_040000.WAV,2025-05-21,04:00:00,17280488
T47_3,20250521_110000.WAV,2025-05-21,11:00:00,17280488
T47_3,20250521_140000.WAV,2025-05-21,14:00:00,17280488
T47_3,20250521_180000.WAV,2025-05-21,18:00:00,17280488
T47_3,20250522_000000.WAV,2025-05-22,00:00:00,17280488
T47_3,20250522_040000.WAV,2025-05-22,04:00:00,17280488
T47_3,20250522_110000.WAV,2025-05-22,11:00:00,17280488
T47_3,20250522_140000.WAV,2025-05-22,14:00:00,17280488
T47_3,20250522_180000.WAV,2025-05-22,18:00:00,17280488
T47_3,20250523_000000.WAV,2025-05-23,00:00:00,17280488
T47_3,20250523_040000.WAV,2025-05-23,04:00:00,17280488
T47_3,20250523_110000.WAV,2025-05-23,11:00:00,17280488
T47_3,20250523_140000.WAV,2025-05-23,14:00:00,17280488
T47_3,20250523_180000.WAV,2025-05-23,18:00:00,17280488
T47_3,20250524_000000.WAV,2025-05-24,00:00:00,17280488
T47_3,20250524_040000.WAV,2025-05-24,04:00:00,17280488
T47_3,20250524_110000.WAV,2025-05-24,11:00:00,17280488
T47_3,20250524_140000.WAV,2025-05-24,14:00:00,17280488
T47_3,20250524_180000.WAV,2025-05-24,18:00:00,17280488
T47_3,20250525_000000.WAV,2025-05-25,00:00:00,17280488
T47_3,20250525_040000.WAV,2025-05-25,04:00:00,17280488
T47_3,20250525_110000.WAV,2025-05-25,11:00:00,17280488
T47_3,20250525_140000.WAV,2025-05-25,14:00:00,17280488
T47_3,20250525_180000.WAV,2025-05-25,18:00:00,17280488
T47_3,20250526_000000.WAV,2025-05-26,00:00:00,17280488
T47_3,20250526_040000.WAV,2025-05-26,04:00:00,17280488
T47_3,20250526_110000.WAV,2025-05-26,11:00:00,17280488
T47_3,20250526_140000.WAV,2025-05-26,14:00:00,17280488
T47_3,20250526_180000.WAV,2025-05-26,18:00:00,17280488
T47_3,20250527_000000.WAV,2025-05-27,00:00:00,17280488
T47_3,20250527_040000.WAV,2025-05-27,04:00:00,17280488
T47_3,20250527_110000.WAV,2025-05-27,11:00:00,17280488
T47_3,20250527_140000.WAV,2025-05-27,14:00:00,17280488
T47_3,20250527_180000.WAV,2025-05-27,18:00:00,17280488
T47_3,20250528_000000.WAV,2025-05-28,00:00:00,17280488
T47_3,20250528_040000.WAV,2025-05-28,04:00:00,17280488
T47_3,20250528_110000.WAV,2025-05-28,11:00:00,17280488
T47_3,20250528_140000.WAV,2025-05-28,14:00:00,17280488
T47_3,20250528_180000.WAV,2025-05-28,18:00:00,17280488
T47_3,20250529_000000.WAV,2025-05-29,00:00:00,17280488
T47_3,20250529_040000.WAV,2025-05-29,04:00:00,17280488
T47_3,20250529_110000.WAV,2025-05-29,11:00:00,17280488
T47_3,20250529_140000.WAV,2025-05-29,14:00:00,17280488
T47_3,20250529_180000.WAV,2025-05-29,18:00:00,17280488
T47_3,20250530_000000.WAV,2025-05-30,00:00:00,17280488
T47_3,20250530_040000.WAV,2025-05-30,04:00:00,17280488
T47_3,20250530_110000.WAV,2025-05-30,11:00:00,17280488
T47_3,20250530_140000.WAV,2025-05-30,14:00:00,17280488
T47_3,20250530_180000.WAV,2025-05-30,18:00:00,17280488
T47_3,20250531_000000.WAV,2025-05-31,00:00:00,17280488
T47_3,20250531_040000.WAV,2025-05-31,04:00:00,17280488
T47_3,20250531_110000.WAV,2025-05-31,11:00:00,17280488
T47_3,20250531_140000.WAV,2025-05-31,14:00:00,17280488
T47_3,20250531_180000.WAV,2025-05-31,18:00:00,17280488
T47_3,20250601_000000.WAV,2025-06-01,00:00:00,17280488
T47_3,20250601_040000.WAV,2025-06-01,04:00:00,17280488
T47_3,20250601_110000.WAV,2025-06-01,11:00:00,17280488
T47_3,20250601_140000.WAV,2025-06-01,14:00:00,17280488
T47_3,20250601_180000.WAV,2025-06-01,18:00:00,17280488
T47_3,20250602_000000.WAV,2025-06-02,00:00:00,17280488
T47_3,20250602_040000.WAV,2025-06-02,04:00:00,17280488
T47_3,20250602_110000.WAV,2025-06-02,11:00:00,17280488
T47_3,20250602_140000.WAV,2025-06-02,14:00:00,17280488
T47_3,20250602_180000.WAV,2025-06-02,18:00:00,17280488
T47_3,20250603_000000.WAV,2025-06-03,00:00:00,17280488
T47_3,20250603_040000.WAV,2025-06-03,04:00:00,17280488
T47_3,20250603_110000.WAV,2025-06-03,11:00:00,17280488
T47_3,20250603_140000.WAV,2025-06-03,14:00:00,17280488
T47_3,20250603_180000.WAV,2025-06-03,18:00:00,17280488
T47_3,20250604_000000.WAV,2025-06-04,00:00:00,17280488
T47_3,20250604_040000.WAV,2025-06-04,04:00:00,17280488
T47_3,20250604_110000.WAV,2025-06-04,11:00:00,17280488
T47_3,20250604_140000.WAV,2025-06-04,14:00:00,17280488
T47_3,20250604_180000.WAV,2025-06-04,18:00:00,17280488
T47_3,20250605_000000.WAV,2025-06-05,00:00:00,17280488
T47_3,20250605_040000.WAV,2025-06-05,04:00:00,17280488
T47_3,20250605_110000.WAV,2025-06-05,11:00:00,17280488
T47_3,20250605_140000.WAV,2025-06-05,14:00:00,17280488
T47_3,20250605_180000.WAV,2025-06-05,18:00:00,17280488
T47_3,20250606_000000.WAV,2025-06-06,00:00:00,17280488
T47_3,20250606_040000.WAV,2025-06-06,04:00:00,17280488
T47_3,20250606_110000.WAV,2025-06-06,11:00:00,17280488
T47_3,20250606_140000.WAV,2025-06-06,14:00:00,17280488
T47_3,20250606_180000.WAV,2025-06-06,18:00:00,17280488
T47_3,20250607_000000.WAV,2025-06-07,00:00:00,17280488
T47_3,20250607_040000.WAV,2025-06-07,04:00:00,17280488
T47_3,20250607_110000.WAV,2025-06-07,11:00:00,17280488
T47_3,20250607_140000.WAV,2025-06-07,14:00:00,17280488
T47_3,20250607_180000.WAV,2025-06-07,18:00:00,17280488
T47_3,20250608_000000.WAV,2025-06-08,00:00:00,17280488
T47_3,20250608_040000.WAV,2025-06-08,04:00:00,17280488
T47_3,20250608_110000.WAV,2025-06-08,11:00:00,17280488
T47_3,20250608_140000.WAV,2025-06-08,14:00:00,17280488
T47_3,20250608_180000.WAV,2025-06-08,18:00:00,17280488
T47_3,20250609_000000.WAV,2025-06-09,00:00:00,17280488
T47_3,20250609_040000.WAV,2025-06-09,04:00:00,17280488
T47_3,20250609_110000.WAV,2025-06-09,11:00:00,17280488
T47_3,20250609_140000.WAV,2025-06-09,14:00:00,17280488
T47_3,20250609_180000.WAV,2025-06-09,18:00:00,17280488
T47_3,20250610_000000.WAV,2025-06-10,00:00:00,17280488
T47_3,20250610_040000.WAV,2025-06-10,04:00:00,17280488
T47_3,20250610_110000.WAV,2025-06-10,11:00:00,17280488
T47_3,20250610_140000.WAV,2025-06-10,14:00:00,17280488
T47_3,20250610_180000.WAV,2025-06-10,18:00:00,17280488
T47_3,20250611_000000.WAV,2025-06-11,00:00:00,17280488
T47_3,20250611_040000.WAV,2025-06-11,04:00:00,17280488
T47_3,20250611_110000.WAV,2025-06-11,11:00:00,17280488
T47_3,20250611_140000.WAV,2025-06-11,14:00:00,17280488
T47_3,20250611_180000.WAV,2025-06-11,18:00:00,17280488
T47_3,20250612_000000.WAV,2025-06-12,00:00:00,17280488
T47_3,20250612_040000.WAV,2025-06-12,04:00:00,17280488
T47_3,20250612_110000.WAV,2025-06-12,11:00:00,17280488
T47_3,20250612_140000.WAV,2025-06-12,14:00:00,17280488
T47_3,20250612_180000.WAV,2025-06-12,18:00:00,17280488
T47_3,20250613_000000.WAV,2025-06-13,00:00:00,17280488
T47_3,20250613_040000.WAV,2025-06-13,04:00:00,17280488
T47_3,20250613_110000.WAV,2025-06-13,11:00:00,17280488
T47_3,20250613_140000.WAV,2025-06-13,14:00:00,17280488
T47_3,20250613_180000.WAV,2025-06-13,18:00:00,17280488
T47_3,20250614_000000.WAV,2025-06-14,00:00:00,17280488
T47_3,20250614_040000.WAV,2025-06-14,04:00:00,17280488
T47_3,20250614_110000.WAV,2025-06-14,11:00:00,17280488
T47_3,20250614_140000.WAV,2025-06-14,14:00:00,17280488
T47_3,20250614_180000.WAV,2025-06-14,18:00:00,17280488
T47_3,20250615_000000.WAV,2025-06-15,00:00:00,17280488
T47_3,20250615_040000.WAV,2025-06-15,04:00:00,17280488
T47_3,20250615_110000.WAV,2025-06-15,11:00:00,17280488
T47_3,20250615_140000.WAV,2025-06-15,14:00:00,17280488
T47_3,20250615_180000.WAV,2025-06-15,18:00:00,17280488
T47_3,20250616_000000.WAV,2025-06-16,00:00:00,17280488
T47_3,20250616_040000.WAV,2025-06-16,04:00:00,17280488
T47_3,20250616_110000.WAV,2025-06-16,11:00:00,17280488
T47_3,20250616_140000.WAV,2025-06-16,14:00:00,17280488
T47_3,20250616_180000.WAV,2025-06-16,18:00:00,17280488
T47_3,20250617_000000.WAV,2025-06-17,00:00:00,17280488
T47_3,20250617_040000.WAV,2025-06-17,04:00:00,17280488
T47_3,20250617_110000.WAV,2025-06-17,11:00:00,17280488
T47_3,20250617_140000.WAV,2025-06-17,14:00:00,17280488
T47_3,20250617_180000.WAV,2025-06-17,18:00:00,17280488
T47_3,20250618_000000.WAV,2025-06-18,00:00:00,17280488
T47_3,20250618_040000.WAV,2025-06-18,04:00:00,17280488
T47_3,20250618_110000.WAV,2025-06-18,11:00:00,17280488
T47_3,20250618_140000.WAV,2025-06-18,14:00:00,17280488
T47_3,20250618_180000.WAV,2025-06-18,18:00:00,17280488
T47_3,20250619_000000.WAV,2025-06-19,00:00:00,17280488
T47_3,20250619_040000.WAV,2025-06-19,04:00:00,17280488
T47_3,20250619_110000.WAV,2025-06-19,11:00:00,17280488
T47_3,20250619_140000.WAV,2025-06-19,14:00:00,17280488
T47_3,20250619_180000.WAV,2025-06-19,18:00:00,17280488
T47_3,20250620_000000.WAV,2025-06-20,00:00:00,17280488
T47_3,20250620_040000.WAV,2025-06-20,04:00:00,17280488
T47_3,20250620_110000.WAV,2025-06-20,11:00:00,17280488
T47_3,20250620_140000.WAV,2025-06-20,14:00:00,17280488
T47_3,20250620_180000.WAV,2025-06-20,18:00:00,17280488
T47_3,20250621_000000.WAV,2025-06-21,00:00:00,17280488
T47_3,20250621_040000.WAV,2025-06-21,04:00:00,17280488
T47_3,20250621_110000.WAV,2025-06-21,11:00:00,17280488
T47_3,20250621_140000.WAV,2025-06-21,14:00:00,17280488
T47_3,20250621_180000.WAV,2025-06-21,18:00:00,17280488
T47_3,20250622_000000.WAV,2025-06-22,00:00:00,17280488
T47_3,20250622_040000.WAV,2025-06-22,04:00:00,17280488
T47_3,20250622_110000.WAV,2025-06-22,11:00:00,17280488
T47_3,20250622_140000.WAV,2025-06-22,14:00:00,17280488
T47_3,20250622_180000.WAV,2025-06-22,18:00:00,17280488
T47_3,20250623_000000.WAV,2025-06-23,00:00:00,17280488
T47_3,20250623_040000.WAV,2025-06-23,04:00:00,17280488
T47_3,20250623_110000.WAV,2025-06-23,11:00:00,17280488
T47_3,20250623_140000.WAV,2025-06-23,14:00:00,17280488
T47_3,20250623_180000.WAV,2025-06-23,18:00:00,17280488
T47_3,20250624_000000.WAV,2025-06-24,00:00:00,17280488
T47_3,20250624_040000.WAV,2025-06-24,04:00:00,17280488
T47_3,20250624_110000.WAV,2025-06-24,11:00:00,17280488
T47_3,20250624_140000.WAV,2025-06-24,14:00:00,17280488
T47_3,20250624_180000.WAV,2025-06-24,18:00:00,17280488
T47_3,20250625_000000.WAV,2025-06-25,00:00:00,17280488
T47_3,20250625_040000.WAV,2025-06-25,04:00:00,17280488
T47_3,20250625_110000.WAV,2025-06-25,11:00:00,17280488
T47_3,20250625_140000.WAV,2025-06-25,14:00:00,17280488
T47_3,20250625_180000.WAV,2025-06-25,18:00:00,17280488
T47_3,20250626_000000.WAV,2025-06-26,00:00:00,17280488
T47_3,20250626_040000.WAV,2025-06-26,04:00:00,17280488
T47_3,20250626_110000.WAV,2025-06-26,11:00:00,17280488
T47_3,20250626_140000.WAV,2025-06-26,14:00:00,17280488
T47_3,20250626_180000.WAV,2025-06-26,18:00:00,17280488
T47_3,20250627_000000.WAV,2025-06-27,00:00:00,17280488
T47_3,20250627_040000.WAV,2025-06-27,04:00:00,17280488
T47_3,20250627_110000.WAV,2025-06-27,11:00:00,17280488
T47_3,20250627_140000.WAV,2025-06-27,14:00:00,17280488
T47_3,20250627_180000.WAV,2025-06-27,18:00:00,17280488
T47_3,20250628_000000.WAV,2025-06-28,00:00:00,17280488
T47_3,20250628_040000.WAV,2025-06-28,04:00:00,17280488
T47_3,20250628_110000.WAV,2025-06-28,11:00:00,17280488
T47_3,20250628_140000.WAV,2025-06-28,14:00:00,17280488
T47_3,20250628_180000.WAV,2025-06-28,18:00:00,17280488
T47_3,20250629_000000.WAV,2025-06-29,00:00:00,17280488
T47_3,20250629_040000.WAV,2025-06-29,04:00:00,17280488
T47_3,20250629_110000.WAV,2025-06-29,11:00:00,17280488
T47_3,20250629_140000.WAV,2025-06-29,14:00:00,17280488
T47_3,20250629_180000.WAV,2025-06-29,18:00:00,17280488
T47_3,20250630_000000.WAV,2025-06-30,00:00:00,17280488
T47_3,20250630_040000.WAV,2025-06-30,04:00:00,17280488
T47_3,20250630_110000.WAV,2025-06-30,11:00:00,17280488
T47_3,20250630_140000.WAV,2025-06-30,14:00:00,17280488
T47_3,20250630_180000.WAV,2025-06-30,18:00:00,17280488
T47_3,20250701_000000.WAV,2025-07-01,00:00:00,17280488
T47_3,20250701_040000.WAV,2025-07-01,04:00:00,17280488
T47_3,20250701_110000.WAV,2025-07-01,11:00:00,17280488
T47_3,20250701_140000.WAV,2025-07-01,14:00:00,17280488
T47_3,20250701_180000.WAV,2025-07-01,18:00:00,17280488
T47_3,20250702_000000.WAV,2025-07-02,00:00:00,17280488
T47_3,20250702_040000.WAV,2025-07-02,04:00:00,17280488
T47_3,20250702_110000.WAV,2025-07-02,11:00:00,17280488
T47_3,20250702_140000.WAV,2025-07-02,14:00:00,17280488
T47_3,20250702_180000.WAV,2025-07-02,18:00:00,17280488
T47_3,20250703_000000.WAV,2025-07-03,00:00:00,17280488
T47_3,20250703_040000.WAV,2025-07-03,04:00:00,17280488
T47_3,20250703_110000.WAV,2025-07-03,11:00:00,17280488
T47_3,20250703_140000.WAV,2025-07-03,14:00:00,17280488
T47_3,20250703_180000.WAV,2025-07-03,18:00:00,17280488
T47_3,20250704_000000.WAV,2025-07-04,00:00:00,17280488
T47_3,20250704_040000.WAV,2025-07-04,04:00:00,17280488
T47_3,20250704_110000.WAV,2025-07-04,11:00:00,17280488
T47_3,20250704_140000.WAV,2025-07-04,14:00:00,17280488
T47_3,20250704_180000.WAV,2025-07-04,18:00:00,17280488
T47_3,20250705_000000.WAV,2025-07-05,00:00:00,17280488
T47_3,20250705_040000.WAV,2025-07-05,04:00:00,17280488
T47_3,20250705_110000.WAV,2025-07-05,11:00:00,17280488
T47_3,20250705_140000.WAV,2025-07-05,14:00:00,17280488
T47_3,20250705_180000.WAV,2025-07-05,18:00:00,17280488
T47_3,20250706_000000.WAV,2025-07-06,00:00:00,17280488
T47_3,20250706_040000.WAV,2025-07-06,04:00:00,17280488
T47_3,20250706_110000.WAV,2025-07-06,11:00:00,17280488
T47_3,20250706_140000.WAV,2025-07-06,14:00:00,17280488
T47_3,20250706_180000.WAV,2025-07-06,18:00:00,17280488
T47_3,20250707_000000.WAV,2025-07-07,00:00:00,17280488
T47_3,20250707_040000.WAV,2025-07-07,04:00:00,17280488
T47_3,20250707_110000.WAV,2025-07-07,11:00:00,17280488
T47_3,20250707_140000.WAV,2025-07-07,14:00:00,17280488
T47_3,20250707_180000.WAV,2025-07-07,18:00:00,17280488
T47_3,20250708_000000.WAV,2025-07-08,00:00:00,17280488
T47_3,20250708_040000.WAV,2025-07-08,04:00:00,17280488
T47_3,20250708_110000.WAV,2025-07-08,11:00:00,17280488
T47_3,20250708_140000.WAV,2025-07-08,14:00:00,17280488
T47_3,20250708_180000.WAV,2025-07-08,18:00:00,17280488
T47_3,20250709_000000.WAV,2025-07-09,00:00:00,17280488
T47_3,20250709_040000.WAV,2025-07-09,04:00:00,17280488
T47_3,20250709_110000.WAV,2025-07-09,11:00:00,17280488
T47_3,20250709_140000.WAV,2025-07-09,14:00:00,17280488
T47_3,20250709_180000.WAV,2025-07-09,18:00:00,17280488
T47_3,20250710_000000.WAV,2025-07-10,00:00:00,17280488
T47_3,20250710_040000.WAV,2025-07-10,04:00:00,17280488
T47_3,20250710_110000.WAV,2025-07-10,11:00:00,17280488
T47_3,20250710_140000.WAV,2025-07-10,14:00:00,17280488
T47_3,20250710_180000.WAV,2025-07-10,18:00:00,17280488
T47_3,20250711_000000.WAV,2025-07-11,00:00:00,17280488
T47_3,20250711_040000.WAV,2025-07-11,04:00:00,17280488
T47_3,20250711_110000.WAV,2025-07-11,11:00:00,17280488
T47_3,20250711_140000.WAV,2025-07-11,14:00:00,17280488
T47_3,20250711_180000.WAV,2025-07-11,18:00:00,17280488
T47_3,20250712_000000.WAV,2025-07-12,00:00:00,17280488
T47_3,20250712_040000.WAV,2025-07-12,04:00:00,17280488
T47_3,20250712_110000.WAV,2025-07-12,11:00:00,17280488
T47_3,20250712_140000.WAV,2025-07-12,14:00:00,17280488
T47_3,20250712_180000.WAV,2025-07-12,18:00:00,17280488
T47_3,20250713_000000.WAV,2025-07-13,00:00:00,17280488
T47_3,20250713_040000.WAV,2025-07-13,04:00:00,17280488
T47_3,20250713_110000.WAV,2025-07-13,11:00:00,17280488
T47_3,20250713_140000.WAV,2025-07-13,14:00:00,17280488
T47_3,20250713_180000.WAV,2025-07-13,18:00:00,17280488
T47_3,20250714_000000.WAV,2025-07-14,00:00:00,17280488
T47_3,20250714_040000.WAV,2025-07-14,04:00:00,17280488
T47_3,20250714_110000.WAV,2025-07-14,11:00:00,17280488
T47_3,20250714_140000.WAV,2025-07-14,14:00:00,17280488
T47_3,20250714_180000.WAV,2025-07-14,18:00:00,17280488
T47_3,20250715_000000.WAV,2025-07-15,00:00:00,17280488
T47_3,20250715_040000.WAV,2025-07-15,04:00:00,17280488
T47_3,20250715_110000.WAV,2025-07-15,11:00:00,17280488
T47_3,20250715_140000.WAV,2025-07-15,14:00:00,17280488
T47_3,20250715_180000.WAV,2025-07-15,18:00:00,17280488
T47_3,20250716_000000.WAV,2025-07-16,00:00:00,17280488
T47_3,20250716_040000.WAV,2025-07-16,04:00:00,17280488
T47_3,20250716_110000.WAV,2025-07-16,11:00:00,17280488
T47_3,20250716_140000.WAV,2025-07-16,14:00:00,17280488
T47_3,20250716_180000.WAV,2025-07-16,18:00:00,17280488
T47_3,20250717_000000.WAV,2025-07-17,00:00:00,17280488
T47_3,20250717_040000.WAV,2025-07-17,04:00:00,17280488
T47_3,20250717_110000.WAV,2025-07-17,11:00:00,17280488
T47_3,20250717_140000.WAV,2025-07-17,14:00:00,17280488
T47_3,20250717_180000.WAV,2025-07-17,18:00:00,17280488
T47_3,20250718_000000.WAV,2025-07-18,00:00:00,17280488
T47_3,20250718_040000.WAV,2025-07-18,04:00:00,17280488
T47_3,20250718_110000.WAV,2025-07-18,11:00:00,17280488
T47_3,20250718_140000.WAV,2025-07-18,14:00:00,17280488
T47_3,20250718_180000.WAV,2025-07-18,18:00:00,17280488
T47_3,20250719_000000.WAV,2025-07-19,00:00:00,17280488
T47_3,20250719_040000.WAV,2025-07-19,04:00:00,17280488
T47_3,20250719_110000.WAV,2025-07-19,11:00:00,17280488
T47_3,20250719_140000.WAV,2025-07-19,14:00:00,17280488
T47_3,20250719_180000.WAV,2025-07-19,18:00:00,17280488
T47_3,20250720_000000.WAV,2025-07-20,00:00:00,17280488
T47_3,20250720_040000.WAV,2025-07-20,04:00:00,17280488
T47_3,20250720_110000.WAV,2025-07-20,11:00:00,17280488
T47_3,20250720_140000.WAV,2025-07-20,14:00:00,17280488
T47_3,20250720_180000.WAV,2025-07-20,18:00:00,17280488
T47_3,20250721_000000.WAV,2025-07-21,00:00:00,17280488
T47_3,20250721_040000.WAV,2025-07-21,04:00:00,17280488
T47_3,20250721_110000.WAV,2025-07-21,11:00:00,17280488
T47_3,20250721_140000.WAV,2025-07-21,14:00:00,17280488
T47_3,20250721_180000.WAV,2025-07-21,18:00:00,17280488
T47_3,20250722_000000.WAV,2025-07-22,00:00:00,17280488
T47_3,20250722_040000.WAV,2025-07-22,04:00:00,17280488
T47_3,20250722_110000.WAV,2025-07-22,11:00:00,17280488
T47_3,20250722_140000.WAV,2025-07-22,14:00:00,17280488
T47_3,20250722_180000.WAV,2025-07-22,18:00:00,17280488
T47_3,20250723_000000.WAV,2025-07-23,00:00:00,17280488
T47_3,20250723_040000.WAV,2025-07-23,04:00:00,17280488
T47_3,20250723_110000.WAV,2025-07-23,11:00:00,17280488
T47_3,20250723_140000.WAV,2025-07-23,14:00:00,17280488
T47_3,20250723_180000.WAV,2025-07-23,18:00:00,17280488
T47_3,20250724_000000.WAV,2025-07-24,00:00:00,17280488
T47_3,20250724_040000.WAV,2025-07-24,04:00:00,17280488
T47_3,20250724_110000.WAV,2025-07-24,11:00:00,17280488
T47_3,20250724_140000.WAV,2025-07-24,14:00:00,17280488
T47_3,20250724_180000.WAV,2025-07-24,18:00:00,17280488
T47_3,20250725_000000.WAV,2025-07-25,00:00:00,17280488
T47_3,20250725_040000.WAV,2025-07-25,04:00:00,17280488
T47_3,20250725_110000.WAV,2025-07-25,11:00:00,17280488
T47_3,20250725_140000.WAV,2025-07-25,14:00:00,17280488
T47_3,20250725_180000.WAV,2025-07-25,18:00:00,17280488
T47_3,20250726_000000.WAV,2025-07-26,00:00:00,17280488
T47_3,20250726_040000.WAV,2025-07-26,04:00:00,17280488
T47_3,20250726_110000.WAV,2025-07-26,11:00:00,17280488
T47_3,20250726_140000.WAV,2025-07-26,14:00:00,17280488
T47_3,20250726_180000.WAV,2025-07-26,18:00:00,17280488
T47_3,20250727_000000.WAV,2025-07-27,00:00:00,17280488
T47_3,20250727_040000.WAV,2025-07-27,04:00:00,17280488
T47_3,20250727_110000.WAV,2025-07-27,11:00:00,17280488
T47_3,20250727_140000.WAV,2025-07-27,14:00:00,17280488
T47_3,20250727_180000.WAV,2025-07-27,18:00:00,17280488
T47_3,20250728_000000.WAV,2025-07-28,00:00:00,17280488
T47_3,20250728_040000.WAV,2025-07-28,04:00:00,17280488
T47_3,20250728_110000.WAV,2025-07-28,11:00:00,17280488
T47_3,20250728_140000.WAV,2025-07-28,14:00:00,17280488
T47_3,20250728_180000.WAV,2025-07-28,18:00:00,17280488
T47_3,20250729_000000.WAV,2025-07-29,00:00:00,17280488
T47_3,20250729_040000.WAV,2025-07-29,04:00:00,17280488
T47_3,20250729_110000.WAV,2025-07-29,11:00:00,17280488
T47_3,20250729_140000.WAV,2025-07-29,14:00:00,17280488
T47_3,20250729_180000.WAV,2025-07-29,18:00:00,17280488
T47_3,20250730_000000.WAV,2025-07-30,00:00:00,17280488
T47_3,20250730_040000.WAV,2025-07-30,04:00:00,17280488
T47_3,20250730_110000.WAV,2025-07-30,11:00:00,17280488
T47_3,20250730_140000.WAV,2025-07-30,14:00:00,17280488
T47_3,20250730_180000.WAV,2025-07-30,18:00:00,17280488
T47_3,20250731_000000.WAV,2025-07-31,00:00:00,17280488
T47_3,20250731_040000.WAV,2025-07-31,04:00:00,17280488
T47_3,20250731_110000.WAV,2025-07-31,11:00:00,17280488
T47_3,20250731_140000.WAV,2025-07-31,14:00:00,17280488
T47_3,20250731_180000.WAV,2025-07-31,18:00:00,17280488
T47_3,20250801_000000.WAV,2025-08-01,00:00:00,17280488
T47_3,20250801_040000.WAV,2025-08-01,04:00:00,17280488
T47_3,20250801_110000.WAV,2025-08-01,11:00:00,17280488
T47_3,20250801_140000.WAV,2025-08-01,14:00:00,17280488
T47_3,20250801_180000.WAV,2025-08-01,18:00:00,17280488
T47_3,20250802_000000.WAV,2025-08-02,00:00:00,17280488
T47_3,20250802_040000.WAV,2025-08-02,04:00:00,17280488
T47_3,20250802_110000.WAV,2025-08-02,11:00:00,17280488
T47_3,20250802_140000.WAV,2025-08-02,14:00:00,17280488
T47_3,20250802_180000.WAV,2025-08-02,18:00:00,17280488
T47_3,20250803_000000.WAV,2025-08-03,00:00:00,17280488
T47_3,20250803_040000.WAV,2025-08-03,04:00:00,17280488
T47_3,20250803_110000.WAV,2025-08-03,11:00:00,17280488
T47_3,20250803_140000.WAV,2025-08-03,14:00:00,17280488
T47_3,20250803_180000.WAV,2025-08-03,18:00:00,17280488
T47_3,20250804_000000.WAV,2025-08-04,00:00:00,17280488
T47_3,20250804_040000.WAV,2025-08-04,04:00:00,17280488
T47_3,20250804_110000.WAV,2025-08-04,11:00:00,17280488
T47_3,20250804_140000.WAV,2025-08-04,14:00:00,17280488
T47_3,20250804_180000.WAV,2025-08-04,18:00:00,17280488
T47_3,20250805_000000.WAV,2025-08-05,00:00:00,17280488
T47_3,20250805_040000.WAV,2025-08-05,04:00:00,17280488
T47_3,20250805_110000.WAV,2025-08-05,11:00:00,17280488
T47_3,20250805_140000.WAV,2025-08-05,14:00:00,17280488
T47_3,20250805_180000.WAV,2025-08-05,18:00:00,17280488
T47_3,20250806_000000.WAV,2025-08-06,00:00:00,17280488
T47_3,20250806_040000.WAV,2025-08-06,04:00:00,17280488
T47_3,20250806_110000.WAV,2025-08-06,11:00:00,17280488
T47_3,20250806_140000.WAV,2025-08-06,14:00:00,17280488
T47_3,20250806_180000.WAV,2025-08-06,18:00:00,17280488
T47_3,20250807_000000.WAV,2025-08-07,00:00:00,17280488
T47_3,20250807_040000.WAV,2025-08-07,04:00:00,17280488
T47_3,20250807_110000.WAV,2025-08-07,11:00:00,17280488
T47_3,20250807_140000.WAV,2025-08-07,14:00:00,17280488
T47_3,20250807_180000.WAV,2025-08-07,18:00:00,17280488
T47_3,20250808_000000.WAV,2025-08-08,00:00:00,17280488
T47_3,20250808_040000.WAV,2025-08-08,04:00:00,17280488
T47_3,20250808_110000.WAV,2025-08-08,11:00:00,17280488
T47_3,20250808_140000.WAV,2025-08-08,14:00:00,17280488
T47_3,20250808_180000.WAV,2025-08-08,18:00:00,17280488
T47_3,20250809_000000.WAV,2025-08-09,00:00:00,17280488
T47_3,20250809_040000.WAV,2025-08-09,04:00:00,17280488
T47_3,20250809_110000.WAV,2025-08-09,11:00:00,17280488
T47_3,20250809_140000.WAV,2025-08-09,14:00:00,17280488
T47_3,20250809_180000.WAV,2025-08-09,18:00:00,17280488
T47_3,20250810_000000.WAV,2025-08-10,00:00:00,17280488
T47_3,20250810_040000.WAV,2025-08-10,04:00:00,17280488
T47_3,20250810_110000.WAV,2025-08-10,11:00:00,17280488
T47_3,20250810_140000.WAV,2025-08-10,14:00:00,17280488
T47_3,20250810_180000.WAV,2025-08-10,18:00:00,17280488
T47_3,20250811_000000.WAV,2025-08-11,00:00:00,17280488
T47_3,20250811_040000.WAV,2025-08-11,04:00:00,17280488
T47_3,20250811_110000.WAV,2025-08-11,11:00:00,17280488
T47_3,20250811_140000.WAV,2025-08-11,14:00:00,17280488
T47_3,20250811_180000.WAV,2025-08-11,18:00:00,17280488
T47_3,20250812_000000.WAV,2025-08-12,00:00:00,17280488
T47_3,20250812_040000.WAV,2025-08-12,04:00:00,17280488
T47_3,20250812_110000.WAV,2025-08-12,11:00:00,17280488
T47_3,20250812_140000.WAV,2025-08-12,14:00:00,17280488
T47_3,20250812_180000.WAV,2025-08-12,18:00:00,17280488
T47_3,20250813_000000.WAV,2025-08-13,00:00:00,17280488
T47_3,20250813_040000.WAV,2025-08-13,04:00:00,17280488
T47_3,20250813_110000.WAV,2025-08-13,11:00:00,17280488
T47_3,20250813_140000.WAV,2025-08-13,14:00:00,17280488
T47_3,20250813_180000.WAV,2025-08-13,18:00:00,17280488
T47_3,20250814_000000.WAV,2025-08-14,00:00:00,17280488
T47_3,20250814_040000.WAV,2025-08-14,04:00:00,17280488
T47_3,20250814_110000.WAV,2025-08-14,11:00:00,17280488
T47_3,20250814_140000.WAV,2025-08-14,14:00:00,17280488
T47_3,20250814_180000.WAV,2025-08-14,18:00:00,17280488
T47_3,20250815_000000.WAV,2025-08-15,00:00:00,17280488
T47_3,20250815_040000.WAV,2025-08-15,04:00:00,17280488
T47_3,20250815_110000.WAV,2025-08-15,11:00:00,17280488
T47_3,20250815_140000.WAV,2025-08-15,14:00:00,17280488
T47_3,20250815_180000.WAV,2025-08-15,18:00:00,17280488
T47_3,20250816_000000.WAV,2025-08-16,00:00:00,17280488
T47_3,20250816_040000.WAV,2025-08-16,04:00:00,17280488
T47_3,20250816_110000.WAV,2025-08-16,11:00:00,17280488
T47_3,20250816_140000.WAV,2025-08-16,14:00:00,17280488
T47_3,20250816_180000.WAV,2025-08-16,18:00:00,17280488
T47_3,20250817_000000.WAV,2025-08-17,00:00:00,17280488
T47_3,20250817_040000.WAV,2025-08-17,04:00:00,17280488
T47_3,20250817_110000.WAV,2025-08-17,11:00:00,17280488
T47_3,20250817_140000.WAV,2025-08-17,14:00:00,17280488
T47_3,20250817_180000.WAV,2025-08-17,18:00:00,17280488
T47_3,20250818_000000.WAV,2025-08-18,00:00:00,17280488
T47_3,20250818_040000.WAV,2025-08-18,04:00:00,17280488
T47_3,20250818_110000.WAV,2025-08-18,11:00:00,17280488
T47_3,20250818_140000.WAV,2025-08-18,14:00:00,17280488
T47_3,20250818_180000.WAV,2025-08-18,18:00:00,17280488
T47_3,20250819_000000.WAV,2025-08-19,00:00:00,17280488
T47_3,20250819_040000.WAV,2025-08-19,04:00:00,17280488
T47_3,20250819_110000.WAV,2025-08-19,11:00:00,17280488
T47_3,20250819_140000.WAV,2025-08-19,14:00:00,17280488
T47_3,20250819_180000.WAV,2025-08-19,18:00:00,17280488
T47_3,20250820_000000.WAV,2025-08-20,00:00:00,17280488
T47_3,20250820_040000.WAV,2025-08-20,04:00:00,17280488
T47_3,20250820_110000.WAV,2025-08-20,11:00:00,17280488
T47_3,20250820_140000.WAV,2025-08-20,14:00:00,17280488
T47_3,20250820_180000.WAV,2025-08-20,18:00:00,17280488
T47_3,20250821_000000.WAV,2025-08-21,00:00:00,17280488
T47_3,20250821_040000.WAV,2025-08-21,04:00:00,17280488
T47_3,20250821_110000.WAV,2025-08-21,11:00:00,17280488
T47_3,20250821_140000.WAV,2025-08-21,14:00:00,17280488
T47_3,20250821_180000.WAV,2025-08-21,18:00:00,17280488
T47_3,20250822_000000.WAV,2025-08-22,00:00:00,17280488
T47_3,20250822_040000.WAV,2025-08-22,04:00:00,17280488
T47_3,20250822_110000.WAV,2025-08-22,11:00:00,17280488
T47_3,20250822_140000.WAV,2025-08-22,14:00:00,17280488
T47_3,20250822_180000.WAV,2025-08-22,18:00:00,17280488
T47_3,20250823_000000.WAV,2025-08-23,00:00:00,17280488
T47_3,20250823_040000.WAV,2025-08-23,04:00:00,17280488
T47_3,20250823_110000.WAV,2025-08-23,11:00:00,17280488
T47_3,20250823_140000.WAV,2025-08-23,14:00:00,17280488
T47_3,20250823_180000.WAV,2025-08-23,18:00:00,17280488
T47_3,20250824_000000.WAV,2025-08-24,00:00:00,17280488
T47_3,20250824_040000.WAV,2025-08-24,04:00:00,17280488
T47_3,20250824_110000.WAV,2025-08-24,11:00:00,17280488
T47_3,20250824_140000.WAV,2025-08-24,14:00:00,17280488
T47_3,20250824_180000.WAV,2025-08-24,18:00:00,17280488
T47_3,20250825_000000.WAV,2025-08-25,00:00:00,17280488
T47_3,20250825_040000.WAV,2025-08-25,04:00:00,17280488
T47_3,20250825_110000.WAV,2025-08-25,11:00:00,17280488
T47_3,20250825_140000.WAV,2025-08-25,14:00:00,17280488
T47_3,20250825_180000.WAV,2025-08-25,18:00:00,17280488
T47_3,20250826_000000.WAV,2025-08-26,00:00:00,17280488
T47_3,20250826_040000.WAV,2025-08-26,04:00:00,17280488
T47_3,20250826_110000.WAV,2025-08-26,11:00:00,17280488
T47_3,20250826_140000.WAV,2025-08-26,14:00:00,17280488
T47_3,20250826_180000.WAV,2025-08-26,18:00:00,17280488
T47_3,20250827_000000.WAV,2025-08-27,00:00:00,17280488
T47_3,20250827_040000.WAV,2025-08-27,04:00:00,17280488
T47_3,20250827_110000.WAV,2025-08-27,11:00:00,17280488
T47_3,20250827_140000.WAV,2025-08-27,14:00:00,17280488
T47_3,20250827_180000.WAV,2025-08-27,18:00:00,17280488
T47_3,20250828_000000.WAV,2025-08-28,00:00:00,17280488
T47_3,20250828_040000.WAV,2025-08-28,04:00:00,17280488
T47_3,20250828_110000.WAV,2025-08-28,11:00:00,17280488
T47_3,20250828_140000.WAV,2025-08-28,14:00:00,17280488
T47_3,20250828_180000.WAV,2025-08-28,18:00:00,17280488
T47_3,20250829_000000.WAV,2025-08-29,00:00:00,17280488
T47_3,20250829_040000.WAV,2025-08-29,04:00:00,17280488
T47_3,20250829_110000.WAV,2025-08-29,11:00:00,17280488
T47_3,20250829_140000.WAV,2025-08-29,14:00:00,17280488
T47_3,20250829_180000.WAV,2025-08-29,18:00:00,17280488
T47_3,20250830_000000.WAV,2025-08-30,00:00:00,17280488
T47_3,20250830_040000.WAV,2025-08-30,04:00:00,17280488
T47_3,20250830_110000.WAV,2025-08-30,11:00:00,17280488
T47_3,20250830_140000.WAV,2025-08-30,14:00:00,17280488
T47_3,20250830_180000.WAV,2025-08-30,18:00:00,17280488
T47_3,20250831_000000.WAV,2025-08-31,00:00:00,17280488
T47_3,20250831_040000.WAV,2025-08-31,04:00:00,17280488
T47_3,20250831_110000.WAV,2025-08-31,11:00:00,17280488
T47_3,20250831_140000.WAV,2025-08-31,14:00:00,17280488
T47_3,20250831_180000.WAV,2025-08-31,18:00:00,17280488
T47_3,20250901_000000.WAV,2025-09-01,00:00:00,17280488
T47_3,20250901_040000.WAV,2025-09-01,04:00:00,17280488
T47_3,20250901_110000.WAV,2025-09-01,11:00:00,17280488
T47_3,20250901_140000.WAV,2025-09-01,14:00:00,17280488
T47_3,20250901_180000.WAV,2025-09-01,18:00:00,17280488
T47_3,20250902_000000.WAV,2025-09-02,00:00:00,17280488
T47_3,20250902_040000.WAV,2025-09-02,04:00:00,17280488
T47_3,20250902_110000.WAV,2025-09-02,11:00:00,17280488
T47_3,20250902_140000.WAV,2025-09-02,14:00:00,17280488
T47_3,20250902_180000.WAV,2025-09-02,18:00:00,17280488
T47_3,20250903_000000.WAV,2025-09-03,00:00:00,17280488
T47_3,20250903_040000.WAV,2025-09-03,04:00:00,17280488
T47_3,20250903_110000.WAV,2025-09-03,11:00:00,17280488
T47_3,20250903_140000.WAV,2025-09-03,14:00:00,17280488
T47_3,20250903_180000.WAV,2025-09-03,18:00:00,17280488
T47_3,20250904_000000.WAV,2025-09-04,00:00:00,17280488
T47_3,20250904_040000.WAV,2025-09-04,04:00:00,17280488
T47_3,20250904_110000.WAV,2025-09-04,11:00:00,17280488
T47_3,20250904_140000.WAV,2025-09-04,14:00:00,17280488
T47_3,20250904_180000.WAV,2025-09-04,18:00:00,17280488
T47_3,20250905_000000.WAV,2025-09-05,00:00:00,17280488
T47_3,20250905_040000.WAV,2025-09-05,04:00:00,17280488
T47_3,20250905_110000.WAV,2025-09-05,11:00:00,17280488
T47_3,20250905_140000.WAV,2025-09-05,14:00:00,17280488
T47_3,20250905_180000.WAV,2025-09-05,18:00:00,17280488
T47_3,20250906_000000.WAV,2025-09-06,00:00:00,17280488
T47_3,20250906_040000.WAV,2025-09-06,04:00:00,17280488
T47_3,20250906_110000.WAV,2025-09-06,11:00:00,17280488
T47_3,20250906_140000.WAV,2025-09-06,14:00:00,17280488
T47_3,20250906_180000.WAV,2025-09-06,18:00:00,17280488
T47_3,20250907_000000.WAV,2025-09-07,00:00:00,17280488
T47_3,20250907_040000.WAV,2025-09-07,04:00:00,17280488
T47_3,20250907_110000.WAV,2025-09-07,11:00:00,17280488
T47_3,20250907_140000.WAV,2025-09-07,14:00:00,17280488
T47_3,20250907_180000.WAV,2025-09-07,18:00:00,17280488
T47_3,20250908_000000.WAV,2025-09-08,00:00:00,17280488
T47_3,20250908_040000.WAV,2025-09-08,04:00:00,17280488
T47_3,20250908_110000.WAV,2025-09-08,11:00:00,17280488
T47_3,20250908_140000.WAV,2025-09-08,14:00:00,17280488
T47_3,20250908_180000.WAV,2025-09-08,18:00:00,17280488
T47_3,20250909_000000.WAV,2025-09-09,00:00:00,17280488
T47_3,20250909_040000.WAV,2025-09-09,04:00:00,17280488
T47_3,20250909_110000.WAV,2025-09-09,11:00:00,17280488
T47_3,20250909_140000.WAV,2025-09-09,14:00:00,17280488
T47_3,20250909_180000.WAV,2025-09-09,18:00:00,17280488
T47_3,20250910_000000.WAV,2025-09-10,00:00:00,17280488
T47_3,20250910_040000.WAV,2025-09-10,04:00:00,17280488
T47_3,20250910_110000.WAV,2025-09-10,11:00:00,17280488
T47_3,20250910_140000.WAV,2025-09-10,14:00:00,17280488
T47_3,20250910_180000.WAV,2025-09-10,18:00:00,17280488
T47_3,20250911_000000.WAV,2025-09-11,00:00:00,17280488
T47_3,20250911_040000.WAV,2025-09-11,04:00:00,17280488
T47_3,20250911_110000.WAV,2025-09-11,11:00:00,17280488
T47_3,20250911_140000.WAV,2025-09-11,14:00:00,17280488
T47_3,20250911_180000.WAV,2025-09-11,18:00:00,17280488
T47_3,20250912_000000.WAV,2025-09-12,00:00:00,17280488
T47_3,20250912_040000.WAV,2025-09-12,04:00:00,17280488
T47_3,20250912_110000.WAV,2025-09-12,11:00:00,17280488
T47_3,20250912_140000.WAV,2025-09-12,14:00:00,17280488
T47_3,20250912_180000.WAV,2025-09-12,18:00:00,17280488
T47_3,20250913_000000.WAV,2025-09-13,00:00:00,17280488
T47_3,20250913_040000.WAV,2025-09-13,04:00:00,17280488
T47_3,20250913_110000.WAV,2025-09-13,11:00:00,17280488
T47_3,20250913_140000.WAV,2025-09-13,14:00:00,17280488
T47_3,20250913_180000.WAV,2025-09-13,18:00:00,17280488
T47_3,20250914_000000.WAV,2025-09-14,00:00:00,17280488
T47_3,20250914_040000.WAV,2025-09-14,04:00:00,17280488
T47_3,20250914_110000.WAV,2025-09-14,11:00:00,17280488
T47_3,20250914_140000.WAV,2025-09-14,14:00:00,17280488
T47_3,20250914_180000.WAV,2025-09-14,18:00:00,17280488
T47_3,20250915_000000.WAV,2025-09-15,00:00:00,17280488
T47_3,20250915_040000.WAV,2025-09-15,04:00:00,17280488
T47_3,20250915_110000.WAV,2025-09-15,11:00:00,17280488
T47_3,20250915_140000.WAV,2025-09-15,14:00:00,17280488
T47_3,20250915_180000.WAV,2025-09-15,18:00:00,17280488
T47_3,20250916_000000.WAV,2025-09-16,00:00:00,17280488
T47_3,20250916_040000.WAV,2025-09-16,04:00:00,17280488
T47_3,20250916_110000.WAV,2025-09-16,11:00:00,17280488
T47_3,20250916_140000.WAV,2025-09-16,14:00:00,17280488
T47_3,20250916_180000.WAV,2025-09-16,18:00:00,17280488
T47_3,20250917_000000.WAV,2025-09-17,00:00:00,17280488
T47_3,20250917_040000.WAV,2025-09-17,04:00:00,17280488
T47_3,20250917_110000.WAV,2025-09-17,11:00:00,17280488
T47_3,20250917_140000.WAV,2025-09-17,14:00:00,17280488
T47_3,20250917_180000.WAV,2025-09-17,18:00:00,17280488
T47_3,20250918_000000.WAV,2025-09-18,00:00:00,17280488
T47_3,20250918_040000.WAV,2025-09-18,04:00:00,17280488
T47_3,20250918_110000.WAV,2025-09-18,11:00:00,17280488
T47_3,20250918_140000.WAV,2025-09-18,14:00:00,17280488
T47_3,20250918_180000.WAV,2025-09-18,18:00:00,17280488
T47_3,20250919_000000.WAV,2025-09-19,00:00:00,17280488
T47_3,20250919_040000.WAV,2025-09-19,04:00:00,17280488
T47_3,20250919_110000.WAV,2025-09-19,11:00:00,17280488
T47_3,20250919_140000.WAV,2025-09-19,14:00:00,17280488
T47_3,20250919_180000.WAV,2025-09-19,18:00:00,17280488
T47_3,20250920_000000.WAV,2025-09-20,00:00:00,17280488
T47_3,20250920_040000.WAV,2025-09-20,04:00:00,17280488
T47_3,20250920_110000.WAV,2025-09-20,11:00:00,17280488
T47_3,20250920_140000.WAV,2025-09-20,14:00:00,17280488
T47_3,20250920_180000.WAV,2025-09-20,18:00:00,17280488
T47_3,20250921_000000.WAV,2025-09-21,00:00:00,17280488
T47_3,20250921_040000.WAV,2025-09-21,04:00:00,17280488
T47_3,20250921_110000.WAV,2025-09-21,11:00:00,17280488
T47_3,20250921_140000.WAV,2025-09-21,14:00:00,17280488
T47_3,20250921_180000.WAV,2025-09-21,18:00:00,17280488
T47_3,20250922_000000.WAV,2025-09-22,00:00:00,17280488
T47_3,20250922_040000.WAV,2025-09-22,04:00:00,17280488
T47_3,20250922_110000.WAV,2025-09-22,11:00:00,17280488
T47_3,20250922_140000.WAV,2025-09-22,14:00:00,17280488
T47_3,20250922_180000.WAV,2025-09-22,18:00:00,17280488
T47_3,20250923_000000.WAV,2025-09-23,00:00:00,17280488
T47_3,20250923_040000.WAV,2025-09-23,04:00:00,17280488
T47_3,20250923_110000.WAV,2025-09-23,11:00:00,17280488
T47_3,20250923_140000.WAV,2025-09-23,14:00:00,17280488
T47_3,20250923_180000.WAV,2025-09-23,18:00:00,17280488
T47_3,20250924_000000.WAV,2025-09-24,00:00:00,17280488
T47_3,20250924_040000.WAV,2025-09-24,04:00:00,17280488
T47_3,20250924_110000.WAV,2025-09-24,11:00:00,17280488
T47_3,20250924_140000.WAV,2025-09-24,14:00:00,17280488
T47_3,20250924_180000.WAV,2025-09-24,18:00:00,17280488
T47_3,20250925_000000.WAV,2025-09-25,00:00:00,17280488
T47_3,20250925_040000.WAV,2025-09-25,04:00:00,17280488
T47_3,20250925_110000.WAV,2025-09-25,11:00:00,17280488
T47_3,20250925_140000.WAV,2025-09-25,14:00:00,17280488
T47_3,20250925_180000.WAV,2025-09-25,18:00:00,17280488
T47_3,20250926_000000.WAV,2025-09-26,00:00:00,17280488
T47_3,20250926_040000.WAV,2025-09-26,04:00:00,17280488
T47_3,20250926_110000.WAV,2025-09-26,11:00:00,17280488
T47_3,20250926_140000.WAV,2025-09-26,14:00:00,17280488
T47_3,20250926_180000.WAV,2025-09-26,18:00:00,17280488
T47_3,20250927_000000.WAV,2025-09-27,00:00:00,17280488
T47_3,20250927_040000.WAV,2025-09-27,04:00:00,17280488
T47_3,20250927_110000.WAV,2025-09-27,11:00:00,17280488
T47_3,20250927_140000.WAV,2025-09-27,14:00:00,17280488
T47_3,20250927_180000.WAV,2025-09-27,18:00:00,17280488
T47_3,20250928_000000.WAV,2025-09-28,00:00:00,17280488
T47_3,20250928_040000.WAV,2025-09-28,04:00:00,17280488
T47_3,20250928_110000.WAV,2025-09-28,11:00:00,17280488
T47_3,20250928_140000.WAV,2025-09-28,14:00:00,17280488
T47_3,20250928_180000.WAV,2025-09-28,18:00:00,17280488
T47_3,20250929_000000.WAV,2025-09-29,00:00:00,17280488
T47_3,20250929_040000.WAV,2025-09-29,04:00:00,17280488
T47_3,20250929_110000.WAV,2025-09-29,11:00:00,17280488
T47_3,20250929_140000.WAV,2025-09-29,14:00:00,17280488
T47_3,20250929_180000.WAV,2025-09-29,18:00:00,17280488
T47_3,20250930_000000.WAV,2025-09-30,00:00:00,17280488
T47_3,20250930_040000.WAV,2025-09-30,04:00:00,17280488
T47_3,20250930_110000.WAV,2025-09-30,11:00:00,17280488
T47_3,20250930_140000.WAV,2025-09-30,14:00:00,17280488
T47_3,20250930_180000.WAV,2025-09-30,18:00:00,17280488
T47_3,20251001_000000.WAV,2025-10-01,00:00:00,17280488
T47_3,20251001_040000.WAV,2025-10-01,04:00:00,17280488
T47_3,20251001_110000.WAV,2025-10-01,11:00:00,17280488
T47_3,20251001_140000.WAV,2025-10-01,14:00:00,17280488
T47_3,20251001_180000.WAV,2025-10-01,18:00:00,17280488
T47_3,20251002_000000.WAV,2025-10-02,00:00:00,17280488
T47_3,20251002_040000.WAV,2025-10-02,04:00:00,17280488
T47_3,20251002_110000.WAV,2025-10-02,11:00:00,17280488
T47_3,20251002_140000.WAV,2025-10-02,14:00:00,17280488
T47_3,20251002_180000.WAV,2025-10-02,18:00:00,17280488
T47_3,20251003_000000.WAV,2025-10-03,00:00:00,17280488
T47_3,20251003_040000.WAV,2025-10-03,04:00:00,17280488
T47_3,20251003_110000.WAV,2025-10-03,11:00:00,17280488
T47_3,20251003_140000.WAV,2025-10-03,14:00:00,17280488
T47_3,20251003_180000.WAV,2025-10-03,18:00:00,17280488
T47_3,20251004_000000.WAV,2025-10-04,00:00:00,17280488
T47_3,20251004_040000.WAV,2025-10-04,04:00:00,17280488
T47_3,20251004_110000.WAV,2025-10-04,11:00:00,17280488
T47_3,20251004_140000.WAV,2025-10-04,14:00:00,17280488
T47_3,20251004_180000.WAV,2025-10-04,18:00:00,17280488
T47_3,20251005_000000.WAV,2025-10-05,00:00:00,17280488
T47_3,20251005_040000.WAV,2025-10-05,04:00:00,17280488
T47_3,20251005_110000.WAV,2025-10-05,11:00:00,17280488
T47_3,20251005_140000.WAV,2025-10-05,14:00:00,17280488
T47_3,20251005_180000.WAV,2025-10-05,18:00:00,17280488
T47_3,20251006_000000.WAV,2025-10-06,00:00:00,17280488
T47_3,20251006_040000.WAV,2025-10-06,04:00:00,17280488
T47_3,20251006_110000.WAV,2025-10-06,11:00:00,17280488
T47_3,20251006_140000.WAV,2025-10-06,14:00:00,17280488
T47_3,20251006_180000.WAV,2025-10-06,18:00:00,17280488
T47_3,20251007_000000.WAV,2025-10-07,00:00:00,17280488
T47_3,20251007_040000.WAV,2025-10-07,04:00:00,17280488
T47_3,20251007_110000.WAV,2025-10-07,11:00:00,17280488
T47_3,20251007_140000.WAV,2025-10-07,14:00:00,17280488
T47_3,20251007_180000.WAV,2025-10-07,18:00:00,17280488
T47_3,20251008_000000.WAV,2025-10-08,00:00:00,17280488
T47_3,20251008_040000.WAV,2025-10-08,04:00:00,17280488
T47_3,20251008_110000.WAV,2025-10-08,11:00:00,17280488
T47_3,20251008_140000.WAV,2025-10-08,14:00:00,17280488
T47_3,20251008_180000.WAV,2025-10-08,18:00:00,17280488
T47_3,20251009_000000.WAV,2025-10-09,00:00:00,17280488
T47_3,20251009_040000.WAV,2025-10-09,04:00:00,17280488
T47_3,20251009_110000.WAV,2025-10-09,11:00:00,17280488
T47_3,20251009_140000.WAV,2025-10-09,14:00:00,17280488
T47_3,20251009_180000.WAV,2025-10-09,18:00:00,17280488
T47_3,20251010_000000.WAV,2025-10-10,00:00:00,17280488
T47_3,20251010_040000.WAV,2025-10-10,04:00:00,17280488
T47_3,20251010_110000.WAV,2025-10-10,11:00:00,17280488
T47_3,20251010_140000.WAV,2025-10-10,14:00:00,17280488
T47_3,20251010_180000.WAV,2025-10-10,18:00:00,17280488
T47_3,20251011_000000.WAV,2025-10-11,00:00:00,17280488
T47_3,20251011_040000.WAV,2025-10-11,04:00:00,17280488
T47_3,20251011_110000.WAV,2025-10-11,11:00:00,17280488
T47_3,20251011_140000.WAV,2025-10-11,14:00:00,17280488
T47_3,20251011_180000.WAV,2025-10-11,18:00:00,17280488
T47_3,20251012_000000.WAV,2025-10-12,00:00:00,17280488
T47_3,20251012_040000.WAV,2025-10-12,04:00:00,17280488
T47_3,20251012_110000.WAV,2025-10-12,11:00:00,17280488
T47_3,20251012_140000.WAV,2025-10-12,14:00:00,17280488
T47_3,20251012_180000.WAV,2025-10-12,18:00:00,17280488
T47_3,20251013_000000.WAV,2025-10-13,00:00:00,17280488
T47_3,20251013_040000.WAV,2025-10-13,04:00:00,17280488
T47_3,20251013_110000.WAV,2025-10-13,11:00:00,17280488
T47_3,20251013_140000.WAV,2025-10-13,14:00:00,17280488
T47_3,20251013_180000.WAV,2025-10-13,18:00:00,17280488
T47_3,20251014_000000.WAV,2025-10-14,00:00:00,17280488
T47_3,20251014_040000.WAV,2025-10-14,04:00:00,17280488
T47_3,20251014_110000.WAV,2025-10-14,11:00:00,17280488
T47_3,20251014_140000.WAV,2025-10-14,14:00:00,17280488
T47_3,20251014_180000.WAV,2025-10-14,18:00:00,17280488
T47_3,20251015_000000.WAV,2025-10-15,00:00:00,17280488
T47_3,20251015_040000.WAV,2025-10-15,04:00:00,17280488
T47_3,20251015_110000.WAV,2025-10-15,11:00:00,17280488
T47_3,20251015_140000.WAV,2025-10-15,14:00:00,17280488
T47_3,20251015_180000.WAV,2025-10-15,18:00:00,17280488
T47_3,20251016_000000.WAV,2025-10-16,00:00:00,17280488
T47_3,20251016_040000.WAV,2025-10-16,04:00:00,17280488
T47_3,20251016_110000.WAV,2025-10-16,11:00:00,17280488
T47_3,20251016_140000.WAV,2025-10-16,14:00:00,17280488
T47_3,20251016_180000.WAV,2025-10-16,18:00:00,17280488
T47_3,20251017_000000.WAV,2025-10-17,00:00:00,17280488
T47_3,20251017_040000.WAV,2025-10-17,04:00:00,17280488
T47_3,20251017_110000.WAV,2025-10-17,11:00:00,17280488
T47_3,20251017_140000.WAV,2025-10-17,14:00:00,17280488
T47_3,20251017_180000.WAV,2025-10-17,18:00:00,17280488
T47_3,20251018_000000.WAV,2025-10-18,00:00:00,17280488
T47_3,20251018_040000.WAV,2025-10-18,04:00:00,17280488
T47_3,20251018_110000.WAV,2025-10-18,11:00:00,17280488
T47_3,20251018_140000.WAV,2025-10-18,14:00:00,17280488
T47_3,20251018_180000.WAV,2025-10-18,18:00:00,17280488
T47_3,20251019_000000.WAV,2025-10-19,00:00:00,17280488
T47_3,20251019_040000.WAV,2025-10-19,04:00:00,17280488
T47_3,20251019_110000.WAV,2025-10-19,11:00:00,17280488
T47_3,20251019_140000.WAV,2025-10-19,14:00:00,17280488
T47_3,20251019_180000.WAV,2025-10-19,18:00:00,17280488
T47_3,20251020_000000.WAV,2025-10-20,00:00:00,17280488
T47_3,20251020_040000.WAV,2025-10-20,04:00:00,17280488
T47_3,20251020_110000.WAV,2025-10-20,11:00:00,17280488
T47_3,20251020_140000.WAV,2025-10-20,14:00:00,17280488
T47_3,20251020_180000.WAV,2025-10-20,18:00:00,17280488
T47_3,20251021_000000.WAV,2025-10-21,00:00:00,17280488
T47_3,20251021_040000.WAV,2025-10-21,04:00:00,17280488
T47_3,20251021_110000.WAV,2025-10-21,11:00:00,17280488
T47_3,20251021_140000.WAV,2025-10-21,14:00:00,17280488
T47_3,20251021_180000.WAV,2025-10-21,18:00:00,17280488
T47_3,20251022_000000.WAV,2025-10-22,00:00:00,17280488
T47_3,20251022_040000.WAV,2025-10-22,04:00:00,17280488
T47_3,20251022_110000.WAV,2025-10-22,11:00:00,17280488
T47_3,20251022_140000.WAV,2025-10-22,14:00:00,17280488
T47_3,20251022_180000.WAV,2025-10-22,18:00:00,17280488
T47_3,20251023_000000.WAV,2025-10-23,00:00:00,17280488
T47_3,20251023_040000.WAV,2025-10-23,04:00:00,17280488
T47_3,20251023_110000.WAV,2025-10-23,11:00:00,17280488
T47_3,20251023_140000.WAV,2025-10-23,14:00:00,17280488
T47_3,20251023_180000.WAV,2025-10-23,18:00:00,17280488
T47_3,20251024_000000.WAV,2025-10-24,00:00:00,17280488
T47_3,20251024_040000.WAV,2025-10-24,04:00:00,17280488
T47_3,20251024_110000.WAV,2025-10-24,11:00:00,17280488
T47_3,20251024_140000.WAV,2025-10-24,14:00:00,17280488
T47_3,20251024_180000.WAV,2025-10-24,18:00:00,17280488
T47_3,20251025_000000.WAV,2025-10-25,00:00:00,17280488
T47_3,20251025_040000.WAV,2025-10-25,04:00:00,17280488
T47_3,20251025_110000.WAV,2025-10-25,11:00:00,17280488
T47_3,20251025_140000.WAV,2025-10-25,14:00:00,17280488
T47_3,20251025_180000.WAV,2025-10-25,18:00:00,17280488
T47_3,20251026_000000.WAV,2025-10-26,00:00:00,17280488
T47_3,20251026_040000.WAV,2025-10-26,04:00:00,17280488
T47_3,20251026_110000.WAV,2025-10-26,11:00:00,17280488
T47_3,20251026_140000.WAV,2025-10-26,14:00:00,17280488
T47_3,20251026_180000.WAV,2025-10-26,18:00:00,17280488
T48,20250428_180000.WAV,2025-04-28,18:00:00,17280488
T48,20250429_000000.WAV,2025-04-29,00:00:00,17280488
T48,20250429_040000.WAV,2025-04-29,04:00:00,17280488
T48,20250429_110000.WAV,2025-04-29,11:00:00,17280488
T48,20250429_140000.WAV,2025-04-29,14:00:00,17280488
T48,20250429_180000.WAV,2025-04-29,18:00:00,17280488
T48,20250430_000000.WAV,2025-04-30,00:00:00,17280488
T48,20250430_040000.WAV,2025-04-30,04:00:00,17280488
T48,20250430_110000.WAV,2025-04-30,11:00:00,17280488
T48,20250430_140000.WAV,2025-04-30,14:00:00,17280488
T48,20250430_180000.WAV,2025-04-30,18:00:00,17280488
T48,20250501_000000.WAV,2025-05-01,00:00:00,17280488
T48,20250501_040000.WAV,2025-05-01,04:00:00,17280488
T48,20250501_110000.WAV,2025-05-01,11:00:00,17280488
T48,20250501_140000.WAV,2025-05-01,14:00:00,17280488
T48,20250501_180000.WAV,2025-05-01,18:00:00,17280488
T48,20250502_000000.WAV,2025-05-02,00:00:00,17280488
T48,20250502_040000.WAV,2025-05-02,04:00:00,17280488
T48,20250502_110000.WAV,2025-05-02,11:00:00,17280488
T48,20250502_140000.WAV,2025-05-02,14:00:00,17280488
T48,20250502_180000.WAV,2025-05-02,18:00:00,17280488
T48,20250503_000000.WAV,2025-05-03,00:00:00,17280488
T48,20250503_040000.WAV,2025-05-03,04:00:00,17280488
T48,20250503_110000.WAV,2025-05-03,11:00:00,17280488
T48,20250503_140000.WAV,2025-05-03,14:00:00,17280488
T48,20250503_180000.WAV,2025-05-03,18:00:00,17280488
T48,20250504_000000.WAV,2025-05-04,00:00:00,17280488
T48,20250504_040000.WAV,2025-05-04,04:00:00,17280488
T48,20250504_110000.WAV,2025-05-04,11:00:00,17280488
T48,20250504_140000.WAV,2025-05-04,14:00:00,17280488
T48,20250504_180000.WAV,2025-05-04,18:00:00,17280488
T48,20250505_000000.WAV,2025-05-05,00:00:00,17280488
T48,20250505_040000.WAV,2025-05-05,04:00:00,17280488
T48,20250505_110000.WAV,2025-05-05,11:00:00,17280488
T48,20250505_140000.WAV,2025-05-05,14:00:00,17280488
T48,20250505_180000.WAV,2025-05-05,18:00:00,17280488
T48,20250506_000000.WAV,2025-05-06,00:00:00,17280488
T48,20250506_040000.WAV,2025-05-06,04:00:00,17280488
T48,20250506_110000.WAV,2025-05-06,11:00:00,17280488
T48,20250506_140000.WAV,2025-05-06,14:00:00,17280488
T48,20250506_180000.WAV,2025-05-06,18:00:00,17280488
T48,20250507_000000.WAV,2025-05-07,00:00:00,17280488
T48,20250507_040000.WAV,2025-05-07,04:00:00,17280488
T48,20250507_110000.WAV,2025-05-07,11:00:00,17280488
T48,20250507_140000.WAV,2025-05-07,14:00:00,17280488
T48,20250507_180000.WAV,2025-05-07,18:00:00,17280488
T48,20250508_000000.WAV,2025-05-08,00:00:00,17280488
T48,20250508_040000.WAV,2025-05-08,04:00:00,17280488
T48,20250508_110000.WAV,2025-05-08,11:00:00,17280488
T48,20250508_140000.WAV,2025-05-08,14:00:00,17280488
T48,20250508_180000.WAV,2025-05-08,18:00:00,17280488
T48,20250509_000000.WAV,2025-05-09,00:00:00,17280488
T48,20250509_040000.WAV,2025-05-09,04:00:00,17280488
T48,20250509_110000.WAV,2025-05-09,11:00:00,17280488
T48,20250509_140000.WAV,2025-05-09,14:00:00,17280488
T48,20250509_180000.WAV,2025-05-09,18:00:00,17280488
T48,20250510_000000.WAV,2025-05-10,00:00:00,17280488
T48,20250510_040000.WAV,2025-05-10,04:00:00,17280488
T48,20250510_110000.WAV,2025-05-10,11:00:00,17280488
T48,20250510_140000.WAV,2025-05-10,14:00:00,17280488
T48,20250510_180000.WAV,2025-05-10,18:00:00,17280488
T48,20250511_000000.WAV,2025-05-11,00:00:00,17280488
T48,20250511_040000.WAV,2025-05-11,04:00:00,17280488
T48,20250511_110000.WAV,2025-05-11,11:00:00,17280488
T48,20250511_140000.WAV,2025-05-11,14:00:00,17280488
T48,20250511_180000.WAV,2025-05-11,18:00:00,17280488
T48,20250512_000000.WAV,2025-05-12,00:00:00,17280488
T48,20250512_040000.WAV,2025-05-12,04:00:00,17280488
T48,20250512_110000.WAV,2025-05-12,11:00:00,17280488
T48,20250512_140000.WAV,2025-05-12,14:00:00,17280488
T48,20250512_180000.WAV,2025-05-12,18:00:00,17280488
T48,20250513_000000.WAV,2025-05-13,00:00:00,17280488
T48,20250513_040000.WAV,2025-05-13,04:00:00,17280488
T48,20250513_110000.WAV,2025-05-13,11:00:00,17280488
T48,20250513_140000.WAV,2025-05-13,14:00:00,17280488
T48,20250513_180000.WAV,2025-05-13,18:00:00,17280488
T48,20250514_000000.WAV,2025-05-14,00:00:00,17280488
T48,20250514_040000.WAV,2025-05-14,04:00:00,17280488
T48,20250514_110000.WAV,2025-05-14,11:00:00,17280488
T48,20250514_140000.WAV,2025-05-14,14:00:00,17280488
T48,20250514_180000.WAV,2025-05-14,18:00:00,17280488
T48,20250515_000000.WAV,2025-05-15,00:00:00,17280488
T48,20250515_040000.WAV,2025-05-15,04:00:00,17280488
T48,20250515_110000.WAV,2025-05-15,11:00:00,17280488
T48,20250515_140000.WAV,2025-05-15,14:00:00,17280488
T48,20250515_180000.WAV,2025-05-15,18:00:00,17280488
T48,20250516_000000.WAV,2025-05-16,00:00:00,17280488
T48,20250516_040000.WAV,2025-05-16,04:00:00,17280488
T48,20250516_110000.WAV,2025-05-16,11:00:00,17280488
T48,20250516_140000.WAV,2025-05-16,14:00:00,17280488
T48,20250516_180000.WAV,2025-05-16,18:00:00,17280488
T48,20250517_000000.WAV,2025-05-17,00:00:00,17280488
T48,20250517_040000.WAV,2025-05-17,04:00:00,17280488
T48,20250517_110000.WAV,2025-05-17,11:00:00,17280488
T48,20250517_140000.WAV,2025-05-17,14:00:00,17280488
T48,20250517_180000.WAV,2025-05-17,18:00:00,17280488
T48,20250518_000000.WAV,2025-05-18,00:00:00,17280488
T48,20250518_040000.WAV,2025-05-18,04:00:00,17280488
T48,20250518_110000.WAV,2025-05-18,11:00:00,17280488
T48,20250518_140000.WAV,2025-05-18,14:00:00,17280488
T48,20250518_180000.WAV,2025-05-18,18:00:00,17280488
T48,20250519_000000.WAV,2025-05-19,00:00:00,17280488
T48,20250519_040000.WAV,2025-05-19,04:00:00,17280488
T48,20250519_110000.WAV,2025-05-19,11:00:00,17280488
T48,20250519_140000.WAV,2025-05-19,14:00:00,17280488
T48,20250519_180000.WAV,2025-05-19,18:00:00,17280488
T48,20250520_000000.WAV,2025-05-20,00:00:00,17280488
T48,20250520_040000.WAV,2025-05-20,04:00:00,17280488
T48,20250520_110000.WAV,2025-05-20,11:00:00,17280488
T48,20250520_140000.WAV,2025-05-20,14:00:00,17280488
T48,20250520_180000.WAV,2025-05-20,18:00:00,17280488
T48,20250521_000000.WAV,2025-05-21,00:00:00,17280488
T48,20250521_040000.WAV,2025-05-21,04:00:00,17280488
T48,20250521_110000.WAV,2025-05-21,11:00:00,17280488
T48,20250521_140000.WAV,2025-05-21,14:00:00,17280488
T48,20250521_180000.WAV,2025-05-21,18:00:00,17280488
T48,20250522_000000.WAV,2025-05-22,00:00:00,17280488
T48,20250522_040000.WAV,2025-05-22,04:00:00,17280488
T48,20250522_110000.WAV,2025-05-22,11:00:00,17280488
T48,20250522_140000.WAV,2025-05-22,14:00:00,17280488
T48,20250522_180000.WAV,2025-05-22,18:00:00,17280488
T48,20250523_000000.WAV,2025-05-23,00:00:00,17280488
T48,20250523_040000.WAV,2025-05-23,04:00:00,17280488
T48,20250523_110000.WAV,2025-05-23,11:00:00,17280488
T48,20250523_140000.WAV,2025-05-23,14:00:00,17280488
T48,20250523_180000.WAV,2025-05-23,18:00:00,17280488
T48,20250524_000000.WAV,2025-05-24,00:00:00,17280488
T48,20250524_040000.WAV,2025-05-24,04:00:00,17280488
T48,20250524_110000.WAV,2025-05-24,11:00:00,17280488
T48,20250524_140000.WAV,2025-05-24,14:00:00,17280488
T48,20250524_180000.WAV,2025-05-24,18:00:00,17280488
T48,20250525_000000.WAV,2025-05-25,00:00:00,17280488
T48,20250525_040000.WAV,2025-05-25,04:00:00,17280488
T48,20250525_110000.WAV,2025-05-25,11:00:00,17280488
T48,20250525_140000.WAV,2025-05-25,14:00:00,17280488
T48,20250525_180000.WAV,2025-05-25,18:00:00,17280488
T48,20250526_000000.WAV,2025-05-26,00:00:00,17280488
T48,20250526_040000.WAV,2025-05-26,04:00:00,17280488
T48,20250526_110000.WAV,2025-05-26,11:00:00,17280488
T48,20250526_140000.WAV,2025-05-26,14:00:00,17280488
T48,20250526_180000.WAV,2025-05-26,18:00:00,17280488
T48,20250527_000000.WAV,2025-05-27,00:00:00,17280488
T48,20250527_040000.WAV,2025-05-27,04:00:00,17280488
T48,20250527_110000.WAV,2025-05-27,11:00:00,17280488
T48,20250527_140000.WAV,2025-05-27,14:00:00,17280488
T48,20250527_180000.WAV,2025-05-27,18:00:00,17280488
T48,20250528_000000.WAV,2025-05-28,00:00:00,17280488
T48,20250528_040000.WAV,2025-05-28,04:00:00,17280488
T48,20250528_110000.WAV,2025-05-28,11:00:00,17280488
T48,20250528_140000.WAV,2025-05-28,14:00:00,17280488
T48,20250528_180000.WAV,2025-05-28,18:00:00,17280488
T48,20250529_000000.WAV,2025-05-29,00:00:00,17280488
T48,20250529_040000.WAV,2025-05-29,04:00:00,17280488
T48,20250529_110000.WAV,2025-05-29,11:00:00,17280488
T48,20250529_140000.WAV,2025-05-29,14:00:00,17280488
T48,20250529_180000.WAV,2025-05-29,18:00:00,17280488
T48,20250530_000000.WAV,2025-05-30,00:00:00,17280488
T48,20250530_040000.WAV,2025-05-30,04:00:00,17280488
T48,20250530_110000.WAV,2025-05-30,11:00:00,17280488
T48,20250530_140000.WAV,2025-05-30,14:00:00,17280488
T48,20250530_180000.WAV,2025-05-30,18:00:00,17280488
T48,20250531_000000.WAV,2025-05-31,00:00:00,17280488
T48,20250531_040000.WAV,2025-05-31,04:00:00,17280488
T48,20250531_110000.WAV,2025-05-31,11:00:00,17280488
T48,20250531_140000.WAV,2025-05-31,14:00:00,17280488
T48,20250531_180000.WAV,2025-05-31,18:00:00,17280488
T48,20250601_000000.WAV,2025-06-01,00:00:00,17280488
T48,20250601_040000.WAV,2025-06-01,04:00:00,17280488
T48,20250601_110000.WAV,2025-06-01,11:00:00,17280488
T48,20250601_140000.WAV,2025-06-01,14:00:00,17280488
T48,20250601_180000.WAV,2025-06-01,18:00:00,17280488
T48,20250602_000000.WAV,2025-06-02,00:00:00,17280488
T48,20250602_040000.WAV,2025-06-02,04:00:00,17280488
T48,20250602_110000.WAV,2025-06-02,11:00:00,17280488
T48,20250602_140000.WAV,2025-06-02,14:00:00,17280488
T48,20250602_180000.WAV,2025-06-02,18:00:00,17280488
T48,20250603_000000.WAV,2025-06-03,00:00:00,17280488
T48,20250603_040000.WAV,2025-06-03,04:00:00,17280488
T48,20250603_110000.WAV,2025-06-03,11:00:00,17280488
T48,20250603_140000.WAV,2025-06-03,14:00:00,17280488
T48,20250603_180000.WAV,2025-06-03,18:00:00,17280488
T48,20250604_000000.WAV,2025-06-04,00:00:00,17280488
T48,20250604_040000.WAV,2025-06-04,04:00:00,17280488
T48,20250604_110000.WAV,2025-06-04,11:00:00,17280488
T48,20250604_140000.WAV,2025-06-04,14:00:00,17280488
T48,20250604_180000.WAV,2025-06-04,18:00:00,17280488
T48,20250605_000000.WAV,2025-06-05,00:00:00,17280488
T48,20250605_040000.WAV,2025-06-05,04:00:00,17280488
T48,20250605_110000.WAV,2025-06-05,11:00:00,17280488
T48,20250605_140000.WAV,2025-06-05,14:00:00,17280488
T48,20250605_180000.WAV,2025-06-05,18:00:00,17280488
T48,20250606_000000.WAV,2025-06-06,00:00:00,17280488
T48,20250606_040000.WAV,2025-06-06,04:00:00,17280488
T48,20250606_110000.WAV,2025-06-06,11:00:00,17280488
T48,20250606_140000.WAV,2025-06-06,14:00:00,17280488
T48,20250606_180000.WAV,2025-06-06,18:00:00,17280488
T48,20250607_000000.WAV,2025-06-07,00:00:00,17280488
T48,20250607_040000.WAV,2025-06-07,04:00:00,17280488
T48,20250607_110000.WAV,2025-06-07,11:00:00,17280488
T48,20250607_140000.WAV,2025-06-07,14:00:00,17280488
T48,20250607_180000.WAV,2025-06-07,18:00:00,17280488
T48,20250608_000000.WAV,2025-06-08,00:00:00,17280488
T48,20250608_040000.WAV,2025-06-08,04:00:00,17280488
T48,20250608_110000.WAV,2025-06-08,11:00:00,17280488
T48,20250608_140000.WAV,2025-06-08,14:00:00,17280488
T48,20250608_180000.WAV,2025-06-08,18:00:00,17280488
T48,20250609_000000.WAV,2025-06-09,00:00:00,17280488
T48,20250609_040000.WAV,2025-06-09,04:00:00,17280488
T48,20250609_110000.WAV,2025-06-09,11:00:00,17280488
T48,20250609_140000.WAV,2025-06-09,14:00:00,17280488
T48,20250609_180000.WAV,2025-06-09,18:00:00,17280488
T48,20250610_000000.WAV,2025-06-10,00:00:00,17280488
T48,20250610_040000.WAV,2025-06-10,04:00:00,17280488
T48,20250610_110000.WAV,2025-06-10,11:00:00,17280488
T48,20250610_140000.WAV,2025-06-10,14:00:00,17280488
T48,20250610_180000.WAV,2025-06-10,18:00:00,17280488
T48,20250611_000000.WAV,2025-06-11,00:00:00,17280488
T48,20250611_040000.WAV,2025-06-11,04:00:00,17280488
T48,20250611_110000.WAV,2025-06-11,11:00:00,17280488
T48,20250611_140000.WAV,2025-06-11,14:00:00,17280488
T48,20250611_180000.WAV,2025-06-11,18:00:00,17280488
T48,20250612_000000.WAV,2025-06-12,00:00:00,17280488
T48,20250612_040000.WAV,2025-06-12,04:00:00,17280488
T48,20250612_110000.WAV,2025-06-12,11:00:00,17280488
T48,20250612_140000.WAV,2025-06-12,14:00:00,17280488
T48,20250612_180000.WAV,2025-06-12,18:00:00,17280488
T48,20250613_000000.WAV,2025-06-13,00:00:00,17280488
T48,20250613_040000.WAV,2025-06-13,04:00:00,17280488
T48,20250613_110000.WAV,2025-06-13,11:00:00,17280488
T48,20250613_140000.WAV,2025-06-13,14:00:00,17280488
T48,20250613_180000.WAV,2025-06-13,18:00:00,17280488
T48,20250614_000000.WAV,2025-06-14,00:00:00,17280488
T48,20250614_040000.WAV,2025-06-14,04:00:00,17280488
T48,20250614_110000.WAV,2025-06-14,11:00:00,17280488
T48,20250614_140000.WAV,2025-06-14,14:00:00,17280488
T48,20250614_180000.WAV,2025-06-14,18:00:00,17280488
T48,20250615_000000.WAV,2025-06-15,00:00:00,17280488
T48,20250615_040000.WAV,2025-06-15,04:00:00,17280488
T48,20250615_110000.WAV,2025-06-15,11:00:00,17280488
T48,20250615_140000.WAV,2025-06-15,14:00:00,17280488
T48,20250615_180000.WAV,2025-06-15,18:00:00,17280488
T48,20250616_000000.WAV,2025-06-16,00:00:00,17280488
T48,20250616_040000.WAV,2025-06-16,04:00:00,17280488
T48,20250616_110000.WAV,2025-06-16,11:00:00,17280488
T48,20250616_140000.WAV,2025-06-16,14:00:00,17280488
T48,20250616_180000.WAV,2025-06-16,18:00:00,17280488
T48,20250617_000000.WAV,2025-06-17,00:00:00,17280488
T48,20250617_040000.WAV,2025-06-17,04:00:00,17280488
T48,20250617_110000.WAV,2025-06-17,11:00:00,17280488
T48,20250617_140000.WAV,2025-06-17,14:00:00,17280488
T48,20250617_180000.WAV,2025-06-17,18:00:00,17280488
T48,20250618_000000.WAV,2025-06-18,00:00:00,17280488
T48,20250618_040000.WAV,2025-06-18,04:00:00,17280488
T48,20250618_110000.WAV,2025-06-18,11:00:00,17280488
T48,20250618_140000.WAV,2025-06-18,14:00:00,17280488
T48,20250618_180000.WAV,2025-06-18,18:00:00,17280488
T48,20250619_000000.WAV,2025-06-19,00:00:00,17280488
T48,20250619_040000.WAV,2025-06-19,04:00:00,17280488
T48,20250619_110000.WAV,2025-06-19,11:00:00,17280488
T48,20250619_140000.WAV,2025-06-19,14:00:00,17280488
T48,20250619_180000.WAV,2025-06-19,18:00:00,17280488
T48,20250620_000000.WAV,2025-06-20,00:00:00,17280488
T48,20250620_040000.WAV,2025-06-20,04:00:00,17280488
T48,20250620_110000.WAV,2025-06-20,11:00:00,17280488
T48,20250620_140000.WAV,2025-06-20,14:00:00,17280488
T48,20250620_180000.WAV,2025-06-20,18:00:00,17280488
T48,20250621_000000.WAV,2025-06-21,00:00:00,17280488
T48,20250621_040000.WAV,2025-06-21,04:00:00,17280488
T48,20250621_110000.WAV,2025-06-21,11:00:00,17280488
T48,20250621_140000.WAV,2025-06-21,14:00:00,17280488
T48,20250621_180000.WAV,2025-06-21,18:00:00,17280488
T48,20250622_000000.WAV,2025-06-22,00:00:00,17280488
T48,20250622_040000.WAV,2025-06-22,04:00:00,17280488
T48,20250622_110000.WAV,2025-06-22,11:00:00,17280488
T48,20250622_140000.WAV,2025-06-22,14:00:00,17280488
T48,20250622_180000.WAV,2025-06-22,18:00:00,17280488
T48,20250623_000000.WAV,2025-06-23,00:00:00,17280488
T48,20250623_040000.WAV,2025-06-23,04:00:00,17280488
T48,20250623_110000.WAV,2025-06-23,11:00:00,17280488
T48,20250623_140000.WAV,2025-06-23,14:00:00,17280488
T48,20250623_180000.WAV,2025-06-23,18:00:00,17280488
T48,20250624_000000.WAV,2025-06-24,00:00:00,17280488
T48,20250624_040000.WAV,2025-06-24,04:00:00,17280488
T48,20250624_110000.WAV,2025-06-24,11:00:00,17280488
T48,20250624_140000.WAV,2025-06-24,14:00:00,17280488
T48,20250624_180000.WAV,2025-06-24,18:00:00,17280488
T48,20250625_000000.WAV,2025-06-25,00:00:00,17280488
T48,20250625_040000.WAV,2025-06-25,04:00:00,17280488
T48,20250625_110000.WAV,2025-06-25,11:00:00,17280488
T48,20250625_140000.WAV,2025-06-25,14:00:00,17280488
T48,20250625_180000.WAV,2025-06-25,18:00:00,17280488
T48,20250626_000000.WAV,2025-06-26,00:00:00,17280488
T48,20250626_040000.WAV,2025-06-26,04:00:00,17280488
T48,20250626_110000.WAV,2025-06-26,11:00:00,17280488
T48,20250626_140000.WAV,2025-06-26,14:00:00,17280488
T48,20250626_180000.WAV,2025-06-26,18:00:00,17280488
T48,20250627_000000.WAV,2025-06-27,00:00:00,17280488
T48,20250627_040000.WAV,2025-06-27,04:00:00,17280488
T48,20250627_110000.WAV,2025-06-27,11:00:00,17280488
T48,20250627_140000.WAV,2025-06-27,14:00:00,17280488
T48,20250627_180000.WAV,2025-06-27,18:00:00,17280488
T48,20250628_000000.WAV,2025-06-28,00:00:00,17280488
T48,20250628_040000.WAV,2025-06-28,04:00:00,17280488
T48,20250628_110000.WAV,2025-06-28,11:00:00,17280488
T48,20250628_140000.WAV,2025-06-28,14:00:00,17280488
T48,20250628_180000.WAV,2025-06-28,18:00:00,17280488
T48,20250629_000000.WAV,2025-06-29,00:00:00,17280488
T48,20250629_040000.WAV,2025-06-29,04:00:00,17280488
T48,20250629_110000.WAV,2025-06-29,11:00:00,17280488
T48,20250629_140000.WAV,2025-06-29,14:00:00,17280488
T48,20250629_180000.WAV,2025-06-29,18:00:00,17280488
T48,20250630_000000.WAV,2025-06-30,00:00:00,17280488
T48,20250630_040000.WAV,2025-06-30,04:00:00,17280488
T48,20250630_110000.WAV,2025-06-30,11:00:00,17280488
T48,20250630_140000.WAV,2025-06-30,14:00:00,17280488
T48,20250630_180000.WAV,2025-06-30,18:00:00,17280488
T48,20250701_000000.WAV,2025-07-01,00:00:00,17280488
T48,20250701_040000.WAV,2025-07-01,04:00:00,17280488
T48,20250701_110000.WAV,2025-07-01,11:00:00,17280488
T48,20250701_140000.WAV,2025-07-01,14:00:00,17280488
T48,20250701_180000.WAV,2025-07-01,18:00:00,17280488
T48,20250702_000000.WAV,2025-07-02,00:00:00,17280488
T48,20250702_040000.WAV,2025-07-02,04:00:00,17280488
T48,20250702_110000.WAV,2025-07-02,11:00:00,17280488
T48,20250702_140000.WAV,2025-07-02,14:00:00,17280488
T48,20250702_180000.WAV,2025-07-02,18:00:00,17280488
T48,20250703_000000.WAV,2025-07-03,00:00:00,17280488
T48,20250703_040000.WAV,2025-07-03,04:00:00,17280488
T48,20250703_110000.WAV,2025-07-03,11:00:00,17280488
T48,20250703_140000.WAV,2025-07-03,14:00:00,17280488
T48,20250703_180000.WAV,2025-07-03,18:00:00,17280488
T48,20250704_000000.WAV,2025-07-04,00:00:00,17280488
T48,20250704_040000.WAV,2025-07-04,04:00:00,17280488
T48,20250704_110000.WAV,2025-07-04,11:00:00,17280488
T48,20250704_140000.WAV,2025-07-04,14:00:00,17280488
T48,20250704_180000.WAV,2025-07-04,18:00:00,17280488
T48,20250705_000000.WAV,2025-07-05,00:00:00,17280488
T48,20250705_040000.WAV,2025-07-05,04:00:00,17280488
T48,20250705_110000.WAV,2025-07-05,11:00:00,17280488
T48,20250705_140000.WAV,2025-07-05,14:00:00,17280488
T48,20250705_180000.WAV,2025-07-05,18:00:00,17280488
T48,20250706_000000.WAV,2025-07-06,00:00:00,17280488
T48,20250706_040000.WAV,2025-07-06,04:00:00,17280488
T48,20250706_110000.WAV,2025-07-06,11:00:00,17280488
T48,20250706_140000.WAV,2025-07-06,14:00:00,17280488
T48,20250706_180000.WAV,2025-07-06,18:00:00,17280488
T48,20250707_000000.WAV,2025-07-07,00:00:00,17280488
T48,20250707_040000.WAV,2025-07-07,04:00:00,17280488
T48,20250707_110000.WAV,2025-07-07,11:00:00,17280488
T48,20250707_140000.WAV,2025-07-07,14:00:00,17280488
T48,20250707_180000.WAV,2025-07-07,18:00:00,17280488
T48,20250708_000000.WAV,2025-07-08,00:00:00,17280488
T48,20250708_040000.WAV,2025-07-08,04:00:00,17280488
T48,20250708_110000.WAV,2025-07-08,11:00:00,17280488
T48,20250708_140000.WAV,2025-07-08,14:00:00,17280488
T48,20250708_180000.WAV,2025-07-08,18:00:00,17280488
T48,20250709_000000.WAV,2025-07-09,00:00:00,17280488
T48,20250709_040000.WAV,2025-07-09,04:00:00,17280488
T48,20250709_110000.WAV,2025-07-09,11:00:00,17280488
T48,20250709_140000.WAV,2025-07-09,14:00:00,17280488
T48,20250709_180000.WAV,2025-07-09,18:00:00,17280488
T48,20250710_000000.WAV,2025-07-10,00:00:00,17280488
T48,20250710_040000.WAV,2025-07-10,04:00:00,17280488
T48,20250710_110000.WAV,2025-07-10,11:00:00,17280488
T48,20250710_140000.WAV,2025-07-10,14:00:00,17280488
T48,20250710_180000.WAV,2025-07-10,18:00:00,17280488
T48,20250711_000000.WAV,2025-07-11,00:00:00,17280488
T48,20250711_040000.WAV,2025-07-11,04:00:00,17280488
T48,20250711_110000.WAV,2025-07-11,11:00:00,17280488
T48,20250711_140000.WAV,2025-07-11,14:00:00,17280488
T48,20250711_180000.WAV,2025-07-11,18:00:00,17280488
T48,20250712_000000.WAV,2025-07-12,00:00:00,17280488
T48,20250712_040000.WAV,2025-07-12,04:00:00,17280488
T48,20250712_110000.WAV,2025-07-12,11:00:00,17280488
T48,20250712_140000.WAV,2025-07-12,14:00:00,17280488
T48,20250712_180000.WAV,2025-07-12,18:00:00,17280488
T48,20250713_000000.WAV,2025-07-13,00:00:00,17280488
T48,20250713_040000.WAV,2025-07-13,04:00:00,17280488
T48,20250713_110000.WAV,2025-07-13,11:00:00,17280488
T48,20250713_140000.WAV,2025-07-13,14:00:00,17280488
T48,20250713_180000.WAV,2025-07-13,18:00:00,17280488
T48,20250714_000000.WAV,2025-07-14,00:00:00,17280488
T48,20250714_040000.WAV,2025-07-14,04:00:00,17280488
T48,20250714_110000.WAV,2025-07-14,11:00:00,17280488
T48,20250714_140000.WAV,2025-07-14,14:00:00,17280488
T48,20250714_180000.WAV,2025-07-14,18:00:00,17280488
T48,20250715_000000.WAV,2025-07-15,00:00:00,17280488
T48,20250715_040000.WAV,2025-07-15,04:00:00,17280488
T48,20250715_110000.WAV,2025-07-15,11:00:00,17280488
T48,20250715_140000.WAV,2025-07-15,14:00:00,17280488
T48,20250715_180000.WAV,2025-07-15,18:00:00,17280488
T48,20250716_000000.WAV,2025-07-16,00:00:00,17280488
T48,20250716_040000.WAV,2025-07-16,04:00:00,17280488
T48,20250716_110000.WAV,2025-07-16,11:00:00,17280488
T48,20250716_140000.WAV,2025-07-16,14:00:00,17280488
T48,20250716_180000.WAV,2025-07-16,18:00:00,17280488
T48,20250717_000000.WAV,2025-07-17,00:00:00,17280488
T48,20250717_040000.WAV,2025-07-17,04:00:00,17280488
T48,20250717_110000.WAV,2025-07-17,11:00:00,17280488
T48,20250717_140000.WAV,2025-07-17,14:00:00,17280488
T48,20250717_180000.WAV,2025-07-17,18:00:00,17280488
T48,20250718_000000.WAV,2025-07-18,00:00:00,17280488
T48,20250718_040000.WAV,2025-07-18,04:00:00,17280488
T48,20250718_110000.WAV,2025-07-18,11:00:00,17280488
T48,20250718_140000.WAV,2025-07-18,14:00:00,17280488
T48,20250718_180000.WAV,2025-07-18,18:00:00,17280488
T48,20250719_000000.WAV,2025-07-19,00:00:00,17280488
T48,20250719_040000.WAV,2025-07-19,04:00:00,17280488
T48,20250719_110000.WAV,2025-07-19,11:00:00,17280488
T48,20250719_140000.WAV,2025-07-19,14:00:00,17280488
T48,20250719_180000.WAV,2025-07-19,18:00:00,17280488
T48,20250720_000000.WAV,2025-07-20,00:00:00,17280488
T48,20250720_040000.WAV,2025-07-20,04:00:00,17280488
T48,20250720_110000.WAV,2025-07-20,11:00:00,17280488
T48,20250720_140000.WAV,2025-07-20,14:00:00,17280488
T48,20250720_180000.WAV,2025-07-20,18:00:00,17280488
T48,20250721_000000.WAV,2025-07-21,00:00:00,17280488
T48,20250721_040000.WAV,2025-07-21,04:00:00,17280488
T48,20250721_110000.WAV,2025-07-21,11:00:00,17280488
T48,20250721_140000.WAV,2025-07-21,14:00:00,17280488
T48,20250721_180000.WAV,2025-07-21,18:00:00,17280488
T48,20250722_000000.WAV,2025-07-22,00:00:00,17280488
T48,20250722_040000.WAV,2025-07-22,04:00:00,17280488
T48,20250722_110000.WAV,2025-07-22,11:00:00,17280488
T48,20250722_140000.WAV,2025-07-22,14:00:00,17280488
T48,20250722_180000.WAV,2025-07-22,18:00:00,17280488
T48,20250723_000000.WAV,2025-07-23,00:00:00,17280488
T48,20250723_040000.WAV,2025-07-23,04:00:00,17280488
T48,20250723_110000.WAV,2025-07-23,11:00:00,17280488
T48,20250723_140000.WAV,2025-07-23,14:00:00,17280488
T48,20250723_180000.WAV,2025-07-23,18:00:00,17280488
T48,20250724_000000.WAV,2025-07-24,00:00:00,17280488
T48,20250724_040000.WAV,2025-07-24,04:00:00,17280488
T48,20250724_110000.WAV,2025-07-24,11:00:00,17280488
T48,20250724_140000.WAV,2025-07-24,14:00:00,17280488
T48,20250724_180000.WAV,2025-07-24,18:00:00,17280488
T48,20250725_000000.WAV,2025-07-25,00:00:00,17280488
T48,20250725_040000.WAV,2025-07-25,04:00:00,17280488
T48,20250725_110000.WAV,2025-07-25,11:00:00,17280488
T48,20250725_140000.WAV,2025-07-25,14:00:00,17280488
T48,20250725_180000.WAV,2025-07-25,18:00:00,17280488
T48,20250726_000000.WAV,2025-07-26,00:00:00,17280488
T48,20250726_040000.WAV,2025-07-26,04:00:00,17280488
T48,20250726_110000.WAV,2025-07-26,11:00:00,17280488
T48,20250726_140000.WAV,2025-07-26,14:00:00,17280488
T48,20250726_180000.WAV,2025-07-26,18:00:00,17280488
T48,20250727_000000.WAV,2025-07-27,00:00:00,17280488
T48,20250727_040000.WAV,2025-07-27,04:00:00,17280488
T48,20250727_110000.WAV,2025-07-27,11:00:00,17280488
T48,20250727_140000.WAV,2025-07-27,14:00:00,17280488
T48,20250727_180000.WAV,2025-07-27,18:00:00,17280488
T48,20250728_000000.WAV,2025-07-28,00:00:00,17280488
T48,20250728_040000.WAV,2025-07-28,04:00:00,17280488
T48,20250728_110000.WAV,2025-07-28,11:00:00,17280488
T48,20250728_140000.WAV,2025-07-28,14:00:00,17280488
T48,20250728_180000.WAV,2025-07-28,18:00:00,17280488
T48,20250729_000000.WAV,2025-07-29,00:00:00,17280488
T48,20250729_040000.WAV,2025-07-29,04:00:00,17280488
T48,20250729_110000.WAV,2025-07-29,11:00:00,17280488
T48,20250729_140000.WAV,2025-07-29,14:00:00,17280488
T48,20250729_180000.WAV,2025-07-29,18:00:00,17280488
T48,20250730_000000.WAV,2025-07-30,00:00:00,17280488
T48,20250730_040000.WAV,2025-07-30,04:00:00,17280488
T48,20250730_110000.WAV,2025-07-30,11:00:00,17280488
T48,20250730_140000.WAV,2025-07-30,14:00:00,17280488
T48,20250730_180000.WAV,2025-07-30,18:00:00,17280488
T48,20250731_000000.WAV,2025-07-31,00:00:00,17280488
T48,20250731_040000.WAV,2025-07-31,04:00:00,17280488
T48,20250731_110000.WAV,2025-07-31,11:00:00,17280488
T48,20250731_140000.WAV,2025-07-31,14:00:00,17280488
T48,20250731_180000.WAV,2025-07-31,18:00:00,17280488
T49_1,20250429_180000.WAV,2025-04-29,18:00:00,17280488
T49_1,20250430_000000.WAV,2025-04-30,00:00:00,17280488
T49_1,20250430_040000.WAV,2025-04-30,04:00:00,17280488
T49_1,20250430_110000.WAV,2025-04-30,11:00:00,17280488
T49_1,20250430_140000.WAV,2025-04-30,14:00:00,17280488
T49_1,20250430_180000.WAV,2025-04-30,18:00:00,17280488
T49_1,20250501_000000.WAV,2025-05-01,00:00:00,17280488
T49_1,20250501_040000.WAV,2025-05-01,04:00:00,17280488
T49_1,20250501_110000.WAV,2025-05-01,11:00:00,17280488
T49_1,20250501_140000.WAV,2025-05-01,14:00:00,17280488
T49_1,20250501_180000.WAV,2025-05-01,18:00:00,17280488
T49_1,20250502_000000.WAV,2025-05-02,00:00:00,17280488
T49_1,20250502_040000.WAV,2025-05-02,04:00:00,17280488
T49_1,20250502_110000.WAV,2025-05-02,11:00:00,17280488
T49_1,20250502_140000.WAV,2025-05-02,14:00:00,17280488
T49_1,20250502_180000.WAV,2025-05-02,18:00:00,17280488
T49_1,20250503_000000.WAV,2025-05-03,00:00:00,17280488
T49_1,20250503_040000.WAV,2025-05-03,04:00:00,17280488
T49_1,20250503_110000.WAV,2025-05-03,11:00:00,17280488
T49_1,20250503_140000.WAV,2025-05-03,14:00:00,17280488
T49_1,20250503_180000.WAV,2025-05-03,18:00:00,17280488
T49_1,20250504_000000.WAV,2025-05-04,00:00:00,17280488
T49_1,20250504_040000.WAV,2025-05-04,04:00:00,17280488
T49_1,20250504_110000.WAV,2025-05-04,11:00:00,17280488
T49_1,20250504_140000.WAV,2025-05-04,14:00:00,17280488
T49_1,20250504_180000.WAV,2025-05-04,18:00:00,17280488
T49_1,20250505_000000.WAV,2025-05-05,00:00:00,17280488
T49_1,20250505_040000.WAV,2025-05-05,04:00:00,17280488
T49_1,20250505_110000.WAV,2025-05-05,11:00:00,17280488
T49_1,20250505_140000.WAV,2025-05-05,14:00:00,17280488
T49_1,20250505_180000.WAV,2025-05-05,18:00:00,17280488
T49_1,20250506_000000.WAV,2025-05-06,00:00:00,17280488
T49_1,20250506_040000.WAV,2025-05-06,04:00:00,17280488
T49_1,20250506_110000.WAV,2025-05-06,11:00:00,17280488
T49_1,20250506_140000.WAV,2025-05-06,14:00:00,17280488
T49_1,20250506_180000.WAV,2025-05-06,18:00:00,17280488
T49_1,20250507_000000.WAV,2025-05-07,00:00:00,17280488
T49_1,20250507_040000.WAV,2025-05-07,04:00:00,17280488
T49_1,20250507_110000.WAV,2025-05-07,11:00:00,17280488
T49_1,20250507_140000.WAV,2025-05-07,14:00:00,17280488
T49_1,20250507_180000.WAV,2025-05-07,18:00:00,17280488
T49_1,20250508_000000.WAV,2025-05-08,00:00:00,17280488
T49_1,20250508_040000.WAV,2025-05-08,04:00:00,17280488
T49_1,20250508_110000.WAV,2025-05-08,11:00:00,17280488
T49_1,20250508_140000.WAV,2025-05-08,14:00:00,17280488
T49_1,20250508_180000.WAV,2025-05-08,18:00:00,17280488
T49_1,20250509_000000.WAV,2025-05-09,00:00:00,17280488
T49_1,20250509_040000.WAV,2025-05-09,04:00:00,17280488
T49_1,20250509_110000.WAV,2025-05-09,11:00:00,17280488
T49_1,20250509_140000.WAV,2025-05-09,14:00:00,17280488
T49_1,20250509_180000.WAV,2025-05-09,18:00:00,17280488
T49_1,20250510_000000.WAV,2025-05-10,00:00:00,17280488
T49_1,20250510_040000.WAV,2025-05-10,04:00:00,17280488
T49_1,20250510_110000.WAV,2025-05-10,11:00:00,17280488
T49_1,20250510_140000.WAV,2025-05-10,14:00:00,17280488
T49_1,20250510_180000.WAV,2025-05-10,18:00:00,17280488
T49_1,20250511_000000.WAV,2025-05-11,00:00:00,17280488
T49_1,20250511_040000.WAV,2025-05-11,04:00:00,17280488
T49_1,20250511_110000.WAV,2025-05-11,11:00:00,17280488
T49_1,20250511_140000.WAV,2025-05-11,14:00:00,17280488
T49_1,20250511_180000.WAV,2025-05-11,18:00:00,17280488
T49_1,20250512_000000.WAV,2025-05-12,00:00:00,17280488
T49_1,20250512_040000.WAV,2025-05-12,04:00:00,17280488
T49_1,20250512_110000.WAV,2025-05-12,11:00:00,17280488
T49_1,20250512_140000.WAV,2025-05-12,14:00:00,17280488
T49_1,20250512_180000.WAV,2025-05-12,18:00:00,17280488
T49_1,20250513_000000.WAV,2025-05-13,00:00:00,17280488
T49_1,20250513_040000.WAV,2025-05-13,04:00:00,17280488
T49_1,20250513_110000.WAV,2025-05-13,11:00:00,17280488
T49_1,20250513_140000.WAV,2025-05-13,14:00:00,17280488
T49_1,20250513_180000.WAV,2025-05-13,18:00:00,17280488
T49_1,20250514_000000.WAV,2025-05-14,00:00:00,17280488
T49_1,20250514_040000.WAV,2025-05-14,04:00:00,17280488
T49_1,20250514_110000.WAV,2025-05-14,11:00:00,17280488
T49_1,20250514_140000.WAV,2025-05-14,14:00:00,17280488
T49_1,20250514_180000.WAV,2025-05-14,18:00:00,17280488
T49_1,20250515_000000.WAV,2025-05-15,00:00:00,17280488
T49_1,20250515_040000.WAV,2025-05-15,04:00:00,17280488
T49_1,20250515_110000.WAV,2025-05-15,11:00:00,17280488
T49_1,20250515_140000.WAV,2025-05-15,14:00:00,17280488
T49_1,20250515_180000.WAV,2025-05-15,18:00:00,17280488
T49_1,20250516_000000.WAV,2025-05-16,00:00:00,17280488
T49_1,20250516_040000.WAV,2025-05-16,04:00:00,17280488
T49_1,20250516_110000.WAV,2025-05-16,11:00:00,17280488
T49_1,20250516_140000.WAV,2025-05-16,14:00:00,17280488
T49_1,20250516_180000.WAV,2025-05-16,18:00:00,17280488
T49_1,20250517_000000.WAV,2025-05-17,00:00:00,17280488
T49_1,20250517_040000.WAV,2025-05-17,04:00:00,17280488
T49_1,20250517_110000.WAV,2025-05-17,11:00:00,17280488
T49_1,20250517_140000.WAV,2025-05-17,14:00:00,17280488
T49_1,20250517_180000.WAV,2025-05-17,18:00:00,17280488
T49_1,20250518_000000.WAV,2025-05-18,00:00:00,17280488
T49_1,20250518_040000.WAV,2025-05-18,04:00:00,17280488
T49_1,20250518_110000.WAV,2025-05-18,11:00:00,17280488
T49_1,20250518_140000.WAV,2025-05-18,14:00:00,17280488
T49_1,20250518_180000.WAV,2025-05-18,18:00:00,17280488
T49_1,20250519_000000.WAV,2025-05-19,00:00:00,17280488
T49_1,20250519_040000.WAV,2025-05-19,04:00:00,17280488
T49_1,20250519_110000.WAV,2025-05-19,11:00:00,17280488
T49_1,20250519_140000.WAV,2025-05-19,14:00:00,17280488
T49_1,20250519_180000.WAV,2025-05-19,18:00:00,17280488
T49_1,20250520_000000.WAV,2025-05-20,00:00:00,17280488
T49_1,20250520_040000.WAV,2025-05-20,04:00:00,17280488
T49_1,20250520_110000.WAV,2025-05-20,11:00:00,17280488
T49_1,20250520_140000.WAV,2025-05-20,14:00:00,17280488
T49_1,20250520_180000.WAV,2025-05-20,18:00:00,17280488
T49_1,20250521_000000.WAV,2025-05-21,00:00:00,17280488
T49_1,20250521_040000.WAV,2025-05-21,04:00:00,17280488
T49_1,20250521_110000.WAV,2025-05-21,11:00:00,17280488
T49_1,20250521_140000.WAV,2025-05-21,14:00:00,17280488
T49_1,20250521_180000.WAV,2025-05-21,18:00:00,17280488
T49_1,20250522_000000.WAV,2025-05-22,00:00:00,17280488
T49_1,20250522_040000.WAV,2025-05-22,04:00:00,17280488
T49_1,20250522_110000.WAV,2025-05-22,11:00:00,17280488
T49_1,20250522_140000.WAV,2025-05-22,14:00:00,17280488
T49_1,20250522_180000.WAV,2025-05-22,18:00:00,17280488
T49_1,20250523_000000.WAV,2025-05-23,00:00:00,17280488
T49_1,20250523_040000.WAV,2025-05-23,04:00:00,17280488
T49_1,20250523_110000.WAV,2025-05-23,11:00:00,17280488
T49_1,20250523_140000.WAV,2025-05-23,14:00:00,17280488
T49_1,20250523_180000.WAV,2025-05-23,18:00:00,17280488
T49_1,20250524_000000.WAV,2025-05-24,00:00:00,17280488
T49_1,20250524_040000.WAV,2025-05-24,04:00:00,17280488
T49_1,20250524_110000.WAV,2025-05-24,11:00:00,17280488
T49_1,20250524_140000.WAV,2025-05-24,14:00:00,17280488
T49_1,20250524_180000.WAV,2025-05-24,18:00:00,17280488
T49_1,20250525_000000.WAV,2025-05-25,00:00:00,17280488
T49_1,20250525_040000.WAV,2025-05-25,04:00:00,17280488
T49_1,20250525_110000.WAV,2025-05-25,11:00:00,17280488
T49_1,20250525_140000.WAV,2025-05-25,14:00:00,17280488
T49_1,20250525_180000.WAV,2025-05-25,18:00:00,17280488
T49_1,20250526_000000.WAV,2025-05-26,00:00:00,17280488
T49_1,20250526_040000.WAV,2025-05-26,04:00:00,17280488
T49_1,20250526_110000.WAV,2025-05-26,11:00:00,17280488
T49_1,20250526_140000.WAV,2025-05-26,14:00:00,17280488
T49_1,20250526_180000.WAV,2025-05-26,18:00:00,17280488
T49_1,20250527_000000.WAV,2025-05-27,00:00:00,17280488
T49_1,20250527_040000.WAV,2025-05-27,04:00:00,17280488
T49_1,20250527_110000.WAV,2025-05-27,11:00:00,17280488
T49_1,20250527_140000.WAV,2025-05-27,14:00:00,17280488
T49_1,20250527_180000.WAV,2025-05-27,18:00:00,17280488
T49_1,20250528_000000.WAV,2025-05-28,00:00:00,17280488
T49_1,20250528_040000.WAV,2025-05-28,04:00:00,17280488
T49_1,20250528_110000.WAV,2025-05-28,11:00:00,17280488
T49_1,20250528_140000.WAV,2025-05-28,14:00:00,17280488
T49_1,20250528_180000.WAV,2025-05-28,18:00:00,17280488
T49_1,20250529_000000.WAV,2025-05-29,00:00:00,17280488
T49_1,20250529_040000.WAV,2025-05-29,04:00:00,17280488
T49_1,20250529_110000.WAV,2025-05-29,11:00:00,17280488
T49_1,20250529_140000.WAV,2025-05-29,14:00:00,17280488
T49_1,20250529_180000.WAV,2025-05-29,18:00:00,17280488
T49_1,20250530_000000.WAV,2025-05-30,00:00:00,17280488
T49_1,20250530_040000.WAV,2025-05-30,04:00:00,17280488
T49_1,20250530_110000.WAV,2025-05-30,11:00:00,17280488
T49_1,20250530_140000.WAV,2025-05-30,14:00:00,17280488
T49_1,20250530_180000.WAV,2025-05-30,18:00:00,17280488
T49_1,20250531_000000.WAV,2025-05-31,00:00:00,17280488
T49_1,20250531_040000.WAV,2025-05-31,04:00:00,17280488
T49_1,20250531_110000.WAV,2025-05-31,11:00:00,17280488
T49_1,20250531_140000.WAV,2025-05-31,14:00:00,17280488
T49_1,20250531_180000.WAV,2025-05-31,18:00:00,17280488
T49_1,20250601_000000.WAV,2025-06-01,00:00:00,17280488
T49_1,20250601_040000.WAV,2025-06-01,04:00:00,17280488
T49_1,20250601_110000.WAV,2025-06-01,11:00:00,17280488
T49_1,20250601_140000.WAV,2025-06-01,14:00:00,17280488
T49_1,20250601_180000.WAV,2025-06-01,18:00:00,17280488
T49_1,20250602_000000.WAV,2025-06-02,00:00:00,17280488
T49_1,20250602_040000.WAV,2025-06-02,04:00:00,17280488
T49_1,20250602_110000.WAV,2025-06-02,11:00:00,17280488
T49_1,20250602_140000.WAV,2025-06-02,14:00:00,17280488
T49_1,20250602_180000.WAV,2025-06-02,18:00:00,17280488
T49_1,20250603_000000.WAV,2025-06-03,00:00:00,17280488
T49_1,20250603_040000.WAV,2025-06-03,04:00:00,17280488
T49_1,20250603_110000.WAV,2025-06-03,11:00:00,17280488
T49_1,20250603_140000.WAV,2025-06-03,14:00:00,17280488
T49_1,20250603_180000.WAV,2025-06-03,18:00:00,17280488
T49_1,20250604_000000.WAV,2025-06-04,00:00:00,17280488
T49_1,20250604_040000.WAV,2025-06-04,04:00:00,17280488
T49_1,20250604_110000.WAV,2025-06-04,11:00:00,17280488
T49_1,20250604_140000.WAV,2025-06-04,14:00:00,17280488
T49_1,20250604_180000.WAV,2025-06-04,18:00:00,17280488
T49_1,20250605_000000.WAV,2025-06-05,00:00:00,17280488
T49_1,20250605_040000.WAV,2025-06-05,04:00:00,17280488
T49_1,20250605_110000.WAV,2025-06-05,11:00:00,17280488
T49_1,20250605_140000.WAV,2025-06-05,14:00:00,17280488
T49_1,20250605_180000.WAV,2025-06-05,18:00:00,17280488
T49_1,20250606_000000.WAV,2025-06-06,00:00:00,17280488
T49_1,20250606_040000.WAV,2025-06-06,04:00:00,17280488
T49_1,20250606_110000.WAV,2025-06-06,11:00:00,17280488
T49_1,20250606_140000.WAV,2025-06-06,14:00:00,17280488
T49_1,20250606_180000.WAV,2025-06-06,18:00:00,17280488
T49_1,20250607_000000.WAV,2025-06-07,00:00:00,17280488
T49_1,20250607_040000.WAV,2025-06-07,04:00:00,17280488
T49_1,20250607_110000.WAV,2025-06-07,11:00:00,17280488
T49_1,20250607_140000.WAV,2025-06-07,14:00:00,17280488
T49_1,20250607_180000.WAV,2025-06-07,18:00:00,17280488
T49_1,20250608_000000.WAV,2025-06-08,00:00:00,17280488
T49_1,20250608_040000.WAV,2025-06-08,04:00:00,17280488
T49_1,20250608_110000.WAV,2025-06-08,11:00:00,17280488
T49_1,20250608_140000.WAV,2025-06-08,14:00:00,17280488
T49_1,20250608_180000.WAV,2025-06-08,18:00:00,17280488
T49_1,20250609_000000.WAV,2025-06-09,00:00:00,17280488
T49_1,20250609_040000.WAV,2025-06-09,04:00:00,17280488
T49_1,20250609_110000.WAV,2025-06-09,11:00:00,17280488
T49_1,20250609_140000.WAV,2025-06-09,14:00:00,17280488
T49_1,20250609_180000.WAV,2025-06-09,18:00:00,17280488
T49_1,20250610_000000.WAV,2025-06-10,00:00:00,17280488
T49_1,20250610_040000.WAV,2025-06-10,04:00:00,17280488
T49_1,20250610_110000.WAV,2025-06-10,11:00:00,17280488
T49_1,20250610_140000.WAV,2025-06-10,14:00:00,17280488
T49_1,20250610_180000.WAV,2025-06-10,18:00:00,17280488
T49_1,20250611_000000.WAV,2025-06-11,00:00:00,17280488
T49_1,20250611_040000.WAV,2025-06-11,04:00:00,17280488
T49_1,20250611_110000.WAV,2025-06-11,11:00:00,17280488
T49_1,20250611_140000.WAV,2025-06-11,14:00:00,17280488
T49_1,20250611_180000.WAV,2025-06-11,18:00:00,17280488
T49_1,20250612_000000.WAV,2025-06-12,00:00:00,17280488
T49_1,20250612_040000.WAV,2025-06-12,04:00:00,17280488
T49_1,20250612_110000.WAV,2025-06-12,11:00:00,17280488
T49_1,20250612_140000.WAV,2025-06-12,14:00:00,17280488
T49_1,20250612_180000.WAV,2025-06-12,18:00:00,17280488
T49_1,20250613_000000.WAV,2025-06-13,00:00:00,17280488
T49_1,20250613_040000.WAV,2025-06-13,04:00:00,17280488
T49_1,20250613_110000.WAV,2025-06-13,11:00:00,17280488
T49_1,20250613_140000.WAV,2025-06-13,14:00:00,17280488
T49_1,20250613_180000.WAV,2025-06-13,18:00:00,17280488
T49_1,20250614_000000.WAV,2025-06-14,00:00:00,17280488
T49_1,20250614_040000.WAV,2025-06-14,04:00:00,17280488
T49_1,20250614_110000.WAV,2025-06-14,11:00:00,17280488
T49_1,20250614_140000.WAV,2025-06-14,14:00:00,17280488
T49_1,20250614_180000.WAV,2025-06-14,18:00:00,17280488
T49_1,20250615_000000.WAV,2025-06-15,00:00:00,17280488
T49_1,20250615_040000.WAV,2025-06-15,04:00:00,17280488
T49_1,20250615_110000.WAV,2025-06-15,11:00:00,17280488
T49_1,20250615_140000.WAV,2025-06-15,14:00:00,17280488
T49_1,20250615_180000.WAV,2025-06-15,18:00:00,17280488
T49_1,20250616_000000.WAV,2025-06-16,00:00:00,17280488
T49_1,20250616_040000.WAV,2025-06-16,04:00:00,17280488
T49_1,20250616_110000.WAV,2025-06-16,11:00:00,17280488
T49_1,20250616_140000.WAV,2025-06-16,14:00:00,17280488
T49_1,20250616_180000.WAV,2025-06-16,18:00:00,17280488
T49_1,20250617_000000.WAV,2025-06-17,00:00:00,17280488
T49_1,20250617_040000.WAV,2025-06-17,04:00:00,17280488
T49_1,20250617_110000.WAV,2025-06-17,11:00:00,17280488
T49_1,20250617_140000.WAV,2025-06-17,14:00:00,17280488
T49_1,20250617_180000.WAV,2025-06-17,18:00:00,17280488
T49_1,20250618_000000.WAV,2025-06-18,00:00:00,17280488
T49_1,20250618_040000.WAV,2025-06-18,04:00:00,17280488
T49_1,20250618_110000.WAV,2025-06-18,11:00:00,17280488
T49_1,20250618_140000.WAV,2025-06-18,14:00:00,17280488
T49_1,20250618_180000.WAV,2025-06-18,18:00:00,17280488
T49_1,20250619_000000.WAV,2025-06-19,00:00:00,17280488
T49_1,20250619_040000.WAV,2025-06-19,04:00:00,17280488
T49_1,20250619_110000.WAV,2025-06-19,11:00:00,17280488
T49_1,20250619_140000.WAV,2025-06-19,14:00:00,17280488
T49_1,20250619_180000.WAV,2025-06-19,18:00:00,17280488
T49_1,20250620_000000.WAV,2025-06-20,00:00:00,17280488
T49_1,20250620_040000.WAV,2025-06-20,04:00:00,17280488
T49_1,20250620_110000.WAV,2025-06-20,11:00:00,17280488
T49_1,20250620_140000.WAV,2025-06-20,14:00:00,17280488
T49_1,20250620_180000.WAV,2025-06-20,18:00:00,17280488
T49_1,20250621_000000.WAV,2025-06-21,00:00:00,17280488
T49_1,20250621_040000.WAV,2025-06-21,04:00:00,17280488
T49_1,20250621_110000.WAV,2025-06-21,11:00:00,17280488
T49_1,20250621_140000.WAV,2025-06-21,14:00:00,17280488
T49_1,20250621_180000.WAV,2025-06-21,18:00:00,17280488
T49_1,20250622_000000.WAV,2025-06-22,00:00:00,17280488
T49_1,20250622_040000.WAV,2025-06-22,04:00:00,17280488
T49_1,20250622_110000.WAV,2025-06-22,11:00:00,17280488
T49_1,20250622_140000.WAV,2025-06-22,14:00:00,17280488
T49_1,20250622_180000.WAV,2025-06-22,18:00:00,17280488
T49_1,20250623_000000.WAV,2025-06-23,00:00:00,17280488
T49_1,20250623_040000.WAV,2025-06-23,04:00:00,17280488
T49_1,20250623_110000.WAV,2025-06-23,11:00:00,17280488
T49_1,20250623_140000.WAV,2025-06-23,14:00:00,17280488
T49_1,20250623_180000.WAV,2025-06-23,18:00:00,17280488
T49_1,20250624_000000.WAV,2025-06-24,00:00:00,17280488
T49_1,20250624_040000.WAV,2025-06-24,04:00:00,17280488
T49_1,20250624_110000.WAV,2025-06-24,11:00:00,17280488
T49_1,20250624_140000.WAV,2025-06-24,14:00:00,17280488
T49_1,20250624_180000.WAV,2025-06-24,18:00:00,17280488
T49_1,20250625_000000.WAV,2025-06-25,00:00:00,17280488
T49_1,20250625_040000.WAV,2025-06-25,04:00:00,17280488
T49_1,20250625_110000.WAV,2025-06-25,11:00:00,17280488
T49_1,20250625_140000.WAV,2025-06-25,14:00:00,17280488
T49_1,20250625_180000.WAV,2025-06-25,18:00:00,17280488
T49_1,20250626_000000.WAV,2025-06-26,00:00:00,17280488
T49_1,20250626_040000.WAV,2025-06-26,04:00:00,17280488
T49_1,20250626_110000.WAV,2025-06-26,11:00:00,17280488
T49_1,20250626_140000.WAV,2025-06-26,14:00:00,17280488
T49_1,20250626_180000.WAV,2025-06-26,18:00:00,17280488
T49_1,20250627_000000.WAV,2025-06-27,00:00:00,17280488
T49_1,20250627_040000.WAV,2025-06-27,04:00:00,17280488
T49_1,20250627_110000.WAV,2025-06-27,11:00:00,17280488
T49_1,20250627_140000.WAV,2025-06-27,14:00:00,17280488
T49_1,20250627_180000.WAV,2025-06-27,18:00:00,17280488
T49_1,20250628_000000.WAV,2025-06-28,00:00:00,17280488
T49_1,20250628_040000.WAV,2025-06-28,04:00:00,17280488
T49_1,20250628_110000.WAV,2025-06-28,11:00:00,17280488
T49_1,20250628_140000.WAV,2025-06-28,14:00:00,17280488
T49_1,20250628_180000.WAV,2025-06-28,18:00:00,17280488
T49_1,20250629_000000.WAV,2025-06-29,00:00:00,17280488
T49_1,20250629_040000.WAV,2025-06-29,04:00:00,17280488
T49_1,20250629_110000.WAV,2025-06-29,11:00:00,17280488
T49_1,20250629_140000.WAV,2025-06-29,14:00:00,17280488
T49_1,20250629_180000.WAV,2025-06-29,18:00:00,17280488
T49_1,20250630_000000.WAV,2025-06-30,00:00:00,17280488
T49_1,20250630_040000.WAV,2025-06-30,04:00:00,17280488
T49_1,20250630_110000.WAV,2025-06-30,11:00:00,17280488
T49_1,20250630_140000.WAV,2025-06-30,14:00:00,17280488
T49_1,20250630_180000.WAV,2025-06-30,18:00:00,17280488
T49_1,20250701_000000.WAV,2025-07-01,00:00:00,17280488
T49_1,20250701_040000.WAV,2025-07-01,04:00:00,17280488
T49_1,20250701_110000.WAV,2025-07-01,11:00:00,17280488
T49_1,20250701_140000.WAV,2025-07-01,14:00:00,17280488
T49_1,20250701_180000.WAV,2025-07-01,18:00:00,17280488
T49_1,20250702_000000.WAV,2025-07-02,00:00:00,17280488
T49_1,20250702_040000.WAV,2025-07-02,04:00:00,17280488
T49_1,20250702_110000.WAV,2025-07-02,11:00:00,17280488
T49_1,20250702_140000.WAV,2025-07-02,14:00:00,17280488
T49_1,20250702_180000.WAV,2025-07-02,18:00:00,17280488
T49_1,20250703_000000.WAV,2025-07-03,00:00:00,17280488
T49_1,20250703_040000.WAV,2025-07-03,04:00:00,17280488
T49_1,20250703_110000.WAV,2025-07-03,11:00:00,17280488
T49_1,20250703_140000.WAV,2025-07-03,14:00:00,17280488
T49_1,20250703_180000.WAV,2025-07-03,18:00:00,17280488
T49_1,20250704_000000.WAV,2025-07-04,00:00:00,17280488
T49_1,20250704_040000.WAV,2025-07-04,04:00:00,17280488
T49_1,20250704_110000.WAV,2025-07-04,11:00:00,17280488
T49_1,20250704_140000.WAV,2025-07-04,14:00:00,17280488
T49_1,20250704_180000.WAV,2025-07-04,18:00:00,17280488
T49_1,20250705_000000.WAV,2025-07-05,00:00:00,17280488
T49_1,20250705_040000.WAV,2025-07-05,04:00:00,17280488
T49_1,20250705_110000.WAV,2025-07-05,11:00:00,17280488
T49_1,20250705_140000.WAV,2025-07-05,14:00:00,17280488
T49_1,20250705_180000.WAV,2025-07-05,18:00:00,17280488
T49_1,20250706_000000.WAV,2025-07-06,00:00:00,17280488
T49_1,20250706_040000.WAV,2025-07-06,04:00:00,17280488
T49_1,20250706_110000.WAV,2025-07-06,11:00:00,17280488
T49_1,20250706_140000.WAV,2025-07-06,14:00:00,17280488
T49_1,20250706_180000.WAV,2025-07-06,18:00:00,17280488
T49_1,20250707_000000.WAV,2025-07-07,00:00:00,17280488
T49_1,20250707_040000.WAV,2025-07-07,04:00:00,17280488
T49_1,20250707_110000.WAV,2025-07-07,11:00:00,17280488
T49_1,20250707_140000.WAV,2025-07-07,14:00:00,17280488
T49_1,20250707_180000.WAV,2025-07-07,18:00:00,17280488
T49_1,20250708_000000.WAV,2025-07-08,00:00:00,17280488
T49_1,20250708_040000.WAV,2025-07-08,04:00:00,17280488
T49_1,20250708_110000.WAV,2025-07-08,11:00:00,17280488
T49_1,20250708_140000.WAV,2025-07-08,14:00:00,17280488
T49_1,20250708_180000.WAV,2025-07-08,18:00:00,17280488
T49_1,20250709_000000.WAV,2025-07-09,00:00:00,17280488
T49_1,20250709_040000.WAV,2025-07-09,04:00:00,17280488
T49_1,20250709_110000.WAV,2025-07-09,11:00:00,17280488
T49_1,20250709_140000.WAV,2025-07-09,14:00:00,17280488
T49_1,20250709_180000.WAV,2025-07-09,18:00:00,17280488
T49_1,20250710_000000.WAV,2025-07-10,00:00:00,17280488
T49_1,20250710_040000.WAV,2025-07-10,04:00:00,17280488
T49_1,20250710_110000.WAV,2025-07-10,11:00:00,17280488
T49_1,20250710_140000.WAV,2025-07-10,14:00:00,17280488
T49_1,20250710_180000.WAV,2025-07-10,18:00:00,17280488
T49_1,20250711_000000.WAV,2025-07-11,00:00:00,17280488
T49_1,20250711_040000.WAV,2025-07-11,04:00:00,17280488
T49_1,20250711_110000.WAV,2025-07-11,11:00:00,17280488
T49_1,20250711_140000.WAV,2025-07-11,14:00:00,17280488
T49_1,20250711_180000.WAV,2025-07-11,18:00:00,17280488
T49_1,20250712_000000.WAV,2025-07-12,00:00:00,17280488
T49_1,20250712_040000.WAV,2025-07-12,04:00:00,17280488
T49_1,20250712_110000.WAV,2025-07-12,11:00:00,17280488
T49_1,20250712_140000.WAV,2025-07-12,14:00:00,17280488
T49_1,20250712_180000.WAV,2025-07-12,18:00:00,17280488
T49_1,20250713_000000.WAV,2025-07-13,00:00:00,17280488
T49_1,20250713_040000.WAV,2025-07-13,04:00:00,17280488
T49_1,20250713_110000.WAV,2025-07-13,11:00:00,17280488
T49_1,20250713_140000.WAV,2025-07-13,14:00:00,17280488
T49_1,20250713_180000.WAV,2025-07-13,18:00:00,17280488
T49_1,20250714_000000.WAV,2025-07-14,00:00:00,17280488
T49_1,20250714_040000.WAV,2025-07-14,04:00:00,17280488
T49_1,20250714_110000.WAV,2025-07-14,11:00:00,17280488
T49_1,20250714_140000.WAV,2025-07-14,14:00:00,17280488
T49_1,20250714_180000.WAV,2025-07-14,18:00:00,17280488
T49_1,20250715_000000.WAV,2025-07-15,00:00:00,17280488
T49_1,20250715_040000.WAV,2025-07-15,04:00:00,17280488
T49_1,20250715_110000.WAV,2025-07-15,11:00:00,17280488
T49_1,20250715_140000.WAV,2025-07-15,14:00:00,17280488
T49_1,20250715_180000.WAV,2025-07-15,18:00:00,17280488
T49_1,20250716_000000.WAV,2025-07-16,00:00:00,17280488
T49_1,20250716_040000.WAV,2025-07-16,04:00:00,17280488
T49_1,20250716_110000.WAV,2025-07-16,11:00:00,17280488
T49_1,20250716_140000.WAV,2025-07-16,14:00:00,17280488
T49_1,20250716_180000.WAV,2025-07-16,18:00:00,17280488
T49_1,20250717_000000.WAV,2025-07-17,00:00:00,17280488
T49_1,20250717_040000.WAV,2025-07-17,04:00:00,17280488
T49_1,20250717_110000.WAV,2025-07-17,11:00:00,17280488
T49_1,20250717_140000.WAV,2025-07-17,14:00:00,17280488
T49_1,20250717_180000.WAV,2025-07-17,18:00:00,17280488
T49_1,20250718_000000.WAV,2025-07-18,00:00:00,17280488
T49_1,20250718_040000.WAV,2025-07-18,04:00:00,17280488
T49_1,20250718_110000.WAV,2025-07-18,11:00:00,17280488
T49_1,20250718_140000.WAV,2025-07-18,14:00:00,17280488
T49_1,20250718_180000.WAV,2025-07-18,18:00:00,17280488
T49_1,20250719_000000.WAV,2025-07-19,00:00:00,17280488
T49_1,20250719_040000.WAV,2025-07-19,04:00:00,17280488
T49_1,20250719_110000.WAV,2025-07-19,11:00:00,17280488
T49_1,20250719_140000.WAV,2025-07-19,14:00:00,17280488
T49_1,20250719_180000.WAV,2025-07-19,18:00:00,17280488
T49_1,20250720_000000.WAV,2025-07-20,00:00:00,17280488
T49_1,20250720_040000.WAV,2025-07-20,04:00:00,17280488
T49_1,20250720_110000.WAV,2025-07-20,11:00:00,17280488
T49_1,20250720_140000.WAV,2025-07-20,14:00:00,17280488
T49_1,20250720_180000.WAV,2025-07-20,18:00:00,17280488
T49_1,20250721_000000.WAV,2025-07-21,00:00:00,17280488
T49_1,20250721_040000.WAV,2025-07-21,04:00:00,17280488
T49_1,20250721_110000.WAV,2025-07-21,11:00:00,17280488
T49_1,20250721_140000.WAV,2025-07-21,14:00:00,17280488
T49_1,20250721_180000.WAV,2025-07-21,18:00:00,17280488
T49_1,20250722_000000.WAV,2025-07-22,00:00:00,17280488
T49_1,20250722_040000.WAV,2025-07-22,04:00:00,17280488
T49_1,20250722_110000.WAV,2025-07-22,11:00:00,17280488
T49_1,20250722_140000.WAV,2025-07-22,14:00:00,17280488
T49_1,20250722_180000.WAV,2025-07-22,18:00:00,17280488
T49_1,20250723_000000.WAV,2025-07-23,00:00:00,17280488
T49_1,20250723_040000.WAV,2025-07-23,04:00:00,17280488
T49_1,20250723_110000.WAV,2025-07-23,11:00:00,17280488
T49_1,20250723_140000.WAV,2025-07-23,14:00:00,17280488
T49_1,20250723_180000.WAV,2025-07-23,18:00:00,17280488
T49_1,20250724_000000.WAV,2025-07-24,00:00:00,17280488
T49_1,20250724_040000.WAV,2025-07-24,04:00:00,17280488
T49_1,20250724_110000.WAV,2025-07-24,11:00:00,17280488
T49_1,20250724_140000.WAV,2025-07-24,14:00:00,17280488
T49_1,20250724_180000.WAV,2025-07-24,18:00:00,17280488
T49_1,20250725_000000.WAV,2025-07-25,00:00:00,17280488
T49_1,20250725_040000.WAV,2025-07-25,04:00:00,17280488
T49_1,20250725_110000.WAV,2025-07-25,11:00:00,17280488
T49_1,20250725_140000.WAV,2025-07-25,14:00:00,17280488
T49_1,20250725_180000.WAV,2025-07-25,18:00:00,17280488
T49_1,20250726_000000.WAV,2025-07-26,00:00:00,17280488
T49_1,20250726_040000.WAV,2025-07-26,04:00:00,17280488
T49_1,20250726_110000.WAV,2025-07-26,11:00:00,17280488
T49_1,20250726_140000.WAV,2025-07-26,14:00:00,17280488
T49_1,20250726_180000.WAV,2025-07-26,18:00:00,17280488
T49_1,20250727_000000.WAV,2025-07-27,00:00:00,17280488
T49_1,20250727_040000.WAV,2025-07-27,04:00:00,17280488
T49_1,20250727_110000.WAV,2025-07-27,11:00:00,17280488
T49_1,20250727_140000.WAV,2025-07-27,14:00:00,17280488
T49_1,20250727_180000.WAV,2025-07-27,18:00:00,17280488
T49_1,20250728_000000.WAV,2025-07-28,00:00:00,17280488
T49_1,20250728_040000.WAV,2025-07-28,04:00:00,17280488
T49_1,20250728_110000.WAV,2025-07-28,11:00:00,17280488
T49_1,20250728_140000.WAV,2025-07-28,14:00:00,17280488
T49_1,20250728_180000.WAV,2025-07-28,18:00:00,17280488
T49_1,20250729_000000.WAV,2025-07-29,00:00:00,17280488
T49_1,20250729_040000.WAV,2025-07-29,04:00:00,17280488
T49_1,20250729_110000.WAV,2025-07-29,11:00:00,17280488
T49_1,20250729_140000.WAV,2025-07-29,14:00:00,17280488
T49_1,20250729_180000.WAV,2025-07-29,18:00:00,17280488
T49_1,20250730_000000.WAV,2025-07-30,00:00:00,17280488
T49_1,20250730_040000.WAV,2025-07-30,04:00:00,17280488
T49_1,20250730_110000.WAV,2025-07-30,11:00:00,17280488
T49_1,20250730_140000.WAV,2025-07-30,14:00:00,17280488
T49_1,20250730_180000.WAV,2025-07-30,18:00:00,17280488
T49_1,20250731_000000.WAV,2025-07-31,00:00:00,17280488
T49_1,20250731_040000.WAV,2025-07-31,04:00:00,17280488
T49_1,20250731_110000.WAV,2025-07-31,11:00:00,17280488
T49_1,20250731_140000.WAV,2025-07-31,14:00:00,17280488
T49_1,20250731_180000.WAV,2025-07-31,18:00:00,17280488
T49_1,20250801_000000.WAV,2025-08-01,00:00:00,17280488
T49_1,20250801_040000.WAV,2025-08-01,04:00:00,17280488
T49_1,20250801_110000.WAV,2025-08-01,11:00:00,17280488
T49_2,20250429_180000.WAV,2025-04-29,18:00:00,17280488
T49_2,20250430_000000.WAV,2025-04-30,00:00:00,17280488
T49_2,20250430_040000.WAV,2025-04-30,04:00:00,17280488
T49_2,20250430_110000.WAV,2025-04-30,11:00:00,17280488
T49_2,20250430_140000.WAV,2025-04-30,14:00:00,17280488
T49_2,20250430_180000.WAV,2025-04-30,18:00:00,17280488
T49_2,20250501_000000.WAV,2025-05-01,00:00:00,17280488
T49_2,20250501_040000.WAV,2025-05-01,04:00:00,17280488
T49_2,20250501_110000.WAV,2025-05-01,11:00:00,17280488
T49_2,20250501_140000.WAV,2025-05-01,14:00:00,17280488
T49_2,20250501_180000.WAV,2025-05-01,18:00:00,17280488
T49_2,20250502_000000.WAV,2025-05-02,00:00:00,17280488
T49_2,20250502_040000.WAV,2025-05-02,04:00:00,17280488
T49_2,20250502_110000.WAV,2025-05-02,11:00:00,17280488
T49_2,20250502_140000.WAV,2025-05-02,14:00:00,17280488
T49_2,20250502_180000.WAV,2025-05-02,18:00:00,17280488
T49_2,20250503_000000.WAV,2025-05-03,00:00:00,17280488
T49_2,20250503_040000.WAV,2025-05-03,04:00:00,17280488
T49_2,20250503_110000.WAV,2025-05-03,11:00:00,17280488
T49_2,20250503_140000.WAV,2025-05-03,14:00:00,17280488
T49_2,20250503_180000.WAV,2025-05-03,18:00:00,17280488
T49_2,20250504_000000.WAV,2025-05-04,00:00:00,17280488
T49_2,20250504_040000.WAV,2025-05-04,04:00:00,17280488
T49_2,20250504_110000.WAV,2025-05-04,11:00:00,17280488
T49_2,20250504_140000.WAV,2025-05-04,14:00:00,17280488
T49_2,20250504_180000.WAV,2025-05-04,18:00:00,17280488
T49_2,20250505_000000.WAV,2025-05-05,00:00:00,17280488
T49_2,20250505_040000.WAV,2025-05-05,04:00:00,17280488
T49_2,20250505_110000.WAV,2025-05-05,11:00:00,17280488
T49_2,20250505_140000.WAV,2025-05-05,14:00:00,17280488
T49_2,20250505_180000.WAV,2025-05-05,18:00:00,17280488
T49_2,20250506_000000.WAV,2025-05-06,00:00:00,17280488
T49_2,20250506_040000.WAV,2025-05-06,04:00:00,17280488
T49_2,20250506_110000.WAV,2025-05-06,11:00:00,17280488
T49_2,20250506_140000.WAV,2025-05-06,14:00:00,17280488
T49_2,20250506_180000.WAV,2025-05-06,18:00:00,17280488
T49_2,20250507_000000.WAV,2025-05-07,00:00:00,17280488
T49_2,20250507_040000.WAV,2025-05-07,04:00:00,17280488
T49_2,20250507_110000.WAV,2025-05-07,11:00:00,17280488
T49_2,20250507_140000.WAV,2025-05-07,14:00:00,17280488
T49_2,20250507_180000.WAV,2025-05-07,18:00:00,17280488
T49_2,20250508_000000.WAV,2025-05-08,00:00:00,17280488
T49_2,20250508_040000.WAV,2025-05-08,04:00:00,17280488
T49_2,20250508_110000.WAV,2025-05-08,11:00:00,17280488
T49_2,20250508_140000.WAV,2025-05-08,14:00:00,17280488
T49_2,20250508_180000.WAV,2025-05-08,18:00:00,17280488
T49_2,20250509_000000.WAV,2025-05-09,00:00:00,17280488
T49_2,20250509_040000.WAV,2025-05-09,04:00:00,17280488
T49_2,20250509_110000.WAV,2025-05-09,11:00:00,17280488
T49_2,20250509_140000.WAV,2025-05-09,14:00:00,17280488
T49_2,20250509_180000.WAV,2025-05-09,18:00:00,17280488
T49_2,20250510_000000.WAV,2025-05-10,00:00:00,17280488
T49_2,20250510_040000.WAV,2025-05-10,04:00:00,17280488
T49_2,20250510_110000.WAV,2025-05-10,11:00:00,17280488
T49_2,20250510_140000.WAV,2025-05-10,14:00:00,17280488
T49_2,20250510_180000.WAV,2025-05-10,18:00:00,17280488
T49_2,20250511_000000.WAV,2025-05-11,00:00:00,17280488
T49_2,20250511_040000.WAV,2025-05-11,04:00:00,17280488
T49_2,20250511_110000.WAV,2025-05-11,11:00:00,17280488
T49_2,20250511_140000.WAV,2025-05-11,14:00:00,17280488
T49_2,20250511_180000.WAV,2025-05-11,18:00:00,17280488
T49_2,20250512_000000.WAV,2025-05-12,00:00:00,17280488
T49_2,20250512_040000.WAV,2025-05-12,04:00:00,17280488
T49_2,20250512_110000.WAV,2025-05-12,11:00:00,17280488
T49_2,20250512_140000.WAV,2025-05-12,14:00:00,17280488
T49_2,20250512_180000.WAV,2025-05-12,18:00:00,17280488
T49_2,20250513_000000.WAV,2025-05-13,00:00:00,17280488
T49_2,20250513_040000.WAV,2025-05-13,04:00:00,17280488
T49_2,20250513_110000.WAV,2025-05-13,11:00:00,17280488
T49_2,20250513_140000.WAV,2025-05-13,14:00:00,17280488
T49_2,20250513_180000.WAV,2025-05-13,18:00:00,17280488
T49_2,20250514_000000.WAV,2025-05-14,00:00:00,17280488
T49_2,20250514_040000.WAV,2025-05-14,04:00:00,17280488
T49_2,20250514_110000.WAV,2025-05-14,11:00:00,17280488
T49_2,20250514_140000.WAV,2025-05-14,14:00:00,17280488
T49_2,20250514_180000.WAV,2025-05-14,18:00:00,17280488
T49_2,20250515_000000.WAV,2025-05-15,00:00:00,17280488
T49_2,20250515_040000.WAV,2025-05-15,04:00:00,17280488
T49_2,20250515_110000.WAV,2025-05-15,11:00:00,17280488
T49_2,20250515_140000.WAV,2025-05-15,14:00:00,17280488
T49_2,20250515_180000.WAV,2025-05-15,18:00:00,17280488
T49_2,20250516_000000.WAV,2025-05-16,00:00:00,17280488
T49_2,20250516_040000.WAV,2025-05-16,04:00:00,17280488
T49_2,20250516_110000.WAV,2025-05-16,11:00:00,17280488
T49_2,20250516_140000.WAV,2025-05-16,14:00:00,17280488
T49_2,20250516_180000.WAV,2025-05-16,18:00:00,17280488
T49_2,20250517_000000.WAV,2025-05-17,00:00:00,17280488
T49_2,20250517_040000.WAV,2025-05-17,04:00:00,17280488
T49_2,20250517_110000.WAV,2025-05-17,11:00:00,17280488
T49_2,20250517_140000.WAV,2025-05-17,14:00:00,17280488
T49_2,20250517_180000.WAV,2025-05-17,18:00:00,17280488
T49_2,20250518_000000.WAV,2025-05-18,00:00:00,17280488
T49_2,20250518_040000.WAV,2025-05-18,04:00:00,17280488
T49_2,20250518_110000.WAV,2025-05-18,11:00:00,17280488
T49_2,20250518_140000.WAV,2025-05-18,14:00:00,17280488
T49_2,20250518_180000.WAV,2025-05-18,18:00:00,17280488
T49_2,20250519_000000.WAV,2025-05-19,00:00:00,17280488
T49_2,20250519_040000.WAV,2025-05-19,04:00:00,17280488
T49_2,20250519_110000.WAV,2025-05-19,11:00:00,17280488
T49_2,20250519_140000.WAV,2025-05-19,14:00:00,17280488
T49_2,20250519_180000.WAV,2025-05-19,18:00:00,17280488
T49_2,20250520_000000.WAV,2025-05-20,00:00:00,17280488
T49_2,20250520_040000.WAV,2025-05-20,04:00:00,17280488
T49_2,20250520_110000.WAV,2025-05-20,11:00:00,17280488
T49_2,20250520_140000.WAV,2025-05-20,14:00:00,17280488
T49_2,20250520_180000.WAV,2025-05-20,18:00:00,17280488
T49_2,20250521_000000.WAV,2025-05-21,00:00:00,17280488
T49_2,20250521_040000.WAV,2025-05-21,04:00:00,17280488
T49_2,20250521_110000.WAV,2025-05-21,11:00:00,17280488
T49_2,20250521_140000.WAV,2025-05-21,14:00:00,17280488
T49_2,20250521_180000.WAV,2025-05-21,18:00:00,17280488
T49_2,20250522_000000.WAV,2025-05-22,00:00:00,17280488
T49_2,20250522_040000.WAV,2025-05-22,04:00:00,17280488
T49_2,20250522_110000.WAV,2025-05-22,11:00:00,17280488
T49_2,20250522_140000.WAV,2025-05-22,14:00:00,17280488
T49_2,20250522_180000.WAV,2025-05-22,18:00:00,17280488
T49_2,20250523_000000.WAV,2025-05-23,00:00:00,17280488
T49_2,20250523_040000.WAV,2025-05-23,04:00:00,17280488
T49_2,20250523_110000.WAV,2025-05-23,11:00:00,17280488
T49_2,20250523_140000.WAV,2025-05-23,14:00:00,17280488
T49_2,20250523_180000.WAV,2025-05-23,18:00:00,17280488
T49_2,20250524_000000.WAV,2025-05-24,00:00:00,17280488
T49_2,20250524_040000.WAV,2025-05-24,04:00:00,17280488
T49_2,20250524_110000.WAV,2025-05-24,11:00:00,17280488
T49_2,20250524_140000.WAV,2025-05-24,14:00:00,17280488
T49_2,20250524_180000.WAV,2025-05-24,18:00:00,17280488
T49_2,20250525_000000.WAV,2025-05-25,00:00:00,17280488
T49_2,20250525_040000.WAV,2025-05-25,04:00:00,17280488
T49_2,20250525_110000.WAV,2025-05-25,11:00:00,17280488
T49_2,20250525_140000.WAV,2025-05-25,14:00:00,17280488
T49_2,20250525_180000.WAV,2025-05-25,18:00:00,17280488
T49_2,20250526_000000.WAV,2025-05-26,00:00:00,17280488
T49_2,20250526_040000.WAV,2025-05-26,04:00:00,17280488
T49_2,20250526_110000.WAV,2025-05-26,11:00:00,17280488
T49_2,20250526_140000.WAV,2025-05-26,14:00:00,17280488
T49_2,20250526_180000.WAV,2025-05-26,18:00:00,17280488
T49_2,20250527_000000.WAV,2025-05-27,00:00:00,17280488
T49_2,20250527_040000.WAV,2025-05-27,04:00:00,17280488
T49_2,20250527_110000.WAV,2025-05-27,11:00:00,17280488
T49_2,20250527_140000.WAV,2025-05-27,14:00:00,17280488
T49_2,20250527_180000.WAV,2025-05-27,18:00:00,17280488
T49_2,20250528_000000.WAV,2025-05-28,00:00:00,17280488
T49_2,20250528_040000.WAV,2025-05-28,04:00:00,17280488
T49_2,20250528_110000.WAV,2025-05-28,11:00:00,17280488
T49_2,20250528_140000.WAV,2025-05-28,14:00:00,17280488
T49_2,20250528_180000.WAV,2025-05-28,18:00:00,17280488
T49_2,20250529_000000.WAV,2025-05-29,00:00:00,17280488
T49_2,20250529_040000.WAV,2025-05-29,04:00:00,17280488
T49_2,20250529_110000.WAV,2025-05-29,11:00:00,17280488
T49_2,20250529_140000.WAV,2025-05-29,14:00:00,17280488
T49_2,20250529_180000.WAV,2025-05-29,18:00:00,17280488
T49_2,20250530_000000.WAV,2025-05-30,00:00:00,17280488
T49_2,20250530_040000.WAV,2025-05-30,04:00:00,17280488
T49_2,20250530_110000.WAV,2025-05-30,11:00:00,17280488
T49_2,20250530_140000.WAV,2025-05-30,14:00:00,17280488
T49_2,20250530_180000.WAV,2025-05-30,18:00:00,17280488
T49_2,20250531_000000.WAV,2025-05-31,00:00:00,17280488
T49_2,20250531_040000.WAV,2025-05-31,04:00:00,17280488
T49_2,20250531_110000.WAV,2025-05-31,11:00:00,17280488
T49_2,20250531_140000.WAV,2025-05-31,14:00:00,17280488
T49_2,20250531_180000.WAV,2025-05-31,18:00:00,17280488
T49_2,20250601_000000.WAV,2025-06-01,00:00:00,17280488
T49_2,20250601_040000.WAV,2025-06-01,04:00:00,17280488
T49_2,20250601_110000.WAV,2025-06-01,11:00:00,17280488
T49_2,20250601_140000.WAV,2025-06-01,14:00:00,17280488
T49_2,20250601_180000.WAV,2025-06-01,18:00:00,17280488
T49_2,20250602_000000.WAV,2025-06-02,00:00:00,17280488
T49_2,20250602_040000.WAV,2025-06-02,04:00:00,17280488
T49_2,20250602_110000.WAV,2025-06-02,11:00:00,17280488
T49_2,20250602_140000.WAV,2025-06-02,14:00:00,17280488
T49_2,20250602_180000.WAV,2025-06-02,18:00:00,17280488
T49_2,20250603_000000.WAV,2025-06-03,00:00:00,17280488
T49_2,20250603_040000.WAV,2025-06-03,04:00:00,17280488
T49_2,20250603_110000.WAV,2025-06-03,11:00:00,17280488
T49_2,20250603_140000.WAV,2025-06-03,14:00:00,17280488
T49_2,20250603_180000.WAV,2025-06-03,18:00:00,17280488
T49_2,20250604_000000.WAV,2025-06-04,00:00:00,17280488
T49_2,20250604_040000.WAV,2025-06-04,04:00:00,17280488
T49_2,20250604_110000.WAV,2025-06-04,11:00:00,17280488
T49_2,20250604_140000.WAV,2025-06-04,14:00:00,17280488
T49_2,20250604_180000.WAV,2025-06-04,18:00:00,17280488
T49_2,20250605_000000.WAV,2025-06-05,00:00:00,17280488
T49_2,20250605_040000.WAV,2025-06-05,04:00:00,17280488
T49_2,20250605_110000.WAV,2025-06-05,11:00:00,17280488
T49_2,20250605_140000.WAV,2025-06-05,14:00:00,17280488
T49_2,20250605_180000.WAV,2025-06-05,18:00:00,17280488
T49_2,20250606_000000.WAV,2025-06-06,00:00:00,17280488
T49_2,20250606_040000.WAV,2025-06-06,04:00:00,17280488
T49_2,20250606_110000.WAV,2025-06-06,11:00:00,17280488
T49_2,20250606_140000.WAV,2025-06-06,14:00:00,17280488
T49_2,20250606_180000.WAV,2025-06-06,18:00:00,17280488
T49_2,20250607_000000.WAV,2025-06-07,00:00:00,17280488
T49_2,20250607_040000.WAV,2025-06-07,04:00:00,17280488
T49_2,20250607_110000.WAV,2025-06-07,11:00:00,17280488
T49_2,20250607_140000.WAV,2025-06-07,14:00:00,17280488
T49_2,20250607_180000.WAV,2025-06-07,18:00:00,17280488
T49_2,20250608_000000.WAV,2025-06-08,00:00:00,17280488
T49_2,20250608_040000.WAV,2025-06-08,04:00:00,17280488
T49_2,20250608_110000.WAV,2025-06-08,11:00:00,17280488
T49_2,20250608_140000.WAV,2025-06-08,14:00:00,17280488
T49_2,20250608_180000.WAV,2025-06-08,18:00:00,17280488
T49_2,20250609_000000.WAV,2025-06-09,00:00:00,17280488
T49_2,20250609_040000.WAV,2025-06-09,04:00:00,17280488
T49_2,20250609_110000.WAV,2025-06-09,11:00:00,17280488
T49_2,20250609_140000.WAV,2025-06-09,14:00:00,17280488
T49_2,20250609_180000.WAV,2025-06-09,18:00:00,17280488
T49_2,20250610_000000.WAV,2025-06-10,00:00:00,17280488
T49_2,20250610_040000.WAV,2025-06-10,04:00:00,17280488
T49_2,20250610_110000.WAV,2025-06-10,11:00:00,17280488
T49_2,20250610_140000.WAV,2025-06-10,14:00:00,17280488
T49_2,20250610_180000.WAV,2025-06-10,18:00:00,17280488
T49_2,20250611_000000.WAV,2025-06-11,00:00:00,17280488
T49_2,20250611_040000.WAV,2025-06-11,04:00:00,17280488
T49_2,20250611_110000.WAV,2025-06-11,11:00:00,17280488
T49_2,20250611_140000.WAV,2025-06-11,14:00:00,17280488
T49_2,20250611_180000.WAV,2025-06-11,18:00:00,17280488
T49_2,20250612_000000.WAV,2025-06-12,00:00:00,17280488
T49_2,20250612_040000.WAV,2025-06-12,04:00:00,17280488
T49_2,20250612_110000.WAV,2025-06-12,11:00:00,17280488
T49_2,20250612_140000.WAV,2025-06-12,14:00:00,17280488
T49_2,20250612_180000.WAV,2025-06-12,18:00:00,17280488
T49_2,20250613_000000.WAV,2025-06-13,00:00:00,17280488
T49_2,20250613_040000.WAV,2025-06-13,04:00:00,17280488
T49_2,20250613_110000.WAV,2025-06-13,11:00:00,17280488
T49_2,20250613_140000.WAV,2025-06-13,14:00:00,17280488
T49_2,20250613_180000.WAV,2025-06-13,18:00:00,17280488
T49_2,20250614_000000.WAV,2025-06-14,00:00:00,17280488
T49_2,20250614_040000.WAV,2025-06-14,04:00:00,17280488
T49_2,20250614_110000.WAV,2025-06-14,11:00:00,17280488
T49_2,20250614_140000.WAV,2025-06-14,14:00:00,17280488
T49_2,20250614_180000.WAV,2025-06-14,18:00:00,17280488
T49_2,20250615_000000.WAV,2025-06-15,00:00:00,17280488
T49_2,20250615_040000.WAV,2025-06-15,04:00:00,17280488
T49_2,20250615_110000.WAV,2025-06-15,11:00:00,17280488
T49_2,20250615_140000.WAV,2025-06-15,14:00:00,17280488
T49_2,20250615_180000.WAV,2025-06-15,18:00:00,17280488
T49_2,20250616_000000.WAV,2025-06-16,00:00:00,17280488
T49_2,20250616_040000.WAV,2025-06-16,04:00:00,17280488
T49_2,20250616_110000.WAV,2025-06-16,11:00:00,17280488
T49_2,20250616_140000.WAV,2025-06-16,14:00:00,17280488
T49_2,20250616_180000.WAV,2025-06-16,18:00:00,17280488
T49_2,20250617_000000.WAV,2025-06-17,00:00:00,17280488
T49_2,20250617_040000.WAV,2025-06-17,04:00:00,17280488
T49_2,20250617_110000.WAV,2025-06-17,11:00:00,17280488
T49_2,20250617_140000.WAV,2025-06-17,14:00:00,17280488
T49_2,20250617_180000.WAV,2025-06-17,18:00:00,17280488
T49_2,20250618_000000.WAV,2025-06-18,00:00:00,17280488
T49_2,20250618_040000.WAV,2025-06-18,04:00:00,17280488
T49_2,20250618_110000.WAV,2025-06-18,11:00:00,17280488
T49_2,20250618_140000.WAV,2025-06-18,14:00:00,17280488
T49_2,20250618_180000.WAV,2025-06-18,18:00:00,17280488
T49_2,20250619_000000.WAV,2025-06-19,00:00:00,17280488
T49_2,20250619_040000.WAV,2025-06-19,04:00:00,17280488
T49_2,20250619_110000.WAV,2025-06-19,11:00:00,17280488
T49_2,20250619_140000.WAV,2025-06-19,14:00:00,17280488
T49_2,20250619_180000.WAV,2025-06-19,18:00:00,17280488
T49_2,20250620_000000.WAV,2025-06-20,00:00:00,17280488
T49_2,20250620_040000.WAV,2025-06-20,04:00:00,17280488
T49_2,20250620_110000.WAV,2025-06-20,11:00:00,17280488
T49_2,20250620_140000.WAV,2025-06-20,14:00:00,17280488
T49_2,20250620_180000.WAV,2025-06-20,18:00:00,17280488
T49_2,20250621_000000.WAV,2025-06-21,00:00:00,17280488
T49_2,20250621_040000.WAV,2025-06-21,04:00:00,17280488
T49_2,20250621_110000.WAV,2025-06-21,11:00:00,17280488
T49_2,20250621_140000.WAV,2025-06-21,14:00:00,17280488
T49_2,20250621_180000.WAV,2025-06-21,18:00:00,17280488
T49_2,20250622_000000.WAV,2025-06-22,00:00:00,17280488
T49_2,20250622_040000.WAV,2025-06-22,04:00:00,17280488
T49_2,20250622_110000.WAV,2025-06-22,11:00:00,17280488
T49_2,20250622_140000.WAV,2025-06-22,14:00:00,17280488
T49_2,20250622_180000.WAV,2025-06-22,18:00:00,17280488
T49_2,20250623_000000.WAV,2025-06-23,00:00:00,17280488
T49_2,20250623_040000.WAV,2025-06-23,04:00:00,17280488
T49_2,20250623_110000.WAV,2025-06-23,11:00:00,17280488
T49_2,20250623_140000.WAV,2025-06-23,14:00:00,17280488
T49_2,20250623_180000.WAV,2025-06-23,18:00:00,17280488
T49_2,20250624_000000.WAV,2025-06-24,00:00:00,17280488
T49_2,20250624_040000.WAV,2025-06-24,04:00:00,17280488
T49_2,20250624_110000.WAV,2025-06-24,11:00:00,17280488
T49_2,20250624_140000.WAV,2025-06-24,14:00:00,17280488
T49_2,20250624_180000.WAV,2025-06-24,18:00:00,17280488
T49_2,20250625_000000.WAV,2025-06-25,00:00:00,17280488
T49_2,20250625_040000.WAV,2025-06-25,04:00:00,17280488
T49_2,20250625_110000.WAV,2025-06-25,11:00:00,17280488
T49_2,20250625_140000.WAV,2025-06-25,14:00:00,17280488
T49_2,20250625_180000.WAV,2025-06-25,18:00:00,17280488
T49_2,20250626_000000.WAV,2025-06-26,00:00:00,17280488
T49_2,20250626_040000.WAV,2025-06-26,04:00:00,17280488
T49_2,20250626_110000.WAV,2025-06-26,11:00:00,17280488
T49_2,20250626_140000.WAV,2025-06-26,14:00:00,17280488
T49_2,20250626_180000.WAV,2025-06-26,18:00:00,17280488
T49_2,20250627_000000.WAV,2025-06-27,00:00:00,17280488
T49_2,20250627_040000.WAV,2025-06-27,04:00:00,17280488
T49_2,20250627_110000.WAV,2025-06-27,11:00:00,17280488
T49_2,20250627_140000.WAV,2025-06-27,14:00:00,17280488
T49_2,20250627_180000.WAV,2025-06-27,18:00:00,17280488
T49_2,20250628_000000.WAV,2025-06-28,00:00:00,17280488
T49_2,20250628_040000.WAV,2025-06-28,04:00:00,17280488
T49_2,20250628_110000.WAV,2025-06-28,11:00:00,17280488
T49_2,20250628_140000.WAV,2025-06-28,14:00:00,17280488
T49_2,20250628_180000.WAV,2025-06-28,18:00:00,17280488
T49_2,20250629_000000.WAV,2025-06-29,00:00:00,17280488
T49_2,20250629_040000.WAV,2025-06-29,04:00:00,17280488
T49_2,20250629_110000.WAV,2025-06-29,11:00:00,17280488
T49_2,20250629_140000.WAV,2025-06-29,14:00:00,17280488
T49_2,20250629_180000.WAV,2025-06-29,18:00:00,17280488
T49_2,20250630_000000.WAV,2025-06-30,00:00:00,17280488
T49_2,20250630_040000.WAV,2025-06-30,04:00:00,17280488
T49_2,20250630_110000.WAV,2025-06-30,11:00:00,17280488
T49_2,20250630_140000.WAV,2025-06-30,14:00:00,17280488
T49_2,20250630_180000.WAV,2025-06-30,18:00:00,17280488
T49_2,20250701_000000.WAV,2025-07-01,00:00:00,17280488
T49_2,20250701_040000.WAV,2025-07-01,04:00:00,17280488
T49_2,20250701_110000.WAV,2025-07-01,11:00:00,17280488
T49_2,20250701_140000.WAV,2025-07-01,14:00:00,17280488
T49_2,20250701_180000.WAV,2025-07-01,18:00:00,17280488
T49_2,20250702_000000.WAV,2025-07-02,00:00:00,17280488
T49_2,20250702_040000.WAV,2025-07-02,04:00:00,17280488
T49_2,20250702_110000.WAV,2025-07-02,11:00:00,17280488
T49_2,20250702_140000.WAV,2025-07-02,14:00:00,17280488
T49_2,20250702_180000.WAV,2025-07-02,18:00:00,17280488
T49_2,20250703_000000.WAV,2025-07-03,00:00:00,17280488
T49_2,20250703_040000.WAV,2025-07-03,04:00:00,17280488
T49_2,20250703_110000.WAV,2025-07-03,11:00:00,17280488
T49_2,20250703_140000.WAV,2025-07-03,14:00:00,17280488
T49_2,20250703_180000.WAV,2025-07-03,18:00:00,17280488
T49_2,20250704_000000.WAV,2025-07-04,00:00:00,17280488
T49_2,20250704_040000.WAV,2025-07-04,04:00:00,17280488
T49_2,20250704_110000.WAV,2025-07-04,11:00:00,17280488
T49_2,20250704_140000.WAV,2025-07-04,14:00:00,17280488
T49_2,20250704_180000.WAV,2025-07-04,18:00:00,17280488
T49_2,20250705_000000.WAV,2025-07-05,00:00:00,17280488
T49_2,20250705_040000.WAV,2025-07-05,04:00:00,17280488
T49_2,20250705_110000.WAV,2025-07-05,11:00:00,17280488
T49_2,20250705_140000.WAV,2025-07-05,14:00:00,17280488
T49_2,20250705_180000.WAV,2025-07-05,18:00:00,17280488
T49_2,20250706_000000.WAV,2025-07-06,00:00:00,17280488
T49_2,20250706_040000.WAV,2025-07-06,04:00:00,17280488
T49_2,20250706_110000.WAV,2025-07-06,11:00:00,17280488
T49_2,20250706_140000.WAV,2025-07-06,14:00:00,17280488
T49_2,20250706_180000.WAV,2025-07-06,18:00:00,17280488
T49_2,20250707_000000.WAV,2025-07-07,00:00:00,17280488
T49_2,20250707_040000.WAV,2025-07-07,04:00:00,17280488
T49_2,20250707_110000.WAV,2025-07-07,11:00:00,17280488
T49_2,20250707_140000.WAV,2025-07-07,14:00:00,17280488
T49_2,20250707_180000.WAV,2025-07-07,18:00:00,17280488
T49_2,20250708_000000.WAV,2025-07-08,00:00:00,17280488
T49_2,20250708_040000.WAV,2025-07-08,04:00:00,17280488
T49_2,20250708_110000.WAV,2025-07-08,11:00:00,17280488
T49_2,20250708_140000.WAV,2025-07-08,14:00:00,17280488
T49_2,20250708_180000.WAV,2025-07-08,18:00:00,17280488
T49_2,20250709_000000.WAV,2025-07-09,00:00:00,17280488
T49_2,20250709_040000.WAV,2025-07-09,04:00:00,17280488
T49_2,20250709_110000.WAV,2025-07-09,11:00:00,17280488
T49_2,20250709_140000.WAV,2025-07-09,14:00:00,17280488
T49_2,20250709_180000.WAV,2025-07-09,18:00:00,17280488
T49_2,20250710_000000.WAV,2025-07-10,00:00:00,17280488
T49_2,20250710_040000.WAV,2025-07-10,04:00:00,17280488
T49_2,20250710_110000.WAV,2025-07-10,11:00:00,17280488
T49_2,20250710_140000.WAV,2025-07-10,14:00:00,17280488
T49_2,20250710_180000.WAV,2025-07-10,18:00:00,17280488
T49_2,20250711_000000.WAV,2025-07-11,00:00:00,17280488
T49_2,20250711_040000.WAV,2025-07-11,04:00:00,17280488
T49_2,20250711_110000.WAV,2025-07-11,11:00:00,17280488
T49_2,20250711_140000.WAV,2025-07-11,14:00:00,17280488
T49_2,20250711_180000.WAV,2025-07-11,18:00:00,17280488
T49_2,20250712_000000.WAV,2025-07-12,00:00:00,17280488
T49_2,20250712_040000.WAV,2025-07-12,04:00:00,17280488
T49_2,20250712_110000.WAV,2025-07-12,11:00:00,17280488
T49_2,20250712_140000.WAV,2025-07-12,14:00:00,17280488
T49_2,20250712_180000.WAV,2025-07-12,18:00:00,17280488
T49_2,20250713_000000.WAV,2025-07-13,00:00:00,17280488
T49_2,20250713_040000.WAV,2025-07-13,04:00:00,17280488
T49_2,20250713_110000.WAV,2025-07-13,11:00:00,17280488
T49_2,20250713_140000.WAV,2025-07-13,14:00:00,17280488
T49_2,20250713_180000.WAV,2025-07-13,18:00:00,17280488
T49_2,20250714_000000.WAV,2025-07-14,00:00:00,17280488
T49_2,20250714_040000.WAV,2025-07-14,04:00:00,17280488
T49_2,20250714_110000.WAV,2025-07-14,11:00:00,17280488
T49_2,20250714_140000.WAV,2025-07-14,14:00:00,17280488
T49_2,20250714_180000.WAV,2025-07-14,18:00:00,17280488
T49_2,20250715_000000.WAV,2025-07-15,00:00:00,17280488
T49_2,20250715_040000.WAV,2025-07-15,04:00:00,17280488
T49_2,20250715_110000.WAV,2025-07-15,11:00:00,17280488
T49_2,20250715_140000.WAV,2025-07-15,14:00:00,17280488
T49_2,20250715_180000.WAV,2025-07-15,18:00:00,17280488
T49_2,20250716_000000.WAV,2025-07-16,00:00:00,17280488
T49_2,20250716_040000.WAV,2025-07-16,04:00:00,17280488
T49_2,20250716_110000.WAV,2025-07-16,11:00:00,17280488
T49_2,20250716_140000.WAV,2025-07-16,14:00:00,17280488
T49_2,20250716_180000.WAV,2025-07-16,18:00:00,17280488
T49_2,20250717_000000.WAV,2025-07-17,00:00:00,17280488
T49_2,20250717_040000.WAV,2025-07-17,04:00:00,17280488
T49_2,20250717_110000.WAV,2025-07-17,11:00:00,17280488
T49_2,20250717_140000.WAV,2025-07-17,14:00:00,17280488
T49_2,20250717_180000.WAV,2025-07-17,18:00:00,17280488
T49_2,20250718_000000.WAV,2025-07-18,00:00:00,17280488
T49_2,20250718_040000.WAV,2025-07-18,04:00:00,17280488
T49_2,20250718_110000.WAV,2025-07-18,11:00:00,17280488
T49_2,20250718_140000.WAV,2025-07-18,14:00:00,17280488
T49_2,20250718_180000.WAV,2025-07-18,18:00:00,17280488
T49_2,20250719_000000.WAV,2025-07-19,00:00:00,17280488
T49_2,20250719_040000.WAV,2025-07-19,04:00:00,17280488
T49_2,20250719_110000.WAV,2025-07-19,11:00:00,17280488
T49_2,20250719_140000.WAV,2025-07-19,14:00:00,17280488
T49_2,20250719_180000.WAV,2025-07-19,18:00:00,17280488
T49_2,20250720_000000.WAV,2025-07-20,00:00:00,17280488
T49_2,20250720_040000.WAV,2025-07-20,04:00:00,17280488
T49_2,20250720_110000.WAV,2025-07-20,11:00:00,17280488
T49_2,20250720_140000.WAV,2025-07-20,14:00:00,17280488
T49_2,20250720_180000.WAV,2025-07-20,18:00:00,17280488
T49_2,20250721_000000.WAV,2025-07-21,00:00:00,17280488
T49_2,20250721_040000.WAV,2025-07-21,04:00:00,17280488
T49_2,20250721_110000.WAV,2025-07-21,11:00:00,17280488
T49_2,20250721_140000.WAV,2025-07-21,14:00:00,17280488
T49_2,20250721_180000.WAV,2025-07-21,18:00:00,17280488
T49_2,20250722_000000.WAV,2025-07-22,00:00:00,17280488
T49_2,20250722_040000.WAV,2025-07-22,04:00:00,17280488
T49_2,20250722_110000.WAV,2025-07-22,11:00:00,17280488
T49_2,20250722_140000.WAV,2025-07-22,14:00:00,17280488
T49_2,20250722_180000.WAV,2025-07-22,18:00:00,17280488
T49_2,20250723_000000.WAV,2025-07-23,00:00:00,17280488
T49_2,20250723_040000.WAV,2025-07-23,04:00:00,17280488
T49_2,20250723_110000.WAV,2025-07-23,11:00:00,17280488
T49_2,20250723_140000.WAV,2025-07-23,14:00:00,17280488
T49_2,20250723_180000.WAV,2025-07-23,18:00:00,17280488
T49_2,20250724_000000.WAV,2025-07-24,00:00:00,17280488
T49_2,20250724_040000.WAV,2025-07-24,04:00:00,17280488
T49_2,20250724_110000.WAV,2025-07-24,11:00:00,17280488
T49_2,20250724_140000.WAV,2025-07-24,14:00:00,17280488
T49_2,20250724_180000.WAV,2025-07-24,18:00:00,17280488
T49_2,20250725_000000.WAV,2025-07-25,00:00:00,17280488
T49_2,20250725_040000.WAV,2025-07-25,04:00:00,17280488
T49_2,20250725_110000.WAV,2025-07-25,11:00:00,17280488
T49_2,20250725_140000.WAV,2025-07-25,14:00:00,17280488
T49_2,20250725_180000.WAV,2025-07-25,18:00:00,17280488
T49_2,20250726_000000.WAV,2025-07-26,00:00:00,17280488
T49_2,20250726_040000.WAV,2025-07-26,04:00:00,17280488
T49_2,20250726_110000.WAV,2025-07-26,11:00:00,17280488
T49_2,20250726_140000.WAV,2025-07-26,14:00:00,17280488
T49_2,20250726_180000.WAV,2025-07-26,18:00:00,17280488
T49_2,20250727_000000.WAV,2025-07-27,00:00:00,17280488
T49_2,20250727_040000.WAV,2025-07-27,04:00:00,17280488
T49_2,20250727_110000.WAV,2025-07-27,11:00:00,17280488
T49_2,20250727_140000.WAV,2025-07-27,14:00:00,17280488
T49_2,20250727_180000.WAV,2025-07-27,18:00:00,17280488
T49_2,20250728_000000.WAV,2025-07-28,00:00:00,17280488
T49_2,20250728_040000.WAV,2025-07-28,04:00:00,17280488
T49_2,20250728_110000.WAV,2025-07-28,11:00:00,17280488
T49_2,20250728_140000.WAV,2025-07-28,14:00:00,17280488
T49_2,20250728_180000.WAV,2025-07-28,18:00:00,17280488
T49_2,20250729_000000.WAV,2025-07-29,00:00:00,17280488
T49_2,20250729_040000.WAV,2025-07-29,04:00:00,17280488
T49_2,20250729_110000.WAV,2025-07-29,11:00:00,17280488
T49_2,20250729_140000.WAV,2025-07-29,14:00:00,17280488
T49_2,20250729_180000.WAV,2025-07-29,18:00:00,17280488
T49_2,20250730_000000.WAV,2025-07-30,00:00:00,17280488
T49_2,20250730_040000.WAV,2025-07-30,04:00:00,17280488
T49_2,20250730_110000.WAV,2025-07-30,11:00:00,17280488
T49_2,20250730_140000.WAV,2025-07-30,14:00:00,17280488
T49_2,20250730_180000.WAV,2025-07-30,18:00:00,17280488
T49_2,20250731_000000.WAV,2025-07-31,00:00:00,17280488
T49_2,20250731_040000.WAV,2025-07-31,04:00:00,17280488
T49_2,20250731_110000.WAV,2025-07-31,11:00:00,17280488
T49_2,20250731_140000.WAV,2025-07-31,14:00:00,17280488
T49_2,20250731_180000.WAV,2025-07-31,18:00:00,17280488
T49_2,20250801_000000.WAV,2025-08-01,00:00:00,17280488
T49_2,20250801_040000.WAV,2025-08-01,04:00:00,17280488
T49_2,20250801_110000.WAV,2025-08-01,11:00:00,17280488
T49_2,20250801_140000.WAV,2025-08-01,14:00:00,17280488
T49_2,20250801_180000.WAV,2025-08-01,18:00:00,17280488
T49_2,20250802_000000.WAV,2025-08-02,00:00:00,17280488
T49_2,20250802_040000.WAV,2025-08-02,04:00:00,17280488
T49_2,20250802_110000.WAV,2025-08-02,11:00:00,17280488
T49_2,20250802_140000.WAV,2025-08-02,14:00:00,17280488
T49_2,20250802_180000.WAV,2025-08-02,18:00:00,17280488
T49_2,20250803_000000.WAV,2025-08-03,00:00:00,17280488
T49_2,20250803_040000.WAV,2025-08-03,04:00:00,17280488
T49_2,20250803_110000.WAV,2025-08-03,11:00:00,17280488
T49_2,20250803_140000.WAV,2025-08-03,14:00:00,17280488
T49_2,20250803_180000.WAV,2025-08-03,18:00:00,17280488
T49_2,20250804_000000.WAV,2025-08-04,00:00:00,17280488
T49_2,20250804_040000.WAV,2025-08-04,04:00:00,17280488
T49_2,20250804_110000.WAV,2025-08-04,11:00:00,17280488
T49_2,20250804_140000.WAV,2025-08-04,14:00:00,17280488
T49_2,20250804_180000.WAV,2025-08-04,18:00:00,17280488
T49_2,20250805_000000.WAV,2025-08-05,00:00:00,17280488
T49_2,20250805_040000.WAV,2025-08-05,04:00:00,17280488
T49_2,20250805_110000.WAV,2025-08-05,11:00:00,17280488
T49_2,20250805_140000.WAV,2025-08-05,14:00:00,17280488
T49_2,20250805_180000.WAV,2025-08-05,18:00:00,17280488
T49_2,20250806_000000.WAV,2025-08-06,00:00:00,17280488
T49_2,20250806_040000.WAV,2025-08-06,04:00:00,17280488
T49_2,20250806_110000.WAV,2025-08-06,11:00:00,17280488
T49_2,20250806_140000.WAV,2025-08-06,14:00:00,17280488
T49_2,20250806_180000.WAV,2025-08-06,18:00:00,17280488
T49_2,20250807_000000.WAV,2025-08-07,00:00:00,17280488
T49_2,20250807_040000.WAV,2025-08-07,04:00:00,17280488
T49_2,20250807_110000.WAV,2025-08-07,11:00:00,17280488
T49_2,20250807_140000.WAV,2025-08-07,14:00:00,17280488
T49_2,20250807_180000.WAV,2025-08-07,18:00:00,17280488
T49_2,20250808_000000.WAV,2025-08-08,00:00:00,17280488
T49_2,20250808_040000.WAV,2025-08-08,04:00:00,17280488
T49_2,20250808_110000.WAV,2025-08-08,11:00:00,17280488
T49_2,20250808_140000.WAV,2025-08-08,14:00:00,17280488
T49_2,20250808_180000.WAV,2025-08-08,18:00:00,17280488
T49_2,20250809_000000.WAV,2025-08-09,00:00:00,17280488
T49_2,20250809_040000.WAV,2025-08-09,04:00:00,17280488
T49_2,20250809_110000.WAV,2025-08-09,11:00:00,17280488
T49_2,20250809_140000.WAV,2025-08-09,14:00:00,17280488
T49_2,20250809_180000.WAV,2025-08-09,18:00:00,17280488
T49_2,20250810_000000.WAV,2025-08-10,00:00:00,17280488
T49_2,20250810_040000.WAV,2025-08-10,04:00:00,17280488
T49_2,20250810_110000.WAV,2025-08-10,11:00:00,17280488
T49_2,20250810_140000.WAV,2025-08-10,14:00:00,17280488
T49_2,20250810_180000.WAV,2025-08-10,18:00:00,17280488
T49_2,20250811_000000.WAV,2025-08-11,00:00:00,17280488
T49_2,20250811_040000.WAV,2025-08-11,04:00:00,17280488
T49_2,20250811_110000.WAV,2025-08-11,11:00:00,17280488
T49_2,20250811_140000.WAV,2025-08-11,14:00:00,17280488
T49_2,20250811_180000.WAV,2025-08-11,18:00:00,17280488
T49_2,20250812_000000.WAV,2025-08-12,00:00:00,17280488
T49_2,20250812_040000.WAV,2025-08-12,04:00:00,17280488
T49_2,20250812_110000.WAV,2025-08-12,11:00:00,17280488
T49_2,20250812_140000.WAV,2025-08-12,14:00:00,17280488
T49_2,20250812_180000.WAV,2025-08-12,18:00:00,17280488
T49_2,20250813_000000.WAV,2025-08-13,00:00:00,17280488
T49_2,20250813_040000.WAV,2025-08-13,04:00:00,17280488
T49_2,20250813_110000.WAV,2025-08-13,11:00:00,17280488
T49_2,20250813_140000.WAV,2025-08-13,14:00:00,17280488
T49_2,20250813_180000.WAV,2025-08-13,18:00:00,17280488
T49_2,20250814_000000.WAV,2025-08-14,00:00:00,17280488
T49_2,20250814_040000.WAV,2025-08-14,04:00:00,17280488
T49_2,20250814_110000.WAV,2025-08-14,11:00:00,17280488
T49_2,20250814_140000.WAV,2025-08-14,14:00:00,17280488
T49_2,20250814_180000.WAV,2025-08-14,18:00:00,17280488
T49_2,20250815_000000.WAV,2025-08-15,00:00:00,17280488
T49_2,20250815_040000.WAV,2025-08-15,04:00:00,17280488
T49_2,20250815_110000.WAV,2025-08-15,11:00:00,17280488
T49_2,20250815_140000.WAV,2025-08-15,14:00:00,17280488
T49_2,20250815_180000.WAV,2025-08-15,18:00:00,17280488
T49_2,20250816_000000.WAV,2025-08-16,00:00:00,17280488
T49_2,20250816_040000.WAV,2025-08-16,04:00:00,17280488
T49_2,20250816_110000.WAV,2025-08-16,11:00:00,17280488
T49_2,20250816_140000.WAV,2025-08-16,14:00:00,17280488
T49_2,20250816_180000.WAV,2025-08-16,18:00:00,17280488
T49_2,20250817_000000.WAV,2025-08-17,00:00:00,17280488
T49_2,20250817_040000.WAV,2025-08-17,04:00:00,17280488
T49_2,20250817_110000.WAV,2025-08-17,11:00:00,17280488
T49_2,20250817_140000.WAV,2025-08-17,14:00:00,17280488
T49_2,20250817_180000.WAV,2025-08-17,18:00:00,17280488
T49_2,20250818_000000.WAV,2025-08-18,00:00:00,17280488
T49_2,20250818_040000.WAV,2025-08-18,04:00:00,17280488
T49_2,20250818_110000.WAV,2025-08-18,11:00:00,17280488
T49_2,20250818_140000.WAV,2025-08-18,14:00:00,17280488
T49_2,20250818_180000.WAV,2025-08-18,18:00:00,17280488
T49_2,20250819_000000.WAV,2025-08-19,00:00:00,17280488
T49_2,20250819_040000.WAV,2025-08-19,04:00:00,17280488
T49_2,20250819_110000.WAV,2025-08-19,11:00:00,17280488
T49_2,20250819_140000.WAV,2025-08-19,14:00:00,17280488
T49_2,20250819_180000.WAV,2025-08-19,18:00:00,17280488
T49_2,20250820_000000.WAV,2025-08-20,00:00:00,17280488
T49_2,20250820_040000.WAV,2025-08-20,04:00:00,17280488
T49_2,20250820_110000.WAV,2025-08-20,11:00:00,17280488
T49_2,20250820_140000.WAV,2025-08-20,14:00:00,17280488
T49_2,20250820_180000.WAV,2025-08-20,18:00:00,17280488
T49_2,20250821_000000.WAV,2025-08-21,00:00:00,17280488
T49_2,20250821_040000.WAV,2025-08-21,04:00:00,17280488
T49_2,20250821_110000.WAV,2025-08-21,11:00:00,17280488
T49_2,20250821_140000.WAV,2025-08-21,14:00:00,17280488
T49_2,20250821_180000.WAV,2025-08-21,18:00:00,17280488
T49_2,20250822_000000.WAV,2025-08-22,00:00:00,17280488
T49_2,20250822_040000.WAV,2025-08-22,04:00:00,17280488
T49_2,20250822_110000.WAV,2025-08-22,11:00:00,17280488
T49_2,20250822_140000.WAV,2025-08-22,14:00:00,17280488
T49_2,20250822_180000.WAV,2025-08-22,18:00:00,17280488
T49_2,20250823_000000.WAV,2025-08-23,00:00:00,17280488
T49_2,20250823_040000.WAV,2025-08-23,04:00:00,17280488
T49_2,20250823_110000.WAV,2025-08-23,11:00:00,17280488
T49_2,20250823_140000.WAV,2025-08-23,14:00:00,17280488
T49_2,20250823_180000.WAV,2025-08-23,18:00:00,17280488
T49_2,20250824_000000.WAV,2025-08-24,00:00:00,17280488
T49_2,20250824_040000.WAV,2025-08-24,04:00:00,17280488
T49_2,20250824_110000.WAV,2025-08-24,11:00:00,17280488
T49_2,20250824_140000.WAV,2025-08-24,14:00:00,17280488
T49_2,20250824_180000.WAV,2025-08-24,18:00:00,17280488
T49_2,20250825_000000.WAV,2025-08-25,00:00:00,17280488
T49_2,20250825_040000.WAV,2025-08-25,04:00:00,17280488
T49_2,20250825_110000.WAV,2025-08-25,11:00:00,17280488
T49_2,20250825_140000.WAV,2025-08-25,14:00:00,17280488
T49_2,20250825_180000.WAV,2025-08-25,18:00:00,17280488
T49_2,20250826_000000.WAV,2025-08-26,00:00:00,17280488
T49_2,20250826_040000.WAV,2025-08-26,04:00:00,17280488
T49_2,20250826_110000.WAV,2025-08-26,11:00:00,17280488
T49_2,20250826_140000.WAV,2025-08-26,14:00:00,17280488
T49_2,20250826_180000.WAV,2025-08-26,18:00:00,17280488
T49_2,20250827_000000.WAV,2025-08-27,00:00:00,17280488
T49_2,20250827_040000.WAV,2025-08-27,04:00:00,17280488
T49_2,20250827_110000.WAV,2025-08-27,11:00:00,17280488
T49_2,20250827_140000.WAV,2025-08-27,14:00:00,17280488
T49_2,20250827_180000.WAV,2025-08-27,18:00:00,17280488
T49_2,20250828_000000.WAV,2025-08-28,00:00:00,17280488
T49_2,20250828_040000.WAV,2025-08-28,04:00:00,17280488
T49_2,20250828_110000.WAV,2025-08-28,11:00:00,17280488
T49_2,20250828_140000.WAV,2025-08-28,14:00:00,17280488
T49_2,20250828_180000.WAV,2025-08-28,18:00:00,17280488
T49_2,20250829_000000.WAV,2025-08-29,00:00:00,17280488
T49_2,20250829_040000.WAV,2025-08-29,04:00:00,17280488
T49_2,20250829_110000.WAV,2025-08-29,11:00:00,17280488
T49_2,20250829_140000.WAV,2025-08-29,14:00:00,17280488
T49_2,20250829_180000.WAV,2025-08-29,18:00:00,17280488
T49_2,20250830_000000.WAV,2025-08-30,00:00:00,17280488
T49_2,20250830_040000.WAV,2025-08-30,04:00:00,17280488
T49_2,20250830_110000.WAV,2025-08-30,11:00:00,17280488
T49_2,20250830_140000.WAV,2025-08-30,14:00:00,17280488
T49_2,20250830_180000.WAV,2025-08-30,18:00:00,17280488
T49_2,20250831_000000.WAV,2025-08-31,00:00:00,17280488
T49_2,20250831_040000.WAV,2025-08-31,04:00:00,17280488
T49_2,20250831_110000.WAV,2025-08-31,11:00:00,17280488
T49_2,20250831_140000.WAV,2025-08-31,14:00:00,17280488
T49_2,20250831_180000.WAV,2025-08-31,18:00:00,17280488
T49_2,20250901_000000.WAV,2025-09-01,00:00:00,17280488
T49_2,20250901_040000.WAV,2025-09-01,04:00:00,17280488
T49_2,20250901_110000.WAV,2025-09-01,11:00:00,17280488
T49_2,20250901_140000.WAV,2025-09-01,14:00:00,17280488
T49_2,20250901_180000.WAV,2025-09-01,18:00:00,17280488
T49_2,20250902_000000.WAV,2025-09-02,00:00:00,17280488
T49_2,20250902_040000.WAV,2025-09-02,04:00:00,17280488
T49_2,20250902_110000.WAV,2025-09-02,11:00:00,17280488
T49_2,20250902_140000.WAV,2025-09-02,14:00:00,17280488
T49_2,20250902_180000.WAV,2025-09-02,18:00:00,17280488
T49_2,20250903_000000.WAV,2025-09-03,00:00:00,17280488
T49_2,20250903_040000.WAV,2025-09-03,04:00:00,17280488
T49_2,20250903_110000.WAV,2025-09-03,11:00:00,17280488
T49_2,20250903_140000.WAV,2025-09-03,14:00:00,17280488
T49_2,20250903_180000.WAV,2025-09-03,18:00:00,17280488
T49_2,20250904_000000.WAV,2025-09-04,00:00:00,17280488
T49_2,20250904_040000.WAV,2025-09-04,04:00:00,17280488
T49_2,20250904_110000.WAV,2025-09-04,11:00:00,17280488
T49_2,20250904_140000.WAV,2025-09-04,14:00:00,17280488
T49_2,20250904_180000.WAV,2025-09-04,18:00:00,17280488
T49_2,20250905_000000.WAV,2025-09-05,00:00:00,17280488
T49_2,20250905_040000.WAV,2025-09-05,04:00:00,17280488
T49_2,20250905_110000.WAV,2025-09-05,11:00:00,17280488
T49_2,20250905_140000.WAV,2025-09-05,14:00:00,17280488
T49_2,20250905_180000.WAV,2025-09-05,18:00:00,17280488
T49_2,20250906_000000.WAV,2025-09-06,00:00:00,17280488
T49_2,20250906_040000.WAV,2025-09-06,04:00:00,17280488
T49_2,20250906_110000.WAV,2025-09-06,11:00:00,17280488
T49_2,20250906_140000.WAV,2025-09-06,14:00:00,17280488
T49_2,20250906_180000.WAV,2025-09-06,18:00:00,17280488
T49_2,20250907_000000.WAV,2025-09-07,00:00:00,17280488
T49_2,20250907_040000.WAV,2025-09-07,04:00:00,17280488
T49_2,20250907_110000.WAV,2025-09-07,11:00:00,17280488
T49_2,20250907_140000.WAV,2025-09-07,14:00:00,17280488
T49_2,20250907_180000.WAV,2025-09-07,18:00:00,17280488
T49_2,20250908_000000.WAV,2025-09-08,00:00:00,17280488
T49_2,20250908_040000.WAV,2025-09-08,04:00:00,17280488
T49_2,20250908_110000.WAV,2025-09-08,11:00:00,17280488
T49_2,20250908_140000.WAV,2025-09-08,14:00:00,17280488
T49_2,20250908_180000.WAV,2025-09-08,18:00:00,17280488
T49_2,20250909_000000.WAV,2025-09-09,00:00:00,17280488
T49_2,20250909_040000.WAV,2025-09-09,04:00:00,17280488
T49_2,20250909_110000.WAV,2025-09-09,11:00:00,17280488
T49_2,20250909_140000.WAV,2025-09-09,14:00:00,17280488
T49_2,20250909_180000.WAV,2025-09-09,18:00:00,17280488
T49_2,20250910_000000.WAV,2025-09-10,00:00:00,17280488
T49_2,20250910_040000.WAV,2025-09-10,04:00:00,17280488
T49_2,20250910_110000.WAV,2025-09-10,11:00:00,17280488
T49_2,20250910_140000.WAV,2025-09-10,14:00:00,17280488
T49_2,20250910_180000.WAV,2025-09-10,18:00:00,17280488
T49_2,20250911_000000.WAV,2025-09-11,00:00:00,17280488
T49_2,20250911_040000.WAV,2025-09-11,04:00:00,17280488
T49_2,20250911_110000.WAV,2025-09-11,11:00:00,17280488
T49_2,20250911_140000.WAV,2025-09-11,14:00:00,17280488
T49_2,20250911_180000.WAV,2025-09-11,18:00:00,17280488
T49_2,20250912_000000.WAV,2025-09-12,00:00:00,17280488
T49_2,20250912_040000.WAV,2025-09-12,04:00:00,17280488
T49_2,20250912_110000.WAV,2025-09-12,11:00:00,17280488
T49_2,20250912_140000.WAV,2025-09-12,14:00:00,17280488
T49_2,20250912_180000.WAV,2025-09-12,18:00:00,17280488
T49_2,20250913_000000.WAV,2025-09-13,00:00:00,17280488
T49_2,20250913_040000.WAV,2025-09-13,04:00:00,17280488
T49_2,20250913_110000.WAV,2025-09-13,11:00:00,17280488
T49_2,20250913_140000.WAV,2025-09-13,14:00:00,17280488
T49_2,20250913_180000.WAV,2025-09-13,18:00:00,17280488
T49_2,20250914_000000.WAV,2025-09-14,00:00:00,17280488
T49_2,20250914_040000.WAV,2025-09-14,04:00:00,17280488
T49_2,20250914_110000.WAV,2025-09-14,11:00:00,17280488
T49_2,20250914_140000.WAV,2025-09-14,14:00:00,17280488
T49_2,20250914_180000.WAV,2025-09-14,18:00:00,17280488
T49_2,20250915_000000.WAV,2025-09-15,00:00:00,17280488
T49_2,20250915_040000.WAV,2025-09-15,04:00:00,17280488
T49_2,20250915_110000.WAV,2025-09-15,11:00:00,17280488
T49_2,20250915_140000.WAV,2025-09-15,14:00:00,17280488
T49_2,20250915_180000.WAV,2025-09-15,18:00:00,17280488
T49_2,20250916_000000.WAV,2025-09-16,00:00:00,17280488
T49_2,20250916_040000.WAV,2025-09-16,04:00:00,17280488
T49_2,20250916_110000.WAV,2025-09-16,11:00:00,17280488
T49_2,20250916_140000.WAV,2025-09-16,14:00:00,17280488
T49_2,20250916_180000.WAV,2025-09-16,18:00:00,17280488
T49_2,20250917_000000.WAV,2025-09-17,00:00:00,17280488
T49_2,20250917_040000.WAV,2025-09-17,04:00:00,17280488
T49_2,20250917_110000.WAV,2025-09-17,11:00:00,17280488
T49_2,20250917_140000.WAV,2025-09-17,14:00:00,17280488
T49_2,20250917_180000.WAV,2025-09-17,18:00:00,17280488
T49_2,20250918_000000.WAV,2025-09-18,00:00:00,17280488
T49_2,20250918_040000.WAV,2025-09-18,04:00:00,17280488
T49_2,20250918_110000.WAV,2025-09-18,11:00:00,17280488
T49_2,20250918_140000.WAV,2025-09-18,14:00:00,17280488
T49_2,20250918_180000.WAV,2025-09-18,18:00:00,17280488
T49_2,20250919_000000.WAV,2025-09-19,00:00:00,17280488
T49_2,20250919_040000.WAV,2025-09-19,04:00:00,17280488
T49_2,20250919_110000.WAV,2025-09-19,11:00:00,17280488
T49_2,20250919_140000.WAV,2025-09-19,14:00:00,17280488
T49_2,20250919_180000.WAV,2025-09-19,18:00:00,17280488
T49_2,20250920_000000.WAV,2025-09-20,00:00:00,17280488
T49_2,20250920_040000.WAV,2025-09-20,04:00:00,17280488
T49_2,20250920_110000.WAV,2025-09-20,11:00:00,17280488
T49_2,20250920_140000.WAV,2025-09-20,14:00:00,17280488
T49_2,20250920_180000.WAV,2025-09-20,18:00:00,17280488
T49_2,20250921_000000.WAV,2025-09-21,00:00:00,17280488
T49_2,20250921_040000.WAV,2025-09-21,04:00:00,17280488
T49_2,20250921_110000.WAV,2025-09-21,11:00:00,17280488
T49_2,20250921_140000.WAV,2025-09-21,14:00:00,17280488
T49_2,20250921_180000.WAV,2025-09-21,18:00:00,17280488
T49_2,20250922_000000.WAV,2025-09-22,00:00:00,17280488
T49_2,20250922_040000.WAV,2025-09-22,04:00:00,17280488
T49_2,20250922_110000.WAV,2025-09-22,11:00:00,17280488
T49_2,20250922_140000.WAV,2025-09-22,14:00:00,17280488
T49_2,20250922_180000.WAV,2025-09-22,18:00:00,17280488
T49_2,20250923_000000.WAV,2025-09-23,00:00:00,17280488
T49_2,20250923_040000.WAV,2025-09-23,04:00:00,17280488
T49_2,20250923_110000.WAV,2025-09-23,11:00:00,17280488
T49_2,20250923_140000.WAV,2025-09-23,14:00:00,17280488
T49_2,20250923_180000.WAV,2025-09-23,18:00:00,17280488
T49_2,20250924_000000.WAV,2025-09-24,00:00:00,17280488
T49_2,20250924_040000.WAV,2025-09-24,04:00:00,17280488
T49_2,20250924_110000.WAV,2025-09-24,11:00:00,17280488
T49_2,20250924_140000.WAV,2025-09-24,14:00:00,17280488
T49_2,20250924_180000.WAV,2025-09-24,18:00:00,17280488
T49_2,20250925_000000.WAV,2025-09-25,00:00:00,17280488
T49_2,20250925_040000.WAV,2025-09-25,04:00:00,17280488
T49_2,20250925_110000.WAV,2025-09-25,11:00:00,17280488
T49_2,20250925_140000.WAV,2025-09-25,14:00:00,17280488
T49_2,20250925_180000.WAV,2025-09-25,18:00:00,17280488
T49_2,20250926_000000.WAV,2025-09-26,00:00:00,17280488
T49_2,20250926_040000.WAV,2025-09-26,04:00:00,17280488
T49_2,20250926_110000.WAV,2025-09-26,11:00:00,17280488
T49_2,20250926_140000.WAV,2025-09-26,14:00:00,17280488
T49_2,20250926_180000.WAV,2025-09-26,18:00:00,17280488
T49_2,20250927_000000.WAV,2025-09-27,00:00:00,17280488
T49_2,20250927_040000.WAV,2025-09-27,04:00:00,17280488
T49_2,20250927_110000.WAV,2025-09-27,11:00:00,17280488
T49_2,20250927_140000.WAV,2025-09-27,14:00:00,17280488
T49_2,20250927_180000.WAV,2025-09-27,18:00:00,17280488
T49_2,20250928_000000.WAV,2025-09-28,00:00:00,17280488
T49_2,20250928_040000.WAV,2025-09-28,04:00:00,17280488
T49_2,20250928_110000.WAV,2025-09-28,11:00:00,17280488
T49_2,20250928_140000.WAV,2025-09-28,14:00:00,17280488
T49_2,20250928_180000.WAV,2025-09-28,18:00:00,17280488
T49_2,20250929_000000.WAV,2025-09-29,00:00:00,17280488
T49_2,20250929_040000.WAV,2025-09-29,04:00:00,17280488
T49_2,20250929_110000.WAV,2025-09-29,11:00:00,17280488
T49_2,20250929_140000.WAV,2025-09-29,14:00:00,17280488
T49_2,20250929_180000.WAV,2025-09-29,18:00:00,17280488
T49_2,20250930_000000.WAV,2025-09-30,00:00:00,17280488
T49_2,20250930_040000.WAV,2025-09-30,04:00:00,17280488
T49_2,20250930_110000.WAV,2025-09-30,11:00:00,17280488
T49_2,20250930_140000.WAV,2025-09-30,14:00:00,17280488
T49_2,20250930_180000.WAV,2025-09-30,18:00:00,17280488
T49_2,20251001_000000.WAV,2025-10-01,00:00:00,17280488
T49_2,20251001_040000.WAV,2025-10-01,04:00:00,17280488
T49_2,20251001_110000.WAV,2025-10-01,11:00:00,17280488
T49_2,20251001_140000.WAV,2025-10-01,14:00:00,17280488
T49_2,20251001_180000.WAV,2025-10-01,18:00:00,17280488
T49_2,20251002_000000.WAV,2025-10-02,00:00:00,17280488
T49_2,20251002_040000.WAV,2025-10-02,04:00:00,17280488
T49_2,20251002_110000.WAV,2025-10-02,11:00:00,17280488
T49_2,20251002_140000.WAV,2025-10-02,14:00:00,17280488
T49_2,20251002_180000.WAV,2025-10-02,18:00:00,17280488
T49_2,20251003_000000.WAV,2025-10-03,00:00:00,17280488
T49_2,20251003_040000.WAV,2025-10-03,04:00:00,17280488
T49_2,20251003_110000.WAV,2025-10-03,11:00:00,17280488
T49_2,20251003_140000.WAV,2025-10-03,14:00:00,17280488
T49_2,20251003_180000.WAV,2025-10-03,18:00:00,17280488
T49_2,20251004_000000.WAV,2025-10-04,00:00:00,17280488
T49_2,20251004_040000.WAV,2025-10-04,04:00:00,17280488
T49_2,20251004_110000.WAV,2025-10-04,11:00:00,17280488
T49_2,20251004_140000.WAV,2025-10-04,14:00:00,17280488
T49_2,20251004_180000.WAV,2025-10-04,18:00:00,17280488
T49_2,20251005_000000.WAV,2025-10-05,00:00:00,17280488
T49_2,20251005_040000.WAV,2025-10-05,04:00:00,17280488
T49_2,20251005_110000.WAV,2025-10-05,11:00:00,17280488
T49_2,20251005_140000.WAV,2025-10-05,14:00:00,17280488
T49_2,20251005_180000.WAV,2025-10-05,18:00:00,17280488
T49_2,20251006_000000.WAV,2025-10-06,00:00:00,17280488
T49_2,20251006_040000.WAV,2025-10-06,04:00:00,17280488
T49_2,20251006_110000.WAV,2025-10-06,11:00:00,17280488
T49_2,20251006_140000.WAV,2025-10-06,14:00:00,17280488
T49_2,20251006_180000.WAV,2025-10-06,18:00:00,17280488
T49_2,20251007_000000.WAV,2025-10-07,00:00:00,17280488
T49_2,20251007_040000.WAV,2025-10-07,04:00:00,17280488
T49_2,20251007_110000.WAV,2025-10-07,11:00:00,17280488
T49_2,20251007_140000.WAV,2025-10-07,14:00:00,17280488
T49_2,20251007_180000.WAV,2025-10-07,18:00:00,17280488
T49_2,20251008_000000.WAV,2025-10-08,00:00:00,17280488
T49_2,20251008_040000.WAV,2025-10-08,04:00:00,17280488
T49_2,20251008_110000.WAV,2025-10-08,11:00:00,17280488
T49_2,20251008_140000.WAV,2025-10-08,14:00:00,17280488
T49_2,20251008_180000.WAV,2025-10-08,18:00:00,17280488
T49_2,20251009_000000.WAV,2025-10-09,00:00:00,17280488
T49_2,20251009_040000.WAV,2025-10-09,04:00:00,17280488
T49_2,20251009_110000.WAV,2025-10-09,11:00:00,17280488
T49_2,20251009_140000.WAV,2025-10-09,14:00:00,17280488
T49_2,20251009_180000.WAV,2025-10-09,18:00:00,17280488
T49_2,20251010_000000.WAV,2025-10-10,00:00:00,17280488
T49_2,20251010_040000.WAV,2025-10-10,04:00:00,17280488
T49_2,20251010_110000.WAV,2025-10-10,11:00:00,17280488
T49_2,20251010_140000.WAV,2025-10-10,14:00:00,17280488
T49_2,20251010_180000.WAV,2025-10-10,18:00:00,17280488
T49_2,20251011_000000.WAV,2025-10-11,00:00:00,17280488
T49_2,20251011_040000.WAV,2025-10-11,04:00:00,17280488
T49_2,20251011_110000.WAV,2025-10-11,11:00:00,17280488
T49_2,20251011_140000.WAV,2025-10-11,14:00:00,17280488
T49_2,20251011_180000.WAV,2025-10-11,18:00:00,17280488
T49_2,20251012_000000.WAV,2025-10-12,00:00:00,17280488
T49_2,20251012_040000.WAV,2025-10-12,04:00:00,17280488
T49_2,20251012_110000.WAV,2025-10-12,11:00:00,17280488
T49_2,20251012_140000.WAV,2025-10-12,14:00:00,17280488
T49_2,20251012_180000.WAV,2025-10-12,18:00:00,17280488
T49_2,20251013_000000.WAV,2025-10-13,00:00:00,17280488
T49_2,20251013_040000.WAV,2025-10-13,04:00:00,17280488
T49_2,20251013_110000.WAV,2025-10-13,11:00:00,17280488
T49_2,20251013_140000.WAV,2025-10-13,14:00:00,17280488
T49_2,20251013_180000.WAV,2025-10-13,18:00:00,17280488
T49_2,20251014_000000.WAV,2025-10-14,00:00:00,17280488
T49_2,20251014_040000.WAV,2025-10-14,04:00:00,17280488
T49_2,20251014_110000.WAV,2025-10-14,11:00:00,17280488
T49_2,20251014_140000.WAV,2025-10-14,14:00:00,17280488
T49_2,20251014_180000.WAV,2025-10-14,18:00:00,17280488
T49_2,20251015_000000.WAV,2025-10-15,00:00:00,17280488
T49_2,20251015_040000.WAV,2025-10-15,04:00:00,17280488
T49_2,20251015_110000.WAV,2025-10-15,11:00:00,17280488
T49_2,20251015_140000.WAV,2025-10-15,14:00:00,17280488
T49_2,20251015_180000.WAV,2025-10-15,18:00:00,17280488
T49_2,20251016_000000.WAV,2025-10-16,00:00:00,17280488
T49_2,20251016_040000.WAV,2025-10-16,04:00:00,17280488
T49_2,20251016_110000.WAV,2025-10-16,11:00:00,17280488
T49_2,20251016_140000.WAV,2025-10-16,14:00:00,17280488
T49_2,20251016_180000.WAV,2025-10-16,18:00:00,17280488
T49_2,20251017_000000.WAV,2025-10-17,00:00:00,17280488
T49_2,20251017_040000.WAV,2025-10-17,04:00:00,17280488
T49_2,20251017_110000.WAV,2025-10-17,11:00:00,17280488
T49_2,20251017_140000.WAV,2025-10-17,14:00:00,17280488
T49_2,20251017_180000.WAV,2025-10-17,18:00:00,17280488
T49_2,20251018_000000.WAV,2025-10-18,00:00:00,17280488
T49_2,20251018_040000.WAV,2025-10-18,04:00:00,17280488
T49_2,20251018_110000.WAV,2025-10-18,11:00:00,17280488
T49_2,20251018_140000.WAV,2025-10-18,14:00:00,17280488
T49_2,20251018_180000.WAV,2025-10-18,18:00:00,17280488
T49_2,20251019_000000.WAV,2025-10-19,00:00:00,17280488
T49_2,20251019_040000.WAV,2025-10-19,04:00:00,17280488
T49_2,20251019_110000.WAV,2025-10-19,11:00:00,17280488
T49_2,20251019_140000.WAV,2025-10-19,14:00:00,17280488
T49_2,20251019_180000.WAV,2025-10-19,18:00:00,17280488
T49_2,20251020_000000.WAV,2025-10-20,00:00:00,17280488
T49_2,20251020_040000.WAV,2025-10-20,04:00:00,17280488
T49_2,20251020_110000.WAV,2025-10-20,11:00:00,17280488
T49_2,20251020_140000.WAV,2025-10-20,14:00:00,17280488
T49_2,20251020_180000.WAV,2025-10-20,18:00:00,17280488
T49_2,20251021_000000.WAV,2025-10-21,00:00:00,17280488
T49_2,20251021_040000.WAV,2025-10-21,04:00:00,17280488
T49_2,20251021_110000.WAV,2025-10-21,11:00:00,17280488
T49_2,20251021_140000.WAV,2025-10-21,14:00:00,17280488
T49_2,20251021_180000.WAV,2025-10-21,18:00:00,17280488
T49_2,20251022_000000.WAV,2025-10-22,00:00:00,17280488
T49_2,20251022_040000.WAV,2025-10-22,04:00:00,17280488
T49_2,20251022_110000.WAV,2025-10-22,11:00:00,17280488
T49_2,20251022_140000.WAV,2025-10-22,14:00:00,17280488
T49_2,20251022_180000.WAV,2025-10-22,18:00:00,17280488
T49_2,20251023_000000.WAV,2025-10-23,00:00:00,17280488
T49_2,20251023_040000.WAV,2025-10-23,04:00:00,17280488
T49_2,20251023_110000.WAV,2025-10-23,11:00:00,17280488
T49_2,20251023_140000.WAV,2025-10-23,14:00:00,17280488
T49_2,20251023_180000.WAV,2025-10-23,18:00:00,17280488
T49_2,20251024_000000.WAV,2025-10-24,00:00:00,17280488
T49_2,20251024_040000.WAV,2025-10-24,04:00:00,17280488
T49_2,20251024_110000.WAV,2025-10-24,11:00:00,17280488
T49_2,20251024_140000.WAV,2025-10-24,14:00:00,17280488
T49_2,20251024_180000.WAV,2025-10-24,18:00:00,17280488
T49_2,20251025_000000.WAV,2025-10-25,00:00:00,17280488
T49_2,20251025_040000.WAV,2025-10-25,04:00:00,17280488
T49_2,20251025_110000.WAV,2025-10-25,11:00:00,17280488
T49_2,20251025_140000.WAV,2025-10-25,14:00:00,17280488
T49_2,20251025_180000.WAV,2025-10-25,18:00:00,17280488
T49_2,20251026_000000.WAV,2025-10-26,00:00:00,17280488
T49_2,20251026_040000.WAV,2025-10-26,04:00:00,17280488
T49_2,20251026_110000.WAV,2025-10-26,11:00:00,17280488
T49_2,20251026_140000.WAV,2025-10-26,14:00:00,17280488
T49_2,20251026_180000.WAV,2025-10-26,18:00:00,17280488
T52,20250430_180000.WAV,2025-04-30,18:00:00,17280488
T52,20250501_000000.WAV,2025-05-01,00:00:00,17280488
T52,20250501_040000.WAV,2025-05-01,04:00:00,17280488
T52,20250501_110000.WAV,2025-05-01,11:00:00,17280488
T52,20250501_140000.WAV,2025-05-01,14:00:00,17280488
T52,20250501_180000.WAV,2025-05-01,18:00:00,17280488
T52,20250502_000000.WAV,2025-05-02,00:00:00,17280488
T52,20250502_040000.WAV,2025-05-02,04:00:00,17280488
T52,20250502_110000.WAV,2025-05-02,11:00:00,17280488
T52,20250502_140000.WAV,2025-05-02,14:00:00,17280488
T52,20250502_180000.WAV,2025-05-02,18:00:00,17280488
T52,20250503_000000.WAV,2025-05-03,00:00:00,17280488
T52,20250503_040000.WAV,2025-05-03,04:00:00,17280488
T52,20250503_110000.WAV,2025-05-03,11:00:00,17280488
T52,20250503_140000.WAV,2025-05-03,14:00:00,17280488
T52,20250503_180000.WAV,2025-05-03,18:00:00,17280488
T52,20250504_000000.WAV,2025-05-04,00:00:00,17280488
T52,20250504_040000.WAV,2025-05-04,04:00:00,17280488
T52,20250504_110000.WAV,2025-05-04,11:00:00,17280488
T52,20250504_140000.WAV,2025-05-04,14:00:00,17280488
T52,20250504_180000.WAV,2025-05-04,18:00:00,17280488
T52,20250505_000000.WAV,2025-05-05,00:00:00,17280488
T52,20250505_040000.WAV,2025-05-05,04:00:00,17280488
T52,20250505_110000.WAV,2025-05-05,11:00:00,17280488
T52,20250505_140000.WAV,2025-05-05,14:00:00,17280488
T52,20250505_180000.WAV,2025-05-05,18:00:00,17280488
T52,20250506_000000.WAV,2025-05-06,00:00:00,17280488
T52,20250506_040000.WAV,2025-05-06,04:00:00,17280488
T52,20250506_110000.WAV,2025-05-06,11:00:00,17280488
T52,20250506_140000.WAV,2025-05-06,14:00:00,17280488
T52,20250506_180000.WAV,2025-05-06,18:00:00,17280488
T52,20250507_000000.WAV,2025-05-07,00:00:00,17280488
T52,20250507_040000.WAV,2025-05-07,04:00:00,17280488
T52,20250507_110000.WAV,2025-05-07,11:00:00,17280488
T52,20250507_140000.WAV,2025-05-07,14:00:00,17280488
T52,20250507_180000.WAV,2025-05-07,18:00:00,17280488
T52,20250508_000000.WAV,2025-05-08,00:00:00,17280488
T52,20250508_040000.WAV,2025-05-08,04:00:00,17280488
T52,20250508_110000.WAV,2025-05-08,11:00:00,17280488
T52,20250508_140000.WAV,2025-05-08,14:00:00,17280488
T52,20250508_180000.WAV,2025-05-08,18:00:00,17280488
T52,20250509_000000.WAV,2025-05-09,00:00:00,17280488
T52,20250509_040000.WAV,2025-05-09,04:00:00,17280488
T52,20250509_110000.WAV,2025-05-09,11:00:00,17280488
T52,20250509_140000.WAV,2025-05-09,14:00:00,17280488
T52,20250509_180000.WAV,2025-05-09,18:00:00,17280488
T52,20250510_000000.WAV,2025-05-10,00:00:00,17280488
T52,20250510_040000.WAV,2025-05-10,04:00:00,17280488
T52,20250510_110000.WAV,2025-05-10,11:00:00,17280488
T52,20250510_140000.WAV,2025-05-10,14:00:00,17280488
T52,20250510_180000.WAV,2025-05-10,18:00:00,17280488
T52,20250511_000000.WAV,2025-05-11,00:00:00,17280488
T52,20250511_040000.WAV,2025-05-11,04:00:00,17280488
T52,20250511_110000.WAV,2025-05-11,11:00:00,17280488
T52,20250511_140000.WAV,2025-05-11,14:00:00,17280488
T52,20250511_180000.WAV,2025-05-11,18:00:00,17280488
T52,20250512_000000.WAV,2025-05-12,00:00:00,17280488
T52,20250512_040000.WAV,2025-05-12,04:00:00,17280488
T52,20250512_110000.WAV,2025-05-12,11:00:00,17280488
T52,20250512_140000.WAV,2025-05-12,14:00:00,17280488
T52,20250512_180000.WAV,2025-05-12,18:00:00,17280488
T52,20250513_000000.WAV,2025-05-13,00:00:00,17280488
T52,20250513_040000.WAV,2025-05-13,04:00:00,17280488
T52,20250513_110000.WAV,2025-05-13,11:00:00,17280488
T52,20250513_140000.WAV,2025-05-13,14:00:00,17280488
T52,20250513_180000.WAV,2025-05-13,18:00:00,17280488
T52,20250514_000000.WAV,2025-05-14,00:00:00,17280488
T52,20250514_040000.WAV,2025-05-14,04:00:00,17280488
T52,20250514_110000.WAV,2025-05-14,11:00:00,17280488
T52,20250514_140000.WAV,2025-05-14,14:00:00,17280488
T52,20250514_180000.WAV,2025-05-14,18:00:00,17280488
T52,20250515_000000.WAV,2025-05-15,00:00:00,17280488
T52,20250515_040000.WAV,2025-05-15,04:00:00,17280488
T52,20250515_110000.WAV,2025-05-15,11:00:00,17280488
T52,20250515_140000.WAV,2025-05-15,14:00:00,17280488
T52,20250515_180000.WAV,2025-05-15,18:00:00,17280488
T52,20250516_000000.WAV,2025-05-16,00:00:00,17280488
T52,20250516_040000.WAV,2025-05-16,04:00:00,17280488
T52,20250516_110000.WAV,2025-05-16,11:00:00,17280488
T52,20250516_140000.WAV,2025-05-16,14:00:00,17280488
T52,20250516_180000.WAV,2025-05-16,18:00:00,17280488
T52,20250517_000000.WAV,2025-05-17,00:00:00,17280488
T52,20250517_040000.WAV,2025-05-17,04:00:00,17280488
T52,20250517_110000.WAV,2025-05-17,11:00:00,17280488
T52,20250517_140000.WAV,2025-05-17,14:00:00,17280488
T52,20250517_180000.WAV,2025-05-17,18:00:00,17280488
T52,20250518_000000.WAV,2025-05-18,00:00:00,17280488
T52,20250518_040000.WAV,2025-05-18,04:00:00,17280488
T52,20250518_110000.WAV,2025-05-18,11:00:00,17280488
T52,20250518_140000.WAV,2025-05-18,14:00:00,17280488
T52,20250518_180000.WAV,2025-05-18,18:00:00,17280488
T52,20250519_000000.WAV,2025-05-19,00:00:00,17280488
T52,20250519_040000.WAV,2025-05-19,04:00:00,17280488
T52,20250519_110000.WAV,2025-05-19,11:00:00,17280488
T52,20250519_140000.WAV,2025-05-19,14:00:00,17280488
T52,20250519_180000.WAV,2025-05-19,18:00:00,17280488
T52,20250520_000000.WAV,2025-05-20,00:00:00,17280488
T52,20250520_040000.WAV,2025-05-20,04:00:00,17280488
T52,20250520_110000.WAV,2025-05-20,11:00:00,17280488
T52,20250520_140000.WAV,2025-05-20,14:00:00,17280488
T52,20250520_180000.WAV,2025-05-20,18:00:00,17280488
T52,20250521_000000.WAV,2025-05-21,00:00:00,17280488
T52,20250521_040000.WAV,2025-05-21,04:00:00,17280488
T52,20250521_110000.WAV,2025-05-21,11:00:00,17280488
T52,20250521_140000.WAV,2025-05-21,14:00:00,17280488
T52,20250521_180000.WAV,2025-05-21,18:00:00,17280488
T52,20250522_000000.WAV,2025-05-22,00:00:00,17280488
T52,20250522_040000.WAV,2025-05-22,04:00:00,17280488
T52,20250522_110000.WAV,2025-05-22,11:00:00,17280488
T52,20250522_140000.WAV,2025-05-22,14:00:00,17280488
T52,20250522_180000.WAV,2025-05-22,18:00:00,17280488
T52,20250523_000000.WAV,2025-05-23,00:00:00,17280488
T52,20250523_040000.WAV,2025-05-23,04:00:00,17280488
T52,20250523_110000.WAV,2025-05-23,11:00:00,17280488
T52,20250523_140000.WAV,2025-05-23,14:00:00,17280488
T52,20250523_180000.WAV,2025-05-23,18:00:00,17280488
T52,20250524_000000.WAV,2025-05-24,00:00:00,17280488
T52,20250524_040000.WAV,2025-05-24,04:00:00,17280488
T52,20250524_110000.WAV,2025-05-24,11:00:00,17280488
T52,20250524_140000.WAV,2025-05-24,14:00:00,17280488
T52,20250524_180000.WAV,2025-05-24,18:00:00,17280488
T52,20250525_000000.WAV,2025-05-25,00:00:00,17280488
T52,20250525_040000.WAV,2025-05-25,04:00:00,17280488
T52,20250525_110000.WAV,2025-05-25,11:00:00,17280488
T52,20250525_140000.WAV,2025-05-25,14:00:00,17280488
T52,20250525_180000.WAV,2025-05-25,18:00:00,17280488
T52,20250526_000000.WAV,2025-05-26,00:00:00,17280488
T52,20250526_040000.WAV,2025-05-26,04:00:00,17280488
T52,20250526_110000.WAV,2025-05-26,11:00:00,17280488
T52,20250526_140000.WAV,2025-05-26,14:00:00,17280488
T52,20250526_180000.WAV,2025-05-26,18:00:00,17280488
T52,20250527_000000.WAV,2025-05-27,00:00:00,17280488
T52,20250527_040000.WAV,2025-05-27,04:00:00,17280488
T52,20250527_110000.WAV,2025-05-27,11:00:00,17280488
T52,20250527_140000.WAV,2025-05-27,14:00:00,17280488
T52,20250527_180000.WAV,2025-05-27,18:00:00,17280488
T52,20250528_000000.WAV,2025-05-28,00:00:00,17280488
T52,20250528_040000.WAV,2025-05-28,04:00:00,17280488
T52,20250528_110000.WAV,2025-05-28,11:00:00,17280488
T52,20250528_140000.WAV,2025-05-28,14:00:00,17280488
T52,20250528_180000.WAV,2025-05-28,18:00:00,17280488
T52,20250529_000000.WAV,2025-05-29,00:00:00,17280488
T52,20250529_040000.WAV,2025-05-29,04:00:00,17280488
T52,20250529_110000.WAV,2025-05-29,11:00:00,17280488
T52,20250529_140000.WAV,2025-05-29,14:00:00,17280488
T52,20250529_180000.WAV,2025-05-29,18:00:00,17280488
T52,20250530_000000.WAV,2025-05-30,00:00:00,17280488
T52,20250530_040000.WAV,2025-05-30,04:00:00,17280488
T52,20250530_110000.WAV,2025-05-30,11:00:00,17280488
T52,20250530_140000.WAV,2025-05-30,14:00:00,17280488
T52,20250530_180000.WAV,2025-05-30,18:00:00,17280488
T52,20250531_000000.WAV,2025-05-31,00:00:00,17280488
T52,20250531_040000.WAV,2025-05-31,04:00:00,17280488
T52,20250531_110000.WAV,2025-05-31,11:00:00,17280488
T52,20250531_140000.WAV,2025-05-31,14:00:00,17280488
T52,20250531_180000.WAV,2025-05-31,18:00:00,17280488
T52,20250601_000000.WAV,2025-06-01,00:00:00,17280488
T52,20250601_040000.WAV,2025-06-01,04:00:00,17280488
T52,20250601_110000.WAV,2025-06-01,11:00:00,17280488
T52,20250601_140000.WAV,2025-06-01,14:00:00,17280488
T52,20250601_180000.WAV,2025-06-01,18:00:00,17280488
T52,20250602_000000.WAV,2025-06-02,00:00:00,17280488
T52,20250602_040000.WAV,2025-06-02,04:00:00,17280488
T52,20250602_110000.WAV,2025-06-02,11:00:00,17280488
T52,20250602_140000.WAV,2025-06-02,14:00:00,17280488
T52,20250602_180000.WAV,2025-06-02,18:00:00,17280488
T52,20250603_000000.WAV,2025-06-03,00:00:00,17280488
T52,20250603_040000.WAV,2025-06-03,04:00:00,17280488
T52,20250603_110000.WAV,2025-06-03,11:00:00,17280488
T52,20250603_140000.WAV,2025-06-03,14:00:00,17280488
T52,20250603_180000.WAV,2025-06-03,18:00:00,17280488
T52,20250604_000000.WAV,2025-06-04,00:00:00,17280488
T52,20250604_040000.WAV,2025-06-04,04:00:00,17280488
T52,20250604_110000.WAV,2025-06-04,11:00:00,17280488
T52,20250604_140000.WAV,2025-06-04,14:00:00,17280488
T52,20250604_180000.WAV,2025-06-04,18:00:00,17280488
T52,20250605_000000.WAV,2025-06-05,00:00:00,17280488
T52,20250605_040000.WAV,2025-06-05,04:00:00,17280488
T52,20250605_110000.WAV,2025-06-05,11:00:00,17280488
T52,20250605_140000.WAV,2025-06-05,14:00:00,17280488
T52,20250605_180000.WAV,2025-06-05,18:00:00,17280488
T52,20250606_000000.WAV,2025-06-06,00:00:00,17280488
T52,20250606_040000.WAV,2025-06-06,04:00:00,17280488
T52,20250606_110000.WAV,2025-06-06,11:00:00,17280488
T52,20250606_140000.WAV,2025-06-06,14:00:00,17280488
T52,20250606_180000.WAV,2025-06-06,18:00:00,17280488
T52,20250607_000000.WAV,2025-06-07,00:00:00,17280488
T52,20250607_040000.WAV,2025-06-07,04:00:00,17280488
T52,20250607_110000.WAV,2025-06-07,11:00:00,17280488
T52,20250607_140000.WAV,2025-06-07,14:00:00,17280488
T52,20250607_180000.WAV,2025-06-07,18:00:00,17280488
T52,20250608_000000.WAV,2025-06-08,00:00:00,17280488
T52,20250608_040000.WAV,2025-06-08,04:00:00,17280488
T52,20250608_110000.WAV,2025-06-08,11:00:00,17280488
T52,20250608_140000.WAV,2025-06-08,14:00:00,17280488
T52,20250608_180000.WAV,2025-06-08,18:00:00,17280488
T52,20250609_000000.WAV,2025-06-09,00:00:00,17280488
T52,20250609_040000.WAV,2025-06-09,04:00:00,17280488
T52,20250609_110000.WAV,2025-06-09,11:00:00,17280488
T52,20250609_140000.WAV,2025-06-09,14:00:00,17280488
T52,20250609_180000.WAV,2025-06-09,18:00:00,17280488
T52,20250610_000000.WAV,2025-06-10,00:00:00,17280488
T52,20250610_040000.WAV,2025-06-10,04:00:00,17280488
T52,20250610_110000.WAV,2025-06-10,11:00:00,17280488
T52,20250610_140000.WAV,2025-06-10,14:00:00,17280488
T52,20250610_180000.WAV,2025-06-10,18:00:00,17280488
T52,20250611_000000.WAV,2025-06-11,00:00:00,17280488
T52,20250611_040000.WAV,2025-06-11,04:00:00,17280488
T52,20250611_110000.WAV,2025-06-11,11:00:00,17280488
T52,20250611_140000.WAV,2025-06-11,14:00:00,17280488
T52,20250611_180000.WAV,2025-06-11,18:00:00,17280488
T52,20250612_000000.WAV,2025-06-12,00:00:00,17280488
T52,20250612_040000.WAV,2025-06-12,04:00:00,17280488
T52,20250612_110000.WAV,2025-06-12,11:00:00,17280488
T52,20250612_140000.WAV,2025-06-12,14:00:00,17280488
T52,20250612_180000.WAV,2025-06-12,18:00:00,17280488
T52,20250613_000000.WAV,2025-06-13,00:00:00,17280488
T52,20250613_040000.WAV,2025-06-13,04:00:00,17280488
T52,20250613_110000.WAV,2025-06-13,11:00:00,17280488
T52,20250613_140000.WAV,2025-06-13,14:00:00,17280488
T52,20250613_180000.WAV,2025-06-13,18:00:00,17280488
T52,20250614_000000.WAV,2025-06-14,00:00:00,17280488
T52,20250614_040000.WAV,2025-06-14,04:00:00,17280488
T52,20250614_110000.WAV,2025-06-14,11:00:00,17280488
T52,20250614_140000.WAV,2025-06-14,14:00:00,17280488
T52,20250614_180000.WAV,2025-06-14,18:00:00,17280488
T52,20250615_000000.WAV,2025-06-15,00:00:00,17280488
T52,20250615_040000.WAV,2025-06-15,04:00:00,17280488
T52,20250615_110000.WAV,2025-06-15,11:00:00,17280488
T52,20250615_140000.WAV,2025-06-15,14:00:00,17280488
T52,20250615_180000.WAV,2025-06-15,18:00:00,17280488
T52,20250616_000000.WAV,2025-06-16,00:00:00,17280488
T52,20250616_040000.WAV,2025-06-16,04:00:00,17280488
T52,20250616_110000.WAV,2025-06-16,11:00:00,17280488
T52,20250616_140000.WAV,2025-06-16,14:00:00,17280488
T52,20250616_180000.WAV,2025-06-16,18:00:00,17280488
T52,20250617_000000.WAV,2025-06-17,00:00:00,17280488
T52,20250617_040000.WAV,2025-06-17,04:00:00,17280488
T52,20250617_110000.WAV,2025-06-17,11:00:00,17280488
T52,20250617_140000.WAV,2025-06-17,14:00:00,17280488
T52,20250617_180000.WAV,2025-06-17,18:00:00,17280488
T52,20250618_000000.WAV,2025-06-18,00:00:00,17280488
T52,20250618_040000.WAV,2025-06-18,04:00:00,17280488
T52,20250618_110000.WAV,2025-06-18,11:00:00,17280488
T52,20250618_140000.WAV,2025-06-18,14:00:00,17280488
T52,20250618_180000.WAV,2025-06-18,18:00:00,17280488
T52,20250619_000000.WAV,2025-06-19,00:00:00,17280488
T52,20250619_040000.WAV,2025-06-19,04:00:00,17280488
T52,20250619_110000.WAV,2025-06-19,11:00:00,17280488
T52,20250619_140000.WAV,2025-06-19,14:00:00,17280488
T52,20250619_180000.WAV,2025-06-19,18:00:00,17280488
T52,20250620_000000.WAV,2025-06-20,00:00:00,17280488
T52,20250620_040000.WAV,2025-06-20,04:00:00,17280488
T52,20250620_110000.WAV,2025-06-20,11:00:00,17280488
T52,20250620_140000.WAV,2025-06-20,14:00:00,17280488
T52,20250620_180000.WAV,2025-06-20,18:00:00,17280488
T52,20250621_000000.WAV,2025-06-21,00:00:00,17280488
T52,20250621_040000.WAV,2025-06-21,04:00:00,17280488
T52,20250621_110000.WAV,2025-06-21,11:00:00,17280488
T52,20250621_140000.WAV,2025-06-21,14:00:00,17280488
T52,20250621_180000.WAV,2025-06-21,18:00:00,17280488
T52,20250622_000000.WAV,2025-06-22,00:00:00,17280488
T52,20250622_040000.WAV,2025-06-22,04:00:00,17280488
T52,20250622_110000.WAV,2025-06-22,11:00:00,17280488
T52,20250622_140000.WAV,2025-06-22,14:00:00,17280488
T52,20250622_180000.WAV,2025-06-22,18:00:00,17280488
T52,20250623_000000.WAV,2025-06-23,00:00:00,17280488
T52,20250623_040000.WAV,2025-06-23,04:00:00,17280488
T52,20250623_110000.WAV,2025-06-23,11:00:00,17280488
T52,20250623_140000.WAV,2025-06-23,14:00:00,17280488
T52,20250623_180000.WAV,2025-06-23,18:00:00,17280488
T52,20250624_000000.WAV,2025-06-24,00:00:00,17280488
T52,20250624_040000.WAV,2025-06-24,04:00:00,17280488
T52,20250624_110000.WAV,2025-06-24,11:00:00,17280488
T52,20250624_140000.WAV,2025-06-24,14:00:00,17280488
T52,20250624_180000.WAV,2025-06-24,18:00:00,17280488
T52,20250625_000000.WAV,2025-06-25,00:00:00,17280488
T52,20250625_040000.WAV,2025-06-25,04:00:00,17280488
T52,20250625_110000.WAV,2025-06-25,11:00:00,17280488
T52,20250625_140000.WAV,2025-06-25,14:00:00,17280488
T52,20250625_180000.WAV,2025-06-25,18:00:00,17280488
T52,20250626_000000.WAV,2025-06-26,00:00:00,17280488
T52,20250626_040000.WAV,2025-06-26,04:00:00,17280488
T52,20250626_110000.WAV,2025-06-26,11:00:00,17280488
T52,20250626_140000.WAV,2025-06-26,14:00:00,17280488
T52,20250626_180000.WAV,2025-06-26,18:00:00,17280488
T52,20250627_000000.WAV,2025-06-27,00:00:00,17280488
T52,20250627_040000.WAV,2025-06-27,04:00:00,17280488
T52,20250627_110000.WAV,2025-06-27,11:00:00,17280488
T52,20250627_140000.WAV,2025-06-27,14:00:00,17280488
T52,20250627_180000.WAV,2025-06-27,18:00:00,17280488
T52,20250628_000000.WAV,2025-06-28,00:00:00,17280488
T52,20250628_040000.WAV,2025-06-28,04:00:00,17280488
T52,20250628_110000.WAV,2025-06-28,11:00:00,17280488
T52,20250628_140000.WAV,2025-06-28,14:00:00,17280488
T52,20250628_180000.WAV,2025-06-28,18:00:00,17280488
T52,20250629_000000.WAV,2025-06-29,00:00:00,17280488
T52,20250629_040000.WAV,2025-06-29,04:00:00,17280488
T52,20250629_110000.WAV,2025-06-29,11:00:00,17280488
T52,20250629_140000.WAV,2025-06-29,14:00:00,17280488
T52,20250629_180000.WAV,2025-06-29,18:00:00,17280488
T52,20250630_000000.WAV,2025-06-30,00:00:00,17280488
T52,20250630_040000.WAV,2025-06-30,04:00:00,17280488
T52,20250630_110000.WAV,2025-06-30,11:00:00,17280488
T52,20250630_140000.WAV,2025-06-30,14:00:00,17280488
T52,20250630_180000.WAV,2025-06-30,18:00:00,17280488
T52,20250701_000000.WAV,2025-07-01,00:00:00,17280488
T52,20250701_040000.WAV,2025-07-01,04:00:00,17280488
T52,20250701_110000.WAV,2025-07-01,11:00:00,17280488
T52,20250701_140000.WAV,2025-07-01,14:00:00,17280488
T52,20250701_180000.WAV,2025-07-01,18:00:00,17280488
T52,20250702_000000.WAV,2025-07-02,00:00:00,17280488
T52,20250702_040000.WAV,2025-07-02,04:00:00,17280488
T52,20250702_110000.WAV,2025-07-02,11:00:00,17280488
T52,20250702_140000.WAV,2025-07-02,14:00:00,17280488
T52,20250702_180000.WAV,2025-07-02,18:00:00,17280488
T52,20250703_000000.WAV,2025-07-03,00:00:00,17280488
T52,20250703_040000.WAV,2025-07-03,04:00:00,17280488
T52,20250703_110000.WAV,2025-07-03,11:00:00,17280488
T52,20250703_140000.WAV,2025-07-03,14:00:00,17280488
T52,20250703_180000.WAV,2025-07-03,18:00:00,17280488
T52,20250704_000000.WAV,2025-07-04,00:00:00,17280488
T52,20250704_040000.WAV,2025-07-04,04:00:00,17280488
T52,20250704_110000.WAV,2025-07-04,11:00:00,17280488
T52,20250704_140000.WAV,2025-07-04,14:00:00,17280488
T52,20250704_180000.WAV,2025-07-04,18:00:00,17280488
T52,20250705_000000.WAV,2025-07-05,00:00:00,17280488
T52,20250705_040000.WAV,2025-07-05,04:00:00,17280488
T52,20250705_110000.WAV,2025-07-05,11:00:00,17280488
T52,20250705_140000.WAV,2025-07-05,14:00:00,17280488
T52,20250705_180000.WAV,2025-07-05,18:00:00,17280488
T52,20250706_000000.WAV,2025-07-06,00:00:00,17280488
T52,20250706_040000.WAV,2025-07-06,04:00:00,17280488
T52,20250706_110000.WAV,2025-07-06,11:00:00,17280488
T52,20250706_140000.WAV,2025-07-06,14:00:00,17280488
T52,20250706_180000.WAV,2025-07-06,18:00:00,17280488
T52,20250707_000000.WAV,2025-07-07,00:00:00,17280488
T52,20250707_040000.WAV,2025-07-07,04:00:00,17280488
T52,20250707_110000.WAV,2025-07-07,11:00:00,17280488
T52,20250707_140000.WAV,2025-07-07,14:00:00,17280488
T52,20250707_180000.WAV,2025-07-07,18:00:00,17280488
T52,20250708_000000.WAV,2025-07-08,00:00:00,17280488
T52,20250708_040000.WAV,2025-07-08,04:00:00,17280488
T52,20250708_110000.WAV,2025-07-08,11:00:00,17280488
T52,20250708_140000.WAV,2025-07-08,14:00:00,17280488
T52,20250708_180000.WAV,2025-07-08,18:00:00,17280488
T52,20250709_000000.WAV,2025-07-09,00:00:00,17280488
T52,20250709_040000.WAV,2025-07-09,04:00:00,17280488
T52,20250709_110000.WAV,2025-07-09,11:00:00,17280488
T52,20250709_140000.WAV,2025-07-09,14:00:00,17280488
T52,20250709_180000.WAV,2025-07-09,18:00:00,17280488
T52,20250710_000000.WAV,2025-07-10,00:00:00,17280488
T52,20250710_040000.WAV,2025-07-10,04:00:00,17280488
T52,20250710_110000.WAV,2025-07-10,11:00:00,17280488
T52,20250710_140000.WAV,2025-07-10,14:00:00,17280488
T52,20250710_180000.WAV,2025-07-10,18:00:00,17280488
T52,20250711_000000.WAV,2025-07-11,00:00:00,17280488
T52,20250711_040000.WAV,2025-07-11,04:00:00,17280488
T52,20250711_110000.WAV,2025-07-11,11:00:00,17280488
T52,20250711_140000.WAV,2025-07-11,14:00:00,17280488
T52,20250711_180000.WAV,2025-07-11,18:00:00,17280488
T52,20250712_000000.WAV,2025-07-12,00:00:00,17280488
T52,20250712_040000.WAV,2025-07-12,04:00:00,17280488
T52,20250712_110000.WAV,2025-07-12,11:00:00,17280488
T52,20250712_140000.WAV,2025-07-12,14:00:00,17280488
T52,20250712_180000.WAV,2025-07-12,18:00:00,17280488
T52,20250713_000000.WAV,2025-07-13,00:00:00,17280488
T52,20250713_040000.WAV,2025-07-13,04:00:00,17280488
T52,20250713_110000.WAV,2025-07-13,11:00:00,17280488
T52,20250713_140000.WAV,2025-07-13,14:00:00,17280488
T52,20250713_180000.WAV,2025-07-13,18:00:00,17280488
T52,20250714_000000.WAV,2025-07-14,00:00:00,17280488
T52,20250714_040000.WAV,2025-07-14,04:00:00,17280488
T52,20250714_110000.WAV,2025-07-14,11:00:00,17280488
T52,20250714_140000.WAV,2025-07-14,14:00:00,17280488
T52,20250714_180000.WAV,2025-07-14,18:00:00,17280488
T52,20250715_000000.WAV,2025-07-15,00:00:00,17280488
T52,20250715_040000.WAV,2025-07-15,04:00:00,17280488
T52,20250715_110000.WAV,2025-07-15,11:00:00,17280488
T52,20250715_140000.WAV,2025-07-15,14:00:00,17280488
T52,20250715_180000.WAV,2025-07-15,18:00:00,17280488
T52,20250716_000000.WAV,2025-07-16,00:00:00,17280488
T52,20250716_040000.WAV,2025-07-16,04:00:00,17280488
T52,20250716_110000.WAV,2025-07-16,11:00:00,17280488
T52,20250716_140000.WAV,2025-07-16,14:00:00,17280488
T52,20250716_180000.WAV,2025-07-16,18:00:00,17280488
T52,20250717_000000.WAV,2025-07-17,00:00:00,17280488
T52,20250717_040000.WAV,2025-07-17,04:00:00,17280488
T52,20250717_110000.WAV,2025-07-17,11:00:00,17280488
T52,20250717_140000.WAV,2025-07-17,14:00:00,17280488
T52,20250717_180000.WAV,2025-07-17,18:00:00,17280488
T52,20250718_000000.WAV,2025-07-18,00:00:00,17280488
T52,20250718_040000.WAV,2025-07-18,04:00:00,17280488
T52,20250718_110000.WAV,2025-07-18,11:00:00,17280488
T52,20250718_140000.WAV,2025-07-18,14:00:00,17280488
T52,20250718_180000.WAV,2025-07-18,18:00:00,17280488
T52,20250719_000000.WAV,2025-07-19,00:00:00,17280488
T52,20250719_040000.WAV,2025-07-19,04:00:00,17280488
T52,20250719_110000.WAV,2025-07-19,11:00:00,17280488
T52,20250719_140000.WAV,2025-07-19,14:00:00,17280488
T52,20250719_180000.WAV,2025-07-19,18:00:00,17280488
T52,20250720_000000.WAV,2025-07-20,00:00:00,17280488
T52,20250720_040000.WAV,2025-07-20,04:00:00,17280488
T52,20250720_110000.WAV,2025-07-20,11:00:00,17280488
T52,20250720_140000.WAV,2025-07-20,14:00:00,17280488
T52,20250720_180000.WAV,2025-07-20,18:00:00,17280488
T52,20250721_000000.WAV,2025-07-21,00:00:00,17280488
T52,20250721_040000.WAV,2025-07-21,04:00:00,17280488
T52,20250721_110000.WAV,2025-07-21,11:00:00,17280488
T52,20250721_140000.WAV,2025-07-21,14:00:00,17280488
T52,20250721_180000.WAV,2025-07-21,18:00:00,17280488
T52,20250722_000000.WAV,2025-07-22,00:00:00,17280488
T52,20250722_040000.WAV,2025-07-22,04:00:00,17280488
T52,20250722_110000.WAV,2025-07-22,11:00:00,17280488
T52,20250722_140000.WAV,2025-07-22,14:00:00,17280488
T52,20250722_180000.WAV,2025-07-22,18:00:00,17280488
T52,20250723_000000.WAV,2025-07-23,00:00:00,17280488
T52,20250723_040000.WAV,2025-07-23,04:00:00,17280488
T52,20250723_110000.WAV,2025-07-23,11:00:00,17280488
T52,20250723_140000.WAV,2025-07-23,14:00:00,17280488
T52,20250723_180000.WAV,2025-07-23,18:00:00,17280488
T52,20250724_000000.WAV,2025-07-24,00:00:00,17280488
T52,20250724_040000.WAV,2025-07-24,04:00:00,17280488
T52,20250724_110000.WAV,2025-07-24,11:00:00,17280488
T52,20250724_140000.WAV,2025-07-24,14:00:00,17280488
T52,20250724_180000.WAV,2025-07-24,18:00:00,17280488
T52,20250725_000000.WAV,2025-07-25,00:00:00,17280488
T52,20250725_040000.WAV,2025-07-25,04:00:00,17280488
T52,20250725_110000.WAV,2025-07-25,11:00:00,17280488
T52,20250725_140000.WAV,2025-07-25,14:00:00,17280488
T52,20250725_180000.WAV,2025-07-25,18:00:00,17280488
T52,20250726_000000.WAV,2025-07-26,00:00:00,17280488
T52,20250726_040000.WAV,2025-07-26,04:00:00,17280488
T52,20250726_110000.WAV,2025-07-26,11:00:00,17280488
T52,20250726_140000.WAV,2025-07-26,14:00:00,17280488
T52,20250726_180000.WAV,2025-07-26,18:00:00,17280488
T52,20250727_000000.WAV,2025-07-27,00:00:00,17280488
T52,20250727_040000.WAV,2025-07-27,04:00:00,17280488
T52,20250727_110000.WAV,2025-07-27,11:00:00,17280488
T52,20250727_140000.WAV,2025-07-27,14:00:00,17280488
T52,20250727_180000.WAV,2025-07-27,18:00:00,17280488
T52,20250728_000000.WAV,2025-07-28,00:00:00,17280488
T52,20250728_040000.WAV,2025-07-28,04:00:00,17280488
T52,20250728_110000.WAV,2025-07-28,11:00:00,17280488
T52,20250728_140000.WAV,2025-07-28,14:00:00,17280488
T52,20250728_180000.WAV,2025-07-28,18:00:00,17280488
T52,20250729_000000.WAV,2025-07-29,00:00:00,17280488
T52,20250729_040000.WAV,2025-07-29,04:00:00,17280488
T52,20250729_110000.WAV,2025-07-29,11:00:00,17280488
T52,20250729_140000.WAV,2025-07-29,14:00:00,17280488
T52,20250729_180000.WAV,2025-07-29,18:00:00,17280488
T52,20250730_000000.WAV,2025-07-30,00:00:00,17280488
T52,20250730_040000.WAV,2025-07-30,04:00:00,17280488
T52,20250730_110000.WAV,2025-07-30,11:00:00,17280488
T52,20250730_140000.WAV,2025-07-30,14:00:00,17280488
T52,20250730_180000.WAV,2025-07-30,18:00:00,17280488
T52,20250731_000000.WAV,2025-07-31,00:00:00,17280488
T52,20250731_040000.WAV,2025-07-31,04:00:00,17280488
T52,20250731_110000.WAV,2025-07-31,11:00:00,17280488
T52,20250731_140000.WAV,2025-07-31,14:00:00,17280488
T52,20250731_180000.WAV,2025-07-31,18:00:00,17280488
T52,20250801_000000.WAV,2025-08-01,00:00:00,17280488
T52,20250801_040000.WAV,2025-08-01,04:00:00,17280488
T52,20250801_110000.WAV,2025-08-01,11:00:00,17280488
T52,20250801_140000.WAV,2025-08-01,14:00:00,17280488
T52,20250801_180000.WAV,2025-08-01,18:00:00,17280488
T52,20250802_000000.WAV,2025-08-02,00:00:00,17280488
T52,20250802_040000.WAV,2025-08-02,04:00:00,17280488
T52,20250802_110000.WAV,2025-08-02,11:00:00,17280488
T52,20250802_140000.WAV,2025-08-02,14:00:00,17280488
T52,20250802_180000.WAV,2025-08-02,18:00:00,17280488
T52,20250803_000000.WAV,2025-08-03,00:00:00,17280488
T52,20250803_040000.WAV,2025-08-03,04:00:00,17280488
T52,20250803_110000.WAV,2025-08-03,11:00:00,17280488
T52,20250803_140000.WAV,2025-08-03,14:00:00,17280488
T52,20250803_180000.WAV,2025-08-03,18:00:00,17280488
T52,20250804_000000.WAV,2025-08-04,00:00:00,17280488
T52,20250804_040000.WAV,2025-08-04,04:00:00,17280488
T52,20250804_110000.WAV,2025-08-04,11:00:00,17280488
T52,20250804_140000.WAV,2025-08-04,14:00:00,17280488
T52,20250804_180000.WAV,2025-08-04,18:00:00,17280488
T52,20250805_000000.WAV,2025-08-05,00:00:00,17280488
T52,20250805_040000.WAV,2025-08-05,04:00:00,17280488
T52,20250805_110000.WAV,2025-08-05,11:00:00,17280488
T52,20250805_140000.WAV,2025-08-05,14:00:00,17280488
T52,20250805_180000.WAV,2025-08-05,18:00:00,17280488
T52,20250806_000000.WAV,2025-08-06,00:00:00,17280488
T52,20250806_040000.WAV,2025-08-06,04:00:00,17280488
T52,20250806_110000.WAV,2025-08-06,11:00:00,17280488
T52,20250806_140000.WAV,2025-08-06,14:00:00,17280488
T52,20250806_180000.WAV,2025-08-06,18:00:00,17280488
T52,20250807_000000.WAV,2025-08-07,00:00:00,17280488
T52,20250807_040000.WAV,2025-08-07,04:00:00,17280488
T52,20250807_110000.WAV,2025-08-07,11:00:00,17280488
T52,20250807_140000.WAV,2025-08-07,14:00:00,17280488
T52,20250807_180000.WAV,2025-08-07,18:00:00,17280488
T52,20250808_000000.WAV,2025-08-08,00:00:00,17280488
T52,20250808_040000.WAV,2025-08-08,04:00:00,17280488
T52,20250808_110000.WAV,2025-08-08,11:00:00,17280488
T52,20250808_140000.WAV,2025-08-08,14:00:00,17280488
T52,20250808_180000.WAV,2025-08-08,18:00:00,17280488
T52,20250809_000000.WAV,2025-08-09,00:00:00,17280488
T52,20250809_040000.WAV,2025-08-09,04:00:00,17280488
T52,20250809_110000.WAV,2025-08-09,11:00:00,17280488
T52,20250809_140000.WAV,2025-08-09,14:00:00,17280488
T52,20250809_180000.WAV,2025-08-09,18:00:00,17280488
T52,20250810_000000.WAV,2025-08-10,00:00:00,17280488
T52,20250810_040000.WAV,2025-08-10,04:00:00,17280488
T52,20250810_110000.WAV,2025-08-10,11:00:00,17280488
T52,20250810_140000.WAV,2025-08-10,14:00:00,17280488
T52,20250810_180000.WAV,2025-08-10,18:00:00,17280488
T52,20250811_000000.WAV,2025-08-11,00:00:00,17280488
T52,20250811_040000.WAV,2025-08-11,04:00:00,17280488
T52,20250811_110000.WAV,2025-08-11,11:00:00,17280488
T52,20250811_140000.WAV,2025-08-11,14:00:00,17280488
T52,20250811_180000.WAV,2025-08-11,18:00:00,17280488
T52,20250812_000000.WAV,2025-08-12,00:00:00,17280488
T52,20250812_040000.WAV,2025-08-12,04:00:00,17280488
T52,20250812_110000.WAV,2025-08-12,11:00:00,17280488
T52,20250812_140000.WAV,2025-08-12,14:00:00,17280488
T52,20250812_180000.WAV,2025-08-12,18:00:00,17280488
T52,20250813_000000.WAV,2025-08-13,00:00:00,17280488
T52,20250813_040000.WAV,2025-08-13,04:00:00,17280488
T52,20250813_110000.WAV,2025-08-13,11:00:00,17280488
T52,20250813_140000.WAV,2025-08-13,14:00:00,17280488
T52,20250813_180000.WAV,2025-08-13,18:00:00,17280488
T52,20250814_000000.WAV,2025-08-14,00:00:00,17280488
T52,20250814_040000.WAV,2025-08-14,04:00:00,17280488
T52,20250814_110000.WAV,2025-08-14,11:00:00,17280488
T52,20250814_140000.WAV,2025-08-14,14:00:00,17280488
T52,20250814_180000.WAV,2025-08-14,18:00:00,17280488
T52,20250815_000000.WAV,2025-08-15,00:00:00,17280488
T52,20250815_040000.WAV,2025-08-15,04:00:00,17280488
T52,20250815_110000.WAV,2025-08-15,11:00:00,17280488
T52,20250815_140000.WAV,2025-08-15,14:00:00,17280488
T52,20250815_180000.WAV,2025-08-15,18:00:00,17280488
T52,20250816_000000.WAV,2025-08-16,00:00:00,17280488
T52,20250816_040000.WAV,2025-08-16,04:00:00,17280488
T52,20250816_110000.WAV,2025-08-16,11:00:00,17280488
T52,20250816_140000.WAV,2025-08-16,14:00:00,17280488
T52,20250816_180000.WAV,2025-08-16,18:00:00,17280488
T52,20250817_000000.WAV,2025-08-17,00:00:00,17280488
T52,20250817_040000.WAV,2025-08-17,04:00:00,17280488
T52,20250817_110000.WAV,2025-08-17,11:00:00,17280488
T52,20250817_140000.WAV,2025-08-17,14:00:00,17280488
T52,20250817_180000.WAV,2025-08-17,18:00:00,17280488
T52,20250818_000000.WAV,2025-08-18,00:00:00,17280488
T52,20250818_040000.WAV,2025-08-18,04:00:00,17280488
T52,20250818_110000.WAV,2025-08-18,11:00:00,17280488
T52,20250818_140000.WAV,2025-08-18,14:00:00,17280488
T52,20250818_180000.WAV,2025-08-18,18:00:00,17280488
T52,20250819_000000.WAV,2025-08-19,00:00:00,17280488
T52,20250819_040000.WAV,2025-08-19,04:00:00,17280488
T52,20250819_110000.WAV,2025-08-19,11:00:00,17280488
T52,20250819_140000.WAV,2025-08-19,14:00:00,17280488
T52,20250819_180000.WAV,2025-08-19,18:00:00,17280488
T52,20250820_000000.WAV,2025-08-20,00:00:00,17280488
T52,20250820_040000.WAV,2025-08-20,04:00:00,17280488
T52,20250820_110000.WAV,2025-08-20,11:00:00,17280488
T52,20250820_140000.WAV,2025-08-20,14:00:00,17280488
T52,20250820_180000.WAV,2025-08-20,18:00:00,17280488
T52,20250821_000000.WAV,2025-08-21,00:00:00,17280488
T52,20250821_040000.WAV,2025-08-21,04:00:00,17280488
T52,20250821_110000.WAV,2025-08-21,11:00:00,17280488
T52,20250821_140000.WAV,2025-08-21,14:00:00,17280488
T52,20250821_180000.WAV,2025-08-21,18:00:00,17280488
T52,20250822_000000.WAV,2025-08-22,00:00:00,17280488
T52,20250822_040000.WAV,2025-08-22,04:00:00,17280488
T52,20250822_110000.WAV,2025-08-22,11:00:00,17280488
T52,20250822_140000.WAV,2025-08-22,14:00:00,17280488
T52,20250822_180000.WAV,2025-08-22,18:00:00,17280488
T52,20250823_000000.WAV,2025-08-23,00:00:00,17280488
T52,20250823_040000.WAV,2025-08-23,04:00:00,17280488
T52,20250823_110000.WAV,2025-08-23,11:00:00,17280488
T52,20250823_140000.WAV,2025-08-23,14:00:00,17280488
T52,20250823_180000.WAV,2025-08-23,18:00:00,17280488
T52,20250824_000000.WAV,2025-08-24,00:00:00,17280488
T52,20250824_040000.WAV,2025-08-24,04:00:00,17280488
T52,20250824_110000.WAV,2025-08-24,11:00:00,17280488
T52,20250824_140000.WAV,2025-08-24,14:00:00,17280488
T52,20250824_180000.WAV,2025-08-24,18:00:00,17280488
T52,20250825_000000.WAV,2025-08-25,00:00:00,17280488
T52,20250825_040000.WAV,2025-08-25,04:00:00,17280488
T52,20250825_110000.WAV,2025-08-25,11:00:00,17280488
T52,20250825_140000.WAV,2025-08-25,14:00:00,17280488
T52,20250825_180000.WAV,2025-08-25,18:00:00,17280488
T52,20250826_000000.WAV,2025-08-26,00:00:00,17280488
T52,20250826_040000.WAV,2025-08-26,04:00:00,17280488
T52,20250826_110000.WAV,2025-08-26,11:00:00,17280488
T52,20250826_140000.WAV,2025-08-26,14:00:00,17280488
T52,20250826_180000.WAV,2025-08-26,18:00:00,17280488
T52,20250827_000000.WAV,2025-08-27,00:00:00,17280488
T52,20250827_040000.WAV,2025-08-27,04:00:00,17280488
T52,20250827_110000.WAV,2025-08-27,11:00:00,17280488
T52,20250827_140000.WAV,2025-08-27,14:00:00,17280488
T52,20250827_180000.WAV,2025-08-27,18:00:00,17280488
T52,20250828_000000.WAV,2025-08-28,00:00:00,17280488
T52,20250828_040000.WAV,2025-08-28,04:00:00,17280488
T52,20250828_110000.WAV,2025-08-28,11:00:00,17280488
T52,20250828_140000.WAV,2025-08-28,14:00:00,17280488
T52,20250828_180000.WAV,2025-08-28,18:00:00,17280488
T52,20250829_000000.WAV,2025-08-29,00:00:00,17280488
T52,20250829_040000.WAV,2025-08-29,04:00:00,17280488
T52,20250829_110000.WAV,2025-08-29,11:00:00,17280488
T52,20250829_140000.WAV,2025-08-29,14:00:00,17280488
T52,20250829_180000.WAV,2025-08-29,18:00:00,17280488
T52,20250830_000000.WAV,2025-08-30,00:00:00,17280488
T52,20250830_040000.WAV,2025-08-30,04:00:00,17280488
T52,20250830_110000.WAV,2025-08-30,11:00:00,17280488
T52,20250830_140000.WAV,2025-08-30,14:00:00,17280488
T52,20250830_180000.WAV,2025-08-30,18:00:00,17280488
T52,20250831_000000.WAV,2025-08-31,00:00:00,17280488
T52,20250831_040000.WAV,2025-08-31,04:00:00,17280488
T52,20250831_110000.WAV,2025-08-31,11:00:00,17280488
T52,20250831_140000.WAV,2025-08-31,14:00:00,17280488
T52,20250831_180000.WAV,2025-08-31,18:00:00,17280488
T52,20250901_000000.WAV,2025-09-01,00:00:00,17280488
T52,20250901_040000.WAV,2025-09-01,04:00:00,17280488
T52,20250901_110000.WAV,2025-09-01,11:00:00,17280488
T52,20250901_140000.WAV,2025-09-01,14:00:00,17280488
T52,20250901_180000.WAV,2025-09-01,18:00:00,17280488
T52,20250902_000000.WAV,2025-09-02,00:00:00,17280488
T52,20250902_040000.WAV,2025-09-02,04:00:00,17280488
T52,20250902_110000.WAV,2025-09-02,11:00:00,17280488
T52,20250902_140000.WAV,2025-09-02,14:00:00,17280488
T52,20250902_180000.WAV,2025-09-02,18:00:00,17280488
T52,20250903_000000.WAV,2025-09-03,00:00:00,17280488
T52,20250903_040000.WAV,2025-09-03,04:00:00,17280488
T52,20250903_110000.WAV,2025-09-03,11:00:00,17280488
T52,20250903_140000.WAV,2025-09-03,14:00:00,17280488
T52,20250903_180000.WAV,2025-09-03,18:00:00,17280488
T52,20250904_000000.WAV,2025-09-04,00:00:00,17280488
T52,20250904_040000.WAV,2025-09-04,04:00:00,17280488
T52,20250904_110000.WAV,2025-09-04,11:00:00,17280488
T52,20250904_140000.WAV,2025-09-04,14:00:00,17280488
T52,20250904_180000.WAV,2025-09-04,18:00:00,17280488
T52,20250905_000000.WAV,2025-09-05,00:00:00,17280488
T52,20250905_040000.WAV,2025-09-05,04:00:00,17280488
T52,20250905_110000.WAV,2025-09-05,11:00:00,17280488
T52,20250905_140000.WAV,2025-09-05,14:00:00,17280488
T52,20250905_180000.WAV,2025-09-05,18:00:00,17280488
T52,20250906_000000.WAV,2025-09-06,00:00:00,17280488
T52,20250906_040000.WAV,2025-09-06,04:00:00,17280488
T52,20250906_110000.WAV,2025-09-06,11:00:00,17280488
T52,20250906_140000.WAV,2025-09-06,14:00:00,17280488
T52,20250906_180000.WAV,2025-09-06,18:00:00,17280488
T52,20250907_000000.WAV,2025-09-07,00:00:00,17280488
T52,20250907_040000.WAV,2025-09-07,04:00:00,17280488
T52,20250907_110000.WAV,2025-09-07,11:00:00,17280488
T52,20250907_140000.WAV,2025-09-07,14:00:00,17280488
T52,20250907_180000.WAV,2025-09-07,18:00:00,17280488
T52,20250908_000000.WAV,2025-09-08,00:00:00,17280488
T52,20250908_040000.WAV,2025-09-08,04:00:00,17280488
T52,20250908_110000.WAV,2025-09-08,11:00:00,17280488
T52,20250908_140000.WAV,2025-09-08,14:00:00,17280488
T52,20250908_180000.WAV,2025-09-08,18:00:00,17280488
T52,20250909_000000.WAV,2025-09-09,00:00:00,17280488
T52,20250909_040000.WAV,2025-09-09,04:00:00,17280488
T52,20250909_110000.WAV,2025-09-09,11:00:00,17280488
T52,20250909_140000.WAV,2025-09-09,14:00:00,17280488
T52,20250909_180000.WAV,2025-09-09,18:00:00,17280488
T52,20250910_000000.WAV,2025-09-10,00:00:00,17280488
T52,20250910_040000.WAV,2025-09-10,04:00:00,17280488
T52,20250910_110000.WAV,2025-09-10,11:00:00,17280488
T52,20250910_140000.WAV,2025-09-10,14:00:00,17280488
T52,20250910_180000.WAV,2025-09-10,18:00:00,17280488
T52,20250911_000000.WAV,2025-09-11,00:00:00,17280488
T52,20250911_040000.WAV,2025-09-11,04:00:00,17280488
T52,20250911_110000.WAV,2025-09-11,11:00:00,17280488
T52,20250911_140000.WAV,2025-09-11,14:00:00,17280488
T52,20250911_180000.WAV,2025-09-11,18:00:00,17280488
T52,20250912_000000.WAV,2025-09-12,00:00:00,17280488
T52,20250912_040000.WAV,2025-09-12,04:00:00,17280488
T52,20250912_110000.WAV,2025-09-12,11:00:00,17280488
T52,20250912_140000.WAV,2025-09-12,14:00:00,17280488
T52,20250912_180000.WAV,2025-09-12,18:00:00,17280488
T52,20250913_000000.WAV,2025-09-13,00:00:00,17280488
T52,20250913_040000.WAV,2025-09-13,04:00:00,17280488
T52,20250913_110000.WAV,2025-09-13,11:00:00,17280488
T52,20250913_140000.WAV,2025-09-13,14:00:00,17280488
T52,20250913_180000.WAV,2025-09-13,18:00:00,17280488
T52,20250914_000000.WAV,2025-09-14,00:00:00,17280488
T52,20250914_040000.WAV,2025-09-14,04:00:00,17280488
T52,20250914_110000.WAV,2025-09-14,11:00:00,17280488
T52,20250914_140000.WAV,2025-09-14,14:00:00,17280488
T52,20250914_180000.WAV,2025-09-14,18:00:00,17280488
T52,20250915_000000.WAV,2025-09-15,00:00:00,17280488
T52,20250915_040000.WAV,2025-09-15,04:00:00,17280488
T52,20250915_110000.WAV,2025-09-15,11:00:00,17280488
T52,20250915_140000.WAV,2025-09-15,14:00:00,17280488
T52,20250915_180000.WAV,2025-09-15,18:00:00,17280488
T52,20250916_000000.WAV,2025-09-16,00:00:00,17280488
T52,20250916_040000.WAV,2025-09-16,04:00:00,17280488
T52,20250916_110000.WAV,2025-09-16,11:00:00,17280488
T52,20250916_140000.WAV,2025-09-16,14:00:00,17280488
T52,20250916_180000.WAV,2025-09-16,18:00:00,17280488
T52,20250917_000000.WAV,2025-09-17,00:00:00,17280488
T52,20250917_040000.WAV,2025-09-17,04:00:00,17280488
T52,20250917_110000.WAV,2025-09-17,11:00:00,17280488
T52,20250917_140000.WAV,2025-09-17,14:00:00,17280488
T52,20250917_180000.WAV,2025-09-17,18:00:00,17280488
T52,20250918_000000.WAV,2025-09-18,00:00:00,17280488
T52,20250918_040000.WAV,2025-09-18,04:00:00,17280488
T52,20250918_110000.WAV,2025-09-18,11:00:00,17280488
T52,20250918_140000.WAV,2025-09-18,14:00:00,17280488
T52,20250918_180000.WAV,2025-09-18,18:00:00,17280488
T52,20250919_000000.WAV,2025-09-19,00:00:00,17280488
T52,20250919_040000.WAV,2025-09-19,04:00:00,17280488
T52,20250919_110000.WAV,2025-09-19,11:00:00,17280488
T52,20250919_140000.WAV,2025-09-19,14:00:00,17280488
T52,20250919_180000.WAV,2025-09-19,18:00:00,17280488
T52,20250920_000000.WAV,2025-09-20,00:00:00,17280488
T52,20250920_040000.WAV,2025-09-20,04:00:00,17280488
T52,20250920_110000.WAV,2025-09-20,11:00:00,17280488
T52,20250920_140000.WAV,2025-09-20,14:00:00,17280488
T52,20250920_180000.WAV,2025-09-20,18:00:00,17280488
T52,20250921_000000.WAV,2025-09-21,00:00:00,17280488
T52,20250921_040000.WAV,2025-09-21,04:00:00,17280488
T52,20250921_110000.WAV,2025-09-21,11:00:00,17280488
T52,20250921_140000.WAV,2025-09-21,14:00:00,17280488
T52,20250921_180000.WAV,2025-09-21,18:00:00,17280488
T52,20250922_000000.WAV,2025-09-22,00:00:00,17280488
T52,20250922_040000.WAV,2025-09-22,04:00:00,17280488
T52,20250922_110000.WAV,2025-09-22,11:00:00,17280488
T52,20250922_140000.WAV,2025-09-22,14:00:00,17280488
T52,20250922_180000.WAV,2025-09-22,18:00:00,17280488
T52,20250923_000000.WAV,2025-09-23,00:00:00,17280488
T52,20250923_040000.WAV,2025-09-23,04:00:00,17280488
T52,20250923_110000.WAV,2025-09-23,11:00:00,17280488
T52,20250923_140000.WAV,2025-09-23,14:00:00,17280488
T52,20250923_180000.WAV,2025-09-23,18:00:00,17280488
T52,20250924_000000.WAV,2025-09-24,00:00:00,17280488
T52,20250924_040000.WAV,2025-09-24,04:00:00,17280488
T52,20250924_110000.WAV,2025-09-24,11:00:00,17280488
T52,20250924_140000.WAV,2025-09-24,14:00:00,17280488
T52,20250924_180000.WAV,2025-09-24,18:00:00,17280488
T52,20250925_000000.WAV,2025-09-25,00:00:00,17280488
T52,20250925_040000.WAV,2025-09-25,04:00:00,17280488
T52,20250925_110000.WAV,2025-09-25,11:00:00,17280488
T52,20250925_140000.WAV,2025-09-25,14:00:00,17280488
T52,20250925_180000.WAV,2025-09-25,18:00:00,17280488
T52,20250926_000000.WAV,2025-09-26,00:00:00,17280488
T52,20250926_040000.WAV,2025-09-26,04:00:00,17280488
T52,20250926_110000.WAV,2025-09-26,11:00:00,17280488
T52,20250926_140000.WAV,2025-09-26,14:00:00,17280488
T52,20250926_180000.WAV,2025-09-26,18:00:00,17280488
T52,20250927_000000.WAV,2025-09-27,00:00:00,17280488
T52,20250927_040000.WAV,2025-09-27,04:00:00,17280488
T52,20250927_110000.WAV,2025-09-27,11:00:00,17280488
T52,20250927_140000.WAV,2025-09-27,14:00:00,17280488
T52,20250927_180000.WAV,2025-09-27,18:00:00,17280488
T52,20250928_000000.WAV,2025-09-28,00:00:00,17280488
T52,20250928_040000.WAV,2025-09-28,04:00:00,17280488
T52,20250928_110000.WAV,2025-09-28,11:00:00,17280488
T52,20250928_140000.WAV,2025-09-28,14:00:00,17280488
T52,20250928_180000.WAV,2025-09-28,18:00:00,17280488
T52,20250929_000000.WAV,2025-09-29,00:00:00,17280488
T52,20250929_040000.WAV,2025-09-29,04:00:00,17280488
T52,20250929_110000.WAV,2025-09-29,11:00:00,17280488
T52,20250929_140000.WAV,2025-09-29,14:00:00,17280488
T52,20250929_180000.WAV,2025-09-29,18:00:00,17280488
T52,20250930_000000.WAV,2025-09-30,00:00:00,17280488
T52,20250930_040000.WAV,2025-09-30,04:00:00,17280488
T52,20250930_110000.WAV,2025-09-30,11:00:00,17280488
T52,20250930_140000.WAV,2025-09-30,14:00:00,17280488
T52,20250930_180000.WAV,2025-09-30,18:00:00,17280488
T52,20251001_000000.WAV,2025-10-01,00:00:00,17280488
T52,20251001_040000.WAV,2025-10-01,04:00:00,17280488
T52,20251001_110000.WAV,2025-10-01,11:00:00,17280488
T52,20251001_140000.WAV,2025-10-01,14:00:00,17280488
T52,20251001_180000.WAV,2025-10-01,18:00:00,17280488
T52,20251002_000000.WAV,2025-10-02,00:00:00,17280488
T52,20251002_040000.WAV,2025-10-02,04:00:00,17280488
T52,20251002_110000.WAV,2025-10-02,11:00:00,17280488
T52,20251002_140000.WAV,2025-10-02,14:00:00,17280488
T52,20251002_180000.WAV,2025-10-02,18:00:00,17280488
T52,20251003_000000.WAV,2025-10-03,00:00:00,17280488
T52,20251003_040000.WAV,2025-10-03,04:00:00,17280488
T52,20251003_110000.WAV,2025-10-03,11:00:00,17280488
T52,20251003_140000.WAV,2025-10-03,14:00:00,17280488
T52,20251003_180000.WAV,2025-10-03,18:00:00,17280488
T52,20251004_000000.WAV,2025-10-04,00:00:00,17280488
T52,20251004_040000.WAV,2025-10-04,04:00:00,17280488
T52,20251004_110000.WAV,2025-10-04,11:00:00,17280488
T52,20251004_140000.WAV,2025-10-04,14:00:00,17280488
T52,20251004_180000.WAV,2025-10-04,18:00:00,17280488
T52,20251005_000000.WAV,2025-10-05,00:00:00,17280488
T52,20251005_040000.WAV,2025-10-05,04:00:00,17280488
T52,20251005_110000.WAV,2025-10-05,11:00:00,17280488
T52,20251005_140000.WAV,2025-10-05,14:00:00,17280488
T52,20251005_180000.WAV,2025-10-05,18:00:00,17280488
T52,20251006_000000.WAV,2025-10-06,00:00:00,17280488
T52,20251006_040000.WAV,2025-10-06,04:00:00,17280488
T52,20251006_110000.WAV,2025-10-06,11:00:00,17280488
T52,20251006_140000.WAV,2025-10-06,14:00:00,17280488
T52,20251006_180000.WAV,2025-10-06,18:00:00,17280488
T52,20251007_000000.WAV,2025-10-07,00:00:00,17280488
T52,20251007_040000.WAV,2025-10-07,04:00:00,17280488
T52,20251007_110000.WAV,2025-10-07,11:00:00,17280488
T52,20251007_140000.WAV,2025-10-07,14:00:00,17280488
T52,20251007_180000.WAV,2025-10-07,18:00:00,17280488
T52,20251008_000000.WAV,2025-10-08,00:00:00,17280488
T52,20251008_040000.WAV,2025-10-08,04:00:00,17280488
T52,20251008_110000.WAV,2025-10-08,11:00:00,17280488
T52,20251008_140000.WAV,2025-10-08,14:00:00,17280488
T52,20251008_180000.WAV,2025-10-08,18:00:00,17280488
T52,20251009_000000.WAV,2025-10-09,00:00:00,17280488
T52,20251009_040000.WAV,2025-10-09,04:00:00,17280488
T52,20251009_110000.WAV,2025-10-09,11:00:00,17280488
T52,20251009_140000.WAV,2025-10-09,14:00:00,17280488
T52,20251009_180000.WAV,2025-10-09,18:00:00,17280488
T52,20251010_000000.WAV,2025-10-10,00:00:00,17280488
T52,20251010_040000.WAV,2025-10-10,04:00:00,17280488
T52,20251010_110000.WAV,2025-10-10,11:00:00,17280488
T52,20251010_140000.WAV,2025-10-10,14:00:00,17280488
T52,20251010_180000.WAV,2025-10-10,18:00:00,17280488
T52,20251011_000000.WAV,2025-10-11,00:00:00,17280488
T52,20251011_040000.WAV,2025-10-11,04:00:00,17280488
T52,20251011_110000.WAV,2025-10-11,11:00:00,17280488
T52,20251011_140000.WAV,2025-10-11,14:00:00,17280488
T52,20251011_180000.WAV,2025-10-11,18:00:00,17280488
T52,20251012_000000.WAV,2025-10-12,00:00:00,17280488
T52,20251012_040000.WAV,2025-10-12,04:00:00,17280488
T52,20251012_110000.WAV,2025-10-12,11:00:00,17280488
T52,20251012_140000.WAV,2025-10-12,14:00:00,17280488
T52,20251012_180000.WAV,2025-10-12,18:00:00,17280488
T52,20251013_000000.WAV,2025-10-13,00:00:00,17280488
T52,20251013_040000.WAV,2025-10-13,04:00:00,17280488
T52,20251013_110000.WAV,2025-10-13,11:00:00,17280488
T52,20251013_140000.WAV,2025-10-13,14:00:00,17280488
T52,20251013_180000.WAV,2025-10-13,18:00:00,17280488
T52,20251014_000000.WAV,2025-10-14,00:00:00,17280488
T52,20251014_040000.WAV,2025-10-14,04:00:00,17280488
T52,20251014_110000.WAV,2025-10-14,11:00:00,17280488
T52,20251014_140000.WAV,2025-10-14,14:00:00,17280488
T52,20251014_180000.WAV,2025-10-14,18:00:00,17280488
T52,20251015_000000.WAV,2025-10-15,00:00:00,17280488
T52,20251015_040000.WAV,2025-10-15,04:00:00,17280488
T52,20251015_110000.WAV,2025-10-15,11:00:00,17280488
T52,20251015_140000.WAV,2025-10-15,14:00:00,17280488
T52,20251015_180000.WAV,2025-10-15,18:00:00,17280488
T52,20251016_000000.WAV,2025-10-16,00:00:00,17280488
T52,20251016_040000.WAV,2025-10-16,04:00:00,17280488
T52,20251016_110000.WAV,2025-10-16,11:00:00,17280488
T52,20251016_140000.WAV,2025-10-16,14:00:00,17280488
T52,20251016_180000.WAV,2025-10-16,18:00:00,17280488
T52,20251017_000000.WAV,2025-10-17,00:00:00,17280488
T52,20251017_040000.WAV,2025-10-17,04:00:00,17280488
T52,20251017_110000.WAV,2025-10-17,11:00:00,17280488
T52,20251017_140000.WAV,2025-10-17,14:00:00,17280488
T52,20251017_180000.WAV,2025-10-17,18:00:00,17280488
T52,20251018_000000.WAV,2025-10-18,00:00:00,17280488
T52,20251018_040000.WAV,2025-10-18,04:00:00,17280488
T52,20251018_110000.WAV,2025-10-18,11:00:00,17280488
T52,20251018_140000.WAV,2025-10-18,14:00:00,17280488
T52,20251018_180000.WAV,2025-10-18,18:00:00,17280488
T52,20251019_000000.WAV,2025-10-19,00:00:00,17280488
T52,20251019_040000.WAV,2025-10-19,04:00:00,17280488
T52,20251019_110000.WAV,2025-10-19,11:00:00,17280488
T52,20251019_140000.WAV,2025-10-19,14:00:00,17280488
T52,20251019_180000.WAV,2025-10-19,18:00:00,17280488
T52,20251020_000000.WAV,2025-10-20,00:00:00,17280488
T52,20251020_040000.WAV,2025-10-20,04:00:00,17280488
T52,20251020_110000.WAV,2025-10-20,11:00:00,17280488
T52,20251020_140000.WAV,2025-10-20,14:00:00,17280488
T52,20251020_180000.WAV,2025-10-20,18:00:00,17280488
T52,20251021_000000.WAV,2025-10-21,00:00:00,17280488
T52,20251021_040000.WAV,2025-10-21,04:00:00,17280488
T52,20251021_110000.WAV,2025-10-21,11:00:00,17280488
T52,20251021_140000.WAV,2025-10-21,14:00:00,17280488
T52,20251021_180000.WAV,2025-10-21,18:00:00,17280488
T52,20251022_000000.WAV,2025-10-22,00:00:00,17280488
T52,20251022_040000.WAV,2025-10-22,04:00:00,17280488
T52,20251022_110000.WAV,2025-10-22,11:00:00,17280488
T52,20251022_140000.WAV,2025-10-22,14:00:00,17280488
T52,20251022_180000.WAV,2025-10-22,18:00:00,17280488
T52,20251023_000000.WAV,2025-10-23,00:00:00,17280488
T52,20251023_040000.WAV,2025-10-23,04:00:00,17280488
T52,20251023_110000.WAV,2025-10-23,11:00:00,17280488
T52,20251023_140000.WAV,2025-10-23,14:00:00,17280488
T52,20251023_180000.WAV,2025-10-23,18:00:00,17280488
T52,20251024_000000.WAV,2025-10-24,00:00:00,17280488
T52,20251024_040000.WAV,2025-10-24,04:00:00,17280488
T52,20251024_110000.WAV,2025-10-24,11:00:00,17280488
T52,20251024_140000.WAV,2025-10-24,14:00:00,17280488
T52,20251024_180000.WAV,2025-10-24,18:00:00,17280488
T52,20251025_000000.WAV,2025-10-25,00:00:00,17280488
T52,20251025_040000.WAV,2025-10-25,04:00:00,17280488
T52,20251025_110000.WAV,2025-10-25,11:00:00,17280488
T52,20251025_140000.WAV,2025-10-25,14:00:00,17280488
T52,20251025_180000.WAV,2025-10-25,18:00:00,17280488
T52,20251026_000000.WAV,2025-10-26,00:00:00,17280488
T52,20251026_040000.WAV,2025-10-26,04:00:00,17280488
T52,20251026_110000.WAV,2025-10-26,11:00:00,17280488
T57,20250428_180000.WAV,2025-04-28,18:00:00,17280488
T57,20250429_000000.WAV,2025-04-29,00:00:00,17280488
T57,20250429_040000.WAV,2025-04-29,04:00:00,17280488
T57,20250429_110000.WAV,2025-04-29,11:00:00,17280488
T57,20250429_140000.WAV,2025-04-29,14:00:00,17280488
T57,20250429_180000.WAV,2025-04-29,18:00:00,17280488
T57,20250430_000000.WAV,2025-04-30,00:00:00,17280488
T57,20250430_040000.WAV,2025-04-30,04:00:00,17280488
T57,20250430_110000.WAV,2025-04-30,11:00:00,17280488
T57,20250430_140000.WAV,2025-04-30,14:00:00,17280488
T57,20250430_180000.WAV,2025-04-30,18:00:00,17280488
T57,20250501_000000.WAV,2025-05-01,00:00:00,17280488
T57,20250501_040000.WAV,2025-05-01,04:00:00,17280488
T57,20250501_110000.WAV,2025-05-01,11:00:00,17280488
T57,20250501_140000.WAV,2025-05-01,14:00:00,17280488
T57,20250501_180000.WAV,2025-05-01,18:00:00,17280488
T57,20250502_000000.WAV,2025-05-02,00:00:00,17280488
T57,20250502_040000.WAV,2025-05-02,04:00:00,17280488
T57,20250502_110000.WAV,2025-05-02,11:00:00,17280488
T57,20250502_140000.WAV,2025-05-02,14:00:00,17280488
T57,20250502_180000.WAV,2025-05-02,18:00:00,17280488
T57,20250503_000000.WAV,2025-05-03,00:00:00,17280488
T57,20250503_040000.WAV,2025-05-03,04:00:00,17280488
T57,20250503_110000.WAV,2025-05-03,11:00:00,17280488
T57,20250503_140000.WAV,2025-05-03,14:00:00,17280488
T57,20250503_180000.WAV,2025-05-03,18:00:00,17280488
T57,20250504_000000.WAV,2025-05-04,00:00:00,17280488
T57,20250504_040000.WAV,2025-05-04,04:00:00,17280488
T57,20250504_110000.WAV,2025-05-04,11:00:00,17280488
T57,20250504_140000.WAV,2025-05-04,14:00:00,17280488
T57,20250504_180000.WAV,2025-05-04,18:00:00,17280488
T57,20250505_000000.WAV,2025-05-05,00:00:00,17280488
T57,20250505_040000.WAV,2025-05-05,04:00:00,17280488
T57,20250505_110000.WAV,2025-05-05,11:00:00,17280488
T57,20250505_140000.WAV,2025-05-05,14:00:00,17280488
T57,20250505_180000.WAV,2025-05-05,18:00:00,17280488
T57,20250506_000000.WAV,2025-05-06,00:00:00,17280488
T57,20250506_040000.WAV,2025-05-06,04:00:00,17280488
T57,20250506_110000.WAV,2025-05-06,11:00:00,17280488
T57,20250506_140000.WAV,2025-05-06,14:00:00,17280488
T57,20250506_180000.WAV,2025-05-06,18:00:00,17280488
T57,20250507_000000.WAV,2025-05-07,00:00:00,17280488
T57,20250507_040000.WAV,2025-05-07,04:00:00,17280488
T57,20250507_110000.WAV,2025-05-07,11:00:00,17280488
T57,20250507_140000.WAV,2025-05-07,14:00:00,17280488
T57,20250507_180000.WAV,2025-05-07,18:00:00,17280488
T57,20250508_000000.WAV,2025-05-08,00:00:00,17280488
T57,20250508_040000.WAV,2025-05-08,04:00:00,17280488
T57,20250508_110000.WAV,2025-05-08,11:00:00,17280488
T57,20250508_140000.WAV,2025-05-08,14:00:00,17280488
T57,20250508_180000.WAV,2025-05-08,18:00:00,17280488
T57,20250509_000000.WAV,2025-05-09,00:00:00,17280488
T57,20250509_040000.WAV,2025-05-09,04:00:00,17280488
T57,20250509_110000.WAV,2025-05-09,11:00:00,17280488
T57,20250509_140000.WAV,2025-05-09,14:00:00,17280488
T57,20250509_180000.WAV,2025-05-09,18:00:00,17280488
T57,20250510_000000.WAV,2025-05-10,00:00:00,17280488
T57,20250510_040000.WAV,2025-05-10,04:00:00,17280488
T57,20250510_110000.WAV,2025-05-10,11:00:00,17280488
T57,20250510_140000.WAV,2025-05-10,14:00:00,17280488
T57,20250510_180000.WAV,2025-05-10,18:00:00,17280488
T57,20250511_000000.WAV,2025-05-11,00:00:00,17280488
T57,20250511_040000.WAV,2025-05-11,04:00:00,17280488
T57,20250511_110000.WAV,2025-05-11,11:00:00,17280488
T57,20250511_140000.WAV,2025-05-11,14:00:00,17280488
T57,20250511_180000.WAV,2025-05-11,18:00:00,17280488
T57,20250512_000000.WAV,2025-05-12,00:00:00,17280488
T57,20250512_040000.WAV,2025-05-12,04:00:00,17280488
T57,20250512_110000.WAV,2025-05-12,11:00:00,17280488
T57,20250512_140000.WAV,2025-05-12,14:00:00,17280488
T57,20250512_180000.WAV,2025-05-12,18:00:00,17280488
T57,20250513_000000.WAV,2025-05-13,00:00:00,17280488
T57,20250513_040000.WAV,2025-05-13,04:00:00,17280488
T57,20250513_110000.WAV,2025-05-13,11:00:00,17280488
T57,20250513_140000.WAV,2025-05-13,14:00:00,17280488
T57,20250513_180000.WAV,2025-05-13,18:00:00,17280488
T57,20250514_000000.WAV,2025-05-14,00:00:00,17280488
T57,20250514_040000.WAV,2025-05-14,04:00:00,17280488
T57,20250514_110000.WAV,2025-05-14,11:00:00,17280488
T57,20250514_140000.WAV,2025-05-14,14:00:00,17280488
T57,20250514_180000.WAV,2025-05-14,18:00:00,17280488
T57,20250515_000000.WAV,2025-05-15,00:00:00,17280488
T57,20250515_040000.WAV,2025-05-15,04:00:00,17280488
T57,20250515_110000.WAV,2025-05-15,11:00:00,17280488
T57,20250515_140000.WAV,2025-05-15,14:00:00,17280488
T57,20250515_180000.WAV,2025-05-15,18:00:00,17280488
T57,20250516_000000.WAV,2025-05-16,00:00:00,17280488
T57,20250516_040000.WAV,2025-05-16,04:00:00,17280488
T57,20250516_110000.WAV,2025-05-16,11:00:00,17280488
T57,20250516_140000.WAV,2025-05-16,14:00:00,17280488
T57,20250516_180000.WAV,2025-05-16,18:00:00,17280488
T57,20250517_000000.WAV,2025-05-17,00:00:00,17280488
T57,20250517_040000.WAV,2025-05-17,04:00:00,17280488
T57,20250517_110000.WAV,2025-05-17,11:00:00,17280488
T57,20250517_140000.WAV,2025-05-17,14:00:00,17280488
T57,20250517_180000.WAV,2025-05-17,18:00:00,17280488
T57,20250518_000000.WAV,2025-05-18,00:00:00,17280488
T57,20250518_040000.WAV,2025-05-18,04:00:00,17280488
T57,20250518_110000.WAV,2025-05-18,11:00:00,17280488
T57,20250518_140000.WAV,2025-05-18,14:00:00,17280488
T57,20250518_180000.WAV,2025-05-18,18:00:00,17280488
T57,20250519_000000.WAV,2025-05-19,00:00:00,17280488
T57,20250519_040000.WAV,2025-05-19,04:00:00,17280488
T57,20250519_110000.WAV,2025-05-19,11:00:00,17280488
T57,20250519_140000.WAV,2025-05-19,14:00:00,17280488
T57,20250519_180000.WAV,2025-05-19,18:00:00,17280488
T57,20250520_000000.WAV,2025-05-20,00:00:00,17280488
T57,20250520_040000.WAV,2025-05-20,04:00:00,17280488
T57,20250520_110000.WAV,2025-05-20,11:00:00,17280488
T57,20250520_140000.WAV,2025-05-20,14:00:00,17280488
T57,20250520_180000.WAV,2025-05-20,18:00:00,17280488
T57,20250521_000000.WAV,2025-05-21,00:00:00,17280488
T57,20250521_040000.WAV,2025-05-21,04:00:00,17280488
T57,20250521_110000.WAV,2025-05-21,11:00:00,17280488
T57,20250521_140000.WAV,2025-05-21,14:00:00,17280488
T57,20250521_180000.WAV,2025-05-21,18:00:00,17280488
T57,20250522_000000.WAV,2025-05-22,00:00:00,17280488
T57,20250522_040000.WAV,2025-05-22,04:00:00,17280488
T57,20250522_110000.WAV,2025-05-22,11:00:00,17280488
T57,20250522_140000.WAV,2025-05-22,14:00:00,17280488
T57,20250522_180000.WAV,2025-05-22,18:00:00,17280488
T57,20250523_000000.WAV,2025-05-23,00:00:00,17280488
T57,20250523_040000.WAV,2025-05-23,04:00:00,17280488
T57,20250523_110000.WAV,2025-05-23,11:00:00,17280488
T57,20250523_140000.WAV,2025-05-23,14:00:00,17280488
T57,20250523_180000.WAV,2025-05-23,18:00:00,17280488
T57,20250524_000000.WAV,2025-05-24,00:00:00,17280488
T57,20250524_040000.WAV,2025-05-24,04:00:00,17280488
T57,20250524_110000.WAV,2025-05-24,11:00:00,17280488
T57,20250524_140000.WAV,2025-05-24,14:00:00,17280488
T57,20250524_180000.WAV,2025-05-24,18:00:00,17280488
T57,20250525_000000.WAV,2025-05-25,00:00:00,17280488
T57,20250525_040000.WAV,2025-05-25,04:00:00,17280488
T57,20250525_110000.WAV,2025-05-25,11:00:00,17280488
T57,20250525_140000.WAV,2025-05-25,14:00:00,17280488
T57,20250525_180000.WAV,2025-05-25,18:00:00,17280488
T57,20250526_000000.WAV,2025-05-26,00:00:00,17280488
T57,20250526_040000.WAV,2025-05-26,04:00:00,17280488
T57,20250526_110000.WAV,2025-05-26,11:00:00,17280488
T57,20250526_140000.WAV,2025-05-26,14:00:00,17280488
T57,20250526_180000.WAV,2025-05-26,18:00:00,17280488
T57,20250527_000000.WAV,2025-05-27,00:00:00,17280488
T57,20250527_040000.WAV,2025-05-27,04:00:00,17280488
T57,20250527_110000.WAV,2025-05-27,11:00:00,17280488
T57,20250527_140000.WAV,2025-05-27,14:00:00,17280488
T57,20250527_180000.WAV,2025-05-27,18:00:00,17280488
T57,20250528_000000.WAV,2025-05-28,00:00:00,17280488
T57,20250528_040000.WAV,2025-05-28,04:00:00,17280488
T57,20250528_110000.WAV,2025-05-28,11:00:00,17280488
T57,20250528_140000.WAV,2025-05-28,14:00:00,17280488
T57,20250528_180000.WAV,2025-05-28,18:00:00,17280488
T57,20250529_000000.WAV,2025-05-29,00:00:00,17280488
T57,20250529_040000.WAV,2025-05-29,04:00:00,17280488
T57,20250529_110000.WAV,2025-05-29,11:00:00,17280488
T57,20250529_140000.WAV,2025-05-29,14:00:00,17280488
T57,20250529_180000.WAV,2025-05-29,18:00:00,17280488
T57,20250530_000000.WAV,2025-05-30,00:00:00,17280488
T57,20250530_040000.WAV,2025-05-30,04:00:00,17280488
T57,20250530_110000.WAV,2025-05-30,11:00:00,17280488
T57,20250530_140000.WAV,2025-05-30,14:00:00,17280488
T57,20250530_180000.WAV,2025-05-30,18:00:00,17280488
T57,20250531_000000.WAV,2025-05-31,00:00:00,17280488
T57,20250531_040000.WAV,2025-05-31,04:00:00,17280488
T57,20250531_110000.WAV,2025-05-31,11:00:00,17280488
T57,20250531_140000.WAV,2025-05-31,14:00:00,17280488
T57,20250531_180000.WAV,2025-05-31,18:00:00,17280488
T57,20250601_000000.WAV,2025-06-01,00:00:00,17280488
T57,20250601_040000.WAV,2025-06-01,04:00:00,17280488
T57,20250601_110000.WAV,2025-06-01,11:00:00,17280488
T57,20250601_140000.WAV,2025-06-01,14:00:00,17280488
T57,20250601_180000.WAV,2025-06-01,18:00:00,17280488
T57,20250602_000000.WAV,2025-06-02,00:00:00,17280488
T57,20250602_040000.WAV,2025-06-02,04:00:00,17280488
T57,20250602_110000.WAV,2025-06-02,11:00:00,17280488
T57,20250602_140000.WAV,2025-06-02,14:00:00,17280488
T57,20250602_180000.WAV,2025-06-02,18:00:00,17280488
T57,20250603_000000.WAV,2025-06-03,00:00:00,17280488
T57,20250603_040000.WAV,2025-06-03,04:00:00,17280488
T57,20250603_110000.WAV,2025-06-03,11:00:00,17280488
T57,20250603_140000.WAV,2025-06-03,14:00:00,17280488
T57,20250603_180000.WAV,2025-06-03,18:00:00,17280488
T57,20250604_000000.WAV,2025-06-04,00:00:00,17280488
T57,20250604_040000.WAV,2025-06-04,04:00:00,17280488
T57,20250604_110000.WAV,2025-06-04,11:00:00,17280488
T57,20250604_140000.WAV,2025-06-04,14:00:00,17280488
T57,20250604_180000.WAV,2025-06-04,18:00:00,17280488
T57,20250605_000000.WAV,2025-06-05,00:00:00,17280488
T57,20250605_040000.WAV,2025-06-05,04:00:00,17280488
T57,20250605_110000.WAV,2025-06-05,11:00:00,17280488
T57,20250605_140000.WAV,2025-06-05,14:00:00,17280488
T57,20250605_180000.WAV,2025-06-05,18:00:00,17280488
T57,20250606_000000.WAV,2025-06-06,00:00:00,17280488
T57,20250606_040000.WAV,2025-06-06,04:00:00,17280488
T57,20250606_110000.WAV,2025-06-06,11:00:00,17280488
T57,20250606_140000.WAV,2025-06-06,14:00:00,17280488
T57,20250606_180000.WAV,2025-06-06,18:00:00,17280488
T57,20250607_000000.WAV,2025-06-07,00:00:00,17280488
T57,20250607_040000.WAV,2025-06-07,04:00:00,17280488
T57,20250607_110000.WAV,2025-06-07,11:00:00,17280488
T57,20250607_140000.WAV,2025-06-07,14:00:00,17280488
T57,20250607_180000.WAV,2025-06-07,18:00:00,17280488
T57,20250608_000000.WAV,2025-06-08,00:00:00,17280488
T57,20250608_040000.WAV,2025-06-08,04:00:00,17280488
T57,20250608_110000.WAV,2025-06-08,11:00:00,17280488
T57,20250608_140000.WAV,2025-06-08,14:00:00,17280488
T57,20250608_180000.WAV,2025-06-08,18:00:00,17280488
T57,20250609_000000.WAV,2025-06-09,00:00:00,17280488
T57,20250609_040000.WAV,2025-06-09,04:00:00,17280488
T57,20250609_110000.WAV,2025-06-09,11:00:00,17280488
T57,20250609_140000.WAV,2025-06-09,14:00:00,17280488
T57,20250609_180000.WAV,2025-06-09,18:00:00,17280488
T57,20250610_000000.WAV,2025-06-10,00:00:00,17280488
T57,20250610_040000.WAV,2025-06-10,04:00:00,17280488
T57,20250610_110000.WAV,2025-06-10,11:00:00,17280488
T57,20250610_140000.WAV,2025-06-10,14:00:00,17280488
T57,20250610_180000.WAV,2025-06-10,18:00:00,17280488
T57,20250611_000000.WAV,2025-06-11,00:00:00,17280488
T57,20250611_040000.WAV,2025-06-11,04:00:00,17280488
T57,20250611_110000.WAV,2025-06-11,11:00:00,17280488
T57,20250611_140000.WAV,2025-06-11,14:00:00,17280488
T57,20250611_180000.WAV,2025-06-11,18:00:00,17280488
T57,20250612_000000.WAV,2025-06-12,00:00:00,17280488
T57,20250612_040000.WAV,2025-06-12,04:00:00,17280488
T57,20250612_110000.WAV,2025-06-12,11:00:00,17280488
T57,20250612_140000.WAV,2025-06-12,14:00:00,17280488
T57,20250612_180000.WAV,2025-06-12,18:00:00,17280488
T57,20250613_000000.WAV,2025-06-13,00:00:00,17280488
T57,20250613_040000.WAV,2025-06-13,04:00:00,17280488
T57,20250613_110000.WAV,2025-06-13,11:00:00,17280488
T57,20250613_140000.WAV,2025-06-13,14:00:00,17280488
T57,20250613_180000.WAV,2025-06-13,18:00:00,17280488
T57,20250614_000000.WAV,2025-06-14,00:00:00,17280488
T57,20250614_040000.WAV,2025-06-14,04:00:00,17280488
T57,20250614_110000.WAV,2025-06-14,11:00:00,17280488
T57,20250614_140000.WAV,2025-06-14,14:00:00,17280488
T57,20250614_180000.WAV,2025-06-14,18:00:00,17280488
T57,20250615_000000.WAV,2025-06-15,00:00:00,17280488
T57,20250615_040000.WAV,2025-06-15,04:00:00,17280488
T57,20250615_110000.WAV,2025-06-15,11:00:00,17280488
T57,20250615_140000.WAV,2025-06-15,14:00:00,17280488
T57,20250615_180000.WAV,2025-06-15,18:00:00,17280488
T57,20250616_000000.WAV,2025-06-16,00:00:00,17280488
T57,20250616_040000.WAV,2025-06-16,04:00:00,17280488
T57,20250616_110000.WAV,2025-06-16,11:00:00,17280488
T57,20250616_140000.WAV,2025-06-16,14:00:00,17280488
T57,20250616_180000.WAV,2025-06-16,18:00:00,17280488
T57,20250617_000000.WAV,2025-06-17,00:00:00,17280488
T57,20250617_040000.WAV,2025-06-17,04:00:00,17280488
T57,20250617_110000.WAV,2025-06-17,11:00:00,17280488
T57,20250617_140000.WAV,2025-06-17,14:00:00,17280488
T57,20250617_180000.WAV,2025-06-17,18:00:00,17280488
T57,20250618_000000.WAV,2025-06-18,00:00:00,17280488
T57,20250618_040000.WAV,2025-06-18,04:00:00,17280488
T57,20250618_110000.WAV,2025-06-18,11:00:00,17280488
T57,20250618_140000.WAV,2025-06-18,14:00:00,17280488
T57,20250618_180000.WAV,2025-06-18,18:00:00,17280488
T57,20250619_000000.WAV,2025-06-19,00:00:00,17280488
T57,20250619_040000.WAV,2025-06-19,04:00:00,17280488
T57,20250619_110000.WAV,2025-06-19,11:00:00,17280488
T57,20250619_140000.WAV,2025-06-19,14:00:00,17280488
T57,20250619_180000.WAV,2025-06-19,18:00:00,17280488
T57,20250620_000000.WAV,2025-06-20,00:00:00,17280488
T57,20250620_040000.WAV,2025-06-20,04:00:00,17280488
T57,20250620_110000.WAV,2025-06-20,11:00:00,17280488
T57,20250620_140000.WAV,2025-06-20,14:00:00,17280488
T57,20250620_180000.WAV,2025-06-20,18:00:00,17280488
T57,20250621_000000.WAV,2025-06-21,00:00:00,17280488
T57,20250621_040000.WAV,2025-06-21,04:00:00,17280488
T57,20250621_110000.WAV,2025-06-21,11:00:00,17280488
T57,20250621_140000.WAV,2025-06-21,14:00:00,17280488
T57,20250621_180000.WAV,2025-06-21,18:00:00,17280488
T57,20250622_000000.WAV,2025-06-22,00:00:00,17280488
T57,20250622_040000.WAV,2025-06-22,04:00:00,17280488
T57,20250622_110000.WAV,2025-06-22,11:00:00,17280488
T57,20250622_140000.WAV,2025-06-22,14:00:00,17280488
T57,20250622_180000.WAV,2025-06-22,18:00:00,17280488
T57,20250623_000000.WAV,2025-06-23,00:00:00,17280488
T57,20250623_040000.WAV,2025-06-23,04:00:00,17280488
T57,20250623_110000.WAV,2025-06-23,11:00:00,17280488
T57,20250623_140000.WAV,2025-06-23,14:00:00,17280488
T57,20250623_180000.WAV,2025-06-23,18:00:00,17280488
T57,20250624_000000.WAV,2025-06-24,00:00:00,17280488
T57,20250624_040000.WAV,2025-06-24,04:00:00,17280488
T57,20250624_110000.WAV,2025-06-24,11:00:00,17280488
T57,20250624_140000.WAV,2025-06-24,14:00:00,17280488
T57,20250624_180000.WAV,2025-06-24,18:00:00,17280488
T57,20250625_000000.WAV,2025-06-25,00:00:00,17280488
T57,20250625_040000.WAV,2025-06-25,04:00:00,17280488
T57,20250625_110000.WAV,2025-06-25,11:00:00,17280488
T57,20250625_140000.WAV,2025-06-25,14:00:00,17280488
T57,20250625_180000.WAV,2025-06-25,18:00:00,17280488
T57,20250626_000000.WAV,2025-06-26,00:00:00,17280488
T57,20250626_040000.WAV,2025-06-26,04:00:00,17280488
T57,20250626_110000.WAV,2025-06-26,11:00:00,17280488
T57,20250626_140000.WAV,2025-06-26,14:00:00,17280488
T57,20250626_180000.WAV,2025-06-26,18:00:00,17280488
T57,20250627_000000.WAV,2025-06-27,00:00:00,17280488
T57,20250627_040000.WAV,2025-06-27,04:00:00,17280488
T57,20250627_110000.WAV,2025-06-27,11:00:00,17280488
T57,20250627_140000.WAV,2025-06-27,14:00:00,17280488
T57,20250627_180000.WAV,2025-06-27,18:00:00,17280488
T57,20250628_000000.WAV,2025-06-28,00:00:00,17280488
T57,20250628_040000.WAV,2025-06-28,04:00:00,17280488
T57,20250628_110000.WAV,2025-06-28,11:00:00,17280488
T57,20250628_140000.WAV,2025-06-28,14:00:00,17280488
T57,20250628_180000.WAV,2025-06-28,18:00:00,17280488
T57,20250629_000000.WAV,2025-06-29,00:00:00,17280488
T57,20250629_040000.WAV,2025-06-29,04:00:00,17280488
T57,20250629_110000.WAV,2025-06-29,11:00:00,17280488
T57,20250629_140000.WAV,2025-06-29,14:00:00,17280488
T57,20250629_180000.WAV,2025-06-29,18:00:00,17280488
T57,20250630_000000.WAV,2025-06-30,00:00:00,17280488
T57,20250630_040000.WAV,2025-06-30,04:00:00,17280488
T57,20250630_110000.WAV,2025-06-30,11:00:00,17280488
T57,20250630_140000.WAV,2025-06-30,14:00:00,17280488
T57,20250630_180000.WAV,2025-06-30,18:00:00,17280488
T57,20250701_000000.WAV,2025-07-01,00:00:00,17280488
T57,20250701_040000.WAV,2025-07-01,04:00:00,17280488
T57,20250701_110000.WAV,2025-07-01,11:00:00,17280488
T57,20250701_140000.WAV,2025-07-01,14:00:00,17280488
T57,20250701_180000.WAV,2025-07-01,18:00:00,17280488
T57,20250702_000000.WAV,2025-07-02,00:00:00,17280488
T57,20250702_040000.WAV,2025-07-02,04:00:00,17280488
T57,20250702_110000.WAV,2025-07-02,11:00:00,17280488
T57,20250702_140000.WAV,2025-07-02,14:00:00,17280488
T57,20250702_180000.WAV,2025-07-02,18:00:00,17280488
T57,20250703_000000.WAV,2025-07-03,00:00:00,17280488
T57,20250703_040000.WAV,2025-07-03,04:00:00,17280488
T57,20250703_110000.WAV,2025-07-03,11:00:00,17280488
T57,20250703_140000.WAV,2025-07-03,14:00:00,17280488
T57,20250703_180000.WAV,2025-07-03,18:00:00,17280488
T57,20250704_000000.WAV,2025-07-04,00:00:00,17280488
T57,20250704_040000.WAV,2025-07-04,04:00:00,17280488
T57,20250704_110000.WAV,2025-07-04,11:00:00,17280488
T57,20250704_140000.WAV,2025-07-04,14:00:00,17280488
T57,20250704_180000.WAV,2025-07-04,18:00:00,17280488
T57,20250705_000000.WAV,2025-07-05,00:00:00,17280488
T57,20250705_040000.WAV,2025-07-05,04:00:00,17280488
T57,20250705_110000.WAV,2025-07-05,11:00:00,17280488
T57,20250705_140000.WAV,2025-07-05,14:00:00,17280488
T57,20250705_180000.WAV,2025-07-05,18:00:00,17280488
T57,20250706_000000.WAV,2025-07-06,00:00:00,17280488
T57,20250706_040000.WAV,2025-07-06,04:00:00,17280488
T57,20250706_110000.WAV,2025-07-06,11:00:00,17280488
T57,20250706_140000.WAV,2025-07-06,14:00:00,17280488
T57,20250706_180000.WAV,2025-07-06,18:00:00,17280488
T57,20250707_000000.WAV,2025-07-07,00:00:00,17280488
T57,20250707_040000.WAV,2025-07-07,04:00:00,17280488
T57,20250707_110000.WAV,2025-07-07,11:00:00,17280488
T57,20250707_140000.WAV,2025-07-07,14:00:00,17280488
T57,20250707_180000.WAV,2025-07-07,18:00:00,17280488
T57,20250708_000000.WAV,2025-07-08,00:00:00,17280488
T57,20250708_040000.WAV,2025-07-08,04:00:00,17280488
T57,20250708_110000.WAV,2025-07-08,11:00:00,17280488
T57,20250708_140000.WAV,2025-07-08,14:00:00,17280488
T57,20250708_180000.WAV,2025-07-08,18:00:00,17280488
T57,20250709_000000.WAV,2025-07-09,00:00:00,17280488
T57,20250709_040000.WAV,2025-07-09,04:00:00,17280488
T57,20250709_110000.WAV,2025-07-09,11:00:00,17280488
T57,20250709_140000.WAV,2025-07-09,14:00:00,17280488
T57,20250709_180000.WAV,2025-07-09,18:00:00,17280488
T57,20250710_000000.WAV,2025-07-10,00:00:00,17280488
T57,20250710_040000.WAV,2025-07-10,04:00:00,17280488
T57,20250710_110000.WAV,2025-07-10,11:00:00,17280488
T57,20250710_140000.WAV,2025-07-10,14:00:00,17280488
T57,20250710_180000.WAV,2025-07-10,18:00:00,17280488
T57,20250711_000000.WAV,2025-07-11,00:00:00,17280488
T57,20250711_040000.WAV,2025-07-11,04:00:00,17280488
T57,20250711_110000.WAV,2025-07-11,11:00:00,17280488
T57,20250711_140000.WAV,2025-07-11,14:00:00,17280488
T57,20250711_180000.WAV,2025-07-11,18:00:00,17280488
T57,20250712_000000.WAV,2025-07-12,00:00:00,17280488
T57,20250712_040000.WAV,2025-07-12,04:00:00,17280488
T57,20250712_110000.WAV,2025-07-12,11:00:00,17280488
T57,20250712_140000.WAV,2025-07-12,14:00:00,17280488
T57,20250712_180000.WAV,2025-07-12,18:00:00,17280488
T57,20250713_000000.WAV,2025-07-13,00:00:00,17280488
T57,20250713_040000.WAV,2025-07-13,04:00:00,17280488
T57,20250713_110000.WAV,2025-07-13,11:00:00,17280488
T57,20250713_140000.WAV,2025-07-13,14:00:00,17280488
T57,20250713_180000.WAV,2025-07-13,18:00:00,17280488
T57,20250714_000000.WAV,2025-07-14,00:00:00,17280488
T57,20250714_040000.WAV,2025-07-14,04:00:00,17280488
T57,20250714_110000.WAV,2025-07-14,11:00:00,17280488
T57,20250714_140000.WAV,2025-07-14,14:00:00,17280488
T57,20250714_180000.WAV,2025-07-14,18:00:00,17280488
T57,20250715_000000.WAV,2025-07-15,00:00:00,17280488
T57,20250715_040000.WAV,2025-07-15,04:00:00,17280488
T57,20250715_110000.WAV,2025-07-15,11:00:00,17280488
T57,20250715_140000.WAV,2025-07-15,14:00:00,17280488
T57,20250715_180000.WAV,2025-07-15,18:00:00,17280488
T57,20250716_000000.WAV,2025-07-16,00:00:00,17280488
T57,20250716_040000.WAV,2025-07-16,04:00:00,17280488
T57,20250716_110000.WAV,2025-07-16,11:00:00,17280488
T57,20250716_140000.WAV,2025-07-16,14:00:00,17280488
T57,20250716_180000.WAV,2025-07-16,18:00:00,17280488
T57,20250717_000000.WAV,2025-07-17,00:00:00,17280488
T57,20250717_040000.WAV,2025-07-17,04:00:00,17280488
T57,20250717_110000.WAV,2025-07-17,11:00:00,17280488
T57,20250717_140000.WAV,2025-07-17,14:00:00,17280488
T57,20250717_180000.WAV,2025-07-17,18:00:00,17280488
T57,20250718_000000.WAV,2025-07-18,00:00:00,17280488
T57,20250718_040000.WAV,2025-07-18,04:00:00,17280488
T57,20250718_110000.WAV,2025-07-18,11:00:00,17280488
T57,20250718_140000.WAV,2025-07-18,14:00:00,17280488
T57,20250718_180000.WAV,2025-07-18,18:00:00,17280488
T57,20250719_000000.WAV,2025-07-19,00:00:00,17280488
T57,20250719_040000.WAV,2025-07-19,04:00:00,17280488
T57,20250719_110000.WAV,2025-07-19,11:00:00,17280488
T57,20250719_140000.WAV,2025-07-19,14:00:00,17280488
T57,20250719_180000.WAV,2025-07-19,18:00:00,17280488
T57,20250720_000000.WAV,2025-07-20,00:00:00,17280488
T57,20250720_040000.WAV,2025-07-20,04:00:00,17280488
T57,20250720_110000.WAV,2025-07-20,11:00:00,17280488
T57,20250720_140000.WAV,2025-07-20,14:00:00,17280488
T57,20250720_180000.WAV,2025-07-20,18:00:00,17280488
T57,20250721_000000.WAV,2025-07-21,00:00:00,17280488
T57,20250721_040000.WAV,2025-07-21,04:00:00,17280488
T57,20250721_110000.WAV,2025-07-21,11:00:00,17280488
T57,20250721_140000.WAV,2025-07-21,14:00:00,17280488
T57,20250721_180000.WAV,2025-07-21,18:00:00,17280488
T57,20250722_000000.WAV,2025-07-22,00:00:00,17280488
T57,20250722_040000.WAV,2025-07-22,04:00:00,17280488
T57,20250722_110000.WAV,2025-07-22,11:00:00,17280488
T57,20250722_140000.WAV,2025-07-22,14:00:00,17280488
T57,20250722_180000.WAV,2025-07-22,18:00:00,17280488
T57,20250723_000000.WAV,2025-07-23,00:00:00,17280488
T57,20250723_040000.WAV,2025-07-23,04:00:00,17280488
T57,20250723_110000.WAV,2025-07-23,11:00:00,17280488
T57,20250723_140000.WAV,2025-07-23,14:00:00,17280488
T57,20250723_180000.WAV,2025-07-23,18:00:00,17280488
T57,20250724_000000.WAV,2025-07-24,00:00:00,17280488
T57,20250724_040000.WAV,2025-07-24,04:00:00,17280488
T57,20250724_110000.WAV,2025-07-24,11:00:00,17280488
T57,20250724_140000.WAV,2025-07-24,14:00:00,17280488
T57,20250724_180000.WAV,2025-07-24,18:00:00,17280488
T57,20250725_000000.WAV,2025-07-25,00:00:00,17280488
T57,20250725_040000.WAV,2025-07-25,04:00:00,17280488
T57,20250725_110000.WAV,2025-07-25,11:00:00,17280488
T57,20250725_140000.WAV,2025-07-25,14:00:00,17280488
T57,20250725_180000.WAV,2025-07-25,18:00:00,17280488
T57,20250726_000000.WAV,2025-07-26,00:00:00,17280488
T57,20250726_040000.WAV,2025-07-26,04:00:00,17280488
T57,20250726_110000.WAV,2025-07-26,11:00:00,17280488
T57,20250726_140000.WAV,2025-07-26,14:00:00,17280488
T57,20250726_180000.WAV,2025-07-26,18:00:00,17280488
T57,20250727_000000.WAV,2025-07-27,00:00:00,17280488
T57,20250727_040000.WAV,2025-07-27,04:00:00,17280488
T57,20250727_110000.WAV,2025-07-27,11:00:00,17280488
T57,20250727_140000.WAV,2025-07-27,14:00:00,17280488
T57,20250727_180000.WAV,2025-07-27,18:00:00,17280488
T57,20250728_000000.WAV,2025-07-28,00:00:00,17280488
T57,20250728_040000.WAV,2025-07-28,04:00:00,17280488
T57,20250728_110000.WAV,2025-07-28,11:00:00,17280488
T57,20250728_140000.WAV,2025-07-28,14:00:00,17280488
T57,20250728_180000.WAV,2025-07-28,18:00:00,17280488
T57,20250729_000000.WAV,2025-07-29,00:00:00,17280488
T57,20250729_040000.WAV,2025-07-29,04:00:00,17280488
T57,20250729_110000.WAV,2025-07-29,11:00:00,17280488
T57,20250729_140000.WAV,2025-07-29,14:00:00,17280488
T57,20250729_180000.WAV,2025-07-29,18:00:00,17280488
T57,20250730_000000.WAV,2025-07-30,00:00:00,17280488
T57,20250730_040000.WAV,2025-07-30,04:00:00,17280488
T57,20250730_110000.WAV,2025-07-30,11:00:00,17280488
T57,20250730_140000.WAV,2025-07-30,14:00:00,17280488
T57,20250730_180000.WAV,2025-07-30,18:00:00,17280488
T57,20250731_000000.WAV,2025-07-31,00:00:00,17280488
T57,20250731_040000.WAV,2025-07-31,04:00:00,17280488
T57,20250731_110000.WAV,2025-07-31,11:00:00,17280488
T57,20250731_140000.WAV,2025-07-31,14:00:00,17280488
T57,20250731_180000.WAV,2025-07-31,18:00:00,17280488
T57,20250801_000000.WAV,2025-08-01,00:00:00,17280488
T57,20250801_040000.WAV,2025-08-01,04:00:00,17280488
T57,20250801_110000.WAV,2025-08-01,11:00:00,17280488
T57,20250801_140000.WAV,2025-08-01,14:00:00,17280488
T57,20250801_180000.WAV,2025-08-01,18:00:00,17280488
T57,20250802_000000.WAV,2025-08-02,00:00:00,17280488
T57,20250802_040000.WAV,2025-08-02,04:00:00,17280488
T57,20250802_110000.WAV,2025-08-02,11:00:00,17280488
T57,20250802_140000.WAV,2025-08-02,14:00:00,17280488
T57,20250802_180000.WAV,2025-08-02,18:00:00,17280488
T57,20250803_000000.WAV,2025-08-03,00:00:00,17280488
T57,20250803_040000.WAV,2025-08-03,04:00:00,17280488
T57,20250803_110000.WAV,2025-08-03,11:00:00,17280488
T57,20250803_140000.WAV,2025-08-03,14:00:00,17280488
T57,20250803_180000.WAV,2025-08-03,18:00:00,17280488
T57,20250804_000000.WAV,2025-08-04,00:00:00,17280488
T57,20250804_040000.WAV,2025-08-04,04:00:00,17280488
T57,20250804_110000.WAV,2025-08-04,11:00:00,17280488
T57,20250804_140000.WAV,2025-08-04,14:00:00,17280488
T57,20250804_180000.WAV,2025-08-04,18:00:00,17280488
T57,20250805_000000.WAV,2025-08-05,00:00:00,17280488
T57,20250805_040000.WAV,2025-08-05,04:00:00,17280488
T57,20250805_110000.WAV,2025-08-05,11:00:00,17280488
T57,20250805_140000.WAV,2025-08-05,14:00:00,17280488
T57,20250805_180000.WAV,2025-08-05,18:00:00,17280488
T57,20250806_000000.WAV,2025-08-06,00:00:00,17280488
T57,20250806_040000.WAV,2025-08-06,04:00:00,17280488
T57,20250806_110000.WAV,2025-08-06,11:00:00,17280488
T57,20250806_140000.WAV,2025-08-06,14:00:00,17280488
T57,20250806_180000.WAV,2025-08-06,18:00:00,17280488
T57,20250807_000000.WAV,2025-08-07,00:00:00,17280488
T57,20250807_040000.WAV,2025-08-07,04:00:00,17280488
T57,20250807_110000.WAV,2025-08-07,11:00:00,17280488
T57,20250807_140000.WAV,2025-08-07,14:00:00,17280488
T57,20250807_180000.WAV,2025-08-07,18:00:00,17280488
T57,20250808_000000.WAV,2025-08-08,00:00:00,17280488
T57,20250808_040000.WAV,2025-08-08,04:00:00,17280488
T57,20250808_110000.WAV,2025-08-08,11:00:00,17280488
T57,20250808_140000.WAV,2025-08-08,14:00:00,17280488
T57,20250808_180000.WAV,2025-08-08,18:00:00,17280488
T57,20250809_000000.WAV,2025-08-09,00:00:00,17280488
T57,20250809_040000.WAV,2025-08-09,04:00:00,17280488
T57,20250809_110000.WAV,2025-08-09,11:00:00,17280488
T57,20250809_140000.WAV,2025-08-09,14:00:00,17280488
T57,20250809_180000.WAV,2025-08-09,18:00:00,17280488
T57,20250810_000000.WAV,2025-08-10,00:00:00,17280488
T57,20250810_040000.WAV,2025-08-10,04:00:00,17280488
T57,20250810_110000.WAV,2025-08-10,11:00:00,17280488
T57,20250810_140000.WAV,2025-08-10,14:00:00,17280488
T57,20250810_180000.WAV,2025-08-10,18:00:00,17280488
T57,20250811_000000.WAV,2025-08-11,00:00:00,17280488
T57,20250811_040000.WAV,2025-08-11,04:00:00,17280488
T57,20250811_110000.WAV,2025-08-11,11:00:00,17280488
T57,20250811_140000.WAV,2025-08-11,14:00:00,17280488
T57,20250811_180000.WAV,2025-08-11,18:00:00,17280488
T57,20250812_000000.WAV,2025-08-12,00:00:00,17280488
T57,20250812_040000.WAV,2025-08-12,04:00:00,17280488
T57,20250812_110000.WAV,2025-08-12,11:00:00,17280488
T57,20250812_140000.WAV,2025-08-12,14:00:00,17280488
T57,20250812_180000.WAV,2025-08-12,18:00:00,17280488
T57,20250813_000000.WAV,2025-08-13,00:00:00,17280488
T57,20250813_040000.WAV,2025-08-13,04:00:00,17280488
T57,20250813_110000.WAV,2025-08-13,11:00:00,17280488
T57,20250813_140000.WAV,2025-08-13,14:00:00,17280488
T57,20250813_180000.WAV,2025-08-13,18:00:00,17280488
T57,20250814_000000.WAV,2025-08-14,00:00:00,17280488
T57,20250814_040000.WAV,2025-08-14,04:00:00,17280488
T57,20250814_110000.WAV,2025-08-14,11:00:00,17280488
T57,20250814_140000.WAV,2025-08-14,14:00:00,17280488
T57,20250814_180000.WAV,2025-08-14,18:00:00,17280488
T65,20250501_180000.WAV,2025-05-01,18:00:00,17280488
T65,20250502_000000.WAV,2025-05-02,00:00:00,17280488
T65,20250502_040000.WAV,2025-05-02,04:00:00,17280488
T65,20250502_110000.WAV,2025-05-02,11:00:00,17280488
T65,20250502_140000.WAV,2025-05-02,14:00:00,17280488
T65,20250502_180000.WAV,2025-05-02,18:00:00,17280488
T65,20250503_000000.WAV,2025-05-03,00:00:00,17280488
T65,20250503_040000.WAV,2025-05-03,04:00:00,17280488
T65,20250503_110000.WAV,2025-05-03,11:00:00,17280488
T65,20250503_140000.WAV,2025-05-03,14:00:00,17280488
T65,20250503_180000.WAV,2025-05-03,18:00:00,17280488
T65,20250504_000000.WAV,2025-05-04,00:00:00,17280488
T65,20250504_040000.WAV,2025-05-04,04:00:00,17280488
T65,20250504_110000.WAV,2025-05-04,11:00:00,17280488
T65,20250504_140000.WAV,2025-05-04,14:00:00,17280488
T65,20250504_180000.WAV,2025-05-04,18:00:00,17280488
T65,20250505_000000.WAV,2025-05-05,00:00:00,17280488
T65,20250505_040000.WAV,2025-05-05,04:00:00,17280488
T65,20250505_110000.WAV,2025-05-05,11:00:00,17280488
T65,20250505_140000.WAV,2025-05-05,14:00:00,17280488
T65,20250505_180000.WAV,2025-05-05,18:00:00,17280488
T65,20250506_000000.WAV,2025-05-06,00:00:00,17280488
T65,20250506_040000.WAV,2025-05-06,04:00:00,17280488
T65,20250506_110000.WAV,2025-05-06,11:00:00,17280488
T65,20250506_140000.WAV,2025-05-06,14:00:00,17280488
T65,20250506_180000.WAV,2025-05-06,18:00:00,17280488
T65,20250507_000000.WAV,2025-05-07,00:00:00,17280488
T65,20250507_040000.WAV,2025-05-07,04:00:00,17280488
T65,20250507_110000.WAV,2025-05-07,11:00:00,17280488
T65,20250507_140000.WAV,2025-05-07,14:00:00,17280488
T65,20250507_180000.WAV,2025-05-07,18:00:00,17280488
T65,20250508_000000.WAV,2025-05-08,00:00:00,17280488
T65,20250508_040000.WAV,2025-05-08,04:00:00,17280488
T65,20250508_110000.WAV,2025-05-08,11:00:00,17280488
T65,20250508_140000.WAV,2025-05-08,14:00:00,17280488
T65,20250508_180000.WAV,2025-05-08,18:00:00,17280488
T65,20250509_000000.WAV,2025-05-09,00:00:00,17280488
T65,20250509_040000.WAV,2025-05-09,04:00:00,17280488
T65,20250509_110000.WAV,2025-05-09,11:00:00,17280488
T65,20250509_140000.WAV,2025-05-09,14:00:00,17280488
T65,20250509_180000.WAV,2025-05-09,18:00:00,17280488
T65,20250510_000000.WAV,2025-05-10,00:00:00,17280488
T65,20250510_040000.WAV,2025-05-10,04:00:00,17280488
T65,20250510_110000.WAV,2025-05-10,11:00:00,17280488
T65,20250510_140000.WAV,2025-05-10,14:00:00,17280488
T65,20250510_180000.WAV,2025-05-10,18:00:00,17280488
T65,20250511_000000.WAV,2025-05-11,00:00:00,17280488
T65,20250511_040000.WAV,2025-05-11,04:00:00,17280488
T65,20250511_110000.WAV,2025-05-11,11:00:00,17280488
T65,20250511_140000.WAV,2025-05-11,14:00:00,17280488
T65,20250511_180000.WAV,2025-05-11,18:00:00,17280488
T65,20250512_000000.WAV,2025-05-12,00:00:00,17280488
T65,20250512_040000.WAV,2025-05-12,04:00:00,17280488
T65,20250512_110000.WAV,2025-05-12,11:00:00,17280488
T65,20250512_140000.WAV,2025-05-12,14:00:00,17280488
T65,20250512_180000.WAV,2025-05-12,18:00:00,17280488
T65,20250513_000000.WAV,2025-05-13,00:00:00,17280488
T65,20250513_040000.WAV,2025-05-13,04:00:00,17280488
T65,20250513_110000.WAV,2025-05-13,11:00:00,17280488
T65,20250513_140000.WAV,2025-05-13,14:00:00,17280488
T65,20250513_180000.WAV,2025-05-13,18:00:00,17280488
T65,20250514_000000.WAV,2025-05-14,00:00:00,17280488
T65,20250514_040000.WAV,2025-05-14,04:00:00,17280488
T65,20250514_110000.WAV,2025-05-14,11:00:00,17280488
T65,20250514_140000.WAV,2025-05-14,14:00:00,17280488
T65,20250514_180000.WAV,2025-05-14,18:00:00,17280488
T65,20250515_000000.WAV,2025-05-15,00:00:00,17280488
T65,20250515_040000.WAV,2025-05-15,04:00:00,17280488
T65,20250515_110000.WAV,2025-05-15,11:00:00,17280488
T65,20250515_140000.WAV,2025-05-15,14:00:00,17280488
T65,20250515_180000.WAV,2025-05-15,18:00:00,17280488
T65,20250516_000000.WAV,2025-05-16,00:00:00,17280488
T65,20250516_040000.WAV,2025-05-16,04:00:00,17280488
T65,20250516_110000.WAV,2025-05-16,11:00:00,17280488
T65,20250516_140000.WAV,2025-05-16,14:00:00,17280488
T65,20250516_180000.WAV,2025-05-16,18:00:00,17280488
T65,20250517_000000.WAV,2025-05-17,00:00:00,17280488
T65,20250517_040000.WAV,2025-05-17,04:00:00,17280488
T65,20250517_110000.WAV,2025-05-17,11:00:00,17280488
T65,20250517_140000.WAV,2025-05-17,14:00:00,17280488
T65,20250517_180000.WAV,2025-05-17,18:00:00,17280488
T65,20250518_000000.WAV,2025-05-18,00:00:00,17280488
T65,20250518_040000.WAV,2025-05-18,04:00:00,17280488
T65,20250518_110000.WAV,2025-05-18,11:00:00,17280488
T65,20250518_140000.WAV,2025-05-18,14:00:00,17280488
T65,20250518_180000.WAV,2025-05-18,18:00:00,17280488
T65,20250519_000000.WAV,2025-05-19,00:00:00,17280488
T65,20250519_040000.WAV,2025-05-19,04:00:00,17280488
T65,20250519_110000.WAV,2025-05-19,11:00:00,17280488
T65,20250519_140000.WAV,2025-05-19,14:00:00,17280488
T65,20250519_180000.WAV,2025-05-19,18:00:00,17280488
T65,20250520_000000.WAV,2025-05-20,00:00:00,17280488
T65,20250520_040000.WAV,2025-05-20,04:00:00,17280488
T65,20250520_110000.WAV,2025-05-20,11:00:00,17280488
T65,20250520_140000.WAV,2025-05-20,14:00:00,17280488
T65,20250520_180000.WAV,2025-05-20,18:00:00,17280488
T65,20250521_000000.WAV,2025-05-21,00:00:00,17280488
T65,20250521_040000.WAV,2025-05-21,04:00:00,17280488
T65,20250521_110000.WAV,2025-05-21,11:00:00,17280488
T65,20250521_140000.WAV,2025-05-21,14:00:00,17280488
T65,20250521_180000.WAV,2025-05-21,18:00:00,17280488
T65,20250522_000000.WAV,2025-05-22,00:00:00,17280488
T65,20250522_040000.WAV,2025-05-22,04:00:00,17280488
T65,20250522_110000.WAV,2025-05-22,11:00:00,17280488
T65,20250522_140000.WAV,2025-05-22,14:00:00,17280488
T65,20250522_180000.WAV,2025-05-22,18:00:00,17280488
T65,20250523_000000.WAV,2025-05-23,00:00:00,17280488
T65,20250523_040000.WAV,2025-05-23,04:00:00,17280488
T65,20250523_110000.WAV,2025-05-23,11:00:00,17280488
T65,20250523_140000.WAV,2025-05-23,14:00:00,17280488
T65,20250523_180000.WAV,2025-05-23,18:00:00,17280488
T65,20250524_000000.WAV,2025-05-24,00:00:00,17280488
T65,20250524_040000.WAV,2025-05-24,04:00:00,17280488
T65,20250524_110000.WAV,2025-05-24,11:00:00,17280488
T65,20250524_140000.WAV,2025-05-24,14:00:00,17280488
T65,20250524_180000.WAV,2025-05-24,18:00:00,17280488
T65,20250525_000000.WAV,2025-05-25,00:00:00,17280488
T65,20250525_040000.WAV,2025-05-25,04:00:00,17280488
T65,20250525_110000.WAV,2025-05-25,11:00:00,17280488
T65,20250525_140000.WAV,2025-05-25,14:00:00,17280488
T65,20250525_180000.WAV,2025-05-25,18:00:00,17280488
T65,20250526_000000.WAV,2025-05-26,00:00:00,17280488
T65,20250526_040000.WAV,2025-05-26,04:00:00,17280488
T65,20250526_110000.WAV,2025-05-26,11:00:00,17280488
T65,20250526_140000.WAV,2025-05-26,14:00:00,17280488
T65,20250526_180000.WAV,2025-05-26,18:00:00,17280488
T65,20250527_000000.WAV,2025-05-27,00:00:00,17280488
T65,20250527_040000.WAV,2025-05-27,04:00:00,17280488
T65,20250527_110000.WAV,2025-05-27,11:00:00,17280488
T65,20250527_140000.WAV,2025-05-27,14:00:00,17280488
T65,20250527_180000.WAV,2025-05-27,18:00:00,17280488
T65,20250528_000000.WAV,2025-05-28,00:00:00,17280488
T65,20250528_040000.WAV,2025-05-28,04:00:00,17280488
T65,20250528_110000.WAV,2025-05-28,11:00:00,17280488
T65,20250528_140000.WAV,2025-05-28,14:00:00,17280488
T65,20250528_180000.WAV,2025-05-28,18:00:00,17280488
T65,20250529_000000.WAV,2025-05-29,00:00:00,17280488
T65,20250529_040000.WAV,2025-05-29,04:00:00,17280488
T65,20250529_110000.WAV,2025-05-29,11:00:00,17280488
T65,20250529_140000.WAV,2025-05-29,14:00:00,17280488
T65,20250529_180000.WAV,2025-05-29,18:00:00,17280488
T65,20250530_000000.WAV,2025-05-30,00:00:00,17280488
T65,20250530_040000.WAV,2025-05-30,04:00:00,17280488
T65,20250530_110000.WAV,2025-05-30,11:00:00,17280488
T65,20250530_140000.WAV,2025-05-30,14:00:00,17280488
T65,20250530_180000.WAV,2025-05-30,18:00:00,17280488
T65,20250531_000000.WAV,2025-05-31,00:00:00,17280488
T65,20250531_040000.WAV,2025-05-31,04:00:00,17280488
T65,20250531_110000.WAV,2025-05-31,11:00:00,17280488
T65,20250531_140000.WAV,2025-05-31,14:00:00,17280488
T65,20250531_180000.WAV,2025-05-31,18:00:00,17280488
T65,20250601_000000.WAV,2025-06-01,00:00:00,17280488
T65,20250601_040000.WAV,2025-06-01,04:00:00,17280488
T65,20250601_110000.WAV,2025-06-01,11:00:00,17280488
T65,20250601_140000.WAV,2025-06-01,14:00:00,17280488
T65,20250601_180000.WAV,2025-06-01,18:00:00,17280488
T65,20250602_000000.WAV,2025-06-02,00:00:00,17280488
T65,20250602_040000.WAV,2025-06-02,04:00:00,17280488
T65,20250602_110000.WAV,2025-06-02,11:00:00,17280488
T65,20250602_140000.WAV,2025-06-02,14:00:00,17280488
T65,20250602_180000.WAV,2025-06-02,18:00:00,17280488
T65,20250603_000000.WAV,2025-06-03,00:00:00,17280488
T65,20250603_040000.WAV,2025-06-03,04:00:00,17280488
T65,20250603_110000.WAV,2025-06-03,11:00:00,17280488
T65,20250603_140000.WAV,2025-06-03,14:00:00,17280488
T65,20250603_180000.WAV,2025-06-03,18:00:00,17280488
T65,20250604_000000.WAV,2025-06-04,00:00:00,17280488
T65,20250604_040000.WAV,2025-06-04,04:00:00,17280488
T65,20250604_110000.WAV,2025-06-04,11:00:00,17280488
T65,20250604_140000.WAV,2025-06-04,14:00:00,17280488
T65,20250604_180000.WAV,2025-06-04,18:00:00,17280488
T65,20250605_000000.WAV,2025-06-05,00:00:00,17280488
T65,20250605_040000.WAV,2025-06-05,04:00:00,17280488
T65,20250605_110000.WAV,2025-06-05,11:00:00,17280488
T65,20250605_140000.WAV,2025-06-05,14:00:00,17280488
T65,20250605_180000.WAV,2025-06-05,18:00:00,17280488
T65,20250606_000000.WAV,2025-06-06,00:00:00,17280488
T65,20250606_040000.WAV,2025-06-06,04:00:00,17280488
T65,20250606_110000.WAV,2025-06-06,11:00:00,17280488
T65,20250606_140000.WAV,2025-06-06,14:00:00,17280488
T65,20250606_180000.WAV,2025-06-06,18:00:00,17280488
T65,20250607_000000.WAV,2025-06-07,00:00:00,17280488
T65,20250607_040000.WAV,2025-06-07,04:00:00,17280488
T65,20250607_110000.WAV,2025-06-07,11:00:00,17280488
T65,20250607_140000.WAV,2025-06-07,14:00:00,17280488
T65,20250607_180000.WAV,2025-06-07,18:00:00,17280488
T65,20250608_000000.WAV,2025-06-08,00:00:00,17280488
T65,20250608_040000.WAV,2025-06-08,04:00:00,17280488
T65,20250608_110000.WAV,2025-06-08,11:00:00,17280488
T65,20250608_140000.WAV,2025-06-08,14:00:00,17280488
T65,20250608_180000.WAV,2025-06-08,18:00:00,17280488
T65,20250609_000000.WAV,2025-06-09,00:00:00,17280488
T65,20250609_040000.WAV,2025-06-09,04:00:00,17280488
T65,20250609_110000.WAV,2025-06-09,11:00:00,17280488
T65,20250609_140000.WAV,2025-06-09,14:00:00,17280488
T65,20250609_180000.WAV,2025-06-09,18:00:00,17280488
T65,20250610_000000.WAV,2025-06-10,00:00:00,17280488
T65,20250610_040000.WAV,2025-06-10,04:00:00,17280488
T65,20250610_110000.WAV,2025-06-10,11:00:00,17280488
T65,20250610_140000.WAV,2025-06-10,14:00:00,17280488
T65,20250610_180000.WAV,2025-06-10,18:00:00,17280488
T65,20250611_000000.WAV,2025-06-11,00:00:00,17280488
T65,20250611_040000.WAV,2025-06-11,04:00:00,17280488
T65,20250611_110000.WAV,2025-06-11,11:00:00,17280488
T65,20250611_140000.WAV,2025-06-11,14:00:00,17280488
T65,20250611_180000.WAV,2025-06-11,18:00:00,17280488
T65,20250612_000000.WAV,2025-06-12,00:00:00,17280488
T65,20250612_040000.WAV,2025-06-12,04:00:00,17280488
T65,20250612_110000.WAV,2025-06-12,11:00:00,17280488
T65,20250612_140000.WAV,2025-06-12,14:00:00,17280488
T65,20250612_180000.WAV,2025-06-12,18:00:00,17280488
T65,20250613_000000.WAV,2025-06-13,00:00:00,17280488
T65,20250613_040000.WAV,2025-06-13,04:00:00,17280488
T65,20250613_110000.WAV,2025-06-13,11:00:00,17280488
T65,20250613_140000.WAV,2025-06-13,14:00:00,17280488
T65,20250613_180000.WAV,2025-06-13,18:00:00,17280488
T65,20250614_000000.WAV,2025-06-14,00:00:00,17280488
T65,20250614_040000.WAV,2025-06-14,04:00:00,17280488
T65,20250614_110000.WAV,2025-06-14,11:00:00,17280488
T65,20250614_140000.WAV,2025-06-14,14:00:00,17280488
T65,20250614_180000.WAV,2025-06-14,18:00:00,17280488
T65,20250615_000000.WAV,2025-06-15,00:00:00,17280488
T65,20250615_040000.WAV,2025-06-15,04:00:00,17280488
T65,20250615_110000.WAV,2025-06-15,11:00:00,17280488
T65,20250615_140000.WAV,2025-06-15,14:00:00,17280488
T65,20250615_180000.WAV,2025-06-15,18:00:00,17280488
T65,20250616_000000.WAV,2025-06-16,00:00:00,17280488
T65,20250616_040000.WAV,2025-06-16,04:00:00,17280488
T65,20250616_110000.WAV,2025-06-16,11:00:00,17280488
T65,20250616_140000.WAV,2025-06-16,14:00:00,17280488
T65,20250616_180000.WAV,2025-06-16,18:00:00,17280488
T65,20250617_000000.WAV,2025-06-17,00:00:00,17280488
T65,20250617_040000.WAV,2025-06-17,04:00:00,17280488
T65,20250617_110000.WAV,2025-06-17,11:00:00,17280488
T65,20250617_140000.WAV,2025-06-17,14:00:00,17280488
T65,20250617_180000.WAV,2025-06-17,18:00:00,17280488
T65,20250618_000000.WAV,2025-06-18,00:00:00,17280488
T65,20250618_040000.WAV,2025-06-18,04:00:00,17280488
T65,20250618_110000.WAV,2025-06-18,11:00:00,17280488
T65,20250618_140000.WAV,2025-06-18,14:00:00,17280488
T65,20250618_180000.WAV,2025-06-18,18:00:00,17280488
T65,20250619_000000.WAV,2025-06-19,00:00:00,17280488
T65,20250619_040000.WAV,2025-06-19,04:00:00,17280488
T65,20250619_110000.WAV,2025-06-19,11:00:00,17280488
T65,20250619_140000.WAV,2025-06-19,14:00:00,17280488
T65,20250619_180000.WAV,2025-06-19,18:00:00,17280488
T65,20250620_000000.WAV,2025-06-20,00:00:00,17280488
T65,20250620_040000.WAV,2025-06-20,04:00:00,17280488
T65,20250620_110000.WAV,2025-06-20,11:00:00,17280488
T65,20250620_140000.WAV,2025-06-20,14:00:00,17280488
T65,20250620_180000.WAV,2025-06-20,18:00:00,17280488
T65,20250621_000000.WAV,2025-06-21,00:00:00,17280488
T65,20250621_040000.WAV,2025-06-21,04:00:00,17280488
T65,20250621_110000.WAV,2025-06-21,11:00:00,17280488
T65,20250621_140000.WAV,2025-06-21,14:00:00,17280488
T65,20250621_180000.WAV,2025-06-21,18:00:00,17280488
T65,20250622_000000.WAV,2025-06-22,00:00:00,17280488
T65,20250622_040000.WAV,2025-06-22,04:00:00,17280488
T65,20250622_110000.WAV,2025-06-22,11:00:00,17280488
T65,20250622_140000.WAV,2025-06-22,14:00:00,17280488
T65,20250622_180000.WAV,2025-06-22,18:00:00,17280488
T65,20250623_000000.WAV,2025-06-23,00:00:00,17280488
T65,20250623_040000.WAV,2025-06-23,04:00:00,17280488
T65,20250623_110000.WAV,2025-06-23,11:00:00,17280488
T65,20250623_140000.WAV,2025-06-23,14:00:00,17280488
T65,20250623_180000.WAV,2025-06-23,18:00:00,17280488
T65,20250624_000000.WAV,2025-06-24,00:00:00,17280488
T65,20250624_040000.WAV,2025-06-24,04:00:00,17280488
T65,20250624_110000.WAV,2025-06-24,11:00:00,17280488
T65,20250624_140000.WAV,2025-06-24,14:00:00,17280488
T65,20250624_180000.WAV,2025-06-24,18:00:00,17280488
T65,20250625_000000.WAV,2025-06-25,00:00:00,17280488
T65,20250625_040000.WAV,2025-06-25,04:00:00,17280488
T65,20250625_110000.WAV,2025-06-25,11:00:00,17280488
T65,20250625_140000.WAV,2025-06-25,14:00:00,17280488
T65,20250625_180000.WAV,2025-06-25,18:00:00,17280488
T65,20250626_000000.WAV,2025-06-26,00:00:00,17280488
T65,20250626_040000.WAV,2025-06-26,04:00:00,17280488
T65,20250626_110000.WAV,2025-06-26,11:00:00,17280488
T65,20250626_140000.WAV,2025-06-26,14:00:00,17280488
T65,20250626_180000.WAV,2025-06-26,18:00:00,17280488
T65,20250627_000000.WAV,2025-06-27,00:00:00,17280488
T65,20250627_040000.WAV,2025-06-27,04:00:00,17280488
T65,20250627_110000.WAV,2025-06-27,11:00:00,17280488
T65,20250627_140000.WAV,2025-06-27,14:00:00,17280488
T65,20250627_180000.WAV,2025-06-27,18:00:00,17280488
T65,20250628_000000.WAV,2025-06-28,00:00:00,17280488
T65,20250628_040000.WAV,2025-06-28,04:00:00,17280488
T65,20250628_110000.WAV,2025-06-28,11:00:00,17280488
T65,20250628_140000.WAV,2025-06-28,14:00:00,17280488
T65,20250628_180000.WAV,2025-06-28,18:00:00,17280488
T65,20250629_000000.WAV,2025-06-29,00:00:00,17280488
T65,20250629_040000.WAV,2025-06-29,04:00:00,17280488
T65,20250629_110000.WAV,2025-06-29,11:00:00,17280488
T65,20250629_140000.WAV,2025-06-29,14:00:00,17280488
T65,20250629_180000.WAV,2025-06-29,18:00:00,17280488
T65,20250630_000000.WAV,2025-06-30,00:00:00,17280488
T65,20250630_040000.WAV,2025-06-30,04:00:00,17280488
T65,20250630_110000.WAV,2025-06-30,11:00:00,17280488
T65,20250630_140000.WAV,2025-06-30,14:00:00,17280488
T65,20250630_180000.WAV,2025-06-30,18:00:00,17280488
T65,20250701_000000.WAV,2025-07-01,00:00:00,17280488
T65,20250701_040000.WAV,2025-07-01,04:00:00,17280488
T65,20250701_110000.WAV,2025-07-01,11:00:00,17280488
T65,20250701_140000.WAV,2025-07-01,14:00:00,17280488
T65,20250701_180000.WAV,2025-07-01,18:00:00,17280488
T65,20250702_000000.WAV,2025-07-02,00:00:00,17280488
T65,20250702_040000.WAV,2025-07-02,04:00:00,17280488
T65,20250702_110000.WAV,2025-07-02,11:00:00,17280488
T65,20250702_140000.WAV,2025-07-02,14:00:00,17280488
T65,20250702_180000.WAV,2025-07-02,18:00:00,17280488
T65,20250703_000000.WAV,2025-07-03,00:00:00,17280488
T65,20250703_040000.WAV,2025-07-03,04:00:00,17280488
T65,20250703_110000.WAV,2025-07-03,11:00:00,17280488
T65,20250703_140000.WAV,2025-07-03,14:00:00,17280488
T65,20250703_180000.WAV,2025-07-03,18:00:00,17280488
T65,20250704_000000.WAV,2025-07-04,00:00:00,17280488
T65,20250704_040000.WAV,2025-07-04,04:00:00,17280488
T65,20250704_110000.WAV,2025-07-04,11:00:00,17280488
T65,20250704_140000.WAV,2025-07-04,14:00:00,17280488
T65,20250704_180000.WAV,2025-07-04,18:00:00,17280488
T65,20250705_000000.WAV,2025-07-05,00:00:00,17280488
T65,20250705_040000.WAV,2025-07-05,04:00:00,17280488
T65,20250705_110000.WAV,2025-07-05,11:00:00,17280488
T65,20250705_140000.WAV,2025-07-05,14:00:00,17280488
T65,20250705_180000.WAV,2025-07-05,18:00:00,17280488
T65,20250706_000000.WAV,2025-07-06,00:00:00,17280488
T65,20250706_040000.WAV,2025-07-06,04:00:00,17280488
T65,20250706_110000.WAV,2025-07-06,11:00:00,17280488
T65,20250706_140000.WAV,2025-07-06,14:00:00,17280488
T65,20250706_180000.WAV,2025-07-06,18:00:00,17280488
T65,20250707_000000.WAV,2025-07-07,00:00:00,17280488
T65,20250707_040000.WAV,2025-07-07,04:00:00,17280488
T65,20250707_110000.WAV,2025-07-07,11:00:00,17280488
T65,20250707_140000.WAV,2025-07-07,14:00:00,17280488
T65,20250707_180000.WAV,2025-07-07,18:00:00,17280488
T65,20250708_000000.WAV,2025-07-08,00:00:00,17280488
T65,20250708_040000.WAV,2025-07-08,04:00:00,17280488
T65,20250708_110000.WAV,2025-07-08,11:00:00,17280488
T65,20250708_140000.WAV,2025-07-08,14:00:00,17280488
T65,20250708_180000.WAV,2025-07-08,18:00:00,17280488
T65,20250709_000000.WAV,2025-07-09,00:00:00,17280488
T65,20250709_040000.WAV,2025-07-09,04:00:00,17280488
T65,20250709_110000.WAV,2025-07-09,11:00:00,17280488
T65,20250709_140000.WAV,2025-07-09,14:00:00,17280488
T65,20250709_180000.WAV,2025-07-09,18:00:00,17280488
T65,20250710_000000.WAV,2025-07-10,00:00:00,17280488
T65,20250710_040000.WAV,2025-07-10,04:00:00,17280488
T65,20250710_110000.WAV,2025-07-10,11:00:00,17280488
T65,20250710_140000.WAV,2025-07-10,14:00:00,17280488
T65,20250710_180000.WAV,2025-07-10,18:00:00,17280488
T65,20250711_000000.WAV,2025-07-11,00:00:00,17280488
T65,20250711_040000.WAV,2025-07-11,04:00:00,17280488
T65,20250711_110000.WAV,2025-07-11,11:00:00,17280488
T65,20250711_140000.WAV,2025-07-11,14:00:00,17280488
T65,20250711_180000.WAV,2025-07-11,18:00:00,17280488
T65,20250712_000000.WAV,2025-07-12,00:00:00,17280488
T65,20250712_040000.WAV,2025-07-12,04:00:00,17280488
T65,20250712_110000.WAV,2025-07-12,11:00:00,17280488
T65,20250712_140000.WAV,2025-07-12,14:00:00,17280488
T65,20250712_180000.WAV,2025-07-12,18:00:00,17280488
T65,20250713_000000.WAV,2025-07-13,00:00:00,17280488
T65,20250713_040000.WAV,2025-07-13,04:00:00,17280488
T65,20250713_110000.WAV,2025-07-13,11:00:00,17280488
T65,20250713_140000.WAV,2025-07-13,14:00:00,17280488
T65,20250713_180000.WAV,2025-07-13,18:00:00,17280488
T65,20250714_000000.WAV,2025-07-14,00:00:00,17280488
T65,20250714_040000.WAV,2025-07-14,04:00:00,17280488
T65,20250714_110000.WAV,2025-07-14,11:00:00,17280488
T65,20250714_140000.WAV,2025-07-14,14:00:00,17280488
T65,20250714_180000.WAV,2025-07-14,18:00:00,17280488
T65,20250715_000000.WAV,2025-07-15,00:00:00,17280488
T65,20250715_040000.WAV,2025-07-15,04:00:00,17280488
T65,20250715_110000.WAV,2025-07-15,11:00:00,17280488
T65,20250715_140000.WAV,2025-07-15,14:00:00,17280488
T65,20250715_180000.WAV,2025-07-15,18:00:00,17280488
T65,20250716_000000.WAV,2025-07-16,00:00:00,17280488
T65,20250716_040000.WAV,2025-07-16,04:00:00,17280488
T65,20250716_110000.WAV,2025-07-16,11:00:00,17280488
T65,20250716_140000.WAV,2025-07-16,14:00:00,17280488
T65,20250716_180000.WAV,2025-07-16,18:00:00,17280488
T65,20250717_000000.WAV,2025-07-17,00:00:00,17280488
T65,20250717_040000.WAV,2025-07-17,04:00:00,17280488
T65,20250717_110000.WAV,2025-07-17,11:00:00,17280488
T65,20250717_140000.WAV,2025-07-17,14:00:00,17280488
T65,20250717_180000.WAV,2025-07-17,18:00:00,17280488
T65,20250718_000000.WAV,2025-07-18,00:00:00,17280488
T65,20250718_040000.WAV,2025-07-18,04:00:00,17280488
T65,20250718_110000.WAV,2025-07-18,11:00:00,17280488
T65,20250718_140000.WAV,2025-07-18,14:00:00,17280488
T65,20250718_180000.WAV,2025-07-18,18:00:00,17280488
T65,20250719_000000.WAV,2025-07-19,00:00:00,17280488
T65,20250719_040000.WAV,2025-07-19,04:00:00,17280488
T65,20250719_110000.WAV,2025-07-19,11:00:00,17280488
T65,20250719_140000.WAV,2025-07-19,14:00:00,17280488
T65,20250719_180000.WAV,2025-07-19,18:00:00,17280488
T65,20250720_000000.WAV,2025-07-20,00:00:00,17280488
T65,20250720_040000.WAV,2025-07-20,04:00:00,17280488
T65,20250720_110000.WAV,2025-07-20,11:00:00,17280488
T65,20250720_140000.WAV,2025-07-20,14:00:00,17280488
T65,20250720_180000.WAV,2025-07-20,18:00:00,17280488
T65,20250721_000000.WAV,2025-07-21,00:00:00,17280488
T65,20250721_040000.WAV,2025-07-21,04:00:00,17280488
T65,20250721_110000.WAV,2025-07-21,11:00:00,17280488
T65,20250721_140000.WAV,2025-07-21,14:00:00,17280488
T65,20250721_180000.WAV,2025-07-21,18:00:00,17280488
T65,20250722_000000.WAV,2025-07-22,00:00:00,17280488
T65,20250722_040000.WAV,2025-07-22,04:00:00,17280488
T65,20250722_110000.WAV,2025-07-22,11:00:00,17280488
T65,20250722_140000.WAV,2025-07-22,14:00:00,17280488
T65,20250722_180000.WAV,2025-07-22,18:00:00,17280488
T65,20250723_000000.WAV,2025-07-23,00:00:00,17280488
T65,20250723_040000.WAV,2025-07-23,04:00:00,17280488
T65,20250723_110000.WAV,2025-07-23,11:00:00,17280488
T65,20250723_140000.WAV,2025-07-23,14:00:00,17280488
T65,20250723_180000.WAV,2025-07-23,18:00:00,17280488
T65,20250724_000000.WAV,2025-07-24,00:00:00,17280488
T65,20250724_040000.WAV,2025-07-24,04:00:00,17280488
T65,20250724_110000.WAV,2025-07-24,11:00:00,17280488
T65,20250724_140000.WAV,2025-07-24,14:00:00,17280488
T65,20250724_180000.WAV,2025-07-24,18:00:00,17280488
T65,20250725_000000.WAV,2025-07-25,00:00:00,17280488
T65,20250725_040000.WAV,2025-07-25,04:00:00,17280488
T65,20250725_110000.WAV,2025-07-25,11:00:00,17280488
T65,20250725_140000.WAV,2025-07-25,14:00:00,17280488
T65,20250725_180000.WAV,2025-07-25,18:00:00,17280488
T65,20250726_000000.WAV,2025-07-26,00:00:00,17280488
T65,20250726_040000.WAV,2025-07-26,04:00:00,17280488
T65,20250726_110000.WAV,2025-07-26,11:00:00,17280488
T65,20250726_140000.WAV,2025-07-26,14:00:00,17280488
T65,20250726_180000.WAV,2025-07-26,18:00:00,17280488
T65,20250727_000000.WAV,2025-07-27,00:00:00,17280488
T65,20250727_040000.WAV,2025-07-27,04:00:00,17280488
T65,20250727_110000.WAV,2025-07-27,11:00:00,17280488
T65,20250727_140000.WAV,2025-07-27,14:00:00,17280488
T65,20250727_180000.WAV,2025-07-27,18:00:00,17280488
T65,20250728_000000.WAV,2025-07-28,00:00:00,17280488
T65,20250728_040000.WAV,2025-07-28,04:00:00,17280488
T65,20250728_110000.WAV,2025-07-28,11:00:00,17280488
T65,20250728_140000.WAV,2025-07-28,14:00:00,17280488
T65,20250728_180000.WAV,2025-07-28,18:00:00,17280488
T65,20250729_000000.WAV,2025-07-29,00:00:00,17280488
T65,20250729_040000.WAV,2025-07-29,04:00:00,17280488
T65,20250729_110000.WAV,2025-07-29,11:00:00,17280488
T65,20250729_140000.WAV,2025-07-29,14:00:00,17280488
T65,20250729_180000.WAV,2025-07-29,18:00:00,17280488
T65,20250730_000000.WAV,2025-07-30,00:00:00,17280488
T65,20250730_040000.WAV,2025-07-30,04:00:00,17280488
T65,20250730_110000.WAV,2025-07-30,11:00:00,17280488
T65,20250730_140000.WAV,2025-07-30,14:00:00,17280488
T65,20250730_180000.WAV,2025-07-30,18:00:00,17280488
T65,20250731_000000.WAV,2025-07-31,00:00:00,17280488
T65,20250731_040000.WAV,2025-07-31,04:00:00,17280488
T65,20250731_110000.WAV,2025-07-31,11:00:00,17280488
T65,20250731_140000.WAV,2025-07-31,14:00:00,17280488
T65,20250731_180000.WAV,2025-07-31,18:00:00,17280488
T65,20250801_000000.WAV,2025-08-01,00:00:00,17280488
T65,20250801_040000.WAV,2025-08-01,04:00:00,17280488
T65,20250801_110000.WAV,2025-08-01,11:00:00,17280488
T65,20250801_140000.WAV,2025-08-01,14:00:00,17280488
T65,20250801_180000.WAV,2025-08-01,18:00:00,17280488
T65,20250802_000000.WAV,2025-08-02,00:00:00,17280488
T65,20250802_040000.WAV,2025-08-02,04:00:00,17280488
T65,20250802_110000.WAV,2025-08-02,11:00:00,17280488
T65,20250802_140000.WAV,2025-08-02,14:00:00,17280488
T65,20250802_180000.WAV,2025-08-02,18:00:00,17280488
T65,20250803_000000.WAV,2025-08-03,00:00:00,17280488
T65,20250803_040000.WAV,2025-08-03,04:00:00,17280488
T65,20250803_110000.WAV,2025-08-03,11:00:00,17280488
T65,20250803_140000.WAV,2025-08-03,14:00:00,17280488
T65,20250803_180000.WAV,2025-08-03,18:00:00,17280488
T65,20250804_000000.WAV,2025-08-04,00:00:00,17280488
T65,20250804_040000.WAV,2025-08-04,04:00:00,17280488
T65,20250804_110000.WAV,2025-08-04,11:00:00,17280488
T65,20250804_140000.WAV,2025-08-04,14:00:00,17280488
T65,20250804_180000.WAV,2025-08-04,18:00:00,17280488
T65,20250805_000000.WAV,2025-08-05,00:00:00,17280488
T65,20250805_040000.WAV,2025-08-05,04:00:00,17280488
T65,20250805_110000.WAV,2025-08-05,11:00:00,17280488
T65,20250805_140000.WAV,2025-08-05,14:00:00,17280488
T65,20250805_180000.WAV,2025-08-05,18:00:00,17280488
T65,20250806_000000.WAV,2025-08-06,00:00:00,17280488
T65,20250806_040000.WAV,2025-08-06,04:00:00,17280488
T65,20250806_110000.WAV,2025-08-06,11:00:00,17280488
T65,20250806_140000.WAV,2025-08-06,14:00:00,17280488
T65,20250806_180000.WAV,2025-08-06,18:00:00,17280488
T65,20250807_000000.WAV,2025-08-07,00:00:00,17280488
T65,20250807_040000.WAV,2025-08-07,04:00:00,17280488
T65,20250807_110000.WAV,2025-08-07,11:00:00,17280488
T65,20250807_140000.WAV,2025-08-07,14:00:00,17280488
T65,20250807_180000.WAV,2025-08-07,18:00:00,17280488
T65,20250808_000000.WAV,2025-08-08,00:00:00,17280488
T65,20250808_040000.WAV,2025-08-08,04:00:00,17280488
T65,20250808_110000.WAV,2025-08-08,11:00:00,17280488
T65,20250808_140000.WAV,2025-08-08,14:00:00,17280488
T65,20250808_180000.WAV,2025-08-08,18:00:00,17280488
T65,20250809_000000.WAV,2025-08-09,00:00:00,17280488
T65,20250809_040000.WAV,2025-08-09,04:00:00,17280488
T65,20250809_110000.WAV,2025-08-09,11:00:00,17280488
T65,20250809_140000.WAV,2025-08-09,14:00:00,17280488
T65,20250809_180000.WAV,2025-08-09,18:00:00,17280488
T65,20250810_000000.WAV,2025-08-10,00:00:00,17280488
T65,20250810_040000.WAV,2025-08-10,04:00:00,17280488
T65,20250810_110000.WAV,2025-08-10,11:00:00,17280488
T65,20250810_140000.WAV,2025-08-10,14:00:00,17280488
T65,20250810_180000.WAV,2025-08-10,18:00:00,17280488
T65,20250811_000000.WAV,2025-08-11,00:00:00,17280488
T65,20250811_040000.WAV,2025-08-11,04:00:00,17280488
T65,20250811_110000.WAV,2025-08-11,11:00:00,17280488
T65,20250811_140000.WAV,2025-08-11,14:00:00,17280488
T65,20250811_180000.WAV,2025-08-11,18:00:00,17280488
T65,20250812_000000.WAV,2025-08-12,00:00:00,17280488
T65,20250812_040000.WAV,2025-08-12,04:00:00,17280488
T65,20250812_110000.WAV,2025-08-12,11:00:00,17280488
T65,20250812_140000.WAV,2025-08-12,14:00:00,17280488
T65,20250812_180000.WAV,2025-08-12,18:00:00,17280488
T65,20250813_000000.WAV,2025-08-13,00:00:00,17280488
T65,20250813_040000.WAV,2025-08-13,04:00:00,17280488
T65,20250813_110000.WAV,2025-08-13,11:00:00,17280488
T65,20250813_140000.WAV,2025-08-13,14:00:00,17280488
T65,20250813_180000.WAV,2025-08-13,18:00:00,17280488
T65,20250814_000000.WAV,2025-08-14,00:00:00,17280488
T65,20250814_040000.WAV,2025-08-14,04:00:00,17280488
T65,20250814_110000.WAV,2025-08-14,11:00:00,17280488
T65,20250814_140000.WAV,2025-08-14,14:00:00,17280488
T65,20250814_180000.WAV,2025-08-14,18:00:00,17280488
T65,20250815_000000.WAV,2025-08-15,00:00:00,17280488
T65,20250815_040000.WAV,2025-08-15,04:00:00,17280488
T65,20250815_110000.WAV,2025-08-15,11:00:00,17280488
T65,20250815_140000.WAV,2025-08-15,14:00:00,17280488
T65,20250815_180000.WAV,2025-08-15,18:00:00,17280488
T65,20250816_000000.WAV,2025-08-16,00:00:00,17280488
T65,20250816_040000.WAV,2025-08-16,04:00:00,17280488
T65,20250816_110000.WAV,2025-08-16,11:00:00,17280488
T65,20250816_140000.WAV,2025-08-16,14:00:00,17280488
T65,20250816_180000.WAV,2025-08-16,18:00:00,17280488
T65,20250817_000000.WAV,2025-08-17,00:00:00,17280488
T65,20250817_040000.WAV,2025-08-17,04:00:00,17280488
T65,20250817_110000.WAV,2025-08-17,11:00:00,17280488
T65,20250817_140000.WAV,2025-08-17,14:00:00,17280488
T65,20250817_180000.WAV,2025-08-17,18:00:00,17280488
T65,20250818_000000.WAV,2025-08-18,00:00:00,17280488
T65,20250818_040000.WAV,2025-08-18,04:00:00,17280488
T65,20250818_110000.WAV,2025-08-18,11:00:00,17280488
T65,20250818_140000.WAV,2025-08-18,14:00:00,17280488
T65,20250818_180000.WAV,2025-08-18,18:00:00,17280488
T65,20250819_000000.WAV,2025-08-19,00:00:00,17280488
T65,20250819_040000.WAV,2025-08-19,04:00:00,17280488
T65,20250819_110000.WAV,2025-08-19,11:00:00,17280488
T65,20250819_140000.WAV,2025-08-19,14:00:00,17280488
T65,20250819_180000.WAV,2025-08-19,18:00:00,17280488
T65,20250820_000000.WAV,2025-08-20,00:00:00,17280488
T65,20250820_040000.WAV,2025-08-20,04:00:00,17280488
T65,20250820_110000.WAV,2025-08-20,11:00:00,17280488
T65,20250820_140000.WAV,2025-08-20,14:00:00,17280488
T65,20250820_180000.WAV,2025-08-20,18:00:00,17280488
T65,20250821_000000.WAV,2025-08-21,00:00:00,17280488
T65,20250821_040000.WAV,2025-08-21,04:00:00,17280488
T65,20250821_110000.WAV,2025-08-21,11:00:00,17280488
T65,20250821_140000.WAV,2025-08-21,14:00:00,17280488
T65,20250821_180000.WAV,2025-08-21,18:00:00,17280488
T65,20250822_000000.WAV,2025-08-22,00:00:00,17280488
T65,20250822_040000.WAV,2025-08-22,04:00:00,17280488
T65,20250822_110000.WAV,2025-08-22,11:00:00,17280488
T65,20250822_140000.WAV,2025-08-22,14:00:00,17280488
T65,20250822_180000.WAV,2025-08-22,18:00:00,17280488
T65,20250823_000000.WAV,2025-08-23,00:00:00,17280488
T65,20250823_040000.WAV,2025-08-23,04:00:00,17280488
T65,20250823_110000.WAV,2025-08-23,11:00:00,17280488
T65,20250823_140000.WAV,2025-08-23,14:00:00,17280488
T65,20250823_180000.WAV,2025-08-23,18:00:00,17280488
T65,20250824_000000.WAV,2025-08-24,00:00:00,17280488
T65,20250824_040000.WAV,2025-08-24,04:00:00,17280488
T65,20250824_110000.WAV,2025-08-24,11:00:00,17280488
T65,20250824_140000.WAV,2025-08-24,14:00:00,17280488
T65,20250824_180000.WAV,2025-08-24,18:00:00,17280488
T65,20250825_000000.WAV,2025-08-25,00:00:00,17280488
T65,20250825_040000.WAV,2025-08-25,04:00:00,17280488
T65,20250825_110000.WAV,2025-08-25,11:00:00,17280488
T65,20250825_140000.WAV,2025-08-25,14:00:00,17280488
T65,20250825_180000.WAV,2025-08-25,18:00:00,17280488
T65,20250826_000000.WAV,2025-08-26,00:00:00,17280488
T65,20250826_040000.WAV,2025-08-26,04:00:00,17280488
T65,20250826_110000.WAV,2025-08-26,11:00:00,17280488
T65,20250826_140000.WAV,2025-08-26,14:00:00,17280488
T65,20250826_180000.WAV,2025-08-26,18:00:00,17280488
T65,20250827_000000.WAV,2025-08-27,00:00:00,17280488
T65,20250827_040000.WAV,2025-08-27,04:00:00,17280488
T65,20250827_110000.WAV,2025-08-27,11:00:00,17280488
T65,20250827_140000.WAV,2025-08-27,14:00:00,17280488
T65,20250827_180000.WAV,2025-08-27,18:00:00,17280488
T65,20250828_000000.WAV,2025-08-28,00:00:00,17280488
T65,20250828_040000.WAV,2025-08-28,04:00:00,17280488
T65,20250828_110000.WAV,2025-08-28,11:00:00,17280488
T65,20250828_140000.WAV,2025-08-28,14:00:00,17280488
T65,20250828_180000.WAV,2025-08-28,18:00:00,17280488
T65,20250829_000000.WAV,2025-08-29,00:00:00,17280488
T65,20250829_040000.WAV,2025-08-29,04:00:00,17280488
T65,20250829_110000.WAV,2025-08-29,11:00:00,17280488
T65,20250829_140000.WAV,2025-08-29,14:00:00,17280488
T65,20250829_180000.WAV,2025-08-29,18:00:00,17280488
T65,20250830_000000.WAV,2025-08-30,00:00:00,17280488
T65,20250830_040000.WAV,2025-08-30,04:00:00,17280488
T65,20250830_110000.WAV,2025-08-30,11:00:00,17280488
T65,20250830_140000.WAV,2025-08-30,14:00:00,17280488
T65,20250830_180000.WAV,2025-08-30,18:00:00,17280488
T65,20250831_000000.WAV,2025-08-31,00:00:00,17280488
T65,20250831_040000.WAV,2025-08-31,04:00:00,17280488
T65,20250831_110000.WAV,2025-08-31,11:00:00,17280488
T65,20250831_140000.WAV,2025-08-31,14:00:00,17280488
T65,20250831_180000.WAV,2025-08-31,18:00:00,17280488
T65,20250901_000000.WAV,2025-09-01,00:00:00,17280488
T65,20250901_040000.WAV,2025-09-01,04:00:00,17280488
T65,20250901_110000.WAV,2025-09-01,11:00:00,17280488
T65,20250901_140000.WAV,2025-09-01,14:00:00,17280488
T65,20250901_180000.WAV,2025-09-01,18:00:00,17280488
T65,20250902_000000.WAV,2025-09-02,00:00:00,17280488
T65,20250902_040000.WAV,2025-09-02,04:00:00,17280488
T65,20250902_110000.WAV,2025-09-02,11:00:00,17280488
T65,20250902_140000.WAV,2025-09-02,14:00:00,17280488
T65,20250902_180000.WAV,2025-09-02,18:00:00,17280488
T65,20250903_000000.WAV,2025-09-03,00:00:00,17280488
T65,20250903_040000.WAV,2025-09-03,04:00:00,17280488
T65,20250903_110000.WAV,2025-09-03,11:00:00,17280488
T65,20250903_140000.WAV,2025-09-03,14:00:00,17280488
T65,20250903_180000.WAV,2025-09-03,18:00:00,17280488
T65,20250904_000000.WAV,2025-09-04,00:00:00,17280488
T65,20250904_040000.WAV,2025-09-04,04:00:00,17280488
T65,20250904_110000.WAV,2025-09-04,11:00:00,17280488
T65,20250904_140000.WAV,2025-09-04,14:00:00,17280488
T65,20250904_180000.WAV,2025-09-04,18:00:00,17280488
T65,20250905_000000.WAV,2025-09-05,00:00:00,17280488
T65,20250905_040000.WAV,2025-09-05,04:00:00,17280488
T65,20250905_110000.WAV,2025-09-05,11:00:00,17280488
T65,20250905_140000.WAV,2025-09-05,14:00:00,17280488
T65,20250905_180000.WAV,2025-09-05,18:00:00,17280488
T65,20250906_000000.WAV,2025-09-06,00:00:00,17280488
T65,20250906_040000.WAV,2025-09-06,04:00:00,17280488
T65,20250906_110000.WAV,2025-09-06,11:00:00,17280488
T65,20250906_140000.WAV,2025-09-06,14:00:00,17280488
T65,20250906_180000.WAV,2025-09-06,18:00:00,17280488
T65,20250907_000000.WAV,2025-09-07,00:00:00,17280488
T65,20250907_040000.WAV,2025-09-07,04:00:00,17280488
T65,20250907_110000.WAV,2025-09-07,11:00:00,17280488
T65,20250907_140000.WAV,2025-09-07,14:00:00,17280488
T65,20250907_180000.WAV,2025-09-07,18:00:00,17280488
T65,20250908_000000.WAV,2025-09-08,00:00:00,17280488
T65,20250908_040000.WAV,2025-09-08,04:00:00,17280488
T65,20250908_110000.WAV,2025-09-08,11:00:00,17280488
T65,20250908_140000.WAV,2025-09-08,14:00:00,17280488
T65,20250908_180000.WAV,2025-09-08,18:00:00,17280488
T65,20250909_000000.WAV,2025-09-09,00:00:00,17280488
T65,20250909_040000.WAV,2025-09-09,04:00:00,17280488
T65,20250909_110000.WAV,2025-09-09,11:00:00,17280488
T65,20250909_140000.WAV,2025-09-09,14:00:00,17280488
T65,20250909_180000.WAV,2025-09-09,18:00:00,17280488
T65,20250910_000000.WAV,2025-09-10,00:00:00,17280488
T65,20250910_040000.WAV,2025-09-10,04:00:00,17280488
T65,20250910_110000.WAV,2025-09-10,11:00:00,17280488
T65,20250910_140000.WAV,2025-09-10,14:00:00,17280488
T65,20250910_180000.WAV,2025-09-10,18:00:00,17280488
T65,20250911_000000.WAV,2025-09-11,00:00:00,17280488
T65,20250911_040000.WAV,2025-09-11,04:00:00,17280488
T65,20250911_110000.WAV,2025-09-11,11:00:00,17280488
T65,20250911_140000.WAV,2025-09-11,14:00:00,17280488
T65,20250911_180000.WAV,2025-09-11,18:00:00,17280488
T65,20250912_000000.WAV,2025-09-12,00:00:00,17280488
T65,20250912_040000.WAV,2025-09-12,04:00:00,17280488
T65,20250912_110000.WAV,2025-09-12,11:00:00,17280488
T65,20250912_140000.WAV,2025-09-12,14:00:00,17280488
T65,20250912_180000.WAV,2025-09-12,18:00:00,17280488
T65,20250913_000000.WAV,2025-09-13,00:00:00,17280488
T65,20250913_040000.WAV,2025-09-13,04:00:00,17280488
T65,20250913_110000.WAV,2025-09-13,11:00:00,17280488
T65,20250913_140000.WAV,2025-09-13,14:00:00,17280488
T65,20250913_180000.WAV,2025-09-13,18:00:00,17280488
T65,20250914_000000.WAV,2025-09-14,00:00:00,17280488
T65,20250914_040000.WAV,2025-09-14,04:00:00,17280488
T65,20250914_110000.WAV,2025-09-14,11:00:00,17280488
T65,20250914_140000.WAV,2025-09-14,14:00:00,17280488
T65,20250914_180000.WAV,2025-09-14,18:00:00,17280488
T65,20250915_000000.WAV,2025-09-15,00:00:00,17280488
T65,20250915_040000.WAV,2025-09-15,04:00:00,17280488
T65,20250915_110000.WAV,2025-09-15,11:00:00,17280488
T65,20250915_140000.WAV,2025-09-15,14:00:00,17280488
T65,20250915_180000.WAV,2025-09-15,18:00:00,17280488
T65,20250916_000000.WAV,2025-09-16,00:00:00,17280488
T65,20250916_040000.WAV,2025-09-16,04:00:00,17280488
T65,20250916_110000.WAV,2025-09-16,11:00:00,17280488
T65,20250916_140000.WAV,2025-09-16,14:00:00,17280488
T65,20250916_180000.WAV,2025-09-16,18:00:00,17280488
T65,20250917_000000.WAV,2025-09-17,00:00:00,17280488
T65,20250917_040000.WAV,2025-09-17,04:00:00,17280488
T65,20250917_110000.WAV,2025-09-17,11:00:00,17280488
T65,20250917_140000.WAV,2025-09-17,14:00:00,17280488
T65,20250917_180000.WAV,2025-09-17,18:00:00,17280488
T65,20250918_000000.WAV,2025-09-18,00:00:00,17280488
T65,20250918_040000.WAV,2025-09-18,04:00:00,17280488
T65,20250918_110000.WAV,2025-09-18,11:00:00,17280488
T65,20250918_140000.WAV,2025-09-18,14:00:00,17280488
T65,20250918_180000.WAV,2025-09-18,18:00:00,17280488
T65,20250919_000000.WAV,2025-09-19,00:00:00,17280488
T65,20250919_040000.WAV,2025-09-19,04:00:00,17280488
T65,20250919_110000.WAV,2025-09-19,11:00:00,17280488
T65,20250919_140000.WAV,2025-09-19,14:00:00,17280488
T65,20250919_180000.WAV,2025-09-19,18:00:00,17280488
T65,20250920_000000.WAV,2025-09-20,00:00:00,17280488
T65,20250920_040000.WAV,2025-09-20,04:00:00,17280488
T65,20250920_110000.WAV,2025-09-20,11:00:00,17280488
T65,20250920_140000.WAV,2025-09-20,14:00:00,17280488
T65,20250920_180000.WAV,2025-09-20,18:00:00,17280488
T65,20250921_000000.WAV,2025-09-21,00:00:00,17280488
T65,20250921_040000.WAV,2025-09-21,04:00:00,17280488
T65,20250921_110000.WAV,2025-09-21,11:00:00,17280488
T65,20250921_140000.WAV,2025-09-21,14:00:00,17280488
T65,20250921_180000.WAV,2025-09-21,18:00:00,17280488
T65,20250922_000000.WAV,2025-09-22,00:00:00,17280488
T65,20250922_040000.WAV,2025-09-22,04:00:00,17280488
T65,20250922_110000.WAV,2025-09-22,11:00:00,17280488
T65,20250922_140000.WAV,2025-09-22,14:00:00,17280488
T65,20250922_180000.WAV,2025-09-22,18:00:00,17280488
T65,20250923_000000.WAV,2025-09-23,00:00:00,17280488
T65,20250923_040000.WAV,2025-09-23,04:00:00,17280488
T65,20250923_110000.WAV,2025-09-23,11:00:00,17280488
T65,20250923_140000.WAV,2025-09-23,14:00:00,17280488
T65,20250923_180000.WAV,2025-09-23,18:00:00,17280488
T65,20250924_000000.WAV,2025-09-24,00:00:00,17280488
T65,20250924_040000.WAV,2025-09-24,04:00:00,17280488
T65,20250924_110000.WAV,2025-09-24,11:00:00,17280488
T65,20250924_140000.WAV,2025-09-24,14:00:00,17280488
T65,20250924_180000.WAV,2025-09-24,18:00:00,17280488
T65,20250925_000000.WAV,2025-09-25,00:00:00,17280488
T65,20250925_040000.WAV,2025-09-25,04:00:00,17280488
T65,20250925_110000.WAV,2025-09-25,11:00:00,17280488
T65,20250925_140000.WAV,2025-09-25,14:00:00,17280488
T65,20250925_180000.WAV,2025-09-25,18:00:00,17280488
T65,20250926_000000.WAV,2025-09-26,00:00:00,17280488
T65,20250926_040000.WAV,2025-09-26,04:00:00,17280488
T65,20250926_110000.WAV,2025-09-26,11:00:00,17280488
T65,20250926_140000.WAV,2025-09-26,14:00:00,17280488
T65,20250926_180000.WAV,2025-09-26,18:00:00,17280488
T65,20250927_000000.WAV,2025-09-27,00:00:00,17280488
T65,20250927_040000.WAV,2025-09-27,04:00:00,17280488
T65,20250927_110000.WAV,2025-09-27,11:00:00,17280488
T65,20250927_140000.WAV,2025-09-27,14:00:00,17280488
T65,20250927_180000.WAV,2025-09-27,18:00:00,17280488
T65,20250928_000000.WAV,2025-09-28,00:00:00,17280488
T65,20250928_040000.WAV,2025-09-28,04:00:00,17280488
T65,20250928_110000.WAV,2025-09-28,11:00:00,17280488
T65,20250928_140000.WAV,2025-09-28,14:00:00,17280488
T65,20250928_180000.WAV,2025-09-28,18:00:00,17280488
T65,20250929_000000.WAV,2025-09-29,00:00:00,17280488
T65,20250929_040000.WAV,2025-09-29,04:00:00,17280488
T65,20250929_110000.WAV,2025-09-29,11:00:00,17280488
T65,20250929_140000.WAV,2025-09-29,14:00:00,17280488
T65,20250929_180000.WAV,2025-09-29,18:00:00,17280488
T65,20250930_000000.WAV,2025-09-30,00:00:00,17280488
T65,20250930_040000.WAV,2025-09-30,04:00:00,17280488
T65,20250930_110000.WAV,2025-09-30,11:00:00,17280488
T65,20250930_140000.WAV,2025-09-30,14:00:00,17280488
T65,20250930_180000.WAV,2025-09-30,18:00:00,17280488
T65,20251001_000000.WAV,2025-10-01,00:00:00,17280488
T65,20251001_040000.WAV,2025-10-01,04:00:00,17280488
T65,20251001_110000.WAV,2025-10-01,11:00:00,17280488
T65,20251001_140000.WAV,2025-10-01,14:00:00,17280488
T65,20251001_180000.WAV,2025-10-01,18:00:00,17280488
T65,20251002_000000.WAV,2025-10-02,00:00:00,17280488
T65,20251002_040000.WAV,2025-10-02,04:00:00,17280488
T65,20251002_110000.WAV,2025-10-02,11:00:00,17280488
T65,20251002_140000.WAV,2025-10-02,14:00:00,17280488
T65,20251002_180000.WAV,2025-10-02,18:00:00,17280488
T65,20251003_000000.WAV,2025-10-03,00:00:00,17280488
T65,20251003_040000.WAV,2025-10-03,04:00:00,17280488
T65,20251003_110000.WAV,2025-10-03,11:00:00,17280488
T65,20251003_140000.WAV,2025-10-03,14:00:00,17280488
T65,20251003_180000.WAV,2025-10-03,18:00:00,17280488
T65,20251004_000000.WAV,2025-10-04,00:00:00,17280488
T65,20251004_040000.WAV,2025-10-04,04:00:00,17280488
T65,20251004_110000.WAV,2025-10-04,11:00:00,17280488
T65,20251004_140000.WAV,2025-10-04,14:00:00,17280488
T65,20251004_180000.WAV,2025-10-04,18:00:00,17280488
T65,20251005_000000.WAV,2025-10-05,00:00:00,17280488
T65,20251005_040000.WAV,2025-10-05,04:00:00,17280488
T65,20251005_110000.WAV,2025-10-05,11:00:00,17280488
T65,20251005_140000.WAV,2025-10-05,14:00:00,17280488
T65,20251005_180000.WAV,2025-10-05,18:00:00,17280488
T65,20251006_000000.WAV,2025-10-06,00:00:00,17280488
T65,20251006_040000.WAV,2025-10-06,04:00:00,17280488
T65,20251006_110000.WAV,2025-10-06,11:00:00,17280488
T65,20251006_140000.WAV,2025-10-06,14:00:00,17280488
T65,20251006_180000.WAV,2025-10-06,18:00:00,17280488
T65,20251007_000000.WAV,2025-10-07,00:00:00,17280488
T65,20251007_040000.WAV,2025-10-07,04:00:00,17280488
T65,20251007_110000.WAV,2025-10-07,11:00:00,17280488
T65,20251007_140000.WAV,2025-10-07,14:00:00,17280488
T65,20251007_180000.WAV,2025-10-07,18:00:00,17280488
T65,20251008_000000.WAV,2025-10-08,00:00:00,17280488
T65,20251008_040000.WAV,2025-10-08,04:00:00,17280488
T65,20251008_110000.WAV,2025-10-08,11:00:00,17280488
T65,20251008_140000.WAV,2025-10-08,14:00:00,17280488
T65,20251008_180000.WAV,2025-10-08,18:00:00,17280488
T65,20251009_000000.WAV,2025-10-09,00:00:00,17280488
T65,20251009_040000.WAV,2025-10-09,04:00:00,17280488
T65,20251009_110000.WAV,2025-10-09,11:00:00,17280488
T65,20251009_140000.WAV,2025-10-09,14:00:00,17280488
T65,20251009_180000.WAV,2025-10-09,18:00:00,17280488
T65,20251010_000000.WAV,2025-10-10,00:00:00,17280488
T65,20251010_040000.WAV,2025-10-10,04:00:00,17280488
T65,20251010_110000.WAV,2025-10-10,11:00:00,17280488
T65,20251010_140000.WAV,2025-10-10,14:00:00,17280488
T65,20251010_180000.WAV,2025-10-10,18:00:00,17280488
T65,20251011_000000.WAV,2025-10-11,00:00:00,17280488
T65,20251011_040000.WAV,2025-10-11,04:00:00,17280488
T65,20251011_110000.WAV,2025-10-11,11:00:00,17280488
T65,20251011_140000.WAV,2025-10-11,14:00:00,17280488
T65,20251011_180000.WAV,2025-10-11,18:00:00,17280488
T65,20251012_000000.WAV,2025-10-12,00:00:00,17280488
T65,20251012_040000.WAV,2025-10-12,04:00:00,17280488
T65,20251012_110000.WAV,2025-10-12,11:00:00,17280488
T65,20251012_140000.WAV,2025-10-12,14:00:00,17280488
T65,20251012_180000.WAV,2025-10-12,18:00:00,17280488
T65,20251013_000000.WAV,2025-10-13,00:00:00,17280488
T65,20251013_040000.WAV,2025-10-13,04:00:00,17280488
T65,20251013_110000.WAV,2025-10-13,11:00:00,17280488
T65,20251013_140000.WAV,2025-10-13,14:00:00,17280488
T65,20251013_180000.WAV,2025-10-13,18:00:00,17280488
T65,20251014_000000.WAV,2025-10-14,00:00:00,17280488
T65,20251014_040000.WAV,2025-10-14,04:00:00,17280488
T65,20251014_110000.WAV,2025-10-14,11:00:00,17280488
T65,20251014_140000.WAV,2025-10-14,14:00:00,17280488
T65,20251014_180000.WAV,2025-10-14,18:00:00,17280488
T65,20251015_000000.WAV,2025-10-15,00:00:00,17280488
T65,20251015_040000.WAV,2025-10-15,04:00:00,17280488
T65,20251015_110000.WAV,2025-10-15,11:00:00,17280488
T65,20251015_140000.WAV,2025-10-15,14:00:00,17280488
T65,20251015_180000.WAV,2025-10-15,18:00:00,17280488
T65,20251016_000000.WAV,2025-10-16,00:00:00,17280488
T65,20251016_040000.WAV,2025-10-16,04:00:00,17280488
T65,20251016_110000.WAV,2025-10-16,11:00:00,17280488
T65,20251016_140000.WAV,2025-10-16,14:00:00,17280488
T65,20251016_180000.WAV,2025-10-16,18:00:00,17280488
T65,20251017_000000.WAV,2025-10-17,00:00:00,17280488
T65,20251017_040000.WAV,2025-10-17,04:00:00,17280488
T65,20251017_110000.WAV,2025-10-17,11:00:00,17280488
T65,20251017_140000.WAV,2025-10-17,14:00:00,17280488
T65,20251017_180000.WAV,2025-10-17,18:00:00,17280488
T65,20251018_000000.WAV,2025-10-18,00:00:00,17280488
T65,20251018_040000.WAV,2025-10-18,04:00:00,17280488
T65,20251018_110000.WAV,2025-10-18,11:00:00,17280488
T65,20251018_140000.WAV,2025-10-18,14:00:00,17280488
T65,20251018_180000.WAV,2025-10-18,18:00:00,17280488
T65,20251019_000000.WAV,2025-10-19,00:00:00,17280488
T65,20251019_040000.WAV,2025-10-19,04:00:00,17280488
T65,20251019_110000.WAV,2025-10-19,11:00:00,17280488
T65,20251019_140000.WAV,2025-10-19,14:00:00,17280488
T65,20251019_180000.WAV,2025-10-19,18:00:00,17280488
T65,20251020_000000.WAV,2025-10-20,00:00:00,17280488
T65,20251020_040000.WAV,2025-10-20,04:00:00,17280488
T65,20251020_110000.WAV,2025-10-20,11:00:00,17280488
T65,20251020_140000.WAV,2025-10-20,14:00:00,17280488
T65,20251020_180000.WAV,2025-10-20,18:00:00,17280488
T65,20251021_000000.WAV,2025-10-21,00:00:00,17280488
T65,20251021_040000.WAV,2025-10-21,04:00:00,17280488
T65,20251021_110000.WAV,2025-10-21,11:00:00,17280488
T65,20251021_140000.WAV,2025-10-21,14:00:00,17280488
T65,20251021_180000.WAV,2025-10-21,18:00:00,17280488
T65,20251022_000000.WAV,2025-10-22,00:00:00,17280488
T65,20251022_040000.WAV,2025-10-22,04:00:00,17280488
T65,20251022_110000.WAV,2025-10-22,11:00:00,17280488
T65,20251022_140000.WAV,2025-10-22,14:00:00,17280488
T65,20251022_180000.WAV,2025-10-22,18:00:00,17280488
T65,20251023_000000.WAV,2025-10-23,00:00:00,17280488
T65,20251023_040000.WAV,2025-10-23,04:00:00,17280488
T65,20251023_110000.WAV,2025-10-23,11:00:00,17280488
T65,20251023_140000.WAV,2025-10-23,14:00:00,17280488
T65,20251023_180000.WAV,2025-10-23,18:00:00,17280488
T65,20251024_000000.WAV,2025-10-24,00:00:00,17280488
T65,20251024_040000.WAV,2025-10-24,04:00:00,17280488
T65,20251024_110000.WAV,2025-10-24,11:00:00,17280488
T65,20251024_140000.WAV,2025-10-24,14:00:00,17280488
T65,20251024_180000.WAV,2025-10-24,18:00:00,17280488
T65,20251025_000000.WAV,2025-10-25,00:00:00,17280488
T65,20251025_040000.WAV,2025-10-25,04:00:00,17280488
T65,20251025_110000.WAV,2025-10-25,11:00:00,17280488
T65,20251025_140000.WAV,2025-10-25,14:00:00,17280488
T65,20251025_180000.WAV,2025-10-25,18:00:00,17280488
T65,20251026_000000.WAV,2025-10-26,00:00:00,17280488
T65,20251026_040000.WAV,2025-10-26,04:00:00,17280488
T65,20251026_110000.WAV,2025-10-26,11:00:00,17280488
T65,20251026_140000.WAV,2025-10-26,14:00:00,17280488
