site,fichier,date,heure,taille_octets
AM1,20230330_180000.WAV,2023-03-30,18:00:00,17280488
AM1,20230331_000000.WAV,2023-03-31,00:00:00,17280488
AM1,20230331_040000.WAV,2023-03-31,04:00:00,17280488
AM1,20230331_140000.WAV,2023-03-31,14:00:00,17280488
AM1,20230331_180000.WAV,2023-03-31,18:00:00,17280488
AM1,20230401_000000.WAV,2023-04-01,00:00:00,17280488
AM1,20230401_040000.WAV,2023-04-01,04:00:00,17280488
AM1,20230401_140000.WAV,2023-04-01,14:00:00,17280488
AM1,20230401_180000.WAV,2023-04-01,18:00:00,17280488
AM1,20230402_000000.WAV,2023-04-02,00:00:00,17280488
AM1,20230402_040000.WAV,2023-04-02,04:00:00,17280488
AM1,20230402_140000.WAV,2023-04-02,14:00:00,17280488
AM1,20230402_180000.WAV,2023-04-02,18:00:00,17280488
AM1,20230403_000000.WAV,2023-04-03,00:00:00,17280488
AM1,20230403_040000.WAV,2023-04-03,04:00:00,17280488
AM1,20230403_140000.WAV,2023-04-03,14:00:00,17280488
AM1,20230403_180000.WAV,2023-04-03,18:00:00,17280488
AM1,20230404_000000.WAV,2023-04-04,00:00:00,17280488
AM1,20230404_040000.WAV,2023-04-04,04:00:00,17280488
AM1,20230404_140000.WAV,2023-04-04,14:00:00,17280488
AM1,20230404_180000.WAV,2023-04-04,18:00:00,17280488
AM1,20230405_000000.WAV,2023-04-05,00:00:00,17280488
AM1,20230405_040000.WAV,2023-04-05,04:00:00,17280488
AM1,20230405_140000.WAV,2023-04-05,14:00:00,17280488
AM1,20230405_180000.WAV,2023-04-05,18:00:00,17280488
AM1,20230406_000000.WAV,2023-04-06,00:00:00,17280488
AM1,20230406_040000.WAV,2023-04-06,04:00:00,17280488
AM1,20230406_140000.WAV,2023-04-06,14:00:00,17280488
AM1,20230406_180000.WAV,2023-04-06,18:00:00,17280488
AM1,20230407_000000.WAV,2023-04-07,00:00:00,17280488
AM1,20230407_040000.WAV,2023-04-07,04:00:00,17280488
AM1,20230407_140000.WAV,2023-04-07,14:00:00,17280488
AM1,20230407_180000.WAV,2023-04-07,18:00:00,17280488
AM1,20230408_000000.WAV,2023-04-08,00:00:00,17280488
AM1,20230408_040000.WAV,2023-04-08,04:00:00,17280488
AM1,20230408_140000.WAV,2023-04-08,14:00:00,17280488
AM1,20230408_180000.WAV,2023-04-08,18:00:00,17280488
AM1,20230409_000000.WAV,2023-04-09,00:00:00,17280488
AM1,20230409_040000.WAV,2023-04-09,04:00:00,17280488
AM1,20230409_140000.WAV,2023-04-09,14:00:00,17280488
AM1,20230409_180000.WAV,2023-04-09,18:00:00,17280488
AM1,20230410_000000.WAV,2023-04-10,00:00:00,17280488
AM1,20230410_040000.WAV,2023-04-10,04:00:00,17280488
AM1,20230410_140000.WAV,2023-04-10,14:00:00,17280488
AM1,20230410_180000.WAV,2023-04-10,18:00:00,17280488
AM1,20230411_000000.WAV,2023-04-11,00:00:00,17280488
AM1,20230411_040000.WAV,2023-04-11,04:00:00,17280488
AM1,20230411_140000.WAV,2023-04-11,14:00:00,17280488
AM1,20230411_180000.WAV,2023-04-11,18:00:00,17280488
AM1,20230412_000000.WAV,2023-04-12,00:00:00,17280488
AM1,20230412_040000.WAV,2023-04-12,04:00:00,17280488
AM1,20230412_140000.WAV,2023-04-12,14:00:00,17280488
AM1,20230412_180000.WAV,2023-04-12,18:00:00,17280488
AM1,20230413_000000.WAV,2023-04-13,00:00:00,17280488
AM1,20230413_040000.WAV,2023-04-13,04:00:00,17280488
AM1,20230413_140000.WAV,2023-04-13,14:00:00,17280488
AM1,20230413_180000.WAV,2023-04-13,18:00:00,17280488
AM1,20230414_000000.WAV,2023-04-14,00:00:00,17280488
AM1,20230414_040000.WAV,2023-04-14,04:00:00,17280488
AM1,20230414_140000.WAV,2023-04-14,14:00:00,17280488
AM1,20230414_180000.WAV,2023-04-14,18:00:00,17280488
AM1,20230415_000000.WAV,2023-04-15,00:00:00,17280488
AM1,20230415_040000.WAV,2023-04-15,04:00:00,17280488
AM1,20230415_140000.WAV,2023-04-15,14:00:00,17280488
AM1,20230415_180000.WAV,2023-04-15,18:00:00,17280488
AM1,20230416_000000.WAV,2023-04-16,00:00:00,17280488
AM1,20230416_040000.WAV,2023-04-16,04:00:00,17280488
AM1,20230416_140000.WAV,2023-04-16,14:00:00,17280488
AM1,20230416_180000.WAV,2023-04-16,18:00:00,17280488
AM1,20230417_000000.WAV,2023-04-17,00:00:00,17280488
AM1,20230417_040000.WAV,2023-04-17,04:00:00,17280488
AM1,20230417_140000.WAV,2023-04-17,14:00:00,17280488
AM1,20230417_180000.WAV,2023-04-17,18:00:00,17280488
AM1,20230418_000000.WAV,2023-04-18,00:00:00,17280488
AM1,20230418_040000.WAV,2023-04-18,04:00:00,17280488
AM1,20230418_140000.WAV,2023-04-18,14:00:00,17280488
AM1,20230418_180000.WAV,2023-04-18,18:00:00,17280488
AM1,20230419_000000.WAV,2023-04-19,00:00:00,17280488
AM1,20230419_040000.WAV,2023-04-19,04:00:00,17280488
AM1,20230419_140000.WAV,2023-04-19,14:00:00,17280488
AM1,20230419_180000.WAV,2023-04-19,18:00:00,17280488
AM1,20230420_000000.WAV,2023-04-20,00:00:00,17280488
AM1,20230420_040000.WAV,2023-04-20,04:00:00,17280488
AM1,20230420_140000.WAV,2023-04-20,14:00:00,17280488
AM1,20230420_180000.WAV,2023-04-20,18:00:00,17280488
AM1,20230421_000000.WAV,2023-04-21,00:00:00,17280488
AM1,20230421_040000.WAV,2023-04-21,04:00:00,17280488
AM1,20230421_140000.WAV,2023-04-21,14:00:00,17280488
AM1,20230421_180000.WAV,2023-04-21,18:00:00,17280488
AM1,20230422_000000.WAV,2023-04-22,00:00:00,17280488
AM1,20230422_040000.WAV,2023-04-22,04:00:00,17280488
AM1,20230422_140000.WAV,2023-04-22,14:00:00,17280488
AM1,20230422_180000.WAV,2023-04-22,18:00:00,17280488
AM1,20230423_000000.WAV,2023-04-23,00:00:00,17280488
AM1,20230423_040000.WAV,2023-04-23,04:00:00,17280488
AM1,20230423_140000.WAV,2023-04-23,14:00:00,17280488
AM1,20230423_180000.WAV,2023-04-23,18:00:00,17280488
AM1,20230424_000000.WAV,2023-04-24,00:00:00,17280488
AM1,20230424_040000.WAV,2023-04-24,04:00:00,17280488
AM1,20230424_140000.WAV,2023-04-24,14:00:00,17280488
AM1,20230424_180000.WAV,2023-04-24,18:00:00,17280488
AM1,20230425_000000.WAV,2023-04-25,00:00:00,17280488
AM1,20230425_040000.WAV,2023-04-25,04:00:00,17280488
AM1,20230425_140000.WAV,2023-04-25,14:00:00,17280488
AM1,20230425_180000.WAV,2023-04-25,18:00:00,17280488
AM1,20230426_000000.WAV,2023-04-26,00:00:00,17280488
AM1,20230426_040000.WAV,2023-04-26,04:00:00,17280488
AM1,20230426_140000.WAV,2023-04-26,14:00:00,17280488
AM1,20230426_180000.WAV,2023-04-26,18:00:00,17280488
AM1,20230427_000000.WAV,2023-04-27,00:00:00,17280488
AM1,20230427_040000.WAV,2023-04-27,04:00:00,17280488
AM1,20230427_140000.WAV,2023-04-27,14:00:00,17280488
AM1,20230427_180000.WAV,2023-04-27,18:00:00,17280488
AM1,20230428_000000.WAV,2023-04-28,00:00:00,17280488
AM1,20230428_040000.WAV,2023-04-28,04:00:00,17280488
AM1,20230428_140000.WAV,2023-04-28,14:00:00,17280488
AM1,20230428_180000.WAV,2023-04-28,18:00:00,17280488
AM1,20230429_000000.WAV,2023-04-29,00:00:00,17280488
AM1,20230429_040000.WAV,2023-04-29,04:00:00,17280488
AM1,20230429_140000.WAV,2023-04-29,14:00:00,17280488
AM1,20230429_180000.WAV,2023-04-29,18:00:00,17280488
AM1,20230430_000000.WAV,2023-04-30,00:00:00,17280488
AM1,20230430_040000.WAV,2023-04-30,04:00:00,17280488
AM1,20230430_140000.WAV,2023-04-30,14:00:00,17280488
AM1,20230430_180000.WAV,2023-04-30,18:00:00,17280488
AM1,20230501_000000.WAV,2023-05-01,00:00:00,17280488
AM1,20230501_040000.WAV,2023-05-01,04:00:00,17280488
AM1,20230501_140000.WAV,2023-05-01,14:00:00,17280488
AM1,20230501_180000.WAV,2023-05-01,18:00:00,17280488
AM1,20230502_000000.WAV,2023-05-02,00:00:00,17280488
AM1,20230502_040000.WAV,2023-05-02,04:00:00,17280488
AM1,20230502_140000.WAV,2023-05-02,14:00:00,17280488
AM1,20230502_180000.WAV,2023-05-02,18:00:00,17280488
AM1,20230503_000000.WAV,2023-05-03,00:00:00,17280488
AM1,20230503_040000.WAV,2023-05-03,04:00:00,17280488
AM1,20230503_140000.WAV,2023-05-03,14:00:00,17280488
AM1,20230503_180000.WAV,2023-05-03,18:00:00,17280488
AM1,20230504_000000.WAV,2023-05-04,00:00:00,17280488
AM1,20230504_040000.WAV,2023-05-04,04:00:00,17280488
AM1,20230504_140000.WAV,2023-05-04,14:00:00,17280488
AM1,20230504_180000.WAV,2023-05-04,18:00:00,17280488
AM1,20230505_000000.WAV,2023-05-05,00:00:00,17280488
AM1,20230505_040000.WAV,2023-05-05,04:00:00,17280488
AM1,20230505_140000.WAV,2023-05-05,14:00:00,17280488
AM1,20230505_180000.WAV,2023-05-05,18:00:00,17280488
AM1,20230506_000000.WAV,2023-05-06,00:00:00,17280488
AM1,20230506_040000.WAV,2023-05-06,04:00:00,17280488
AM1,20230506_140000.WAV,2023-05-06,14:00:00,17280488
AM1,20230506_180000.WAV,2023-05-06,18:00:00,17280488
AM1,20230507_000000.WAV,2023-05-07,00:00:00,17280488
AM1,20230507_040000.WAV,2023-05-07,04:00:00,17280488
AM1,20230507_140000.WAV,2023-05-07,14:00:00,17280488
AM1,20230507_180000.WAV,2023-05-07,18:00:00,17280488
AM1,20230508_000000.WAV,2023-05-08,00:00:00,17280488
AM1,20230508_040000.WAV,2023-05-08,04:00:00,17280488
AM1,20230508_140000.WAV,2023-05-08,14:00:00,17280488
AM1,20230508_180000.WAV,2023-05-08,18:00:00,17280488
AM1,20230509_000000.WAV,2023-05-09,00:00:00,17280488
AM1,20230509_040000.WAV,2023-05-09,04:00:00,17280488
AM1,20230509_140000.WAV,2023-05-09,14:00:00,17280488
AM1,20230509_180000.WAV,2023-05-09,18:00:00,17280488
AM1,20230510_000000.WAV,2023-05-10,00:00:00,17280488
AM1,20230510_040000.WAV,2023-05-10,04:00:00,17280488
AM1,20230510_140000.WAV,2023-05-10,14:00:00,17280488
AM1,20230510_180000.WAV,2023-05-10,18:00:00,17280488
AM1,20230511_000000.WAV,2023-05-11,00:00:00,17280488
AM1,20230511_040000.WAV,2023-05-11,04:00:00,17280488
AM1,20230511_140000.WAV,2023-05-11,14:00:00,17280488
AM1,20230511_180000.WAV,2023-05-11,18:00:00,17280488
AM1,20230512_000000.WAV,2023-05-12,00:00:00,17280488
AM1,20230512_040000.WAV,2023-05-12,04:00:00,17280488
AM1,20230512_140000.WAV,2023-05-12,14:00:00,17280488
AM1,20230512_180000.WAV,2023-05-12,18:00:00,17280488
AM1,20230513_000000.WAV,2023-05-13,00:00:00,17280488
AM1,20230513_040000.WAV,2023-05-13,04:00:00,17280488
AM1,20230513_140000.WAV,2023-05-13,14:00:00,17280488
AM1,20230513_180000.WAV,2023-05-13,18:00:00,17280488
AM1,20230514_000000.WAV,2023-05-14,00:00:00,17280488
AM1,20230514_040000.WAV,2023-05-14,04:00:00,17280488
AM1,20230514_140000.WAV,2023-05-14,14:00:00,17280488
AM1,20230514_180000.WAV,2023-05-14,18:00:00,17280488
AM1,20230515_000000.WAV,2023-05-15,00:00:00,17280488
AM1,20230515_040000.WAV,2023-05-15,04:00:00,17280488
AM1,20230515_140000.WAV,2023-05-15,14:00:00,17280488
AM1,20230515_180000.WAV,2023-05-15,18:00:00,17280488
AM1,20230516_000000.WAV,2023-05-16,00:00:00,17280488
AM1,20230516_040000.WAV,2023-05-16,04:00:00,17280488
AM1,20230516_140000.WAV,2023-05-16,14:00:00,17280488
AM1,20230516_180000.WAV,2023-05-16,18:00:00,17280488
AM1,20230517_000000.WAV,2023-05-17,00:00:00,17280488
AM1,20230517_040000.WAV,2023-05-17,04:00:00,17280488
AM1,20230517_140000.WAV,2023-05-17,14:00:00,17280488
AM1,20230517_180000.WAV,2023-05-17,18:00:00,17280488
AM1,20230518_000000.WAV,2023-05-18,00:00:00,17280488
AM1,20230518_040000.WAV,2023-05-18,04:00:00,17280488
AM1,20230518_140000.WAV,2023-05-18,14:00:00,17280488
AM1,20230518_180000.WAV,2023-05-18,18:00:00,17280488
AM1,20230519_000000.WAV,2023-05-19,00:00:00,17280488
AM1,20230519_040000.WAV,2023-05-19,04:00:00,17280488
AM1,20230519_140000.WAV,2023-05-19,14:00:00,17280488
AM1,20230519_180000.WAV,2023-05-19,18:00:00,17280488
AM1,20230520_000000.WAV,2023-05-20,00:00:00,17280488
AM1,20230520_040000.WAV,2023-05-20,04:00:00,17280488
AM1,20230520_140000.WAV,2023-05-20,14:00:00,17280488
AM1,20230520_180000.WAV,2023-05-20,18:00:00,17280488
AM1,20230521_000000.WAV,2023-05-21,00:00:00,17280488
AM1,20230521_040000.WAV,2023-05-21,04:00:00,17280488
AM1,20230521_140000.WAV,2023-05-21,14:00:00,17280488
AM1,20230521_180000.WAV,2023-05-21,18:00:00,17280488
AM1,20230522_000000.WAV,2023-05-22,00:00:00,17280488
AM1,20230522_040000.WAV,2023-05-22,04:00:00,17280488
AM1,20230522_140000.WAV,2023-05-22,14:00:00,17280488
AM1,20230522_180000.WAV,2023-05-22,18:00:00,17280488
AM1,20230523_000000.WAV,2023-05-23,00:00:00,17280488
AM1,20230523_040000.WAV,2023-05-23,04:00:00,17280488
AM1,20230523_140000.WAV,2023-05-23,14:00:00,17280488
AM1,20230523_180000.WAV,2023-05-23,18:00:00,17280488
AM1,20230524_000000.WAV,2023-05-24,00:00:00,17280488
AM1,20230524_040000.WAV,2023-05-24,04:00:00,17280488
AM1,20230524_140000.WAV,2023-05-24,14:00:00,17280488
AM1,20230524_180000.WAV,2023-05-24,18:00:00,17280488
AM1,20230525_000000.WAV,2023-05-25,00:00:00,17280488
AM1,20230525_040000.WAV,2023-05-25,04:00:00,17280488
AM1,20230525_140000.WAV,2023-05-25,14:00:00,17280488
AM1,20230525_180000.WAV,2023-05-25,18:00:00,17280488
AM1,20230526_000000.WAV,2023-05-26,00:00:00,17280488
AM1,20230526_040000.WAV,2023-05-26,04:00:00,17280488
AM1,20230526_140000.WAV,2023-05-26,14:00:00,17280488
AM1,20230526_180000.WAV,2023-05-26,18:00:00,17280488
AM1,20230527_000000.WAV,2023-05-27,00:00:00,17280488
AM1,20230527_040000.WAV,2023-05-27,04:00:00,17280488
AM1,20230527_140000.WAV,2023-05-27,14:00:00,17280488
AM1,20230527_180000.WAV,2023-05-27,18:00:00,17280488
AM1,20230528_000000.WAV,2023-05-28,00:00:00,17280488
AM1,20230528_040000.WAV,2023-05-28,04:00:00,17280488
AM1,20230528_140000.WAV,2023-05-28,14:00:00,17280488
AM1,20230528_180000.WAV,2023-05-28,18:00:00,17280488
AM1,20230529_000000.WAV,2023-05-29,00:00:00,17280488
AM1,20230529_040000.WAV,2023-05-29,04:00:00,17280488
AM1,20230529_140000.WAV,2023-05-29,14:00:00,17280488
AM1,20230529_180000.WAV,2023-05-29,18:00:00,17280488
AM1,20230530_000000.WAV,2023-05-30,00:00:00,17280488
AM1,20230530_040000.WAV,2023-05-30,04:00:00,17280488
AM1,20230530_140000.WAV,2023-05-30,14:00:00,17280488
AM1,20230530_180000.WAV,2023-05-30,18:00:00,17280488
AM1,20230531_000000.WAV,2023-05-31,00:00:00,17280488
AM1,20230531_040000.WAV,2023-05-31,04:00:00,17280488
AM1,20230531_140000.WAV,2023-05-31,14:00:00,17280488
AM1,20230531_180000.WAV,2023-05-31,18:00:00,17280488
AM1,20230601_000000.WAV,2023-06-01,00:00:00,17280488
AM1,20230601_040000.WAV,2023-06-01,04:00:00,17280488
AM1,20230601_140000.WAV,2023-06-01,14:00:00,17280488
AM1,20230601_180000.WAV,2023-06-01,18:00:00,17280488
AM1,20230602_000000.WAV,2023-06-02,00:00:00,17280488
AM1,20230602_040000.WAV,2023-06-02,04:00:00,17280488
AM1,20230602_140000.WAV,2023-06-02,14:00:00,17280488
AM1,20230602_180000.WAV,2023-06-02,18:00:00,17280488
AM1,20230603_000000.WAV,2023-06-03,00:00:00,17280488
AM1,20230603_040000.WAV,2023-06-03,04:00:00,17280488
AM1,20230603_140000.WAV,2023-06-03,14:00:00,17280488
AM1,20230603_180000.WAV,2023-06-03,18:00:00,17280488
AM1,20230604_000000.WAV,2023-06-04,00:00:00,17280488
AM1,20230604_040000.WAV,2023-06-04,04:00:00,17280488
AM1,20230604_140000.WAV,2023-06-04,14:00:00,17280488
AM1,20230604_180000.WAV,2023-06-04,18:00:00,17280488
AM1,20230605_000000.WAV,2023-06-05,00:00:00,17280488
AM1,20230605_040000.WAV,2023-06-05,04:00:00,17280488
AM1,20230605_140000.WAV,2023-06-05,14:00:00,17280488
AM1,20230605_180000.WAV,2023-06-05,18:00:00,17280488
AM1,20230606_000000.WAV,2023-06-06,00:00:00,17280488
AM1,20230606_040000.WAV,2023-06-06,04:00:00,17280488
AM1,20230606_140000.WAV,2023-06-06,14:00:00,17280488
AM1,20230606_180000.WAV,2023-06-06,18:00:00,17280488
AM1,20230607_000000.WAV,2023-06-07,00:00:00,17280488
AM1,20230607_040000.WAV,2023-06-07,04:00:00,17280488
AM1,20230607_140000.WAV,2023-06-07,14:00:00,17280488
AM1,20230607_180000.WAV,2023-06-07,18:00:00,17280488
AM1,20230608_000000.WAV,2023-06-08,00:00:00,17280488
AM1,20230608_040000.WAV,2023-06-08,04:00:00,17280488
AM1,20230608_140000.WAV,2023-06-08,14:00:00,17280488
AM1,20230608_180000.WAV,2023-06-08,18:00:00,17280488
AM1,20230609_000000.WAV,2023-06-09,00:00:00,17280488
AM1,20230609_040000.WAV,2023-06-09,04:00:00,17280488
AM1,20230609_140000.WAV,2023-06-09,14:00:00,17280488
AM1,20230609_180000.WAV,2023-06-09,18:00:00,17280488
AM1,20230610_000000.WAV,2023-06-10,00:00:00,17280488
AM1,20230610_040000.WAV,2023-06-10,04:00:00,17280488
AM1,20230610_140000.WAV,2023-06-10,14:00:00,17280488
AM1,20230610_180000.WAV,2023-06-10,18:00:00,17280488
AM1,20230611_000000.WAV,2023-06-11,00:00:00,17280488
AM1,20230611_040000.WAV,2023-06-11,04:00:00,17280488
AM1,20230611_140000.WAV,2023-06-11,14:00:00,17280488
AM1,20230611_180000.WAV,2023-06-11,18:00:00,17280488
AM1,20230612_000000.WAV,2023-06-12,00:00:00,17280488
AM1,20230612_040000.WAV,2023-06-12,04:00:00,17280488
AM1,20230612_140000.WAV,2023-06-12,14:00:00,17280488
AM1,20230612_180000.WAV,2023-06-12,18:00:00,17280488
AM1,20230613_000000.WAV,2023-06-13,00:00:00,17280488
AM1,20230613_040000.WAV,2023-06-13,04:00:00,17280488
AM1,20230613_140000.WAV,2023-06-13,14:00:00,17280488
AM1,20230613_180000.WAV,2023-06-13,18:00:00,17280488
AM1,20230614_000000.WAV,2023-06-14,00:00:00,17280488
AM1,20230614_040000.WAV,2023-06-14,04:00:00,17280488
AM1,20230614_140000.WAV,2023-06-14,14:00:00,17280488
AM1,20230614_180000.WAV,2023-06-14,18:00:00,17280488
AM1,20230615_000000.WAV,2023-06-15,00:00:00,17280488
AM1,20230615_040000.WAV,2023-06-15,04:00:00,17280488
AM1,20230615_140000.WAV,2023-06-15,14:00:00,17280488
AM1,20230615_180000.WAV,2023-06-15,18:00:00,17280488
AM1,20230616_000000.WAV,2023-06-16,00:00:00,17280488
AM1,20230616_040000.WAV,2023-06-16,04:00:00,17280488
AM1,20230616_140000.WAV,2023-06-16,14:00:00,17280488
AM1,20230616_180000.WAV,2023-06-16,18:00:00,17280488
AM1,20230617_000000.WAV,2023-06-17,00:00:00,17280488
AM1,20230617_040000.WAV,2023-06-17,04:00:00,17280488
AM1,20230617_140000.WAV,2023-06-17,14:00:00,17280488
AM1,20230617_180000.WAV,2023-06-17,18:00:00,17280488
AM1,20230618_000000.WAV,2023-06-18,00:00:00,17280488
AM1,20230618_040000.WAV,2023-06-18,04:00:00,17280488
AM1,20230618_140000.WAV,2023-06-18,14:00:00,17280488
AM1,20230618_180000.WAV,2023-06-18,18:00:00,17280488
AM1,20230619_000000.WAV,2023-06-19,00:00:00,17280488
AM1,20230619_040000.WAV,2023-06-19,04:00:00,17280488
AM1,20230619_140000.WAV,2023-06-19,14:00:00,17280488
AM1,20230619_180000.WAV,2023-06-19,18:00:00,17280488
AM1,20230620_000000.WAV,2023-06-20,00:00:00,17280488
AM1,20230620_040000.WAV,2023-06-20,04:00:00,17280488
AM1,20230620_140000.WAV,2023-06-20,14:00:00,17280488
AM1,20230620_180000.WAV,2023-06-20,18:00:00,17280488
AM1,20230621_000000.WAV,2023-06-21,00:00:00,17280488
AM1,20230621_040000.WAV,2023-06-21,04:00:00,17280488
AM1,20230621_140000.WAV,2023-06-21,14:00:00,17280488
AM1,20230621_180000.WAV,2023-06-21,18:00:00,17280488
AM1,20230622_000000.WAV,2023-06-22,00:00:00,17280488
AM1,20230622_040000.WAV,2023-06-22,04:00:00,17280488
AM1,20230622_140000.WAV,2023-06-22,14:00:00,17280488
AM1,20230622_180000.WAV,2023-06-22,18:00:00,17280488
AM1,20230623_000000.WAV,2023-06-23,00:00:00,17280488
AM1,20230623_040000.WAV,2023-06-23,04:00:00,17280488
AM1,20230623_140000.WAV,2023-06-23,14:00:00,17280488
AM1,20230623_180000.WAV,2023-06-23,18:00:00,17280488
AM1,20230624_000000.WAV,2023-06-24,00:00:00,17280488
AM1,20230624_040000.WAV,2023-06-24,04:00:00,17280488
AM1,20230624_140000.WAV,2023-06-24,14:00:00,17280488
AM1,20230624_180000.WAV,2023-06-24,18:00:00,17280488
AM1,20230625_000000.WAV,2023-06-25,00:00:00,17280488
AM1,20230625_040000.WAV,2023-06-25,04:00:00,17280488
AM1,20230625_140000.WAV,2023-06-25,14:00:00,17280488
AM1,20230625_180000.WAV,2023-06-25,18:00:00,17280488
AM1,20230626_000000.WAV,2023-06-26,00:00:00,17280488
AM1,20230626_040000.WAV,2023-06-26,04:00:00,17280488
AM1,20230626_140000.WAV,2023-06-26,14:00:00,17280488
AM1,20230626_180000.WAV,2023-06-26,18:00:00,17280488
AM1,20230627_000000.WAV,2023-06-27,00:00:00,17280488
AM1,20230627_040000.WAV,2023-06-27,04:00:00,17280488
AM1,20230627_140000.WAV,2023-06-27,14:00:00,17280488
AM1,20230627_180000.WAV,2023-06-27,18:00:00,17280488
AM1,20230628_000000.WAV,2023-06-28,00:00:00,17280488
AM1,20230628_040000.WAV,2023-06-28,04:00:00,17280488
AM1,20230628_140000.WAV,2023-06-28,14:00:00,17280488
AM1,20230628_180000.WAV,2023-06-28,18:00:00,17280488
AM1,20230629_000000.WAV,2023-06-29,00:00:00,17280488
AM1,20230629_040000.WAV,2023-06-29,04:00:00,17280488
AM1,20230629_140000.WAV,2023-06-29,14:00:00,17280488
AM1,20230629_180000.WAV,2023-06-29,18:00:00,17280488
AM1,20230630_000000.WAV,2023-06-30,00:00:00,17280488
AM1,20230630_040000.WAV,2023-06-30,04:00:00,17280488
AM1,20230630_140000.WAV,2023-06-30,14:00:00,17280488
AM1,20230630_180000.WAV,2023-06-30,18:00:00,17280488
AM1,20230701_000000.WAV,2023-07-01,00:00:00,17280488
AM1,20230701_040000.WAV,2023-07-01,04:00:00,17280488
AM1,20230701_140000.WAV,2023-07-01,14:00:00,17280488
AM1,20230701_180000.WAV,2023-07-01,18:00:00,17280488
AM1,20230702_000000.WAV,2023-07-02,00:00:00,17280488
AM1,20230702_040000.WAV,2023-07-02,04:00:00,17280488
AM1,20230702_140000.WAV,2023-07-02,14:00:00,17280488
AM1,20230702_180000.WAV,2023-07-02,18:00:00,17280488
AM1,20230703_000000.WAV,2023-07-03,00:00:00,17280488
AM1,20230703_040000.WAV,2023-07-03,04:00:00,17280488
AM1,20230703_140000.WAV,2023-07-03,14:00:00,17280488
AM1,20230703_180000.WAV,2023-07-03,18:00:00,17280488
AM1,20230704_000000.WAV,2023-07-04,00:00:00,17280488
AM1,20230704_040000.WAV,2023-07-04,04:00:00,17280488
AM1,20230704_140000.WAV,2023-07-04,14:00:00,17280488
AM1,20230704_180000.WAV,2023-07-04,18:00:00,17280488
AM1,20230705_000000.WAV,2023-07-05,00:00:00,17280488
AM1,20230705_040000.WAV,2023-07-05,04:00:00,17280488
AM1,20230705_140000.WAV,2023-07-05,14:00:00,17280488
AM1,20230705_180000.WAV,2023-07-05,18:00:00,17280488
AM1,20230706_000000.WAV,2023-07-06,00:00:00,17280488
AM1,20230706_040000.WAV,2023-07-06,04:00:00,17280488
AM1,20230706_140000.WAV,2023-07-06,14:00:00,17280488
AM1,20230706_180000.WAV,2023-07-06,18:00:00,17280488
AM1,20230707_000000.WAV,2023-07-07,00:00:00,17280488
AM1,20230707_040000.WAV,2023-07-07,04:00:00,17280488
AM1,20230707_140000.WAV,2023-07-07,14:00:00,17280488
AM1,20230707_180000.WAV,2023-07-07,18:00:00,17280488
AM1,20230708_000000.WAV,2023-07-08,00:00:00,17280488
AM1,20230708_040000.WAV,2023-07-08,04:00:00,17280488
AM1,20230708_140000.WAV,2023-07-08,14:00:00,17280488
AM1,20230708_180000.WAV,2023-07-08,18:00:00,17280488
AM1,20230709_000000.WAV,2023-07-09,00:00:00,17280488
AM1,20230709_040000.WAV,2023-07-09,04:00:00,17280488
AM1,20230709_140000.WAV,2023-07-09,14:00:00,17280488
AM1,20230709_180000.WAV,2023-07-09,18:00:00,17280488
AM1,20230710_000000.WAV,2023-07-10,00:00:00,17280488
AM1,20230710_040000.WAV,2023-07-10,04:00:00,17280488
AM1,20230710_140000.WAV,2023-07-10,14:00:00,17280488
AM1,20230710_180000.WAV,2023-07-10,18:00:00,17280488
AM1,20230711_000000.WAV,2023-07-11,00:00:00,17280488
AM1,20230711_040000.WAV,2023-07-11,04:00:00,17280488
AM1,20230711_140000.WAV,2023-07-11,14:00:00,17280488
AM1,20230711_180000.WAV,2023-07-11,18:00:00,17280488
AM1,20230712_000000.WAV,2023-07-12,00:00:00,17280488
AM1,20230712_040000.WAV,2023-07-12,04:00:00,17280488
AM1,20230712_140000.WAV,2023-07-12,14:00:00,17280488
AM1,20230712_180000.WAV,2023-07-12,18:00:00,17280488
AM1,20230713_000000.WAV,2023-07-13,00:00:00,17280488
AM1,20230713_040000.WAV,2023-07-13,04:00:00,17280488
AM1,20230713_140000.WAV,2023-07-13,14:00:00,17280488
AM1,20230713_180000.WAV,2023-07-13,18:00:00,17280488
AM1,20230714_000000.WAV,2023-07-14,00:00:00,17280488
AM1,20230714_040000.WAV,2023-07-14,04:00:00,17280488
AM1,20230714_140000.WAV,2023-07-14,14:00:00,17280488
AM1,20230714_180000.WAV,2023-07-14,18:00:00,17280488
AM1,20230715_000000.WAV,2023-07-15,00:00:00,17280488
AM1,20230715_040000.WAV,2023-07-15,04:00:00,17280488
AM1,20230715_140000.WAV,2023-07-15,14:00:00,17280488
AM1,20230715_180000.WAV,2023-07-15,18:00:00,17280488
AM1,20230716_000000.WAV,2023-07-16,00:00:00,17280488
AM1,20230716_040000.WAV,2023-07-16,04:00:00,17280488
AM1,20230716_140000.WAV,2023-07-16,14:00:00,17280488
AM1,20230716_180000.WAV,2023-07-16,18:00:00,17280488
AM1,20230717_000000.WAV,2023-07-17,00:00:00,17280488
AM1,20230717_040000.WAV,2023-07-17,04:00:00,17280488
AM1,20230717_140000.WAV,2023-07-17,14:00:00,17280488
AM1,20230717_180000.WAV,2023-07-17,18:00:00,17280488
AM1,20230718_000000.WAV,2023-07-18,00:00:00,17280488
AM1,20230718_040000.WAV,2023-07-18,04:00:00,17280488
AM1,20230718_140000.WAV,2023-07-18,14:00:00,17280488
AM1,20230718_180000.WAV,2023-07-18,18:00:00,17280488
AM1,20230719_000000.WAV,2023-07-19,00:00:00,17280488
AM1,20230719_040000.WAV,2023-07-19,04:00:00,17280488
AM1,20230719_140000.WAV,2023-07-19,14:00:00,17280488
AM1,20230719_180000.WAV,2023-07-19,18:00:00,17280488
AM1,20230720_000000.WAV,2023-07-20,00:00:00,17280488
AM1,20230720_040000.WAV,2023-07-20,04:00:00,17280488
AM1,20230720_140000.WAV,2023-07-20,14:00:00,17280488
AM1,20230720_180000.WAV,2023-07-20,18:00:00,17280488
AM1,20230721_000000.WAV,2023-07-21,00:00:00,17280488
AM1,20230721_040000.WAV,2023-07-21,04:00:00,17280488
AM1,20230721_140000.WAV,2023-07-21,14:00:00,17280488
AM1,20230721_180000.WAV,2023-07-21,18:00:00,17280488
AM1,20230722_000000.WAV,2023-07-22,00:00:00,17280488
AM1,20230722_040000.WAV,2023-07-22,04:00:00,17280488
AM1,20230722_140000.WAV,2023-07-22,14:00:00,17280488
AM1,20230722_180000.WAV,2023-07-22,18:00:00,17280488
AM1,20230723_000000.WAV,2023-07-23,00:00:00,17280488
AM1,20230723_040000.WAV,2023-07-23,04:00:00,17280488
AM1,20230723_140000.WAV,2023-07-23,14:00:00,17280488
AM1,20230723_180000.WAV,2023-07-23,18:00:00,17280488
AM1,20230724_000000.WAV,2023-07-24,00:00:00,17280488
AM1,20230724_040000.WAV,2023-07-24,04:00:00,17280488
AM1,20230724_140000.WAV,2023-07-24,14:00:00,17280488
AM1,20230724_180000.WAV,2023-07-24,18:00:00,17280488
AM1,20230725_000000.WAV,2023-07-25,00:00:00,17280488
AM1,20230725_040000.WAV,2023-07-25,04:00:00,17280488
AM1,20230725_140000.WAV,2023-07-25,14:00:00,17280488
AM1,20230725_180000.WAV,2023-07-25,18:00:00,17280488
AM1,20230726_000000.WAV,2023-07-26,00:00:00,17280488
AM1,20230726_040000.WAV,2023-07-26,04:00:00,17280488
AM1,20230726_140000.WAV,2023-07-26,14:00:00,17280488
AM1,20230726_180000.WAV,2023-07-26,18:00:00,17280488
AM1,20230727_000000.WAV,2023-07-27,00:00:00,17280488
AM1,20230727_040000.WAV,2023-07-27,04:00:00,17280488
AM1,20230727_140000.WAV,2023-07-27,14:00:00,17280488
AM1,20230727_180000.WAV,2023-07-27,18:00:00,17280488
AM1,20230728_000000.WAV,2023-07-28,00:00:00,17280488
AM1,20230728_040000.WAV,2023-07-28,04:00:00,17280488
AM1,20230728_140000.WAV,2023-07-28,14:00:00,17280488
AM1,20230728_180000.WAV,2023-07-28,18:00:00,17280488
AM1,20230729_000000.WAV,2023-07-29,00:00:00,17280488
AM1,20230729_040000.WAV,2023-07-29,04:00:00,17280488
AM1,20230729_140000.WAV,2023-07-29,14:00:00,17280488
AM1,20230729_180000.WAV,2023-07-29,18:00:00,17280488
AM1,20230730_000000.WAV,2023-07-30,00:00:00,17280488
AM1,20230730_040000.WAV,2023-07-30,04:00:00,17280488
AM1,20230730_140000.WAV,2023-07-30,14:00:00,17280488
AM1,20230730_180000.WAV,2023-07-30,18:00:00,17280488
AM1,20230731_000000.WAV,2023-07-31,00:00:00,17280488
AM1,20230731_040000.WAV,2023-07-31,04:00:00,17280488
AM1,20230731_140000.WAV,2023-07-31,14:00:00,17280488
AM1,20230731_180000.WAV,2023-07-31,18:00:00,17280488
AM1,20230801_000000.WAV,2023-08-01,00:00:00,17280488
AM1,20230801_040000.WAV,2023-08-01,04:00:00,17280488
AM1,20230801_140000.WAV,2023-08-01,14:00:00,17280488
AM1,20230801_180000.WAV,2023-08-01,18:00:00,17280488
AM1,20230802_000000.WAV,2023-08-02,00:00:00,17280488
AM1,20230802_040000.WAV,2023-08-02,04:00:00,17280488
AM1,20230802_140000.WAV,2023-08-02,14:00:00,17280488
AM1,20230802_180000.WAV,2023-08-02,18:00:00,17280488
AM1,20230803_000000.WAV,2023-08-03,00:00:00,17280488
AM1,20230803_040000.WAV,2023-08-03,04:00:00,17280488
AM1,20230803_140000.WAV,2023-08-03,14:00:00,17280488
AM1,20230803_180000.WAV,2023-08-03,18:00:00,17280488
AM1,20230804_000000.WAV,2023-08-04,00:00:00,17280488
AM1,20230804_040000.WAV,2023-08-04,04:00:00,17280488
AM1,20230804_140000.WAV,2023-08-04,14:00:00,17280488
AM1,20230804_180000.WAV,2023-08-04,18:00:00,17280488
AM1,20230805_000000.WAV,2023-08-05,00:00:00,17280488
AM1,20230805_040000.WAV,2023-08-05,04:00:00,17280488
AM1,20230805_140000.WAV,2023-08-05,14:00:00,17280488
AM1,20230805_180000.WAV,2023-08-05,18:00:00,17280488
AM1,20230806_000000.WAV,2023-08-06,00:00:00,17280488
AM1,20230806_040000.WAV,2023-08-06,04:00:00,17280488
AM1,20230806_140000.WAV,2023-08-06,14:00:00,17280488
AM1,20230806_180000.WAV,2023-08-06,18:00:00,17280488
AM1,20230807_000000.WAV,2023-08-07,00:00:00,17280488
AM1,20230807_040000.WAV,2023-08-07,04:00:00,17280488
AM1,20230807_140000.WAV,2023-08-07,14:00:00,17280488
AM1,20230807_180000.WAV,2023-08-07,18:00:00,17280488
AM1,20230808_000000.WAV,2023-08-08,00:00:00,17280488
AM1,20230808_040000.WAV,2023-08-08,04:00:00,17280488
AM1,20230808_140000.WAV,2023-08-08,14:00:00,17280488
AM1,20230808_180000.WAV,2023-08-08,18:00:00,17280488
AM1,20230809_000000.WAV,2023-08-09,00:00:00,17280488
AM1,20230809_040000.WAV,2023-08-09,04:00:00,17280488
AM1,20230809_140000.WAV,2023-08-09,14:00:00,17280488
AM1,20230809_180000.WAV,2023-08-09,18:00:00,17280488
AM1,20230810_000000.WAV,2023-08-10,00:00:00,17280488
AM1,20230810_040000.WAV,2023-08-10,04:00:00,17280488
AM1,20230810_140000.WAV,2023-08-10,14:00:00,17280488
AM1,20230810_180000.WAV,2023-08-10,18:00:00,17280488
AM1,20230811_000000.WAV,2023-08-11,00:00:00,17280488
AM1,20230811_040000.WAV,2023-08-11,04:00:00,17280488
AM1,20230811_140000.WAV,2023-08-11,14:00:00,17280488
AM1,20230811_180000.WAV,2023-08-11,18:00:00,17280488
AM1,20230812_000000.WAV,2023-08-12,00:00:00,17280488
AM1,20230812_040000.WAV,2023-08-12,04:00:00,17280488
AM1,20230812_140000.WAV,2023-08-12,14:00:00,17280488
AM1,20230812_180000.WAV,2023-08-12,18:00:00,17280488
AM1,20230813_000000.WAV,2023-08-13,00:00:00,17280488
AM1,20230813_040000.WAV,2023-08-13,04:00:00,17280488
AM1,20230813_140000.WAV,2023-08-13,14:00:00,17280488
AM1,20230813_180000.WAV,2023-08-13,18:00:00,17280488
AM1,20230814_000000.WAV,2023-08-14,00:00:00,17280488
AM1,20230814_040000.WAV,2023-08-14,04:00:00,17280488
AM1,20230814_140000.WAV,2023-08-14,14:00:00,17280488
AM1,20230814_180000.WAV,2023-08-14,18:00:00,17280488
AM1,20230815_000000.WAV,2023-08-15,00:00:00,17280488
AM1,20230815_040000.WAV,2023-08-15,04:00:00,17280488
AM1,20230815_140000.WAV,2023-08-15,14:00:00,17280488
AM1,20230815_180000.WAV,2023-08-15,18:00:00,17280488
AM1,20230816_000000.WAV,2023-08-16,00:00:00,17280488
AM1,20230816_040000.WAV,2023-08-16,04:00:00,17280488
AM1,20230816_140000.WAV,2023-08-16,14:00:00,17280488
AM1,20230816_180000.WAV,2023-08-16,18:00:00,17280488
AM1,20230817_000000.WAV,2023-08-17,00:00:00,17280488
AM1,20230817_040000.WAV,2023-08-17,04:00:00,17280488
AM1,20230817_140000.WAV,2023-08-17,14:00:00,17280488
AM1,20230817_180000.WAV,2023-08-17,18:00:00,17280488
AM1,20230818_000000.WAV,2023-08-18,00:00:00,17280488
AM1,20230818_040000.WAV,2023-08-18,04:00:00,17280488
AM1,20230818_140000.WAV,2023-08-18,14:00:00,17280488
AM1,20230818_180000.WAV,2023-08-18,18:00:00,17280488
AM1,20230819_000000.WAV,2023-08-19,00:00:00,17280488
AM1,20230819_040000.WAV,2023-08-19,04:00:00,17280488
AM1,20230819_140000.WAV,2023-08-19,14:00:00,17280488
AM1,20230819_180000.WAV,2023-08-19,18:00:00,17280488
AM1,20230820_000000.WAV,2023-08-20,00:00:00,17280488
AM1,20230820_040000.WAV,2023-08-20,04:00:00,17280488
AM1,20230820_140000.WAV,2023-08-20,14:00:00,17280488
AM1,20230820_180000.WAV,2023-08-20,18:00:00,17280488
AM1,20230821_000000.WAV,2023-08-21,00:00:00,17280488
AM1,20230821_040000.WAV,2023-08-21,04:00:00,17280488
AM1,20230821_140000.WAV,2023-08-21,14:00:00,17280488
AM1,20230821_180000.WAV,2023-08-21,18:00:00,17280488
AM1,20230822_000000.WAV,2023-08-22,00:00:00,17280488
AM1,20230822_040000.WAV,2023-08-22,04:00:00,17280488
AM1,20230822_140000.WAV,2023-08-22,14:00:00,17280488
AM1,20230822_180000.WAV,2023-08-22,18:00:00,17280488
AM1,20230823_000000.WAV,2023-08-23,00:00:00,17280488
AM1,20230823_040000.WAV,2023-08-23,04:00:00,17280488
AM1,20230823_140000.WAV,2023-08-23,14:00:00,17280488
AM1,20230823_180000.WAV,2023-08-23,18:00:00,17280488
AM1,20230824_000000.WAV,2023-08-24,00:00:00,17280488
AM1,20230824_040000.WAV,2023-08-24,04:00:00,17280488
AM1,20230824_140000.WAV,2023-08-24,14:00:00,17280488
AM1,20230824_180000.WAV,2023-08-24,18:00:00,17280488
AM1,20230825_000000.WAV,2023-08-25,00:00:00,17280488
AM1,20230825_040000.WAV,2023-08-25,04:00:00,17280488
AM1,20230825_140000.WAV,2023-08-25,14:00:00,17280488
AM1,20230825_180000.WAV,2023-08-25,18:00:00,17280488
AM1,20230826_000000.WAV,2023-08-26,00:00:00,17280488
AM1,20230826_040000.WAV,2023-08-26,04:00:00,17280488
AM1,20230826_140000.WAV,2023-08-26,14:00:00,17280488
AM1,20230826_180000.WAV,2023-08-26,18:00:00,17280488
AM1,20230827_000000.WAV,2023-08-27,00:00:00,17280488
AM1,20230827_040000.WAV,2023-08-27,04:00:00,17280488
AM1,20230827_140000.WAV,2023-08-27,14:00:00,17280488
AM1,20230827_180000.WAV,2023-08-27,18:00:00,17280488
AM1,20230828_000000.WAV,2023-08-28,00:00:00,17280488
AM1,20230828_040000.WAV,2023-08-28,04:00:00,17280488
AM1,20230828_140000.WAV,2023-08-28,14:00:00,17280488
AM1,20230828_180000.WAV,2023-08-28,18:00:00,17280488
AM1,20230829_000000.WAV,2023-08-29,00:00:00,17280488
AM1,20230829_040000.WAV,2023-08-29,04:00:00,17280488
AM1,20230829_140000.WAV,2023-08-29,14:00:00,17280488
AM1,20230829_180000.WAV,2023-08-29,18:00:00,17280488
AM1,20230830_000000.WAV,2023-08-30,00:00:00,17280488
AM1,20230830_040000.WAV,2023-08-30,04:00:00,17280488
AM1,20230830_140000.WAV,2023-08-30,14:00:00,17280488
AM1,20230830_180000.WAV,2023-08-30,18:00:00,17280488
AM1,20230831_000000.WAV,2023-08-31,00:00:00,17280488
AM1,20230831_040000.WAV,2023-08-31,04:00:00,17280488
AM1,20230831_140000.WAV,2023-08-31,14:00:00,17280488
AM1,20230831_180000.WAV,2023-08-31,18:00:00,17280488
AM1,20230901_000000.WAV,2023-09-01,00:00:00,17280488
AM1,20230901_040000.WAV,2023-09-01,04:00:00,17280488
AM1,20230901_140000.WAV,2023-09-01,14:00:00,17280488
AM1,20230901_180000.WAV,2023-09-01,18:00:00,17280488
AM1,20230902_000000.WAV,2023-09-02,00:00:00,17280488
AM1,20230902_040000.WAV,2023-09-02,04:00:00,17280488
AM1,20230902_140000.WAV,2023-09-02,14:00:00,17280488
AM1,20230902_180000.WAV,2023-09-02,18:00:00,17280488
AM1,20230903_000000.WAV,2023-09-03,00:00:00,17280488
AM1,20230903_040000.WAV,2023-09-03,04:00:00,17280488
AM1,20230903_140000.WAV,2023-09-03,14:00:00,17280488
AM1,20230903_180000.WAV,2023-09-03,18:00:00,17280488
AM1,20230904_000000.WAV,2023-09-04,00:00:00,17280488
AM1,20230904_040000.WAV,2023-09-04,04:00:00,17280488
AM1,20230904_140000.WAV,2023-09-04,14:00:00,17280488
AM1,20230904_180000.WAV,2023-09-04,18:00:00,17280488
AM1,20230905_000000.WAV,2023-09-05,00:00:00,17280488
AM1,20230905_040000.WAV,2023-09-05,04:00:00,17280488
AM1,20230905_140000.WAV,2023-09-05,14:00:00,17280488
AM1,20230905_180000.WAV,2023-09-05,18:00:00,17280488
AM1,20230906_000000.WAV,2023-09-06,00:00:00,17280488
AM1,20230906_040000.WAV,2023-09-06,04:00:00,17280488
AM1,20230906_140000.WAV,2023-09-06,14:00:00,17280488
AM1,20230906_180000.WAV,2023-09-06,18:00:00,17280488
AM1,20230907_000000.WAV,2023-09-07,00:00:00,17280488
AM1,20230907_040000.WAV,2023-09-07,04:00:00,17280488
AM1,20230907_140000.WAV,2023-09-07,14:00:00,17280488
AM1,20230907_180000.WAV,2023-09-07,18:00:00,17280488
AM1,20230908_000000.WAV,2023-09-08,00:00:00,17280488
AM1,20230908_040000.WAV,2023-09-08,04:00:00,17280488
AM1,20230908_140000.WAV,2023-09-08,14:00:00,17280488
AM1,20230908_180000.WAV,2023-09-08,18:00:00,17280488
AM1,20230909_000000.WAV,2023-09-09,00:00:00,17280488
AM1,20230909_040000.WAV,2023-09-09,04:00:00,17280488
AM1,20230909_140000.WAV,2023-09-09,14:00:00,17280488
AM1,20230909_180000.WAV,2023-09-09,18:00:00,17280488
AM1,20230910_000000.WAV,2023-09-10,00:00:00,17280488
AM1,20230910_040000.WAV,2023-09-10,04:00:00,17280488
AM1,20230910_140000.WAV,2023-09-10,14:00:00,17280488
AM1,20230910_180000.WAV,2023-09-10,18:00:00,17280488
AM1,20230911_000000.WAV,2023-09-11,00:00:00,17280488
AM1,20230911_040000.WAV,2023-09-11,04:00:00,17280488
AM1,20230911_140000.WAV,2023-09-11,14:00:00,17280488
AM1,20230911_180000.WAV,2023-09-11,18:00:00,17280488
AM1,20230912_000000.WAV,2023-09-12,00:00:00,17280488
AM1,20230912_040000.WAV,2023-09-12,04:00:00,17280488
AM1,20230912_140000.WAV,2023-09-12,14:00:00,17280488
AM1,20230912_180000.WAV,2023-09-12,18:00:00,17280488
AM1,20230913_000000.WAV,2023-09-13,00:00:00,17280488
AM1,20230913_040000.WAV,2023-09-13,04:00:00,17280488
AM1,20230913_140000.WAV,2023-09-13,14:00:00,17280488
AM1,20230913_180000.WAV,2023-09-13,18:00:00,17280488
AM1,20230914_000000.WAV,2023-09-14,00:00:00,17280488
AM1,20230914_040000.WAV,2023-09-14,04:00:00,17280488
AM1,20230914_140000.WAV,2023-09-14,14:00:00,17280488
AM1,20230914_180000.WAV,2023-09-14,18:00:00,17280488
AM1,20230915_000000.WAV,2023-09-15,00:00:00,17280488
AM1,20230915_040000.WAV,2023-09-15,04:00:00,17280488
AM1,20230915_140000.WAV,2023-09-15,14:00:00,17280488
AM1,20230915_180000.WAV,2023-09-15,18:00:00,17280488
AM1,20230916_000000.WAV,2023-09-16,00:00:00,17280488
AM1,20230916_040000.WAV,2023-09-16,04:00:00,17280488
AM1,20230916_140000.WAV,2023-09-16,14:00:00,17280488
AM1,20230916_180000.WAV,2023-09-16,18:00:00,17280488
AM1,20230917_000000.WAV,2023-09-17,00:00:00,17280488
AM1,20230917_040000.WAV,2023-09-17,04:00:00,17280488
AM1,20230917_140000.WAV,2023-09-17,14:00:00,17280488
AM1,20230917_180000.WAV,2023-09-17,18:00:00,17280488
AM1,20230918_000000.WAV,2023-09-18,00:00:00,17280488
AM1,20230918_040000.WAV,2023-09-18,04:00:00,17280488
AM1,20230918_140000.WAV,2023-09-18,14:00:00,17280488
AM1,20230918_180000.WAV,2023-09-18,18:00:00,17280488
AM1,20230919_000000.WAV,2023-09-19,00:00:00,17280488
AM1,20230919_040000.WAV,2023-09-19,04:00:00,17280488
AM1,20230919_140000.WAV,2023-09-19,14:00:00,17280488
AM1,20230919_180000.WAV,2023-09-19,18:00:00,17280488
AM1,20230920_000000.WAV,2023-09-20,00:00:00,17280488
AM1,20230920_040000.WAV,2023-09-20,04:00:00,17280488
AM1,20230920_140000.WAV,2023-09-20,14:00:00,17280488
AM1,20230920_180000.WAV,2023-09-20,18:00:00,17280488
AM1,20230921_000000.WAV,2023-09-21,00:00:00,17280488
AM1,20230921_040000.WAV,2023-09-21,04:00:00,17280488
AM1,20230921_140000.WAV,2023-09-21,14:00:00,17280488
AM1,20230921_180000.WAV,2023-09-21,18:00:00,17280488
AM1,20230922_000000.WAV,2023-09-22,00:00:00,17280488
AM1,20230922_040000.WAV,2023-09-22,04:00:00,17280488
AM1,20230922_140000.WAV,2023-09-22,14:00:00,17280488
AM1,20230922_180000.WAV,2023-09-22,18:00:00,17280488
AM1,20230923_000000.WAV,2023-09-23,00:00:00,17280488
AM1,20230923_040000.WAV,2023-09-23,04:00:00,17280488
AM1,20230923_140000.WAV,2023-09-23,14:00:00,17280488
AM1,20230923_180000.WAV,2023-09-23,18:00:00,17280488
AM1,20230924_000000.WAV,2023-09-24,00:00:00,17280488
AM1,20230924_040000.WAV,2023-09-24,04:00:00,17280488
AM1,20230924_140000.WAV,2023-09-24,14:00:00,17280488
AM1,20230924_180000.WAV,2023-09-24,18:00:00,17280488
AM1,20230925_000000.WAV,2023-09-25,00:00:00,17280488
AM1,20230925_040000.WAV,2023-09-25,04:00:00,17280488
AM1,20230925_140000.WAV,2023-09-25,14:00:00,17280488
AM1,20230925_180000.WAV,2023-09-25,18:00:00,17280488
AM1,20230926_000000.WAV,2023-09-26,00:00:00,17280488
AM1,20230926_040000.WAV,2023-09-26,04:00:00,17280488
AM1,20230926_140000.WAV,2023-09-26,14:00:00,17280488
AM1,20230926_180000.WAV,2023-09-26,18:00:00,17280488
AM1,20230927_000000.WAV,2023-09-27,00:00:00,17280488
AM1,20230927_040000.WAV,2023-09-27,04:00:00,17280488
AM1,20230927_140000.WAV,2023-09-27,14:00:00,17280488
AM1,20230927_180000.WAV,2023-09-27,18:00:00,17280488
AM1,20230928_000000.WAV,2023-09-28,00:00:00,17280488
AM1,20230928_040000.WAV,2023-09-28,04:00:00,17280488
AM1,20230928_140000.WAV,2023-09-28,14:00:00,17280488
AM1,20230928_180000.WAV,2023-09-28,18:00:00,17280488
AM1,20230929_000000.WAV,2023-09-29,00:00:00,17280488
AM2,20230331_000000.WAV,2023-03-31,00:00:00,17280488
AM2,20230331_040000.WAV,2023-03-31,04:00:00,17280488
AM2,20230331_140000.WAV,2023-03-31,14:00:00,17280488
AM2,20230331_180000.WAV,2023-03-31,18:00:00,17280488
AM2,20230401_000000.WAV,2023-04-01,00:00:00,17280488
AM2,20230401_040000.WAV,2023-04-01,04:00:00,17280488
AM2,20230401_140000.WAV,2023-04-01,14:00:00,17280488
AM2,20230401_180000.WAV,2023-04-01,18:00:00,17280488
AM2,20230402_000000.WAV,2023-04-02,00:00:00,17280488
AM2,20230402_040000.WAV,2023-04-02,04:00:00,17280488
AM2,20230402_140000.WAV,2023-04-02,14:00:00,17280488
AM2,20230402_180000.WAV,2023-04-02,18:00:00,17280488
AM2,20230403_000000.WAV,2023-04-03,00:00:00,17280488
AM2,20230403_040000.WAV,2023-04-03,04:00:00,17280488
AM2,20230403_140000.WAV,2023-04-03,14:00:00,17280488
AM2,20230403_180000.WAV,2023-04-03,18:00:00,17280488
AM2,20230404_000000.WAV,2023-04-04,00:00:00,17280488
AM2,20230404_040000.WAV,2023-04-04,04:00:00,17280488
AM2,20230404_140000.WAV,2023-04-04,14:00:00,17280488
AM2,20230404_180000.WAV,2023-04-04,18:00:00,17280488
AM2,20230405_000000.WAV,2023-04-05,00:00:00,17280488
AM2,20230405_040000.WAV,2023-04-05,04:00:00,17280488
AM2,20230405_140000.WAV,2023-04-05,14:00:00,17280488
AM2,20230405_180000.WAV,2023-04-05,18:00:00,17280488
AM2,20230406_000000.WAV,2023-04-06,00:00:00,17280488
AM2,20230406_040000.WAV,2023-04-06,04:00:00,17280488
AM2,20230406_140000.WAV,2023-04-06,14:00:00,17280488
AM2,20230406_180000.WAV,2023-04-06,18:00:00,17280488
AM2,20230407_000000.WAV,2023-04-07,00:00:00,17280488
AM2,20230407_040000.WAV,2023-04-07,04:00:00,17280488
AM2,20230407_140000.WAV,2023-04-07,14:00:00,17280488
AM2,20230407_180000.WAV,2023-04-07,18:00:00,17280488
AM2,20230408_000000.WAV,2023-04-08,00:00:00,17280488
AM2,20230408_040000.WAV,2023-04-08,04:00:00,17280488
AM2,20230408_140000.WAV,2023-04-08,14:00:00,17280488
AM2,20230408_180000.WAV,2023-04-08,18:00:00,17280488
AM2,20230409_000000.WAV,2023-04-09,00:00:00,17280488
AM2,20230409_040000.WAV,2023-04-09,04:00:00,17280488
AM2,20230409_140000.WAV,2023-04-09,14:00:00,17280488
AM2,20230409_180000.WAV,2023-04-09,18:00:00,17280488
AM2,20230410_000000.WAV,2023-04-10,00:00:00,17280488
AM2,20230410_040000.WAV,2023-04-10,04:00:00,17280488
AM2,20230410_140000.WAV,2023-04-10,14:00:00,17280488
AM2,20230410_180000.WAV,2023-04-10,18:00:00,17280488
AM2,20230411_000000.WAV,2023-04-11,00:00:00,17280488
AM2,20230411_040000.WAV,2023-04-11,04:00:00,17280488
AM2,20230411_140000.WAV,2023-04-11,14:00:00,17280488
AM2,20230411_180000.WAV,2023-04-11,18:00:00,17280488
AM2,20230412_000000.WAV,2023-04-12,00:00:00,17280488
AM2,20230412_040000.WAV,2023-04-12,04:00:00,17280488
AM2,20230412_140000.WAV,2023-04-12,14:00:00,17280488
AM2,20230412_180000.WAV,2023-04-12,18:00:00,17280488
AM2,20230413_000000.WAV,2023-04-13,00:00:00,17280488
AM2,20230413_040000.WAV,2023-04-13,04:00:00,17280488
AM2,20230413_140000.WAV,2023-04-13,14:00:00,17280488
AM2,20230413_180000.WAV,2023-04-13,18:00:00,17280488
AM2,20230414_000000.WAV,2023-04-14,00:00:00,17280488
AM2,20230414_040000.WAV,2023-04-14,04:00:00,17280488
AM2,20230414_140000.WAV,2023-04-14,14:00:00,17280488
AM2,20230414_180000.WAV,2023-04-14,18:00:00,17280488
AM2,20230415_000000.WAV,2023-04-15,00:00:00,17280488
AM2,20230415_040000.WAV,2023-04-15,04:00:00,17280488
AM2,20230415_140000.WAV,2023-04-15,14:00:00,17280488
AM2,20230415_180000.WAV,2023-04-15,18:00:00,17280488
AM2,20230416_000000.WAV,2023-04-16,00:00:00,17280488
AM2,20230416_040000.WAV,2023-04-16,04:00:00,17280488
AM2,20230416_140000.WAV,2023-04-16,14:00:00,17280488
AM2,20230416_180000.WAV,2023-04-16,18:00:00,17280488
AM2,20230417_000000.WAV,2023-04-17,00:00:00,17280488
AM2,20230417_040000.WAV,2023-04-17,04:00:00,17280488
AM2,20230417_140000.WAV,2023-04-17,14:00:00,17280488
AM2,20230417_180000.WAV,2023-04-17,18:00:00,17280488
AM2,20230418_000000.WAV,2023-04-18,00:00:00,17280488
AM2,20230418_040000.WAV,2023-04-18,04:00:00,17280488
AM2,20230418_140000.WAV,2023-04-18,14:00:00,17280488
AM2,20230418_180000.WAV,2023-04-18,18:00:00,17280488
AM2,20230419_000000.WAV,2023-04-19,00:00:00,17280488
AM2,20230419_040000.WAV,2023-04-19,04:00:00,17280488
AM2,20230419_140000.WAV,2023-04-19,14:00:00,17280488
AM2,20230419_180000.WAV,2023-04-19,18:00:00,17280488
AM2,20230420_000000.WAV,2023-04-20,00:00:00,17280488
AM2,20230420_040000.WAV,2023-04-20,04:00:00,17280488
AM2,20230420_140000.WAV,2023-04-20,14:00:00,17280488
AM2,20230420_180000.WAV,2023-04-20,18:00:00,17280488
AM2,20230421_000000.WAV,2023-04-21,00:00:00,17280488
AM2,20230421_040000.WAV,2023-04-21,04:00:00,17280488
AM2,20230421_140000.WAV,2023-04-21,14:00:00,17280488
AM2,20230421_180000.WAV,2023-04-21,18:00:00,17280488
AM2,20230422_000000.WAV,2023-04-22,00:00:00,17280488
AM2,20230422_040000.WAV,2023-04-22,04:00:00,17280488
AM2,20230422_140000.WAV,2023-04-22,14:00:00,17280488
AM2,20230422_180000.WAV,2023-04-22,18:00:00,17280488
AM2,20230423_000000.WAV,2023-04-23,00:00:00,17280488
AM2,20230423_040000.WAV,2023-04-23,04:00:00,17280488
AM2,20230423_140000.WAV,2023-04-23,14:00:00,17280488
AM2,20230423_180000.WAV,2023-04-23,18:00:00,17280488
AM2,20230424_000000.WAV,2023-04-24,00:00:00,17280488
AM2,20230424_040000.WAV,2023-04-24,04:00:00,17280488
AM2,20230424_140000.WAV,2023-04-24,14:00:00,17280488
AM2,20230424_180000.WAV,2023-04-24,18:00:00,17280488
AM2,20230425_000000.WAV,2023-04-25,00:00:00,17280488
AM2,20230425_040000.WAV,2023-04-25,04:00:00,17280488
AM2,20230425_140000.WAV,2023-04-25,14:00:00,17280488
AM2,20230425_180000.WAV,2023-04-25,18:00:00,17280488
AM2,20230426_000000.WAV,2023-04-26,00:00:00,17280488
AM2,20230426_040000.WAV,2023-04-26,04:00:00,17280488
AM2,20230426_140000.WAV,2023-04-26,14:00:00,17280488
AM2,20230426_180000.WAV,2023-04-26,18:00:00,17280488
AM2,20230427_000000.WAV,2023-04-27,00:00:00,17280488
AM2,20230427_040000.WAV,2023-04-27,04:00:00,17280488
AM2,20230427_140000.WAV,2023-04-27,14:00:00,17280488
AM2,20230427_180000.WAV,2023-04-27,18:00:00,17280488
AM2,20230428_000000.WAV,2023-04-28,00:00:00,17280488
AM2,20230428_040000.WAV,2023-04-28,04:00:00,17280488
AM2,20230428_140000.WAV,2023-04-28,14:00:00,17280488
AM2,20230428_180000.WAV,2023-04-28,18:00:00,17280488
AM2,20230429_000000.WAV,2023-04-29,00:00:00,17280488
AM2,20230429_040000.WAV,2023-04-29,04:00:00,17280488
AM2,20230429_140000.WAV,2023-04-29,14:00:00,17280488
AM2,20230429_180000.WAV,2023-04-29,18:00:00,17280488
AM2,20230430_000000.WAV,2023-04-30,00:00:00,17280488
AM2,20230430_040000.WAV,2023-04-30,04:00:00,17280488
AM2,20230430_140000.WAV,2023-04-30,14:00:00,17280488
AM2,20230430_180000.WAV,2023-04-30,18:00:00,17280488
AM2,20230501_000000.WAV,2023-05-01,00:00:00,17280488
AM2,20230501_040000.WAV,2023-05-01,04:00:00,17280488
AM2,20230501_140000.WAV,2023-05-01,14:00:00,17280488
AM2,20230501_180000.WAV,2023-05-01,18:00:00,17280488
AM2,20230502_000000.WAV,2023-05-02,00:00:00,17280488
AM2,20230502_040000.WAV,2023-05-02,04:00:00,17280488
AM2,20230502_140000.WAV,2023-05-02,14:00:00,17280488
AM2,20230502_180000.WAV,2023-05-02,18:00:00,17280488
AM2,20230503_000000.WAV,2023-05-03,00:00:00,17280488
AM2,20230503_040000.WAV,2023-05-03,04:00:00,17280488
AM2,20230503_140000.WAV,2023-05-03,14:00:00,17280488
AM2,20230503_180000.WAV,2023-05-03,18:00:00,17280488
AM2,20230504_000000.WAV,2023-05-04,00:00:00,17280488
AM2,20230504_040000.WAV,2023-05-04,04:00:00,17280488
AM2,20230504_140000.WAV,2023-05-04,14:00:00,17280488
AM2,20230504_180000.WAV,2023-05-04,18:00:00,17280488
AM2,20230505_000000.WAV,2023-05-05,00:00:00,17280488
AM2,20230505_040000.WAV,2023-05-05,04:00:00,17280488
AM2,20230505_140000.WAV,2023-05-05,14:00:00,17280488
AM2,20230505_180000.WAV,2023-05-05,18:00:00,17280488
AM2,20230506_000000.WAV,2023-05-06,00:00:00,17280488
AM2,20230506_040000.WAV,2023-05-06,04:00:00,17280488
AM2,20230506_140000.WAV,2023-05-06,14:00:00,17280488
AM2,20230506_180000.WAV,2023-05-06,18:00:00,17280488
AM2,20230507_000000.WAV,2023-05-07,00:00:00,17280488
AM2,20230507_040000.WAV,2023-05-07,04:00:00,17280488
AM2,20230507_140000.WAV,2023-05-07,14:00:00,17280488
AM2,20230507_180000.WAV,2023-05-07,18:00:00,17280488
AM2,20230508_000000.WAV,2023-05-08,00:00:00,17280488
AM2,20230508_040000.WAV,2023-05-08,04:00:00,17280488
AM2,20230508_140000.WAV,2023-05-08,14:00:00,17280488
AM2,20230508_180000.WAV,2023-05-08,18:00:00,17280488
AM2,20230509_000000.WAV,2023-05-09,00:00:00,17280488
AM2,20230509_040000.WAV,2023-05-09,04:00:00,17280488
AM2,20230509_140000.WAV,2023-05-09,14:00:00,17280488
AM2,20230509_180000.WAV,2023-05-09,18:00:00,17280488
AM2,20230510_000000.WAV,2023-05-10,00:00:00,17280488
AM2,20230510_040000.WAV,2023-05-10,04:00:00,17280488
AM2,20230510_140000.WAV,2023-05-10,14:00:00,17280488
AM2,20230510_180000.WAV,2023-05-10,18:00:00,17280488
AM2,20230511_000000.WAV,2023-05-11,00:00:00,17280488
AM2,20230511_040000.WAV,2023-05-11,04:00:00,17280488
AM2,20230511_140000.WAV,2023-05-11,14:00:00,17280488
AM2,20230511_180000.WAV,2023-05-11,18:00:00,17280488
AM2,20230512_000000.WAV,2023-05-12,00:00:00,17280488
AM2,20230512_040000.WAV,2023-05-12,04:00:00,17280488
AM2,20230512_140000.WAV,2023-05-12,14:00:00,17280488
AM2,20230512_180000.WAV,2023-05-12,18:00:00,17280488
AM2,20230513_000000.WAV,2023-05-13,00:00:00,17280488
AM2,20230513_040000.WAV,2023-05-13,04:00:00,17280488
AM2,20230513_140000.WAV,2023-05-13,14:00:00,17280488
AM2,20230513_180000.WAV,2023-05-13,18:00:00,17280488
AM2,20230514_000000.WAV,2023-05-14,00:00:00,17280488
AM2,20230514_040000.WAV,2023-05-14,04:00:00,17280488
AM2,20230514_140000.WAV,2023-05-14,14:00:00,17280488
AM2,20230514_180000.WAV,2023-05-14,18:00:00,17280488
AM2,20230515_000000.WAV,2023-05-15,00:00:00,17280488
AM2,20230515_040000.WAV,2023-05-15,04:00:00,17280488
AM2,20230515_140000.WAV,2023-05-15,14:00:00,17280488
AM2,20230515_180000.WAV,2023-05-15,18:00:00,17280488
AM2,20230516_000000.WAV,2023-05-16,00:00:00,17280488
AM2,20230516_040000.WAV,2023-05-16,04:00:00,17280488
AM2,20230516_140000.WAV,2023-05-16,14:00:00,17280488
AM2,20230516_180000.WAV,2023-05-16,18:00:00,17280488
AM2,20230517_000000.WAV,2023-05-17,00:00:00,17280488
AM2,20230517_040000.WAV,2023-05-17,04:00:00,17280488
AM2,20230517_140000.WAV,2023-05-17,14:00:00,17280488
AM2,20230517_180000.WAV,2023-05-17,18:00:00,17280488
AM2,20230518_000000.WAV,2023-05-18,00:00:00,17280488
AM2,20230518_040000.WAV,2023-05-18,04:00:00,17280488
AM2,20230518_140000.WAV,2023-05-18,14:00:00,17280488
AM2,20230518_180000.WAV,2023-05-18,18:00:00,17280488
AM2,20230519_000000.WAV,2023-05-19,00:00:00,17280488
AM2,20230519_040000.WAV,2023-05-19,04:00:00,17280488
AM2,20230519_140000.WAV,2023-05-19,14:00:00,17280488
AM2,20230519_180000.WAV,2023-05-19,18:00:00,17280488
AM2,20230520_000000.WAV,2023-05-20,00:00:00,17280488
AM2,20230520_040000.WAV,2023-05-20,04:00:00,17280488
AM2,20230520_140000.WAV,2023-05-20,14:00:00,17280488
AM2,20230520_180000.WAV,2023-05-20,18:00:00,17280488
AM2,20230521_000000.WAV,2023-05-21,00:00:00,17280488
AM2,20230521_040000.WAV,2023-05-21,04:00:00,17280488
AM2,20230521_140000.WAV,2023-05-21,14:00:00,17280488
AM2,20230521_180000.WAV,2023-05-21,18:00:00,17280488
AM2,20230522_000000.WAV,2023-05-22,00:00:00,17280488
AM2,20230522_040000.WAV,2023-05-22,04:00:00,17280488
AM2,20230522_140000.WAV,2023-05-22,14:00:00,17280488
AM2,20230522_180000.WAV,2023-05-22,18:00:00,17280488
AM2,20230523_000000.WAV,2023-05-23,00:00:00,17280488
AM2,20230523_040000.WAV,2023-05-23,04:00:00,17280488
AM2,20230523_140000.WAV,2023-05-23,14:00:00,17280488
AM2,20230523_180000.WAV,2023-05-23,18:00:00,17280488
AM2,20230524_000000.WAV,2023-05-24,00:00:00,17280488
AM2,20230524_040000.WAV,2023-05-24,04:00:00,17280488
AM2,20230524_140000.WAV,2023-05-24,14:00:00,17280488
AM2,20230524_180000.WAV,2023-05-24,18:00:00,17280488
AM2,20230525_000000.WAV,2023-05-25,00:00:00,17280488
AM2,20230525_040000.WAV,2023-05-25,04:00:00,17280488
AM2,20230525_140000.WAV,2023-05-25,14:00:00,17280488
AM2,20230525_180000.WAV,2023-05-25,18:00:00,17280488
AM2,20230526_000000.WAV,2023-05-26,00:00:00,17280488
AM2,20230526_040000.WAV,2023-05-26,04:00:00,17280488
AM2,20230526_140000.WAV,2023-05-26,14:00:00,17280488
AM2,20230526_180000.WAV,2023-05-26,18:00:00,17280488
AM2,20230527_000000.WAV,2023-05-27,00:00:00,17280488
AM2,20230527_040000.WAV,2023-05-27,04:00:00,17280488
AM2,20230527_140000.WAV,2023-05-27,14:00:00,17280488
AM2,20230527_180000.WAV,2023-05-27,18:00:00,17280488
AM2,20230528_000000.WAV,2023-05-28,00:00:00,17280488
AM2,20230528_040000.WAV,2023-05-28,04:00:00,17280488
AM2,20230528_140000.WAV,2023-05-28,14:00:00,17280488
AM2,20230528_180000.WAV,2023-05-28,18:00:00,17280488
AM2,20230529_000000.WAV,2023-05-29,00:00:00,17280488
AM2,20230529_040000.WAV,2023-05-29,04:00:00,17280488
AM2,20230529_140000.WAV,2023-05-29,14:00:00,17280488
AM2,20230529_180000.WAV,2023-05-29,18:00:00,17280488
AM2,20230530_000000.WAV,2023-05-30,00:00:00,17280488
AM2,20230530_040000.WAV,2023-05-30,04:00:00,17280488
AM2,20230530_140000.WAV,2023-05-30,14:00:00,17280488
AM2,20230530_180000.WAV,2023-05-30,18:00:00,17280488
AM2,20230531_000000.WAV,2023-05-31,00:00:00,17280488
AM2,20230531_040000.WAV,2023-05-31,04:00:00,17280488
AM2,20230531_140000.WAV,2023-05-31,14:00:00,17280488
AM2,20230531_180000.WAV,2023-05-31,18:00:00,17280488
AM2,20230601_000000.WAV,2023-06-01,00:00:00,17280488
AM2,20230601_040000.WAV,2023-06-01,04:00:00,17280488
AM2,20230601_140000.WAV,2023-06-01,14:00:00,17280488
AM2,20230601_180000.WAV,2023-06-01,18:00:00,17280488
AM2,20230602_000000.WAV,2023-06-02,00:00:00,17280488
AM2,20230602_040000.WAV,2023-06-02,04:00:00,17280488
AM2,20230602_140000.WAV,2023-06-02,14:00:00,17280488
AM2,20230602_180000.WAV,2023-06-02,18:00:00,17280488
AM2,20230603_000000.WAV,2023-06-03,00:00:00,17280488
AM2,20230603_040000.WAV,2023-06-03,04:00:00,17280488
AM2,20230603_140000.WAV,2023-06-03,14:00:00,17280488
AM2,20230603_180000.WAV,2023-06-03,18:00:00,17280488
AM2,20230604_000000.WAV,2023-06-04,00:00:00,17280488
AM2,20230604_040000.WAV,2023-06-04,04:00:00,17280488
AM2,20230604_140000.WAV,2023-06-04,14:00:00,17280488
AM2,20230604_180000.WAV,2023-06-04,18:00:00,17280488
AM2,20230605_000000.WAV,2023-06-05,00:00:00,17280488
AM2,20230605_040000.WAV,2023-06-05,04:00:00,17280488
AM2,20230605_140000.WAV,2023-06-05,14:00:00,17280488
AM2,20230605_180000.WAV,2023-06-05,18:00:00,17280488
AM2,20230606_000000.WAV,2023-06-06,00:00:00,17280488
AM2,20230606_040000.WAV,2023-06-06,04:00:00,17280488
AM2,20230606_140000.WAV,2023-06-06,14:00:00,17280488
AM2,20230606_180000.WAV,2023-06-06,18:00:00,17280488
AM2,20230607_000000.WAV,2023-06-07,00:00:00,17280488
AM2,20230607_040000.WAV,2023-06-07,04:00:00,17280488
AM2,20230607_140000.WAV,2023-06-07,14:00:00,17280488
AM2,20230607_180000.WAV,2023-06-07,18:00:00,17280488
AM2,20230608_000000.WAV,2023-06-08,00:00:00,17280488
AM2,20230608_040000.WAV,2023-06-08,04:00:00,17280488
AM2,20230608_140000.WAV,2023-06-08,14:00:00,17280488
AM2,20230608_180000.WAV,2023-06-08,18:00:00,17280488
AM2,20230609_000000.WAV,2023-06-09,00:00:00,17280488
AM2,20230609_040000.WAV,2023-06-09,04:00:00,17280488
AM2,20230609_140000.WAV,2023-06-09,14:00:00,17280488
AM2,20230609_180000.WAV,2023-06-09,18:00:00,17280488
AM2,20230610_000000.WAV,2023-06-10,00:00:00,17280488
AM2,20230610_040000.WAV,2023-06-10,04:00:00,17280488
AM2,20230610_140000.WAV,2023-06-10,14:00:00,17280488
AM2,20230610_180000.WAV,2023-06-10,18:00:00,17280488
AM2,20230611_000000.WAV,2023-06-11,00:00:00,17280488
AM2,20230611_040000.WAV,2023-06-11,04:00:00,17280488
AM2,20230611_140000.WAV,2023-06-11,14:00:00,17280488
AM2,20230611_180000.WAV,2023-06-11,18:00:00,17280488
AM2,20230612_000000.WAV,2023-06-12,00:00:00,17280488
AM2,20230612_040000.WAV,2023-06-12,04:00:00,17280488
AM2,20230612_140000.WAV,2023-06-12,14:00:00,17280488
AM2,20230612_180000.WAV,2023-06-12,18:00:00,17280488
AM2,20230613_000000.WAV,2023-06-13,00:00:00,17280488
AM2,20230613_040000.WAV,2023-06-13,04:00:00,17280488
AM2,20230613_140000.WAV,2023-06-13,14:00:00,17280488
AM2,20230613_180000.WAV,2023-06-13,18:00:00,17280488
AM2,20230614_000000.WAV,2023-06-14,00:00:00,17280488
AM2,20230614_040000.WAV,2023-06-14,04:00:00,17280488
AM2,20230614_140000.WAV,2023-06-14,14:00:00,17280488
AM2,20230614_180000.WAV,2023-06-14,18:00:00,17280488
AM2,20230615_000000.WAV,2023-06-15,00:00:00,17280488
AM2,20230615_040000.WAV,2023-06-15,04:00:00,17280488
AM2,20230615_140000.WAV,2023-06-15,14:00:00,17280488
AM2,20230615_180000.WAV,2023-06-15,18:00:00,17280488
AM2,20230616_000000.WAV,2023-06-16,00:00:00,17280488
AM2,20230616_040000.WAV,2023-06-16,04:00:00,17280488
AM2,20230616_140000.WAV,2023-06-16,14:00:00,17280488
AM2,20230616_180000.WAV,2023-06-16,18:00:00,17280488
AM2,20230617_000000.WAV,2023-06-17,00:00:00,17280488
AM2,20230617_040000.WAV,2023-06-17,04:00:00,17280488
AM2,20230617_140000.WAV,2023-06-17,14:00:00,17280488
AM2,20230617_180000.WAV,2023-06-17,18:00:00,17280488
AM2,20230618_000000.WAV,2023-06-18,00:00:00,17280488
AM2,20230618_040000.WAV,2023-06-18,04:00:00,17280488
AM2,20230618_140000.WAV,2023-06-18,14:00:00,17280488
AM2,20230618_180000.WAV,2023-06-18,18:00:00,17280488
AM2,20230619_000000.WAV,2023-06-19,00:00:00,17280488
AM2,20230619_040000.WAV,2023-06-19,04:00:00,17280488
AM2,20230619_140000.WAV,2023-06-19,14:00:00,17280488
AM2,20230619_180000.WAV,2023-06-19,18:00:00,17280488
AM2,20230620_000000.WAV,2023-06-20,00:00:00,17280488
AM2,20230620_040000.WAV,2023-06-20,04:00:00,17280488
AM2,20230620_140000.WAV,2023-06-20,14:00:00,17280488
AM2,20230620_180000.WAV,2023-06-20,18:00:00,17280488
AM2,20230621_000000.WAV,2023-06-21,00:00:00,17280488
AM2,20230621_040000.WAV,2023-06-21,04:00:00,17280488
AM2,20230621_140000.WAV,2023-06-21,14:00:00,17280488
AM2,20230621_180000.WAV,2023-06-21,18:00:00,17280488
AM2,20230622_000000.WAV,2023-06-22,00:00:00,17280488
AM2,20230622_040000.WAV,2023-06-22,04:00:00,17280488
AM2,20230622_140000.WAV,2023-06-22,14:00:00,17280488
AM2,20230622_180000.WAV,2023-06-22,18:00:00,17280488
AM2,20230623_000000.WAV,2023-06-23,00:00:00,17280488
AM2,20230623_040000.WAV,2023-06-23,04:00:00,17280488
AM2,20230623_140000.WAV,2023-06-23,14:00:00,17280488
AM2,20230623_180000.WAV,2023-06-23,18:00:00,17280488
AM2,20230624_000000.WAV,2023-06-24,00:00:00,17280488
AM2,20230624_040000.WAV,2023-06-24,04:00:00,17280488
AM2,20230624_140000.WAV,2023-06-24,14:00:00,17280488
AM2,20230624_180000.WAV,2023-06-24,18:00:00,17280488
AM2,20230625_000000.WAV,2023-06-25,00:00:00,17280488
AM2,20230625_040000.WAV,2023-06-25,04:00:00,17280488
AM2,20230625_140000.WAV,2023-06-25,14:00:00,17280488
AM2,20230625_180000.WAV,2023-06-25,18:00:00,17280488
AM2,20230626_000000.WAV,2023-06-26,00:00:00,17280488
AM2,20230626_040000.WAV,2023-06-26,04:00:00,17280488
AM2,20230626_140000.WAV,2023-06-26,14:00:00,17280488
AM2,20230626_180000.WAV,2023-06-26,18:00:00,17280488
AM2,20230627_000000.WAV,2023-06-27,00:00:00,17280488
AM2,20230627_040000.WAV,2023-06-27,04:00:00,17280488
AM2,20230627_140000.WAV,2023-06-27,14:00:00,17280488
AM2,20230627_180000.WAV,2023-06-27,18:00:00,17280488
AM2,20230628_000000.WAV,2023-06-28,00:00:00,17280488
AM2,20230628_040000.WAV,2023-06-28,04:00:00,17280488
AM2,20230628_140000.WAV,2023-06-28,14:00:00,17280488
AM2,20230628_180000.WAV,2023-06-28,18:00:00,17280488
AM2,20230629_000000.WAV,2023-06-29,00:00:00,17280488
AM2,20230629_040000.WAV,2023-06-29,04:00:00,17280488
AM2,20230629_140000.WAV,2023-06-29,14:00:00,17280488
AM2,20230629_180000.WAV,2023-06-29,18:00:00,17280488
AM2,20230630_000000.WAV,2023-06-30,00:00:00,17280488
AM2,20230630_040000.WAV,2023-06-30,04:00:00,17280488
AM2,20230630_140000.WAV,2023-06-30,14:00:00,17280488
AM2,20230630_180000.WAV,2023-06-30,18:00:00,17280488
AM2,20230701_000000.WAV,2023-07-01,00:00:00,17280488
AM2,20230701_040000.WAV,2023-07-01,04:00:00,17280488
AM2,20230701_140000.WAV,2023-07-01,14:00:00,17280488
AM2,20230701_180000.WAV,2023-07-01,18:00:00,17280488
AM2,20230702_000000.WAV,2023-07-02,00:00:00,17280488
AM2,20230702_040000.WAV,2023-07-02,04:00:00,17280488
AM2,20230702_140000.WAV,2023-07-02,14:00:00,17280488
AM2,20230702_180000.WAV,2023-07-02,18:00:00,17280488
AM2,20230703_000000.WAV,2023-07-03,00:00:00,17280488
AM2,20230703_040000.WAV,2023-07-03,04:00:00,17280488
AM2,20230703_140000.WAV,2023-07-03,14:00:00,17280488
AM2,20230703_180000.WAV,2023-07-03,18:00:00,17280488
AM2,20230704_000000.WAV,2023-07-04,00:00:00,17280488
AM2,20230704_040000.WAV,2023-07-04,04:00:00,17280488
AM2,20230704_140000.WAV,2023-07-04,14:00:00,17280488
AM2,20230704_180000.WAV,2023-07-04,18:00:00,17280488
AM2,20230705_000000.WAV,2023-07-05,00:00:00,17280488
AM2,20230705_040000.WAV,2023-07-05,04:00:00,17280488
AM2,20230705_140000.WAV,2023-07-05,14:00:00,17280488
AM2,20230705_180000.WAV,2023-07-05,18:00:00,17280488
AM2,20230706_000000.WAV,2023-07-06,00:00:00,17280488
AM2,20230706_040000.WAV,2023-07-06,04:00:00,17280488
AM2,20230706_140000.WAV,2023-07-06,14:00:00,17280488
AM2,20230706_180000.WAV,2023-07-06,18:00:00,17280488
AM2,20230707_000000.WAV,2023-07-07,00:00:00,17280488
AM2,20230707_040000.WAV,2023-07-07,04:00:00,17280488
AM2,20230707_140000.WAV,2023-07-07,14:00:00,17280488
AM2,20230707_180000.WAV,2023-07-07,18:00:00,17280488
AM2,20230708_000000.WAV,2023-07-08,00:00:00,17280488
AM2,20230708_040000.WAV,2023-07-08,04:00:00,17280488
AM2,20230708_140000.WAV,2023-07-08,14:00:00,17280488
AM2,20230708_180000.WAV,2023-07-08,18:00:00,17280488
AM2,20230709_000000.WAV,2023-07-09,00:00:00,17280488
AM2,20230709_040000.WAV,2023-07-09,04:00:00,17280488
AM2,20230709_140000.WAV,2023-07-09,14:00:00,17280488
AM2,20230709_180000.WAV,2023-07-09,18:00:00,17280488
AM2,20230710_000000.WAV,2023-07-10,00:00:00,17280488
AM2,20230710_040000.WAV,2023-07-10,04:00:00,17280488
AM2,20230710_140000.WAV,2023-07-10,14:00:00,17280488
AM2,20230710_180000.WAV,2023-07-10,18:00:00,17280488
AM2,20230711_000000.WAV,2023-07-11,00:00:00,17280488
AM2,20230711_040000.WAV,2023-07-11,04:00:00,17280488
AM2,20230711_140000.WAV,2023-07-11,14:00:00,17280488
AM2,20230711_180000.WAV,2023-07-11,18:00:00,17280488
AM2,20230712_000000.WAV,2023-07-12,00:00:00,17280488
AM2,20230712_040000.WAV,2023-07-12,04:00:00,17280488
AM2,20230712_140000.WAV,2023-07-12,14:00:00,17280488
AM2,20230712_180000.WAV,2023-07-12,18:00:00,17280488
AM2,20230713_000000.WAV,2023-07-13,00:00:00,17280488
AM2,20230713_040000.WAV,2023-07-13,04:00:00,17280488
AM2,20230713_140000.WAV,2023-07-13,14:00:00,17280488
AM2,20230713_180000.WAV,2023-07-13,18:00:00,17280488
AM2,20230714_000000.WAV,2023-07-14,00:00:00,17280488
AM2,20230714_040000.WAV,2023-07-14,04:00:00,17280488
AM2,20230714_140000.WAV,2023-07-14,14:00:00,17280488
AM2,20230714_180000.WAV,2023-07-14,18:00:00,17280488
AM2,20230715_000000.WAV,2023-07-15,00:00:00,17280488
AM2,20230715_040000.WAV,2023-07-15,04:00:00,17280488
AM2,20230715_140000.WAV,2023-07-15,14:00:00,17280488
AM2,20230715_180000.WAV,2023-07-15,18:00:00,17280488
AM2,20230716_000000.WAV,2023-07-16,00:00:00,17280488
AM2,20230716_040000.WAV,2023-07-16,04:00:00,17280488
AM2,20230716_140000.WAV,2023-07-16,14:00:00,17280488
AM2,20230716_180000.WAV,2023-07-16,18:00:00,17280488
AM2,20230717_000000.WAV,2023-07-17,00:00:00,17280488
AM2,20230717_040000.WAV,2023-07-17,04:00:00,17280488
AM2,20230717_140000.WAV,2023-07-17,14:00:00,17280488
AM2,20230717_180000.WAV,2023-07-17,18:00:00,17280488
AM2,20230718_000000.WAV,2023-07-18,00:00:00,17280488
AM2,20230718_040000.WAV,2023-07-18,04:00:00,17280488
AM2,20230718_140000.WAV,2023-07-18,14:00:00,17280488
AM2,20230718_180000.WAV,2023-07-18,18:00:00,17280488
AM2,20230719_000000.WAV,2023-07-19,00:00:00,17280488
AM2,20230719_040000.WAV,2023-07-19,04:00:00,17280488
AM2,20230719_140000.WAV,2023-07-19,14:00:00,17280488
AM2,20230719_180000.WAV,2023-07-19,18:00:00,17280488
AM2,20230720_000000.WAV,2023-07-20,00:00:00,17280488
AM2,20230720_040000.WAV,2023-07-20,04:00:00,17280488
AM2,20230720_140000.WAV,2023-07-20,14:00:00,17280488
AM2,20230720_180000.WAV,2023-07-20,18:00:00,17280488
AM2,20230721_000000.WAV,2023-07-21,00:00:00,17280488
AM2,20230721_040000.WAV,2023-07-21,04:00:00,17280488
AM2,20230721_140000.WAV,2023-07-21,14:00:00,17280488
AM2,20230721_180000.WAV,2023-07-21,18:00:00,17280488
AM2,20230722_000000.WAV,2023-07-22,00:00:00,17280488
AM2,20230722_040000.WAV,2023-07-22,04:00:00,17280488
AM2,20230722_140000.WAV,2023-07-22,14:00:00,17280488
AM2,20230722_180000.WAV,2023-07-22,18:00:00,17280488
AM2,20230723_000000.WAV,2023-07-23,00:00:00,17280488
AM2,20230723_040000.WAV,2023-07-23,04:00:00,17280488
AM2,20230723_140000.WAV,2023-07-23,14:00:00,17280488
AM2,20230723_180000.WAV,2023-07-23,18:00:00,17280488
AM2,20230724_000000.WAV,2023-07-24,00:00:00,17280488
AM2,20230724_040000.WAV,2023-07-24,04:00:00,17280488
AM2,20230724_140000.WAV,2023-07-24,14:00:00,17280488
AM2,20230724_180000.WAV,2023-07-24,18:00:00,17280488
AM2,20230725_000000.WAV,2023-07-25,00:00:00,17280488
AM2,20230725_040000.WAV,2023-07-25,04:00:00,17280488
AM2,20230725_140000.WAV,2023-07-25,14:00:00,17280488
AM2,20230725_180000.WAV,2023-07-25,18:00:00,17280488
AM2,20230726_000000.WAV,2023-07-26,00:00:00,17280488
AM2,20230726_040000.WAV,2023-07-26,04:00:00,17280488
AM2,20230726_140000.WAV,2023-07-26,14:00:00,17280488
AM2,20230726_180000.WAV,2023-07-26,18:00:00,17280488
AM2,20230727_000000.WAV,2023-07-27,00:00:00,17280488
AM2,20230727_040000.WAV,2023-07-27,04:00:00,17280488
AM2,20230727_140000.WAV,2023-07-27,14:00:00,17280488
AM2,20230727_180000.WAV,2023-07-27,18:00:00,17280488
AM2,20230728_000000.WAV,2023-07-28,00:00:00,17280488
AM2,20230728_040000.WAV,2023-07-28,04:00:00,17280488
AM2,20230728_140000.WAV,2023-07-28,14:00:00,17280488
AM2,20230728_180000.WAV,2023-07-28,18:00:00,17280488
AM2,20230729_000000.WAV,2023-07-29,00:00:00,17280488
AM2,20230729_040000.WAV,2023-07-29,04:00:00,17280488
AM2,20230729_140000.WAV,2023-07-29,14:00:00,17280488
AM2,20230729_180000.WAV,2023-07-29,18:00:00,17280488
AM2,20230730_000000.WAV,2023-07-30,00:00:00,17280488
AM2,20230730_040000.WAV,2023-07-30,04:00:00,17280488
AM2,20230730_140000.WAV,2023-07-30,14:00:00,17280488
AM2,20230730_180000.WAV,2023-07-30,18:00:00,17280488
AM2,20230731_000000.WAV,2023-07-31,00:00:00,17280488
AM2,20230731_040000.WAV,2023-07-31,04:00:00,17280488
AM2,20230731_140000.WAV,2023-07-31,14:00:00,17280488
AM2,20230731_180000.WAV,2023-07-31,18:00:00,17280488
AM2,20230801_000000.WAV,2023-08-01,00:00:00,17280488
AM2,20230801_040000.WAV,2023-08-01,04:00:00,17280488
AM2,20230801_140000.WAV,2023-08-01,14:00:00,17280488
AM2,20230801_180000.WAV,2023-08-01,18:00:00,17280488
AM2,20230802_000000.WAV,2023-08-02,00:00:00,17280488
AM2,20230802_040000.WAV,2023-08-02,04:00:00,17280488
AM2,20230802_140000.WAV,2023-08-02,14:00:00,17280488
AM2,20230802_180000.WAV,2023-08-02,18:00:00,17280488
AM2,20230803_000000.WAV,2023-08-03,00:00:00,17280488
AM2,20230803_040000.WAV,2023-08-03,04:00:00,17280488
AM2,20230803_140000.WAV,2023-08-03,14:00:00,17280488
AM2,20230803_180000.WAV,2023-08-03,18:00:00,17280488
AM2,20230804_000000.WAV,2023-08-04,00:00:00,17280488
AM2,20230804_040000.WAV,2023-08-04,04:00:00,17280488
AM2,20230804_140000.WAV,2023-08-04,14:00:00,17280488
AM2,20230804_180000.WAV,2023-08-04,18:00:00,17280488
AM2,20230805_000000.WAV,2023-08-05,00:00:00,17280488
AM2,20230805_040000.WAV,2023-08-05,04:00:00,17280488
AM2,20230805_140000.WAV,2023-08-05,14:00:00,17280488
AM2,20230805_180000.WAV,2023-08-05,18:00:00,17280488
AM2,20230806_000000.WAV,2023-08-06,00:00:00,17280488
AM2,20230806_040000.WAV,2023-08-06,04:00:00,17280488
AM2,20230806_140000.WAV,2023-08-06,14:00:00,17280488
AM2,20230806_180000.WAV,2023-08-06,18:00:00,17280488
AM2,20230807_000000.WAV,2023-08-07,00:00:00,17280488
AM2,20230807_040000.WAV,2023-08-07,04:00:00,17280488
AM2,20230807_140000.WAV,2023-08-07,14:00:00,17280488
AM2,20230807_180000.WAV,2023-08-07,18:00:00,17280488
AM2,20230808_000000.WAV,2023-08-08,00:00:00,17280488
AM2,20230808_040000.WAV,2023-08-08,04:00:00,17280488
AM2,20230808_140000.WAV,2023-08-08,14:00:00,17280488
AM2,20230808_180000.WAV,2023-08-08,18:00:00,17280488
AM2,20230809_000000.WAV,2023-08-09,00:00:00,17280488
AM2,20230809_040000.WAV,2023-08-09,04:00:00,17280488
AM2,20230809_140000.WAV,2023-08-09,14:00:00,17280488
AM2,20230809_180000.WAV,2023-08-09,18:00:00,17280488
AM2,20230810_000000.WAV,2023-08-10,00:00:00,17280488
AM2,20230810_040000.WAV,2023-08-10,04:00:00,17280488
AM2,20230810_140000.WAV,2023-08-10,14:00:00,17280488
AM2,20230810_180000.WAV,2023-08-10,18:00:00,17280488
AM2,20230811_000000.WAV,2023-08-11,00:00:00,17280488
AM2,20230811_040000.WAV,2023-08-11,04:00:00,17280488
AM2,20230811_140000.WAV,2023-08-11,14:00:00,17280488
AM2,20230811_180000.WAV,2023-08-11,18:00:00,17280488
AM2,20230812_000000.WAV,2023-08-12,00:00:00,17280488
AM2,20230812_040000.WAV,2023-08-12,04:00:00,17280488
AM2,20230812_140000.WAV,2023-08-12,14:00:00,17280488
AM2,20230812_180000.WAV,2023-08-12,18:00:00,17280488
AM2,20230813_000000.WAV,2023-08-13,00:00:00,17280488
AM2,20230813_040000.WAV,2023-08-13,04:00:00,17280488
AM2,20230813_140000.WAV,2023-08-13,14:00:00,17280488
AM2,20230813_180000.WAV,2023-08-13,18:00:00,17280488
AM2,20230814_000000.WAV,2023-08-14,00:00:00,17280488
AM2,20230814_040000.WAV,2023-08-14,04:00:00,17280488
AM2,20230814_140000.WAV,2023-08-14,14:00:00,17280488
AM2,20230814_180000.WAV,2023-08-14,18:00:00,17280488
AM2,20230815_000000.WAV,2023-08-15,00:00:00,17280488
AM2,20230815_040000.WAV,2023-08-15,04:00:00,17280488
AM2,20230815_140000.WAV,2023-08-15,14:00:00,17280488
AM2,20230815_180000.WAV,2023-08-15,18:00:00,17280488
AM2,20230816_000000.WAV,2023-08-16,00:00:00,17280488
AM2,20230816_040000.WAV,2023-08-16,04:00:00,17280488
AM2,20230816_140000.WAV,2023-08-16,14:00:00,17280488
AM2,20230816_180000.WAV,2023-08-16,18:00:00,17280488
AM2,20230817_000000.WAV,2023-08-17,00:00:00,17280488
AM2,20230817_040000.WAV,2023-08-17,04:00:00,17280488
AM2,20230817_140000.WAV,2023-08-17,14:00:00,17280488
AM2,20230817_180000.WAV,2023-08-17,18:00:00,17280488
AM2,20230818_000000.WAV,2023-08-18,00:00:00,17280488
AM2,20230818_040000.WAV,2023-08-18,04:00:00,17280488
AM2,20230818_140000.WAV,2023-08-18,14:00:00,17280488
AM2,20230818_180000.WAV,2023-08-18,18:00:00,17280488
AM2,20230819_000000.WAV,2023-08-19,00:00:00,17280488
AM2,20230819_040000.WAV,2023-08-19,04:00:00,17280488
AM2,20230819_140000.WAV,2023-08-19,14:00:00,17280488
AM2,20230819_180000.WAV,2023-08-19,18:00:00,17280488
AM2,20230820_000000.WAV,2023-08-20,00:00:00,17280488
AM2,20230820_040000.WAV,2023-08-20,04:00:00,17280488
AM2,20230820_140000.WAV,2023-08-20,14:00:00,17280488
AM2,20230820_180000.WAV,2023-08-20,18:00:00,17280488
AM2,20230821_000000.WAV,2023-08-21,00:00:00,17280488
AM2,20230821_040000.WAV,2023-08-21,04:00:00,17280488
AM2,20230821_140000.WAV,2023-08-21,14:00:00,17280488
AM2,20230821_180000.WAV,2023-08-21,18:00:00,17280488
AM2,20230822_000000.WAV,2023-08-22,00:00:00,17280488
AM2,20230822_040000.WAV,2023-08-22,04:00:00,17280488
AM2,20230822_140000.WAV,2023-08-22,14:00:00,17280488
AM2,20230822_180000.WAV,2023-08-22,18:00:00,17280488
AM2,20230823_000000.WAV,2023-08-23,00:00:00,17280488
AM2,20230823_040000.WAV,2023-08-23,04:00:00,17280488
AM2,20230823_140000.WAV,2023-08-23,14:00:00,17280488
AM2,20230823_180000.WAV,2023-08-23,18:00:00,17280488
AM2,20230824_000000.WAV,2023-08-24,00:00:00,17280488
AM2,20230824_040000.WAV,2023-08-24,04:00:00,17280488
AM2,20230824_140000.WAV,2023-08-24,14:00:00,17280488
AM2,20230824_180000.WAV,2023-08-24,18:00:00,17280488
AM2,20230825_000000.WAV,2023-08-25,00:00:00,17280488
AM2,20230825_040000.WAV,2023-08-25,04:00:00,17280488
AM2,20230825_140000.WAV,2023-08-25,14:00:00,17280488
AM2,20230825_180000.WAV,2023-08-25,18:00:00,17280488
AM2,20230826_000000.WAV,2023-08-26,00:00:00,17280488
AM2,20230826_040000.WAV,2023-08-26,04:00:00,17280488
AM2,20230826_140000.WAV,2023-08-26,14:00:00,17280488
AM2,20230826_180000.WAV,2023-08-26,18:00:00,17280488
AM2,20230827_000000.WAV,2023-08-27,00:00:00,17280488
AM2,20230827_040000.WAV,2023-08-27,04:00:00,17280488
AM2,20230827_140000.WAV,2023-08-27,14:00:00,17280488
AM2,20230827_180000.WAV,2023-08-27,18:00:00,17280488
AM2,20230828_000000.WAV,2023-08-28,00:00:00,17280488
AM2,20230828_040000.WAV,2023-08-28,04:00:00,17280488
AM2,20230828_140000.WAV,2023-08-28,14:00:00,17280488
AM2,20230828_180000.WAV,2023-08-28,18:00:00,17280488
AM2,20230829_000000.WAV,2023-08-29,00:00:00,17280488
AM2,20230829_040000.WAV,2023-08-29,04:00:00,17280488
AM2,20230829_140000.WAV,2023-08-29,14:00:00,17280488
AM2,20230829_180000.WAV,2023-08-29,18:00:00,17280488
AM2,20230830_000000.WAV,2023-08-30,00:00:00,17280488
AM2,20230830_040000.WAV,2023-08-30,04:00:00,17280488
AM2,20230830_140000.WAV,2023-08-30,14:00:00,17280488
AM2,20230830_180000.WAV,2023-08-30,18:00:00,17280488
AM2,20230831_000000.WAV,2023-08-31,00:00:00,17280488
AM2,20230831_040000.WAV,2023-08-31,04:00:00,17280488
AM2,20230831_140000.WAV,2023-08-31,14:00:00,17280488
AM2,20230831_180000.WAV,2023-08-31,18:00:00,17280488
AM2,20230901_000000.WAV,2023-09-01,00:00:00,17280488
AM2,20230901_040000.WAV,2023-09-01,04:00:00,17280488
AM2,20230901_140000.WAV,2023-09-01,14:00:00,17280488
AM2,20230901_180000.WAV,2023-09-01,18:00:00,17280488
AM2,20230902_000000.WAV,2023-09-02,00:00:00,17280488
AM2,20230902_040000.WAV,2023-09-02,04:00:00,17280488
AM2,20230902_140000.WAV,2023-09-02,14:00:00,17280488
AM2,20230902_180000.WAV,2023-09-02,18:00:00,17280488
AM2,20230903_000000.WAV,2023-09-03,00:00:00,17280488
AM2,20230903_040000.WAV,2023-09-03,04:00:00,17280488
AM2,20230903_140000.WAV,2023-09-03,14:00:00,17280488
AM2,20230903_180000.WAV,2023-09-03,18:00:00,17280488
AM2,20230904_000000.WAV,2023-09-04,00:00:00,17280488
AM2,20230904_040000.WAV,2023-09-04,04:00:00,17280488
AM2,20230904_140000.WAV,2023-09-04,14:00:00,17280488
AM2,20230904_180000.WAV,2023-09-04,18:00:00,17280488
AM2,20230905_000000.WAV,2023-09-05,00:00:00,17280488
AM2,20230905_040000.WAV,2023-09-05,04:00:00,17280488
AM2,20230905_140000.WAV,2023-09-05,14:00:00,17280488
AM2,20230905_180000.WAV,2023-09-05,18:00:00,17280488
AM2,20230906_000000.WAV,2023-09-06,00:00:00,17280488
AM2,20230906_040000.WAV,2023-09-06,04:00:00,17280488
AM2,20230906_140000.WAV,2023-09-06,14:00:00,17280488
AM2,20230906_180000.WAV,2023-09-06,18:00:00,17280488
AM2,20230907_000000.WAV,2023-09-07,00:00:00,17280488
AM2,20230907_040000.WAV,2023-09-07,04:00:00,17280488
AM2,20230907_140000.WAV,2023-09-07,14:00:00,17280488
AM2,20230907_180000.WAV,2023-09-07,18:00:00,17280488
AM2,20230908_000000.WAV,2023-09-08,00:00:00,17280488
AM2,20230908_040000.WAV,2023-09-08,04:00:00,17280488
AM2,20230908_140000.WAV,2023-09-08,14:00:00,17280488
AM2,20230908_180000.WAV,2023-09-08,18:00:00,17280488
AM2,20230909_000000.WAV,2023-09-09,00:00:00,17280488
AM2,20230909_040000.WAV,2023-09-09,04:00:00,17280488
AM2,20230909_140000.WAV,2023-09-09,14:00:00,17280488
AM2,20230909_180000.WAV,2023-09-09,18:00:00,17280488
AM2,20230910_000000.WAV,2023-09-10,00:00:00,17280488
AM2,20230910_040000.WAV,2023-09-10,04:00:00,17280488
AM2,20230910_140000.WAV,2023-09-10,14:00:00,17280488
AM2,20230910_180000.WAV,2023-09-10,18:00:00,17280488
AM2,20230911_000000.WAV,2023-09-11,00:00:00,17280488
AM2,20230911_040000.WAV,2023-09-11,04:00:00,17280488
AM2,20230911_140000.WAV,2023-09-11,14:00:00,17280488
AM2,20230911_180000.WAV,2023-09-11,18:00:00,17280488
AM2,20230912_000000.WAV,2023-09-12,00:00:00,17280488
AM2,20230912_040000.WAV,2023-09-12,04:00:00,17280488
AM2,20230912_140000.WAV,2023-09-12,14:00:00,17280488
AM2,20230912_180000.WAV,2023-09-12,18:00:00,17280488
AM2,20230913_000000.WAV,2023-09-13,00:00:00,17280488
AM2,20230913_040000.WAV,2023-09-13,04:00:00,17280488
AM2,20230913_140000.WAV,2023-09-13,14:00:00,17280488
AM2,20230913_180000.WAV,2023-09-13,18:00:00,17280488
AM2,20230914_000000.WAV,2023-09-14,00:00:00,17280488
AM2,20230914_040000.WAV,2023-09-14,04:00:00,17280488
AM2,20230914_140000.WAV,2023-09-14,14:00:00,17280488
AM2,20230914_180000.WAV,2023-09-14,18:00:00,17280488
AM2,20230915_000000.WAV,2023-09-15,00:00:00,17280488
AM2,20230915_040000.WAV,2023-09-15,04:00:00,17280488
AM2,20230915_140000.WAV,2023-09-15,14:00:00,17280488
AM2,20230915_180000.WAV,2023-09-15,18:00:00,17280488
AM2,20230916_000000.WAV,2023-09-16,00:00:00,17280488
AM2,20230916_040000.WAV,2023-09-16,04:00:00,17280488
AM2,20230916_140000.WAV,2023-09-16,14:00:00,17280488
AM2,20230916_180000.WAV,2023-09-16,18:00:00,17280488
AM2,20230917_000000.WAV,2023-09-17,00:00:00,17280488
AM2,20230917_040000.WAV,2023-09-17,04:00:00,17280488
AM2,20230917_140000.WAV,2023-09-17,14:00:00,17280488
AM2,20230917_180000.WAV,2023-09-17,18:00:00,17280488
AM2,20230918_000000.WAV,2023-09-18,00:00:00,17280488
AM2,20230918_040000.WAV,2023-09-18,04:00:00,17280488
AM2,20230918_140000.WAV,2023-09-18,14:00:00,17280488
AM2,20230918_180000.WAV,2023-09-18,18:00:00,17280488
AM2,20230919_000000.WAV,2023-09-19,00:00:00,17280488
AM2,20230919_040000.WAV,2023-09-19,04:00:00,17280488
AM2,20230919_140000.WAV,2023-09-19,14:00:00,17280488
AM2,20230919_180000.WAV,2023-09-19,18:00:00,17280488
AM2,20230920_000000.WAV,2023-09-20,00:00:00,17280488
AM2,20230920_040000.WAV,2023-09-20,04:00:00,17280488
AM2,20230920_140000.WAV,2023-09-20,14:00:00,17280488
AM2,20230920_180000.WAV,2023-09-20,18:00:00,17280488
AM2,20230921_000000.WAV,2023-09-21,00:00:00,17280488
AM2,20230921_040000.WAV,2023-09-21,04:00:00,17280488
AM2,20230921_140000.WAV,2023-09-21,14:00:00,17280488
AM2,20230921_180000.WAV,2023-09-21,18:00:00,17280488
AM2,20230922_000000.WAV,2023-09-22,00:00:00,17280488
AM2,20230922_040000.WAV,2023-09-22,04:00:00,17280488
AM2,20230922_140000.WAV,2023-09-22,14:00:00,17280488
AM2,20230922_180000.WAV,2023-09-22,18:00:00,17280488
AM2,20230923_000000.WAV,2023-09-23,00:00:00,17280488
AM2,20230923_040000.WAV,2023-09-23,04:00:00,17280488
AM2,20230923_140000.WAV,2023-09-23,14:00:00,17280488
AM2,20230923_180000.WAV,2023-09-23,18:00:00,17280488
AM2,20230924_000000.WAV,2023-09-24,00:00:00,17280488
AM2,20230924_040000.WAV,2023-09-24,04:00:00,17280488
AM2,20230924_140000.WAV,2023-09-24,14:00:00,17280488
AM2,20230924_180000.WAV,2023-09-24,18:00:00,17280488
AM2,20230925_000000.WAV,2023-09-25,00:00:00,17280488
AM2,20230925_040000.WAV,2023-09-25,04:00:00,17280488
AM2,20230925_140000.WAV,2023-09-25,14:00:00,17280488
AM2,20230925_180000.WAV,2023-09-25,18:00:00,17280488
AM2,20230926_000000.WAV,2023-09-26,00:00:00,17280488
AM2,20230926_040000.WAV,2023-09-26,04:00:00,17280488
AM2,20230926_140000.WAV,2023-09-26,14:00:00,17280488
AM2,20230926_180000.WAV,2023-09-26,18:00:00,17280488
AM2,20230927_000000.WAV,2023-09-27,00:00:00,17280488
AM2,20230927_040000.WAV,2023-09-27,04:00:00,17280488
AM2,20230927_140000.WAV,2023-09-27,14:00:00,17280488
AM2,20230927_180000.WAV,2023-09-27,18:00:00,17280488
AM2,20230928_000000.WAV,2023-09-28,00:00:00,17280488
AM2,20230928_040000.WAV,2023-09-28,04:00:00,17280488
AM2,20230928_140000.WAV,2023-09-28,14:00:00,17280488
AM2,20230928_180000.WAV,2023-09-28,18:00:00,17280488
AM2,20230929_000000.WAV,2023-09-29,00:00:00,17280488
AM2,20230929_000559.WAV,2023-09-29,00:05:59,488
AM3,20230330_180000.WAV,2023-03-30,18:00:00,17280488
AM3,20230331_000000.WAV,2023-03-31,00:00:00,17280488
AM3,20230331_040000.WAV,2023-03-31,04:00:00,17280488
AM3,20230331_140000.WAV,2023-03-31,14:00:00,17280488
AM3,20230331_180000.WAV,2023-03-31,18:00:00,17280488
AM3,20230401_000000.WAV,2023-04-01,00:00:00,17280488
AM3,20230401_040000.WAV,2023-04-01,04:00:00,17280488
AM3,20230401_140000.WAV,2023-04-01,14:00:00,17280488
AM3,20230401_180000.WAV,2023-04-01,18:00:00,17280488
AM3,20230402_000000.WAV,2023-04-02,00:00:00,17280488
AM3,20230402_040000.WAV,2023-04-02,04:00:00,17280488
AM3,20230402_140000.WAV,2023-04-02,14:00:00,17280488
AM3,20230402_180000.WAV,2023-04-02,18:00:00,17280488
AM3,20230403_000000.WAV,2023-04-03,00:00:00,17280488
AM3,20230403_040000.WAV,2023-04-03,04:00:00,17280488
AM3,20230403_140000.WAV,2023-04-03,14:00:00,17280488
AM3,20230403_180000.WAV,2023-04-03,18:00:00,17280488
AM3,20230404_000000.WAV,2023-04-04,00:00:00,17280488
AM3,20230404_040000.WAV,2023-04-04,04:00:00,17280488
AM3,20230404_140000.WAV,2023-04-04,14:00:00,17280488
AM3,20230404_180000.WAV,2023-04-04,18:00:00,17280488
AM3,20230405_000000.WAV,2023-04-05,00:00:00,17280488
AM3,20230405_040000.WAV,2023-04-05,04:00:00,17280488
AM3,20230405_140000.WAV,2023-04-05,14:00:00,17280488
AM3,20230405_180000.WAV,2023-04-05,18:00:00,17280488
AM3,20230406_000000.WAV,2023-04-06,00:00:00,17280488
AM3,20230406_040000.WAV,2023-04-06,04:00:00,17280488
AM3,20230406_140000.WAV,2023-04-06,14:00:00,17280488
AM3,20230406_180000.WAV,2023-04-06,18:00:00,17280488
AM3,20230407_000000.WAV,2023-04-07,00:00:00,17280488
AM3,20230407_040000.WAV,2023-04-07,04:00:00,17280488
AM3,20230407_140000.WAV,2023-04-07,14:00:00,17280488
AM3,20230407_180000.WAV,2023-04-07,18:00:00,17280488
AM3,20230408_000000.WAV,2023-04-08,00:00:00,17280488
AM3,20230408_040000.WAV,2023-04-08,04:00:00,17280488
AM3,20230408_140000.WAV,2023-04-08,14:00:00,17280488
AM3,20230408_180000.WAV,2023-04-08,18:00:00,17280488
AM3,20230409_000000.WAV,2023-04-09,00:00:00,17280488
AM3,20230409_040000.WAV,2023-04-09,04:00:00,17280488
AM3,20230409_140000.WAV,2023-04-09,14:00:00,17280488
AM3,20230409_180000.WAV,2023-04-09,18:00:00,17280488
AM3,20230410_000000.WAV,2023-04-10,00:00:00,17280488
AM3,20230410_040000.WAV,2023-04-10,04:00:00,17280488
AM3,20230410_140000.WAV,2023-04-10,14:00:00,17280488
AM3,20230410_180000.WAV,2023-04-10,18:00:00,17280488
AM3,20230411_000000.WAV,2023-04-11,00:00:00,17280488
AM3,20230411_040000.WAV,2023-04-11,04:00:00,17280488
AM3,20230411_140000.WAV,2023-04-11,14:00:00,17280488
AM3,20230411_180000.WAV,2023-04-11,18:00:00,17280488
AM3,20230412_000000.WAV,2023-04-12,00:00:00,17280488
AM3,20230412_040000.WAV,2023-04-12,04:00:00,17280488
AM3,20230412_140000.WAV,2023-04-12,14:00:00,17280488
AM3,20230412_180000.WAV,2023-04-12,18:00:00,17280488
AM3,20230413_000000.WAV,2023-04-13,00:00:00,17280488
AM3,20230413_040000.WAV,2023-04-13,04:00:00,17280488
AM3,20230413_140000.WAV,2023-04-13,14:00:00,17280488
AM3,20230413_180000.WAV,2023-04-13,18:00:00,17280488
AM3,20230414_000000.WAV,2023-04-14,00:00:00,17280488
AM3,20230414_040000.WAV,2023-04-14,04:00:00,17280488
AM3,20230414_140000.WAV,2023-04-14,14:00:00,17280488
AM3,20230414_180000.WAV,2023-04-14,18:00:00,17280488
AM3,20230415_000000.WAV,2023-04-15,00:00:00,17280488
AM3,20230415_040000.WAV,2023-04-15,04:00:00,17280488
AM3,20230415_140000.WAV,2023-04-15,14:00:00,17280488
AM3,20230415_180000.WAV,2023-04-15,18:00:00,17280488
AM3,20230416_000000.WAV,2023-04-16,00:00:00,17280488
AM3,20230416_040000.WAV,2023-04-16,04:00:00,17280488
AM3,20230416_140000.WAV,2023-04-16,14:00:00,17280488
AM3,20230416_180000.WAV,2023-04-16,18:00:00,17280488
AM3,20230417_000000.WAV,2023-04-17,00:00:00,17280488
AM3,20230417_040000.WAV,2023-04-17,04:00:00,17280488
AM3,20230417_140000.WAV,2023-04-17,14:00:00,17280488
AM3,20230417_180000.WAV,2023-04-17,18:00:00,17280488
AM3,20230418_000000.WAV,2023-04-18,00:00:00,17280488
AM3,20230418_040000.WAV,2023-04-18,04:00:00,17280488
AM3,20230418_140000.WAV,2023-04-18,14:00:00,17280488
AM3,20230418_180000.WAV,2023-04-18,18:00:00,17280488
AM3,20230419_000000.WAV,2023-04-19,00:00:00,17280488
AM3,20230419_040000.WAV,2023-04-19,04:00:00,17280488
AM3,20230419_140000.WAV,2023-04-19,14:00:00,17280488
AM3,20230419_180000.WAV,2023-04-19,18:00:00,17280488
AM3,20230420_000000.WAV,2023-04-20,00:00:00,17280488
AM3,20230420_040000.WAV,2023-04-20,04:00:00,17280488
AM3,20230420_140000.WAV,2023-04-20,14:00:00,17280488
AM3,20230420_180000.WAV,2023-04-20,18:00:00,17280488
AM3,20230421_000000.WAV,2023-04-21,00:00:00,17280488
AM3,20230421_040000.WAV,2023-04-21,04:00:00,17280488
AM3,20230421_140000.WAV,2023-04-21,14:00:00,17280488
AM3,20230421_180000.WAV,2023-04-21,18:00:00,17280488
AM3,20230422_000000.WAV,2023-04-22,00:00:00,17280488
AM3,20230422_040000.WAV,2023-04-22,04:00:00,17280488
AM3,20230422_140000.WAV,2023-04-22,14:00:00,17280488
AM3,20230422_180000.WAV,2023-04-22,18:00:00,17280488
AM3,20230423_000000.WAV,2023-04-23,00:00:00,17280488
AM3,20230423_040000.WAV,2023-04-23,04:00:00,17280488
AM3,20230423_140000.WAV,2023-04-23,14:00:00,17280488
AM3,20230423_180000.WAV,2023-04-23,18:00:00,17280488
AM3,20230424_000000.WAV,2023-04-24,00:00:00,17280488
AM3,20230424_040000.WAV,2023-04-24,04:00:00,17280488
AM3,20230424_140000.WAV,2023-04-24,14:00:00,17280488
AM3,20230424_180000.WAV,2023-04-24,18:00:00,17280488
AM3,20230425_000000.WAV,2023-04-25,00:00:00,17280488
AM3,20230425_040000.WAV,2023-04-25,04:00:00,17280488
AM3,20230425_140000.WAV,2023-04-25,14:00:00,17280488
AM3,20230425_180000.WAV,2023-04-25,18:00:00,17280488
AM3,20230426_000000.WAV,2023-04-26,00:00:00,17280488
AM3,20230426_040000.WAV,2023-04-26,04:00:00,17280488
AM3,20230426_140000.WAV,2023-04-26,14:00:00,17280488
AM3,20230426_180000.WAV,2023-04-26,18:00:00,17280488
AM3,20230427_000000.WAV,2023-04-27,00:00:00,17280488
AM3,20230427_040000.WAV,2023-04-27,04:00:00,17280488
AM3,20230427_140000.WAV,2023-04-27,14:00:00,17280488
AM3,20230427_180000.WAV,2023-04-27,18:00:00,17280488
AM3,20230428_000000.WAV,2023-04-28,00:00:00,17280488
AM3,20230428_040000.WAV,2023-04-28,04:00:00,17280488
AM3,20230428_140000.WAV,2023-04-28,14:00:00,17280488
AM3,20230428_180000.WAV,2023-04-28,18:00:00,17280488
AM3,20230429_000000.WAV,2023-04-29,00:00:00,17280488
AM3,20230429_040000.WAV,2023-04-29,04:00:00,17280488
AM3,20230429_140000.WAV,2023-04-29,14:00:00,17280488
AM3,20230429_180000.WAV,2023-04-29,18:00:00,17280488
AM3,20230430_000000.WAV,2023-04-30,00:00:00,17280488
AM3,20230430_040000.WAV,2023-04-30,04:00:00,17280488
AM3,20230430_140000.WAV,2023-04-30,14:00:00,17280488
AM3,20230430_180000.WAV,2023-04-30,18:00:00,17280488
AM3,20230501_000000.WAV,2023-05-01,00:00:00,17280488
AM3,20230501_040000.WAV,2023-05-01,04:00:00,17280488
AM3,20230501_140000.WAV,2023-05-01,14:00:00,17280488
AM3,20230501_180000.WAV,2023-05-01,18:00:00,17280488
AM3,20230502_000000.WAV,2023-05-02,00:00:00,17280488
AM3,20230502_040000.WAV,2023-05-02,04:00:00,17280488
AM3,20230502_140000.WAV,2023-05-02,14:00:00,17280488
AM3,20230502_180000.WAV,2023-05-02,18:00:00,17280488
AM3,20230503_000000.WAV,2023-05-03,00:00:00,17280488
AM3,20230503_040000.WAV,2023-05-03,04:00:00,17280488
AM3,20230503_140000.WAV,2023-05-03,14:00:00,17280488
AM3,20230503_180000.WAV,2023-05-03,18:00:00,17280488
AM3,20230504_000000.WAV,2023-05-04,00:00:00,17280488
AM3,20230504_040000.WAV,2023-05-04,04:00:00,17280488
AM3,20230504_140000.WAV,2023-05-04,14:00:00,17280488
AM3,20230504_180000.WAV,2023-05-04,18:00:00,17280488
AM3,20230505_000000.WAV,2023-05-05,00:00:00,17280488
AM3,20230505_040000.WAV,2023-05-05,04:00:00,17280488
AM3,20230505_140000.WAV,2023-05-05,14:00:00,17280488
AM3,20230505_180000.WAV,2023-05-05,18:00:00,17280488
AM3,20230506_000000.WAV,2023-05-06,00:00:00,17280488
AM3,20230506_040000.WAV,2023-05-06,04:00:00,17280488
AM3,20230506_140000.WAV,2023-05-06,14:00:00,17280488
AM3,20230506_180000.WAV,2023-05-06,18:00:00,17280488
AM3,20230507_000000.WAV,2023-05-07,00:00:00,17280488
AM3,20230507_040000.WAV,2023-05-07,04:00:00,17280488
AM3,20230507_140000.WAV,2023-05-07,14:00:00,17280488
AM3,20230507_180000.WAV,2023-05-07,18:00:00,17280488
AM3,20230508_000000.WAV,2023-05-08,00:00:00,17280488
AM3,20230508_040000.WAV,2023-05-08,04:00:00,17280488
AM3,20230508_140000.WAV,2023-05-08,14:00:00,17280488
AM3,20230508_180000.WAV,2023-05-08,18:00:00,17280488
AM3,20230509_000000.WAV,2023-05-09,00:00:00,17280488
AM3,20230509_040000.WAV,2023-05-09,04:00:00,17280488
AM3,20230509_140000.WAV,2023-05-09,14:00:00,17280488
AM3,20230509_180000.WAV,2023-05-09,18:00:00,17280488
AM3,20230510_000000.WAV,2023-05-10,00:00:00,17280488
AM3,20230510_040000.WAV,2023-05-10,04:00:00,17280488
AM3,20230510_140000.WAV,2023-05-10,14:00:00,17280488
AM3,20230510_180000.WAV,2023-05-10,18:00:00,17280488
AM3,20230511_000000.WAV,2023-05-11,00:00:00,17280488
AM3,20230511_040000.WAV,2023-05-11,04:00:00,17280488
AM3,20230511_140000.WAV,2023-05-11,14:00:00,17280488
AM3,20230511_180000.WAV,2023-05-11,18:00:00,17280488
AM3,20230512_000000.WAV,2023-05-12,00:00:00,17280488
AM3,20230512_040000.WAV,2023-05-12,04:00:00,17280488
AM3,20230512_140000.WAV,2023-05-12,14:00:00,17280488
AM3,20230512_180000.WAV,2023-05-12,18:00:00,17280488
AM3,20230513_000000.WAV,2023-05-13,00:00:00,17280488
AM3,20230513_040000.WAV,2023-05-13,04:00:00,17280488
AM3,20230513_140000.WAV,2023-05-13,14:00:00,17280488
AM3,20230513_180000.WAV,2023-05-13,18:00:00,17280488
AM3,20230514_000000.WAV,2023-05-14,00:00:00,17280488
AM3,20230514_040000.WAV,2023-05-14,04:00:00,17280488
AM3,20230514_140000.WAV,2023-05-14,14:00:00,17280488
AM3,20230514_180000.WAV,2023-05-14,18:00:00,17280488
AM3,20230515_000000.WAV,2023-05-15,00:00:00,17280488
AM3,20230515_040000.WAV,2023-05-15,04:00:00,17280488
AM3,20230515_140000.WAV,2023-05-15,14:00:00,17280488
AM3,20230515_180000.WAV,2023-05-15,18:00:00,17280488
AM3,20230516_000000.WAV,2023-05-16,00:00:00,17280488
AM3,20230516_040000.WAV,2023-05-16,04:00:00,17280488
AM3,20230516_140000.WAV,2023-05-16,14:00:00,17280488
AM3,20230516_180000.WAV,2023-05-16,18:00:00,17280488
AM3,20230517_000000.WAV,2023-05-17,00:00:00,17280488
AM3,20230517_040000.WAV,2023-05-17,04:00:00,17280488
AM3,20230517_140000.WAV,2023-05-17,14:00:00,17280488
AM3,20230517_180000.WAV,2023-05-17,18:00:00,17280488
AM3,20230518_000000.WAV,2023-05-18,00:00:00,17280488
AM3,20230518_040000.WAV,2023-05-18,04:00:00,17280488
AM3,20230518_140000.WAV,2023-05-18,14:00:00,17280488
AM3,20230518_180000.WAV,2023-05-18,18:00:00,17280488
AM3,20230519_000000.WAV,2023-05-19,00:00:00,17280488
AM3,20230519_040000.WAV,2023-05-19,04:00:00,17280488
AM3,20230519_140000.WAV,2023-05-19,14:00:00,17280488
AM3,20230519_180000.WAV,2023-05-19,18:00:00,17280488
AM3,20230520_000000.WAV,2023-05-20,00:00:00,17280488
AM3,20230520_040000.WAV,2023-05-20,04:00:00,17280488
AM3,20230520_140000.WAV,2023-05-20,14:00:00,17280488
AM3,20230520_180000.WAV,2023-05-20,18:00:00,17280488
AM3,20230521_000000.WAV,2023-05-21,00:00:00,17280488
AM3,20230521_040000.WAV,2023-05-21,04:00:00,17280488
AM3,20230521_140000.WAV,2023-05-21,14:00:00,17280488
AM3,20230521_180000.WAV,2023-05-21,18:00:00,17280488
AM3,20230522_000000.WAV,2023-05-22,00:00:00,17280488
AM3,20230522_040000.WAV,2023-05-22,04:00:00,17280488
AM3,20230522_140000.WAV,2023-05-22,14:00:00,17280488
AM3,20230522_180000.WAV,2023-05-22,18:00:00,17280488
AM3,20230523_000000.WAV,2023-05-23,00:00:00,17280488
AM3,20230523_040000.WAV,2023-05-23,04:00:00,17280488
AM3,20230523_140000.WAV,2023-05-23,14:00:00,17280488
AM3,20230523_180000.WAV,2023-05-23,18:00:00,17280488
AM3,20230524_000000.WAV,2023-05-24,00:00:00,17280488
AM3,20230524_040000.WAV,2023-05-24,04:00:00,17280488
AM3,20230524_140000.WAV,2023-05-24,14:00:00,17280488
AM3,20230524_180000.WAV,2023-05-24,18:00:00,17280488
AM3,20230525_000000.WAV,2023-05-25,00:00:00,17280488
AM3,20230525_040000.WAV,2023-05-25,04:00:00,17280488
AM3,20230525_140000.WAV,2023-05-25,14:00:00,17280488
AM3,20230525_180000.WAV,2023-05-25,18:00:00,17280488
AM3,20230526_000000.WAV,2023-05-26,00:00:00,17280488
AM3,20230526_040000.WAV,2023-05-26,04:00:00,17280488
AM3,20230526_140000.WAV,2023-05-26,14:00:00,17280488
AM3,20230526_180000.WAV,2023-05-26,18:00:00,17280488
AM3,20230527_000000.WAV,2023-05-27,00:00:00,17280488
AM3,20230527_040000.WAV,2023-05-27,04:00:00,17280488
AM3,20230527_140000.WAV,2023-05-27,14:00:00,17280488
AM3,20230527_180000.WAV,2023-05-27,18:00:00,17280488
AM3,20230528_000000.WAV,2023-05-28,00:00:00,17280488
AM3,20230528_040000.WAV,2023-05-28,04:00:00,17280488
AM3,20230528_140000.WAV,2023-05-28,14:00:00,17280488
AM3,20230528_180000.WAV,2023-05-28,18:00:00,17280488
AM3,20230529_000000.WAV,2023-05-29,00:00:00,17280488
AM3,20230529_040000.WAV,2023-05-29,04:00:00,17280488
AM3,20230529_140000.WAV,2023-05-29,14:00:00,17280488
AM3,20230529_180000.WAV,2023-05-29,18:00:00,17280488
AM3,20230530_000000.WAV,2023-05-30,00:00:00,17280488
AM3,20230530_040000.WAV,2023-05-30,04:00:00,17280488
AM3,20230530_140000.WAV,2023-05-30,14:00:00,17280488
AM3,20230530_180000.WAV,2023-05-30,18:00:00,17280488
AM3,20230531_000000.WAV,2023-05-31,00:00:00,17280488
AM3,20230531_040000.WAV,2023-05-31,04:00:00,17280488
AM3,20230531_140000.WAV,2023-05-31,14:00:00,17280488
AM3,20230531_180000.WAV,2023-05-31,18:00:00,17280488
AM3,20230601_000000.WAV,2023-06-01,00:00:00,17280488
AM3,20230601_040000.WAV,2023-06-01,04:00:00,17280488
AM3,20230601_140000.WAV,2023-06-01,14:00:00,17280488
AM3,20230601_180000.WAV,2023-06-01,18:00:00,17280488
AM3,20230602_000000.WAV,2023-06-02,00:00:00,17280488
AM3,20230602_040000.WAV,2023-06-02,04:00:00,17280488
AM3,20230602_140000.WAV,2023-06-02,14:00:00,17280488
AM3,20230602_180000.WAV,2023-06-02,18:00:00,17280488
AM3,20230603_000000.WAV,2023-06-03,00:00:00,17280488
AM3,20230603_040000.WAV,2023-06-03,04:00:00,17280488
AM3,20230603_140000.WAV,2023-06-03,14:00:00,17280488
AM3,20230603_180000.WAV,2023-06-03,18:00:00,17280488
AM3,20230604_000000.WAV,2023-06-04,00:00:00,17280488
AM3,20230604_040000.WAV,2023-06-04,04:00:00,17280488
AM3,20230604_140000.WAV,2023-06-04,14:00:00,17280488
AM3,20230604_180000.WAV,2023-06-04,18:00:00,17280488
AM3,20230605_000000.WAV,2023-06-05,00:00:00,17280488
AM3,20230605_040000.WAV,2023-06-05,04:00:00,17280488
AM3,20230605_140000.WAV,2023-06-05,14:00:00,17280488
AM3,20230605_180000.WAV,2023-06-05,18:00:00,17280488
AM3,20230606_000000.WAV,2023-06-06,00:00:00,17280488
AM3,20230606_040000.WAV,2023-06-06,04:00:00,17280488
AM3,20230606_140000.WAV,2023-06-06,14:00:00,17280488
AM3,20230606_180000.WAV,2023-06-06,18:00:00,17280488
AM3,20230607_000000.WAV,2023-06-07,00:00:00,17280488
AM3,20230607_040000.WAV,2023-06-07,04:00:00,17280488
AM3,20230607_140000.WAV,2023-06-07,14:00:00,17280488
AM3,20230607_180000.WAV,2023-06-07,18:00:00,17280488
AM3,20230608_000000.WAV,2023-06-08,00:00:00,17280488
AM3,20230608_040000.WAV,2023-06-08,04:00:00,17280488
AM3,20230608_140000.WAV,2023-06-08,14:00:00,17280488
AM3,20230608_180000.WAV,2023-06-08,18:00:00,17280488
AM3,20230609_000000.WAV,2023-06-09,00:00:00,17280488
AM3,20230609_040000.WAV,2023-06-09,04:00:00,17280488
AM3,20230609_140000.WAV,2023-06-09,14:00:00,17280488
AM3,20230609_180000.WAV,2023-06-09,18:00:00,17280488
AM3,20230610_000000.WAV,2023-06-10,00:00:00,17280488
AM3,20230610_040000.WAV,2023-06-10,04:00:00,17280488
AM3,20230610_140000.WAV,2023-06-10,14:00:00,17280488
AM3,20230610_180000.WAV,2023-06-10,18:00:00,17280488
AM3,20230611_000000.WAV,2023-06-11,00:00:00,17280488
AM3,20230611_040000.WAV,2023-06-11,04:00:00,17280488
AM3,20230611_140000.WAV,2023-06-11,14:00:00,17280488
AM3,20230611_180000.WAV,2023-06-11,18:00:00,17280488
AM3,20230612_000000.WAV,2023-06-12,00:00:00,17280488
AM3,20230612_040000.WAV,2023-06-12,04:00:00,17280488
AM3,20230612_140000.WAV,2023-06-12,14:00:00,17280488
AM3,20230612_180000.WAV,2023-06-12,18:00:00,17280488
AM3,20230613_000000.WAV,2023-06-13,00:00:00,17280488
AM3,20230613_040000.WAV,2023-06-13,04:00:00,17280488
AM3,20230613_140000.WAV,2023-06-13,14:00:00,17280488
AM3,20230613_180000.WAV,2023-06-13,18:00:00,17280488
AM3,20230614_000000.WAV,2023-06-14,00:00:00,17280488
AM3,20230614_040000.WAV,2023-06-14,04:00:00,17280488
AM3,20230614_140000.WAV,2023-06-14,14:00:00,17280488
AM3,20230614_180000.WAV,2023-06-14,18:00:00,17280488
AM3,20230615_000000.WAV,2023-06-15,00:00:00,17280488
AM3,20230615_040000.WAV,2023-06-15,04:00:00,17280488
AM3,20230615_140000.WAV,2023-06-15,14:00:00,17280488
AM3,20230615_180000.WAV,2023-06-15,18:00:00,17280488
AM3,20230616_000000.WAV,2023-06-16,00:00:00,17280488
AM3,20230616_040000.WAV,2023-06-16,04:00:00,17280488
AM3,20230616_140000.WAV,2023-06-16,14:00:00,17280488
AM3,20230616_180000.WAV,2023-06-16,18:00:00,17280488
AM3,20230617_000000.WAV,2023-06-17,00:00:00,17280488
AM3,20230617_040000.WAV,2023-06-17,04:00:00,17280488
AM3,20230617_140000.WAV,2023-06-17,14:00:00,17280488
AM3,20230617_180000.WAV,2023-06-17,18:00:00,17280488
AM3,20230618_000000.WAV,2023-06-18,00:00:00,17280488
AM3,20230618_040000.WAV,2023-06-18,04:00:00,17280488
AM3,20230618_140000.WAV,2023-06-18,14:00:00,17280488
AM3,20230618_180000.WAV,2023-06-18,18:00:00,17280488
AM3,20230619_000000.WAV,2023-06-19,00:00:00,17280488
AM3,20230619_040000.WAV,2023-06-19,04:00:00,17280488
AM3,20230619_140000.WAV,2023-06-19,14:00:00,17280488
AM3,20230619_180000.WAV,2023-06-19,18:00:00,17280488
AM3,20230620_000000.WAV,2023-06-20,00:00:00,17280488
AM3,20230620_040000.WAV,2023-06-20,04:00:00,17280488
AM3,20230620_140000.WAV,2023-06-20,14:00:00,17280488
AM3,20230620_180000.WAV,2023-06-20,18:00:00,17280488
AM3,20230621_000000.WAV,2023-06-21,00:00:00,17280488
AM3,20230621_040000.WAV,2023-06-21,04:00:00,17280488
AM3,20230621_140000.WAV,2023-06-21,14:00:00,17280488
AM3,20230621_180000.WAV,2023-06-21,18:00:00,17280488
AM3,20230622_000000.WAV,2023-06-22,00:00:00,17280488
AM3,20230622_040000.WAV,2023-06-22,04:00:00,17280488
AM3,20230622_140000.WAV,2023-06-22,14:00:00,17280488
AM3,20230622_180000.WAV,2023-06-22,18:00:00,17280488
AM3,20230623_000000.WAV,2023-06-23,00:00:00,17280488
AM3,20230623_040000.WAV,2023-06-23,04:00:00,17280488
AM3,20230623_140000.WAV,2023-06-23,14:00:00,17280488
AM3,20230623_180000.WAV,2023-06-23,18:00:00,17280488
AM3,20230624_000000.WAV,2023-06-24,00:00:00,17280488
AM3,20230624_040000.WAV,2023-06-24,04:00:00,17280488
AM3,20230624_140000.WAV,2023-06-24,14:00:00,17280488
AM3,20230624_180000.WAV,2023-06-24,18:00:00,17280488
AM3,20230625_000000.WAV,2023-06-25,00:00:00,17280488
AM3,20230625_040000.WAV,2023-06-25,04:00:00,17280488
AM3,20230625_140000.WAV,2023-06-25,14:00:00,17280488
AM3,20230625_180000.WAV,2023-06-25,18:00:00,17280488
AM3,20230626_000000.WAV,2023-06-26,00:00:00,17280488
AM3,20230626_040000.WAV,2023-06-26,04:00:00,17280488
AM3,20230626_140000.WAV,2023-06-26,14:00:00,17280488
AM3,20230626_180000.WAV,2023-06-26,18:00:00,17280488
AM3,20230627_000000.WAV,2023-06-27,00:00:00,17280488
AM3,20230627_040000.WAV,2023-06-27,04:00:00,17280488
AM3,20230627_140000.WAV,2023-06-27,14:00:00,17280488
AM3,20230627_180000.WAV,2023-06-27,18:00:00,17280488
AM3,20230628_000000.WAV,2023-06-28,00:00:00,17280488
AM3,20230628_040000.WAV,2023-06-28,04:00:00,17280488
AM3,20230628_140000.WAV,2023-06-28,14:00:00,17280488
AM3,20230628_180000.WAV,2023-06-28,18:00:00,17280488
AM3,20230629_000000.WAV,2023-06-29,00:00:00,17280488
AM3,20230629_040000.WAV,2023-06-29,04:00:00,17280488
AM3,20230629_140000.WAV,2023-06-29,14:00:00,17280488
AM3,20230629_180000.WAV,2023-06-29,18:00:00,17280488
AM3,20230630_000000.WAV,2023-06-30,00:00:00,17280488
AM3,20230630_040000.WAV,2023-06-30,04:00:00,17280488
AM3,20230630_140000.WAV,2023-06-30,14:00:00,17280488
AM3,20230630_180000.WAV,2023-06-30,18:00:00,17280488
AM3,20230701_000000.WAV,2023-07-01,00:00:00,17280488
AM3,20230701_040000.WAV,2023-07-01,04:00:00,17280488
AM3,20230701_140000.WAV,2023-07-01,14:00:00,17280488
AM3,20230701_180000.WAV,2023-07-01,18:00:00,17280488
AM3,20230702_000000.WAV,2023-07-02,00:00:00,17280488
AM3,20230702_040000.WAV,2023-07-02,04:00:00,17280488
AM3,20230702_140000.WAV,2023-07-02,14:00:00,17280488
AM3,20230702_180000.WAV,2023-07-02,18:00:00,17280488
AM3,20230703_000000.WAV,2023-07-03,00:00:00,17280488
AM3,20230703_040000.WAV,2023-07-03,04:00:00,17280488
AM3,20230703_140000.WAV,2023-07-03,14:00:00,17280488
AM3,20230703_180000.WAV,2023-07-03,18:00:00,17280488
AM3,20230704_000000.WAV,2023-07-04,00:00:00,17280488
AM3,20230704_040000.WAV,2023-07-04,04:00:00,17280488
AM3,20230704_140000.WAV,2023-07-04,14:00:00,17280488
AM3,20230704_180000.WAV,2023-07-04,18:00:00,17280488
AM3,20230705_000000.WAV,2023-07-05,00:00:00,17280488
AM3,20230705_040000.WAV,2023-07-05,04:00:00,17280488
AM3,20230705_140000.WAV,2023-07-05,14:00:00,17280488
AM3,20230705_180000.WAV,2023-07-05,18:00:00,17280488
AM3,20230706_000000.WAV,2023-07-06,00:00:00,17280488
AM3,20230706_040000.WAV,2023-07-06,04:00:00,17280488
AM3,20230706_140000.WAV,2023-07-06,14:00:00,17280488
AM3,20230706_180000.WAV,2023-07-06,18:00:00,17280488
AM3,20230707_000000.WAV,2023-07-07,00:00:00,17280488
AM3,20230707_040000.WAV,2023-07-07,04:00:00,17280488
AM3,20230707_140000.WAV,2023-07-07,14:00:00,17280488
AM3,20230707_180000.WAV,2023-07-07,18:00:00,17280488
AM3,20230708_000000.WAV,2023-07-08,00:00:00,17280488
AM3,20230708_040000.WAV,2023-07-08,04:00:00,17280488
AM3,20230708_140000.WAV,2023-07-08,14:00:00,17280488
AM3,20230708_180000.WAV,2023-07-08,18:00:00,17280488
AM3,20230709_000000.WAV,2023-07-09,00:00:00,17280488
AM3,20230709_040000.WAV,2023-07-09,04:00:00,17280488
AM3,20230709_140000.WAV,2023-07-09,14:00:00,17280488
AM3,20230709_180000.WAV,2023-07-09,18:00:00,17280488
AM3,20230710_000000.WAV,2023-07-10,00:00:00,17280488
AM3,20230710_040000.WAV,2023-07-10,04:00:00,17280488
AM3,20230710_140000.WAV,2023-07-10,14:00:00,17280488
AM3,20230710_180000.WAV,2023-07-10,18:00:00,17280488
AM3,20230711_000000.WAV,2023-07-11,00:00:00,17280488
AM3,20230711_040000.WAV,2023-07-11,04:00:00,17280488
AM3,20230711_140000.WAV,2023-07-11,14:00:00,17280488
AM3,20230711_180000.WAV,2023-07-11,18:00:00,17280488
AM3,20230712_000000.WAV,2023-07-12,00:00:00,17280488
AM3,20230712_040000.WAV,2023-07-12,04:00:00,17280488
AM3,20230712_140000.WAV,2023-07-12,14:00:00,17280488
AM3,20230712_180000.WAV,2023-07-12,18:00:00,17280488
AM3,20230713_000000.WAV,2023-07-13,00:00:00,17280488
AM3,20230713_040000.WAV,2023-07-13,04:00:00,17280488
AM3,20230713_140000.WAV,2023-07-13,14:00:00,17280488
AM3,20230713_180000.WAV,2023-07-13,18:00:00,17280488
AM3,20230714_000000.WAV,2023-07-14,00:00:00,17280488
AM3,20230714_040000.WAV,2023-07-14,04:00:00,17280488
AM3,20230714_140000.WAV,2023-07-14,14:00:00,17280488
AM3,20230714_180000.WAV,2023-07-14,18:00:00,17280488
AM3,20230715_000000.WAV,2023-07-15,00:00:00,17280488
AM3,20230715_040000.WAV,2023-07-15,04:00:00,17280488
AM3,20230715_140000.WAV,2023-07-15,14:00:00,17280488
AM3,20230715_180000.WAV,2023-07-15,18:00:00,17280488
AM3,20230716_000000.WAV,2023-07-16,00:00:00,17280488
AM3,20230716_040000.WAV,2023-07-16,04:00:00,17280488
AM3,20230716_140000.WAV,2023-07-16,14:00:00,17280488
AM3,20230716_180000.WAV,2023-07-16,18:00:00,17280488
AM3,20230717_000000.WAV,2023-07-17,00:00:00,17280488
AM3,20230717_040000.WAV,2023-07-17,04:00:00,17280488
AM3,20230717_140000.WAV,2023-07-17,14:00:00,17280488
AM3,20230717_180000.WAV,2023-07-17,18:00:00,17280488
AM3,20230718_000000.WAV,2023-07-18,00:00:00,17280488
AM3,20230718_040000.WAV,2023-07-18,04:00:00,17280488
AM3,20230718_140000.WAV,2023-07-18,14:00:00,17280488
AM3,20230718_180000.WAV,2023-07-18,18:00:00,17280488
AM3,20230719_000000.WAV,2023-07-19,00:00:00,17280488
AM3,20230719_040000.WAV,2023-07-19,04:00:00,17280488
AM3,20230719_140000.WAV,2023-07-19,14:00:00,17280488
AM3,20230719_180000.WAV,2023-07-19,18:00:00,17280488
AM3,20230720_000000.WAV,2023-07-20,00:00:00,17280488
AM3,20230720_040000.WAV,2023-07-20,04:00:00,17280488
AM3,20230720_140000.WAV,2023-07-20,14:00:00,17280488
AM3,20230720_180000.WAV,2023-07-20,18:00:00,17280488
AM3,20230721_000000.WAV,2023-07-21,00:00:00,17280488
AM3,20230721_040000.WAV,2023-07-21,04:00:00,17280488
AM3,20230721_140000.WAV,2023-07-21,14:00:00,17280488
AM3,20230721_180000.WAV,2023-07-21,18:00:00,17280488
AM3,20230722_000000.WAV,2023-07-22,00:00:00,17280488
AM3,20230722_040000.WAV,2023-07-22,04:00:00,17280488
AM3,20230722_140000.WAV,2023-07-22,14:00:00,17280488
AM3,20230722_180000.WAV,2023-07-22,18:00:00,17280488
AM3,20230723_000000.WAV,2023-07-23,00:00:00,17280488
AM3,20230723_040000.WAV,2023-07-23,04:00:00,17280488
AM3,20230723_140000.WAV,2023-07-23,14:00:00,17280488
AM3,20230723_180000.WAV,2023-07-23,18:00:00,17280488
AM3,20230724_000000.WAV,2023-07-24,00:00:00,17280488
AM3,20230724_040000.WAV,2023-07-24,04:00:00,17280488
AM3,20230724_140000.WAV,2023-07-24,14:00:00,17280488
AM3,20230724_180000.WAV,2023-07-24,18:00:00,17280488
AM3,20230725_000000.WAV,2023-07-25,00:00:00,17280488
AM3,20230725_040000.WAV,2023-07-25,04:00:00,17280488
AM3,20230725_140000.WAV,2023-07-25,14:00:00,17280488
AM3,20230725_180000.WAV,2023-07-25,18:00:00,17280488
AM3,20230726_000000.WAV,2023-07-26,00:00:00,17280488
AM3,20230726_040000.WAV,2023-07-26,04:00:00,17280488
AM3,20230726_140000.WAV,2023-07-26,14:00:00,17280488
AM3,20230726_180000.WAV,2023-07-26,18:00:00,17280488
AM3,20230727_000000.WAV,2023-07-27,00:00:00,17280488
AM3,20230727_040000.WAV,2023-07-27,04:00:00,17280488
AM3,20230727_140000.WAV,2023-07-27,14:00:00,17280488
AM3,20230727_180000.WAV,2023-07-27,18:00:00,17280488
AM3,20230728_000000.WAV,2023-07-28,00:00:00,17280488
AM3,20230728_040000.WAV,2023-07-28,04:00:00,17280488
AM3,20230728_140000.WAV,2023-07-28,14:00:00,17280488
AM3,20230728_180000.WAV,2023-07-28,18:00:00,17280488
AM3,20230729_000000.WAV,2023-07-29,00:00:00,17280488
AM3,20230729_040000.WAV,2023-07-29,04:00:00,17280488
AM3,20230729_140000.WAV,2023-07-29,14:00:00,17280488
AM3,20230729_180000.WAV,2023-07-29,18:00:00,17280488
AM3,20230730_000000.WAV,2023-07-30,00:00:00,17280488
AM3,20230730_040000.WAV,2023-07-30,04:00:00,17280488
AM3,20230730_140000.WAV,2023-07-30,14:00:00,17280488
AM3,20230730_180000.WAV,2023-07-30,18:00:00,17280488
AM3,20230731_000000.WAV,2023-07-31,00:00:00,17280488
AM3,20230731_040000.WAV,2023-07-31,04:00:00,17280488
AM3,20230731_140000.WAV,2023-07-31,14:00:00,17280488
AM3,20230731_180000.WAV,2023-07-31,18:00:00,17280488
AM3,20230801_000000.WAV,2023-08-01,00:00:00,17280488
AM3,20230801_040000.WAV,2023-08-01,04:00:00,17280488
AM3,20230801_140000.WAV,2023-08-01,14:00:00,17280488
AM3,20230801_180000.WAV,2023-08-01,18:00:00,17280488
AM3,20230802_000000.WAV,2023-08-02,00:00:00,17280488
AM3,20230802_040000.WAV,2023-08-02,04:00:00,17280488
AM3,20230802_140000.WAV,2023-08-02,14:00:00,17280488
AM3,20230802_180000.WAV,2023-08-02,18:00:00,17280488
AM3,20230803_000000.WAV,2023-08-03,00:00:00,17280488
AM3,20230803_040000.WAV,2023-08-03,04:00:00,17280488
AM3,20230803_140000.WAV,2023-08-03,14:00:00,17280488
AM3,20230803_180000.WAV,2023-08-03,18:00:00,17280488
AM3,20230804_000000.WAV,2023-08-04,00:00:00,17280488
AM3,20230804_040000.WAV,2023-08-04,04:00:00,17280488
AM3,20230804_140000.WAV,2023-08-04,14:00:00,17280488
AM3,20230804_180000.WAV,2023-08-04,18:00:00,17280488
AM3,20230805_000000.WAV,2023-08-05,00:00:00,17280488
AM3,20230805_040000.WAV,2023-08-05,04:00:00,17280488
AM3,20230805_140000.WAV,2023-08-05,14:00:00,17280488
AM3,20230805_180000.WAV,2023-08-05,18:00:00,17280488
AM3,20230806_000000.WAV,2023-08-06,00:00:00,17280488
AM3,20230806_040000.WAV,2023-08-06,04:00:00,17280488
AM3,20230806_140000.WAV,2023-08-06,14:00:00,17280488
AM3,20230806_180000.WAV,2023-08-06,18:00:00,17280488
AM3,20230807_000000.WAV,2023-08-07,00:00:00,17280488
AM3,20230807_040000.WAV,2023-08-07,04:00:00,17280488
AM3,20230807_140000.WAV,2023-08-07,14:00:00,17280488
AM3,20230807_180000.WAV,2023-08-07,18:00:00,17280488
AM3,20230808_000000.WAV,2023-08-08,00:00:00,17280488
AM3,20230808_040000.WAV,2023-08-08,04:00:00,17280488
AM3,20230808_140000.WAV,2023-08-08,14:00:00,17280488
AM3,20230808_180000.WAV,2023-08-08,18:00:00,17280488
AM3,20230809_000000.WAV,2023-08-09,00:00:00,17280488
AM3,20230809_040000.WAV,2023-08-09,04:00:00,17280488
AM3,20230809_140000.WAV,2023-08-09,14:00:00,17280488
AM3,20230809_180000.WAV,2023-08-09,18:00:00,17280488
AM3,20230810_000000.WAV,2023-08-10,00:00:00,17280488
AM3,20230810_040000.WAV,2023-08-10,04:00:00,17280488
AM3,20230810_140000.WAV,2023-08-10,14:00:00,17280488
AM3,20230810_180000.WAV,2023-08-10,18:00:00,17280488
AM3,20230811_000000.WAV,2023-08-11,00:00:00,17280488
AM3,20230811_040000.WAV,2023-08-11,04:00:00,17280488
AM3,20230811_140000.WAV,2023-08-11,14:00:00,17280488
AM3,20230811_180000.WAV,2023-08-11,18:00:00,17280488
AM3,20230812_000000.WAV,2023-08-12,00:00:00,17280488
AM3,20230812_040000.WAV,2023-08-12,04:00:00,17280488
AM3,20230812_140000.WAV,2023-08-12,14:00:00,17280488
AM3,20230812_180000.WAV,2023-08-12,18:00:00,17280488
AM3,20230813_000000.WAV,2023-08-13,00:00:00,17280488
AM3,20230813_040000.WAV,2023-08-13,04:00:00,17280488
AM3,20230813_140000.WAV,2023-08-13,14:00:00,17280488
AM3,20230813_180000.WAV,2023-08-13,18:00:00,17280488
AM3,20230814_000000.WAV,2023-08-14,00:00:00,17280488
AM3,20230814_040000.WAV,2023-08-14,04:00:00,17280488
AM3,20230814_140000.WAV,2023-08-14,14:00:00,17280488
AM3,20230814_180000.WAV,2023-08-14,18:00:00,17280488
AM3,20230815_000000.WAV,2023-08-15,00:00:00,17280488
AM3,20230815_040000.WAV,2023-08-15,04:00:00,17280488
AM3,20230815_140000.WAV,2023-08-15,14:00:00,17280488
AM3,20230815_180000.WAV,2023-08-15,18:00:00,17280488
AM3,20230816_000000.WAV,2023-08-16,00:00:00,17280488
AM3,20230816_040000.WAV,2023-08-16,04:00:00,17280488
AM3,20230816_140000.WAV,2023-08-16,14:00:00,17280488
AM3,20230816_180000.WAV,2023-08-16,18:00:00,17280488
AM3,20230817_000000.WAV,2023-08-17,00:00:00,17280488
AM3,20230817_040000.WAV,2023-08-17,04:00:00,17280488
AM3,20230817_140000.WAV,2023-08-17,14:00:00,17280488
AM3,20230817_180000.WAV,2023-08-17,18:00:00,17280488
AM3,20230818_000000.WAV,2023-08-18,00:00:00,17280488
AM3,20230818_040000.WAV,2023-08-18,04:00:00,17280488
AM3,20230818_140000.WAV,2023-08-18,14:00:00,17280488
AM3,20230818_180000.WAV,2023-08-18,18:00:00,17280488
AM3,20230819_000000.WAV,2023-08-19,00:00:00,17280488
AM3,20230819_040000.WAV,2023-08-19,04:00:00,17280488
AM3,20230819_140000.WAV,2023-08-19,14:00:00,17280488
AM3,20230819_180000.WAV,2023-08-19,18:00:00,17280488
AM3,20230820_000000.WAV,2023-08-20,00:00:00,17280488
AM3,20230820_040000.WAV,2023-08-20,04:00:00,17280488
AM3,20230820_140000.WAV,2023-08-20,14:00:00,17280488
AM3,20230820_180000.WAV,2023-08-20,18:00:00,17280488
AM3,20230821_000000.WAV,2023-08-21,00:00:00,17280488
AM3,20230821_040000.WAV,2023-08-21,04:00:00,17280488
AM3,20230821_140000.WAV,2023-08-21,14:00:00,17280488
AM3,20230821_180000.WAV,2023-08-21,18:00:00,17280488
AM3,20230822_000000.WAV,2023-08-22,00:00:00,17280488
AM3,20230822_040000.WAV,2023-08-22,04:00:00,17280488
AM3,20230822_140000.WAV,2023-08-22,14:00:00,17280488
AM3,20230822_180000.WAV,2023-08-22,18:00:00,17280488
AM3,20230823_000000.WAV,2023-08-23,00:00:00,17280488
AM3,20230823_040000.WAV,2023-08-23,04:00:00,17280488
AM3,20230823_140000.WAV,2023-08-23,14:00:00,17280488
AM3,20230823_180000.WAV,2023-08-23,18:00:00,17280488
AM3,20230824_000000.WAV,2023-08-24,00:00:00,17280488
AM3,20230824_040000.WAV,2023-08-24,04:00:00,17280488
AM3,20230824_140000.WAV,2023-08-24,14:00:00,17280488
AM3,20230824_180000.WAV,2023-08-24,18:00:00,17280488
AM3,20230825_000000.WAV,2023-08-25,00:00:00,17280488
AM3,20230825_040000.WAV,2023-08-25,04:00:00,17280488
AM3,20230825_140000.WAV,2023-08-25,14:00:00,17280488
AM3,20230825_180000.WAV,2023-08-25,18:00:00,17280488
AM3,20230826_000000.WAV,2023-08-26,00:00:00,17280488
AM3,20230826_040000.WAV,2023-08-26,04:00:00,17280488
AM3,20230826_140000.WAV,2023-08-26,14:00:00,17280488
AM3,20230826_180000.WAV,2023-08-26,18:00:00,17280488
AM3,20230827_000000.WAV,2023-08-27,00:00:00,17280488
AM3,20230827_040000.WAV,2023-08-27,04:00:00,17280488
AM3,20230827_140000.WAV,2023-08-27,14:00:00,17280488
AM3,20230827_180000.WAV,2023-08-27,18:00:00,17280488
AM3,20230828_000000.WAV,2023-08-28,00:00:00,17280488
AM3,20230828_040000.WAV,2023-08-28,04:00:00,17280488
AM3,20230828_140000.WAV,2023-08-28,14:00:00,17280488
AM3,20230828_180000.WAV,2023-08-28,18:00:00,17280488
AM3,20230829_000000.WAV,2023-08-29,00:00:00,17280488
AM3,20230829_040000.WAV,2023-08-29,04:00:00,17280488
AM3,20230829_140000.WAV,2023-08-29,14:00:00,17280488
AM3,20230829_180000.WAV,2023-08-29,18:00:00,17280488
AM3,20230830_000000.WAV,2023-08-30,00:00:00,17280488
AM3,20230830_040000.WAV,2023-08-30,04:00:00,17280488
AM3,20230830_140000.WAV,2023-08-30,14:00:00,17280488
AM3,20230830_180000.WAV,2023-08-30,18:00:00,17280488
AM3,20230831_000000.WAV,2023-08-31,00:00:00,17280488
AM3,20230831_040000.WAV,2023-08-31,04:00:00,17280488
AM3,20230831_140000.WAV,2023-08-31,14:00:00,17280488
AM3,20230831_180000.WAV,2023-08-31,18:00:00,17280488
AM3,20230901_000000.WAV,2023-09-01,00:00:00,17280488
AM3,20230901_040000.WAV,2023-09-01,04:00:00,17280488
AM3,20230901_140000.WAV,2023-09-01,14:00:00,17280488
AM3,20230901_180000.WAV,2023-09-01,18:00:00,17280488
AM3,20230902_000000.WAV,2023-09-02,00:00:00,17280488
AM3,20230902_040000.WAV,2023-09-02,04:00:00,17280488
AM3,20230902_140000.WAV,2023-09-02,14:00:00,17280488
AM3,20230902_180000.WAV,2023-09-02,18:00:00,17280488
AM3,20230903_000000.WAV,2023-09-03,00:00:00,17280488
AM3,20230903_040000.WAV,2023-09-03,04:00:00,17280488
AM3,20230903_140000.WAV,2023-09-03,14:00:00,17280488
AM3,20230903_180000.WAV,2023-09-03,18:00:00,17280488
AM3,20230904_000000.WAV,2023-09-04,00:00:00,17280488
AM3,20230904_040000.WAV,2023-09-04,04:00:00,17280488
AM3,20230904_140000.WAV,2023-09-04,14:00:00,17280488
AM3,20230904_180000.WAV,2023-09-04,18:00:00,17280488
AM3,20230905_000000.WAV,2023-09-05,00:00:00,17280488
AM3,20230905_040000.WAV,2023-09-05,04:00:00,17280488
AM3,20230905_140000.WAV,2023-09-05,14:00:00,17280488
AM3,20230905_180000.WAV,2023-09-05,18:00:00,17280488
AM3,20230906_000000.WAV,2023-09-06,00:00:00,17280488
AM3,20230906_040000.WAV,2023-09-06,04:00:00,17280488
AM3,20230906_140000.WAV,2023-09-06,14:00:00,17280488
AM3,20230906_180000.WAV,2023-09-06,18:00:00,17280488
AM3,20230907_000000.WAV,2023-09-07,00:00:00,17280488
AM3,20230907_040000.WAV,2023-09-07,04:00:00,17280488
AM3,20230907_140000.WAV,2023-09-07,14:00:00,17280488
AM3,20230907_180000.WAV,2023-09-07,18:00:00,17280488
AM3,20230908_000000.WAV,2023-09-08,00:00:00,17280488
AM3,20230908_040000.WAV,2023-09-08,04:00:00,17280488
AM3,20230908_140000.WAV,2023-09-08,14:00:00,17280488
AM3,20230908_180000.WAV,2023-09-08,18:00:00,17280488
AM3,20230909_000000.WAV,2023-09-09,00:00:00,17280488
AM3,20230909_040000.WAV,2023-09-09,04:00:00,17280488
AM3,20230909_140000.WAV,2023-09-09,14:00:00,17280488
AM3,20230909_180000.WAV,2023-09-09,18:00:00,17280488
AM3,20230910_000000.WAV,2023-09-10,00:00:00,17280488
AM3,20230910_040000.WAV,2023-09-10,04:00:00,17280488
AM3,20230910_140000.WAV,2023-09-10,14:00:00,17280488
AM3,20230910_180000.WAV,2023-09-10,18:00:00,17280488
AM3,20230911_000000.WAV,2023-09-11,00:00:00,17280488
AM3,20230911_040000.WAV,2023-09-11,04:00:00,17280488
AM3,20230911_140000.WAV,2023-09-11,14:00:00,17280488
AM3,20230911_180000.WAV,2023-09-11,18:00:00,17280488
AM3,20230912_000000.WAV,2023-09-12,00:00:00,17280488
AM3,20230912_040000.WAV,2023-09-12,04:00:00,17280488
AM3,20230912_140000.WAV,2023-09-12,14:00:00,17280488
AM3,20230912_180000.WAV,2023-09-12,18:00:00,17280488
AM3,20230913_000000.WAV,2023-09-13,00:00:00,17280488
AM3,20230913_040000.WAV,2023-09-13,04:00:00,17280488
AM3,20230913_140000.WAV,2023-09-13,14:00:00,17280488
AM3,20230913_180000.WAV,2023-09-13,18:00:00,17280488
AM3,20230914_000000.WAV,2023-09-14,00:00:00,17280488
AM3,20230914_040000.WAV,2023-09-14,04:00:00,17280488
AM3,20230914_140000.WAV,2023-09-14,14:00:00,17280488
AM3,20230914_180000.WAV,2023-09-14,18:00:00,17280488
AM3,20230915_000000.WAV,2023-09-15,00:00:00,17280488
AM3,20230915_040000.WAV,2023-09-15,04:00:00,17280488
AM3,20230915_140000.WAV,2023-09-15,14:00:00,17280488
AM3,20230915_180000.WAV,2023-09-15,18:00:00,17280488
AM3,20230916_000000.WAV,2023-09-16,00:00:00,17280488
AM3,20230916_040000.WAV,2023-09-16,04:00:00,17280488
AM3,20230916_140000.WAV,2023-09-16,14:00:00,17280488
AM3,20230916_180000.WAV,2023-09-16,18:00:00,17280488
AM3,20230917_000000.WAV,2023-09-17,00:00:00,17280488
AM3,20230917_040000.WAV,2023-09-17,04:00:00,17280488
AM3,20230917_140000.WAV,2023-09-17,14:00:00,17280488
AM3,20230917_180000.WAV,2023-09-17,18:00:00,17280488
AM3,20230918_000000.WAV,2023-09-18,00:00:00,17280488
AM3,20230918_040000.WAV,2023-09-18,04:00:00,17280488
AM3,20230918_140000.WAV,2023-09-18,14:00:00,17280488
AM3,20230918_180000.WAV,2023-09-18,18:00:00,17280488
AM3,20230919_000000.WAV,2023-09-19,00:00:00,17280488
AM3,20230919_040000.WAV,2023-09-19,04:00:00,17280488
AM3,20230919_140000.WAV,2023-09-19,14:00:00,17280488
AM3,20230919_180000.WAV,2023-09-19,18:00:00,17280488
AM3,20230920_000000.WAV,2023-09-20,00:00:00,17280488
AM3,20230920_040000.WAV,2023-09-20,04:00:00,17280488
AM3,20230920_140000.WAV,2023-09-20,14:00:00,17280488
AM3,20230920_180000.WAV,2023-09-20,18:00:00,17280488
AM3,20230921_000000.WAV,2023-09-21,00:00:00,17280488
AM3,20230921_040000.WAV,2023-09-21,04:00:00,17280488
AM3,20230921_140000.WAV,2023-09-21,14:00:00,17280488
AM3,20230921_180000.WAV,2023-09-21,18:00:00,17280488
AM3,20230922_000000.WAV,2023-09-22,00:00:00,17280488
AM3,20230922_040000.WAV,2023-09-22,04:00:00,17280488
AM3,20230922_140000.WAV,2023-09-22,14:00:00,17280488
AM3,20230922_180000.WAV,2023-09-22,18:00:00,17280488
AM3,20230923_000000.WAV,2023-09-23,00:00:00,17280488
AM3,20230923_040000.WAV,2023-09-23,04:00:00,17280488
AM3,20230923_140000.WAV,2023-09-23,14:00:00,17280488
AM3,20230923_180000.WAV,2023-09-23,18:00:00,17280488
AM3,20230924_000000.WAV,2023-09-24,00:00:00,17280488
AM3,20230924_040000.WAV,2023-09-24,04:00:00,17280488
AM3,20230924_140000.WAV,2023-09-24,14:00:00,17280488
AM3,20230924_180000.WAV,2023-09-24,18:00:00,17280488
AM3,20230925_000000.WAV,2023-09-25,00:00:00,17280488
AM3,20230925_040000.WAV,2023-09-25,04:00:00,17280488
AM3,20230925_140000.WAV,2023-09-25,14:00:00,17280488
AM3,20230925_180000.WAV,2023-09-25,18:00:00,17280488
AM3,20230926_000000.WAV,2023-09-26,00:00:00,17280488
AM3,20230926_040000.WAV,2023-09-26,04:00:00,17280488
AM3,20230926_140000.WAV,2023-09-26,14:00:00,17280488
AM3,20230926_180000.WAV,2023-09-26,18:00:00,17280488
AM3,20230927_000000.WAV,2023-09-27,00:00:00,17280488
AM3,20230927_040000.WAV,2023-09-27,04:00:00,17280488
AM3,20230927_140000.WAV,2023-09-27,14:00:00,17280488
AM3,20230927_180000.WAV,2023-09-27,18:00:00,17280488
AM3,20230928_000000.WAV,2023-09-28,00:00:00,17280488
AM3,20230928_040000.WAV,2023-09-28,04:00:00,17280488
AM3,20230928_140000.WAV,2023-09-28,14:00:00,17280488
AM3,20230928_180000.WAV,2023-09-28,18:00:00,17280488
AM3,20230929_000000.WAV,2023-09-29,00:00:00,17280488
AM4,20230330_180000.WAV,2023-03-30,18:00:00,17280488
AM4,20230331_000000.WAV,2023-03-31,00:00:00,17280488
AM4,20230331_040000.WAV,2023-03-31,04:00:00,17280488
AM4,20230331_140000.WAV,2023-03-31,14:00:00,17280488
AM4,20230331_180000.WAV,2023-03-31,18:00:00,17280488
AM4,20230401_000000.WAV,2023-04-01,00:00:00,17280488
AM4,20230401_040000.WAV,2023-04-01,04:00:00,17280488
AM4,20230401_140000.WAV,2023-04-01,14:00:00,17280488
AM4,20230401_180000.WAV,2023-04-01,18:00:00,17280488
AM4,20230402_000000.WAV,2023-04-02,00:00:00,17280488
AM4,20230402_040000.WAV,2023-04-02,04:00:00,17280488
AM4,20230402_140000.WAV,2023-04-02,14:00:00,17280488
AM4,20230402_180000.WAV,2023-04-02,18:00:00,17280488
AM4,20230403_000000.WAV,2023-04-03,00:00:00,17280488
AM4,20230403_040000.WAV,2023-04-03,04:00:00,17280488
AM4,20230403_140000.WAV,2023-04-03,14:00:00,17280488
AM4,20230403_180000.WAV,2023-04-03,18:00:00,17280488
AM4,20230404_000000.WAV,2023-04-04,00:00:00,17280488
AM4,20230404_040000.WAV,2023-04-04,04:00:00,17280488
AM4,20230404_140000.WAV,2023-04-04,14:00:00,17280488
AM4,20230404_180000.WAV,2023-04-04,18:00:00,17280488
AM4,20230405_000000.WAV,2023-04-05,00:00:00,17280488
AM4,20230405_040000.WAV,2023-04-05,04:00:00,17280488
AM4,20230405_140000.WAV,2023-04-05,14:00:00,17280488
AM4,20230405_180000.WAV,2023-04-05,18:00:00,17280488
AM4,20230406_000000.WAV,2023-04-06,00:00:00,17280488
AM4,20230406_040000.WAV,2023-04-06,04:00:00,17280488
AM4,20230406_140000.WAV,2023-04-06,14:00:00,17280488
AM4,20230406_180000.WAV,2023-04-06,18:00:00,17280488
AM4,20230407_000000.WAV,2023-04-07,00:00:00,17280488
AM4,20230407_040000.WAV,2023-04-07,04:00:00,17280488
AM4,20230407_140000.WAV,2023-04-07,14:00:00,17280488
AM4,20230407_180000.WAV,2023-04-07,18:00:00,17280488
AM4,20230408_000000.WAV,2023-04-08,00:00:00,17280488
AM4,20230408_040000.WAV,2023-04-08,04:00:00,17280488
AM4,20230408_140000.WAV,2023-04-08,14:00:00,17280488
AM4,20230408_180000.WAV,2023-04-08,18:00:00,17280488
AM4,20230409_000000.WAV,2023-04-09,00:00:00,17280488
AM4,20230409_040000.WAV,2023-04-09,04:00:00,17280488
AM4,20230409_140000.WAV,2023-04-09,14:00:00,17280488
AM4,20230409_180000.WAV,2023-04-09,18:00:00,17280488
AM4,20230410_000000.WAV,2023-04-10,00:00:00,17280488
AM4,20230410_040000.WAV,2023-04-10,04:00:00,17280488
AM4,20230410_140000.WAV,2023-04-10,14:00:00,17280488
AM4,20230410_180000.WAV,2023-04-10,18:00:00,17280488
AM4,20230411_000000.WAV,2023-04-11,00:00:00,17280488
AM4,20230411_040000.WAV,2023-04-11,04:00:00,17280488
AM4,20230411_140000.WAV,2023-04-11,14:00:00,17280488
AM4,20230411_180000.WAV,2023-04-11,18:00:00,17280488
AM4,20230412_000000.WAV,2023-04-12,00:00:00,17280488
AM4,20230412_040000.WAV,2023-04-12,04:00:00,17280488
AM4,20230412_140000.WAV,2023-04-12,14:00:00,17280488
AM4,20230412_180000.WAV,2023-04-12,18:00:00,17280488
AM4,20230413_000000.WAV,2023-04-13,00:00:00,17280488
AM4,20230413_040000.WAV,2023-04-13,04:00:00,17280488
AM4,20230413_140000.WAV,2023-04-13,14:00:00,17280488
AM4,20230413_180000.WAV,2023-04-13,18:00:00,17280488
AM4,20230414_000000.WAV,2023-04-14,00:00:00,17280488
AM4,20230414_040000.WAV,2023-04-14,04:00:00,17280488
AM4,20230414_140000.WAV,2023-04-14,14:00:00,17280488
AM4,20230414_180000.WAV,2023-04-14,18:00:00,17280488
AM4,20230415_000000.WAV,2023-04-15,00:00:00,17280488
AM4,20230415_040000.WAV,2023-04-15,04:00:00,17280488
AM4,20230415_140000.WAV,2023-04-15,14:00:00,17280488
AM4,20230415_180000.WAV,2023-04-15,18:00:00,17280488
AM4,20230416_000000.WAV,2023-04-16,00:00:00,17280488
AM4,20230416_040000.WAV,2023-04-16,04:00:00,17280488
AM4,20230416_140000.WAV,2023-04-16,14:00:00,17280488
AM4,20230416_180000.WAV,2023-04-16,18:00:00,17280488
AM4,20230417_000000.WAV,2023-04-17,00:00:00,17280488
AM4,20230417_040000.WAV,2023-04-17,04:00:00,17280488
AM4,20230417_140000.WAV,2023-04-17,14:00:00,17280488
AM4,20230417_180000.WAV,2023-04-17,18:00:00,17280488
AM4,20230418_000000.WAV,2023-04-18,00:00:00,17280488
AM4,20230418_040000.WAV,2023-04-18,04:00:00,17280488
AM4,20230418_140000.WAV,2023-04-18,14:00:00,17280488
AM4,20230418_180000.WAV,2023-04-18,18:00:00,17280488
AM4,20230419_000000.WAV,2023-04-19,00:00:00,17280488
AM4,20230419_040000.WAV,2023-04-19,04:00:00,17280488
AM4,20230419_140000.WAV,2023-04-19,14:00:00,17280488
AM4,20230419_180000.WAV,2023-04-19,18:00:00,17280488
AM4,20230420_000000.WAV,2023-04-20,00:00:00,17280488
AM4,20230420_040000.WAV,2023-04-20,04:00:00,17280488
AM4,20230420_140000.WAV,2023-04-20,14:00:00,17280488
AM4,20230420_180000.WAV,2023-04-20,18:00:00,17280488
AM4,20230421_000000.WAV,2023-04-21,00:00:00,17280488
AM4,20230421_040000.WAV,2023-04-21,04:00:00,17280488
AM4,20230421_140000.WAV,2023-04-21,14:00:00,17280488
AM4,20230421_180000.WAV,2023-04-21,18:00:00,17280488
AM4,20230422_000000.WAV,2023-04-22,00:00:00,17280488
AM4,20230422_040000.WAV,2023-04-22,04:00:00,17280488
AM4,20230422_140000.WAV,2023-04-22,14:00:00,17280488
AM4,20230422_180000.WAV,2023-04-22,18:00:00,17280488
AM4,20230423_000000.WAV,2023-04-23,00:00:00,17280488
AM4,20230423_040000.WAV,2023-04-23,04:00:00,17280488
AM4,20230423_140000.WAV,2023-04-23,14:00:00,17280488
AM4,20230423_180000.WAV,2023-04-23,18:00:00,17280488
AM4,20230424_000000.WAV,2023-04-24,00:00:00,17280488
AM4,20230424_040000.WAV,2023-04-24,04:00:00,17280488
AM4,20230424_140000.WAV,2023-04-24,14:00:00,17280488
AM4,20230424_180000.WAV,2023-04-24,18:00:00,17280488
AM4,20230425_000000.WAV,2023-04-25,00:00:00,17280488
AM4,20230425_040000.WAV,2023-04-25,04:00:00,17280488
AM4,20230425_140000.WAV,2023-04-25,14:00:00,17280488
AM4,20230425_180000.WAV,2023-04-25,18:00:00,17280488
AM4,20230426_000000.WAV,2023-04-26,00:00:00,17280488
AM4,20230426_040000.WAV,2023-04-26,04:00:00,17280488
AM4,20230426_140000.WAV,2023-04-26,14:00:00,17280488
AM4,20230426_180000.WAV,2023-04-26,18:00:00,17280488
AM4,20230427_000000.WAV,2023-04-27,00:00:00,17280488
AM4,20230427_040000.WAV,2023-04-27,04:00:00,17280488
AM4,20230427_140000.WAV,2023-04-27,14:00:00,17280488
AM4,20230427_180000.WAV,2023-04-27,18:00:00,17280488
AM4,20230428_000000.WAV,2023-04-28,00:00:00,17280488
AM4,20230428_040000.WAV,2023-04-28,04:00:00,17280488
AM4,20230428_140000.WAV,2023-04-28,14:00:00,17280488
AM4,20230428_180000.WAV,2023-04-28,18:00:00,17280488
AM4,20230429_000000.WAV,2023-04-29,00:00:00,17280488
AM4,20230429_040000.WAV,2023-04-29,04:00:00,17280488
AM4,20230429_140000.WAV,2023-04-29,14:00:00,17280488
AM4,20230429_180000.WAV,2023-04-29,18:00:00,17280488
AM4,20230430_000000.WAV,2023-04-30,00:00:00,17280488
AM4,20230430_040000.WAV,2023-04-30,04:00:00,17280488
AM4,20230430_140000.WAV,2023-04-30,14:00:00,17280488
AM4,20230430_180000.WAV,2023-04-30,18:00:00,17280488
AM4,20230501_000000.WAV,2023-05-01,00:00:00,17280488
AM4,20230501_040000.WAV,2023-05-01,04:00:00,17280488
AM4,20230501_140000.WAV,2023-05-01,14:00:00,17280488
AM4,20230501_180000.WAV,2023-05-01,18:00:00,17280488
AM4,20230502_000000.WAV,2023-05-02,00:00:00,17280488
AM4,20230502_040000.WAV,2023-05-02,04:00:00,17280488
AM4,20230502_140000.WAV,2023-05-02,14:00:00,17280488
AM4,20230502_180000.WAV,2023-05-02,18:00:00,17280488
AM4,20230503_000000.WAV,2023-05-03,00:00:00,17280488
AM4,20230503_040000.WAV,2023-05-03,04:00:00,17280488
AM4,20230503_140000.WAV,2023-05-03,14:00:00,17280488
AM4,20230503_180000.WAV,2023-05-03,18:00:00,17280488
AM4,20230504_000000.WAV,2023-05-04,00:00:00,17280488
AM4,20230504_040000.WAV,2023-05-04,04:00:00,17280488
AM4,20230504_140000.WAV,2023-05-04,14:00:00,17280488
AM4,20230504_180000.WAV,2023-05-04,18:00:00,17280488
AM4,20230505_000000.WAV,2023-05-05,00:00:00,17280488
AM4,20230505_040000.WAV,2023-05-05,04:00:00,17280488
AM4,20230505_140000.WAV,2023-05-05,14:00:00,17280488
AM4,20230505_180000.WAV,2023-05-05,18:00:00,17280488
AM4,20230506_000000.WAV,2023-05-06,00:00:00,17280488
AM4,20230506_040000.WAV,2023-05-06,04:00:00,17280488
AM4,20230506_140000.WAV,2023-05-06,14:00:00,17280488
AM4,20230506_180000.WAV,2023-05-06,18:00:00,17280488
AM4,20230507_000000.WAV,2023-05-07,00:00:00,17280488
AM4,20230507_040000.WAV,2023-05-07,04:00:00,17280488
AM4,20230507_140000.WAV,2023-05-07,14:00:00,17280488
AM4,20230507_180000.WAV,2023-05-07,18:00:00,17280488
AM4,20230508_000000.WAV,2023-05-08,00:00:00,17280488
AM4,20230508_040000.WAV,2023-05-08,04:00:00,17280488
AM4,20230508_140000.WAV,2023-05-08,14:00:00,17280488
AM4,20230508_180000.WAV,2023-05-08,18:00:00,17280488
AM4,20230509_000000.WAV,2023-05-09,00:00:00,17280488
AM4,20230509_040000.WAV,2023-05-09,04:00:00,17280488
AM4,20230509_140000.WAV,2023-05-09,14:00:00,17280488
AM4,20230509_180000.WAV,2023-05-09,18:00:00,17280488
AM4,20230510_000000.WAV,2023-05-10,00:00:00,17280488
AM4,20230510_040000.WAV,2023-05-10,04:00:00,17280488
AM4,20230510_140000.WAV,2023-05-10,14:00:00,17280488
AM4,20230510_180000.WAV,2023-05-10,18:00:00,17280488
AM4,20230511_000000.WAV,2023-05-11,00:00:00,17280488
AM4,20230511_040000.WAV,2023-05-11,04:00:00,17280488
AM4,20230511_140000.WAV,2023-05-11,14:00:00,17280488
AM4,20230511_180000.WAV,2023-05-11,18:00:00,17280488
AM4,20230512_000000.WAV,2023-05-12,00:00:00,17280488
AM4,20230512_040000.WAV,2023-05-12,04:00:00,17280488
AM4,20230512_140000.WAV,2023-05-12,14:00:00,17280488
AM4,20230512_180000.WAV,2023-05-12,18:00:00,17280488
AM4,20230513_000000.WAV,2023-05-13,00:00:00,17280488
AM4,20230513_040000.WAV,2023-05-13,04:00:00,17280488
AM4,20230513_140000.WAV,2023-05-13,14:00:00,17280488
AM4,20230513_180000.WAV,2023-05-13,18:00:00,17280488
AM4,20230514_000000.WAV,2023-05-14,00:00:00,17280488
AM4,20230514_040000.WAV,2023-05-14,04:00:00,17280488
AM4,20230514_140000.WAV,2023-05-14,14:00:00,17280488
AM4,20230514_180000.WAV,2023-05-14,18:00:00,17280488
AM4,20230515_000000.WAV,2023-05-15,00:00:00,17280488
AM4,20230515_040000.WAV,2023-05-15,04:00:00,17280488
AM4,20230515_140000.WAV,2023-05-15,14:00:00,17280488
AM4,20230515_180000.WAV,2023-05-15,18:00:00,17280488
AM4,20230516_000000.WAV,2023-05-16,00:00:00,17280488
AM4,20230516_040000.WAV,2023-05-16,04:00:00,17280488
AM4,20230516_140000.WAV,2023-05-16,14:00:00,17280488
AM4,20230516_180000.WAV,2023-05-16,18:00:00,17280488
AM4,20230517_000000.WAV,2023-05-17,00:00:00,17280488
AM4,20230517_040000.WAV,2023-05-17,04:00:00,17280488
AM4,20230517_140000.WAV,2023-05-17,14:00:00,17280488
AM4,20230517_180000.WAV,2023-05-17,18:00:00,17280488
AM4,20230518_000000.WAV,2023-05-18,00:00:00,17280488
AM4,20230518_040000.WAV,2023-05-18,04:00:00,17280488
AM4,20230518_140000.WAV,2023-05-18,14:00:00,17280488
AM4,20230518_180000.WAV,2023-05-18,18:00:00,17280488
AM4,20230519_000000.WAV,2023-05-19,00:00:00,17280488
AM4,20230519_040000.WAV,2023-05-19,04:00:00,17280488
AM4,20230519_140000.WAV,2023-05-19,14:00:00,17280488
AM4,20230519_180000.WAV,2023-05-19,18:00:00,17280488
AM4,20230520_000000.WAV,2023-05-20,00:00:00,17280488
AM4,20230520_040000.WAV,2023-05-20,04:00:00,17280488
AM4,20230520_140000.WAV,2023-05-20,14:00:00,17280488
AM4,20230520_180000.WAV,2023-05-20,18:00:00,17280488
AM4,20230521_000000.WAV,2023-05-21,00:00:00,17280488
AM4,20230521_040000.WAV,2023-05-21,04:00:00,17280488
AM4,20230521_140000.WAV,2023-05-21,14:00:00,17280488
AM4,20230521_180000.WAV,2023-05-21,18:00:00,17280488
AM4,20230522_000000.WAV,2023-05-22,00:00:00,17280488
AM4,20230522_040000.WAV,2023-05-22,04:00:00,17280488
AM4,20230522_140000.WAV,2023-05-22,14:00:00,17280488
AM4,20230522_180000.WAV,2023-05-22,18:00:00,17280488
AM4,20230523_000000.WAV,2023-05-23,00:00:00,17280488
AM4,20230523_040000.WAV,2023-05-23,04:00:00,17280488
AM4,20230523_140000.WAV,2023-05-23,14:00:00,17280488
AM4,20230523_180000.WAV,2023-05-23,18:00:00,17280488
AM4,20230524_000000.WAV,2023-05-24,00:00:00,17280488
AM4,20230524_040000.WAV,2023-05-24,04:00:00,17280488
AM4,20230524_140000.WAV,2023-05-24,14:00:00,17280488
AM4,20230524_180000.WAV,2023-05-24,18:00:00,17280488
AM4,20230525_000000.WAV,2023-05-25,00:00:00,17280488
AM4,20230525_040000.WAV,2023-05-25,04:00:00,17280488
AM4,20230525_140000.WAV,2023-05-25,14:00:00,17280488
AM4,20230525_180000.WAV,2023-05-25,18:00:00,17280488
AM4,20230526_000000.WAV,2023-05-26,00:00:00,17280488
AM4,20230526_040000.WAV,2023-05-26,04:00:00,17280488
AM4,20230526_140000.WAV,2023-05-26,14:00:00,17280488
AM4,20230526_180000.WAV,2023-05-26,18:00:00,17280488
AM4,20230527_000000.WAV,2023-05-27,00:00:00,17280488
AM4,20230527_040000.WAV,2023-05-27,04:00:00,17280488
AM4,20230527_140000.WAV,2023-05-27,14:00:00,17280488
AM4,20230527_180000.WAV,2023-05-27,18:00:00,17280488
AM4,20230528_000000.WAV,2023-05-28,00:00:00,17280488
AM4,20230528_040000.WAV,2023-05-28,04:00:00,17280488
AM4,20230528_140000.WAV,2023-05-28,14:00:00,17280488
AM4,20230528_180000.WAV,2023-05-28,18:00:00,17280488
AM4,20230529_000000.WAV,2023-05-29,00:00:00,17280488
AM4,20230529_040000.WAV,2023-05-29,04:00:00,17280488
AM4,20230529_140000.WAV,2023-05-29,14:00:00,17280488
AM4,20230529_180000.WAV,2023-05-29,18:00:00,17280488
AM4,20230530_000000.WAV,2023-05-30,00:00:00,17280488
AM4,20230530_040000.WAV,2023-05-30,04:00:00,17280488
AM4,20230530_140000.WAV,2023-05-30,14:00:00,17280488
AM4,20230530_180000.WAV,2023-05-30,18:00:00,17280488
AM4,20230531_000000.WAV,2023-05-31,00:00:00,17280488
AM4,20230531_040000.WAV,2023-05-31,04:00:00,17280488
AM4,20230531_140000.WAV,2023-05-31,14:00:00,17280488
AM4,20230531_180000.WAV,2023-05-31,18:00:00,17280488
AM4,20230601_000000.WAV,2023-06-01,00:00:00,17280488
AM4,20230601_040000.WAV,2023-06-01,04:00:00,17280488
AM4,20230601_140000.WAV,2023-06-01,14:00:00,17280488
AM4,20230601_180000.WAV,2023-06-01,18:00:00,17280488
AM4,20230602_000000.WAV,2023-06-02,00:00:00,17280488
AM4,20230602_040000.WAV,2023-06-02,04:00:00,17280488
AM4,20230602_140000.WAV,2023-06-02,14:00:00,17280488
AM4,20230602_180000.WAV,2023-06-02,18:00:00,17280488
AM4,20230603_000000.WAV,2023-06-03,00:00:00,17280488
AM4,20230603_040000.WAV,2023-06-03,04:00:00,17280488
AM4,20230603_140000.WAV,2023-06-03,14:00:00,17280488
AM4,20230603_180000.WAV,2023-06-03,18:00:00,17280488
AM4,20230604_000000.WAV,2023-06-04,00:00:00,17280488
AM4,20230604_040000.WAV,2023-06-04,04:00:00,17280488
AM4,20230604_140000.WAV,2023-06-04,14:00:00,17280488
AM4,20230604_180000.WAV,2023-06-04,18:00:00,17280488
AM4,20230605_000000.WAV,2023-06-05,00:00:00,17280488
AM4,20230605_040000.WAV,2023-06-05,04:00:00,17280488
AM4,20230605_140000.WAV,2023-06-05,14:00:00,17280488
AM4,20230605_180000.WAV,2023-06-05,18:00:00,17280488
AM4,20230606_000000.WAV,2023-06-06,00:00:00,17280488
AM4,20230606_040000.WAV,2023-06-06,04:00:00,17280488
AM4,20230606_140000.WAV,2023-06-06,14:00:00,17280488
AM4,20230606_180000.WAV,2023-06-06,18:00:00,17280488
AM4,20230607_000000.WAV,2023-06-07,00:00:00,17280488
AM4,20230607_040000.WAV,2023-06-07,04:00:00,17280488
AM4,20230607_140000.WAV,2023-06-07,14:00:00,17280488
AM4,20230607_180000.WAV,2023-06-07,18:00:00,17280488
AM4,20230608_000000.WAV,2023-06-08,00:00:00,17280488
AM4,20230608_040000.WAV,2023-06-08,04:00:00,17280488
AM4,20230608_140000.WAV,2023-06-08,14:00:00,17280488
AM4,20230608_180000.WAV,2023-06-08,18:00:00,17280488
AM4,20230609_000000.WAV,2023-06-09,00:00:00,17280488
AM4,20230609_040000.WAV,2023-06-09,04:00:00,17280488
AM4,20230609_140000.WAV,2023-06-09,14:00:00,17280488
AM4,20230609_180000.WAV,2023-06-09,18:00:00,17280488
AM4,20230610_000000.WAV,2023-06-10,00:00:00,17280488
AM4,20230610_040000.WAV,2023-06-10,04:00:00,17280488
AM4,20230610_140000.WAV,2023-06-10,14:00:00,17280488
AM4,20230610_180000.WAV,2023-06-10,18:00:00,17280488
AM4,20230611_000000.WAV,2023-06-11,00:00:00,17280488
AM4,20230611_040000.WAV,2023-06-11,04:00:00,17280488
AM4,20230611_140000.WAV,2023-06-11,14:00:00,17280488
AM4,20230611_180000.WAV,2023-06-11,18:00:00,17280488
AM4,20230612_000000.WAV,2023-06-12,00:00:00,17280488
AM4,20230612_040000.WAV,2023-06-12,04:00:00,17280488
AM4,20230612_140000.WAV,2023-06-12,14:00:00,17280488
AM4,20230612_180000.WAV,2023-06-12,18:00:00,17280488
AM4,20230613_000000.WAV,2023-06-13,00:00:00,17280488
AM4,20230613_040000.WAV,2023-06-13,04:00:00,17280488
AM4,20230613_140000.WAV,2023-06-13,14:00:00,17280488
AM4,20230613_180000.WAV,2023-06-13,18:00:00,17280488
AM4,20230614_000000.WAV,2023-06-14,00:00:00,17280488
AM4,20230614_040000.WAV,2023-06-14,04:00:00,17280488
AM4,20230614_140000.WAV,2023-06-14,14:00:00,17280488
AM4,20230614_180000.WAV,2023-06-14,18:00:00,17280488
AM4,20230615_000000.WAV,2023-06-15,00:00:00,17280488
AM4,20230615_040000.WAV,2023-06-15,04:00:00,17280488
AM4,20230615_140000.WAV,2023-06-15,14:00:00,17280488
AM4,20230615_180000.WAV,2023-06-15,18:00:00,17280488
AM4,20230616_000000.WAV,2023-06-16,00:00:00,17280488
AM4,20230616_040000.WAV,2023-06-16,04:00:00,17280488
AM4,20230616_140000.WAV,2023-06-16,14:00:00,17280488
AM4,20230616_180000.WAV,2023-06-16,18:00:00,17280488
AM4,20230617_000000.WAV,2023-06-17,00:00:00,17280488
AM4,20230617_040000.WAV,2023-06-17,04:00:00,17280488
AM4,20230617_140000.WAV,2023-06-17,14:00:00,17280488
AM4,20230617_180000.WAV,2023-06-17,18:00:00,17280488
AM4,20230618_000000.WAV,2023-06-18,00:00:00,17280488
AM4,20230618_040000.WAV,2023-06-18,04:00:00,17280488
AM4,20230618_140000.WAV,2023-06-18,14:00:00,17280488
AM4,20230618_180000.WAV,2023-06-18,18:00:00,17280488
AM4,20230619_000000.WAV,2023-06-19,00:00:00,17280488
AM4,20230619_040000.WAV,2023-06-19,04:00:00,17280488
AM4,20230619_140000.WAV,2023-06-19,14:00:00,17280488
AM4,20230619_180000.WAV,2023-06-19,18:00:00,17280488
AM4,20230620_000000.WAV,2023-06-20,00:00:00,17280488
AM4,20230620_040000.WAV,2023-06-20,04:00:00,17280488
AM4,20230620_140000.WAV,2023-06-20,14:00:00,17280488
AM4,20230620_180000.WAV,2023-06-20,18:00:00,17280488
AM4,20230621_000000.WAV,2023-06-21,00:00:00,17280488
AM4,20230621_040000.WAV,2023-06-21,04:00:00,17280488
AM4,20230621_140000.WAV,2023-06-21,14:00:00,17280488
AM4,20230621_180000.WAV,2023-06-21,18:00:00,17280488
AM4,20230622_000000.WAV,2023-06-22,00:00:00,17280488
AM4,20230622_040000.WAV,2023-06-22,04:00:00,17280488
AM4,20230622_140000.WAV,2023-06-22,14:00:00,17280488
AM4,20230622_180000.WAV,2023-06-22,18:00:00,17280488
AM4,20230623_000000.WAV,2023-06-23,00:00:00,17280488
AM4,20230623_040000.WAV,2023-06-23,04:00:00,17280488
AM4,20230623_140000.WAV,2023-06-23,14:00:00,17280488
AM4,20230623_180000.WAV,2023-06-23,18:00:00,17280488
AM4,20230624_000000.WAV,2023-06-24,00:00:00,17280488
AM4,20230624_040000.WAV,2023-06-24,04:00:00,17280488
AM4,20230624_140000.WAV,2023-06-24,14:00:00,17280488
AM4,20230624_180000.WAV,2023-06-24,18:00:00,17280488
AM4,20230625_000000.WAV,2023-06-25,00:00:00,17280488
AM4,20230625_040000.WAV,2023-06-25,04:00:00,17280488
AM4,20230625_140000.WAV,2023-06-25,14:00:00,17280488
AM4,20230625_180000.WAV,2023-06-25,18:00:00,17280488
AM4,20230626_000000.WAV,2023-06-26,00:00:00,17280488
AM4,20230626_040000.WAV,2023-06-26,04:00:00,17280488
AM4,20230626_140000.WAV,2023-06-26,14:00:00,17280488
AM4,20230626_180000.WAV,2023-06-26,18:00:00,17280488
AM4,20230627_000000.WAV,2023-06-27,00:00:00,17280488
AM4,20230627_040000.WAV,2023-06-27,04:00:00,17280488
AM4,20230627_140000.WAV,2023-06-27,14:00:00,17280488
AM4,20230627_180000.WAV,2023-06-27,18:00:00,17280488
AM4,20230628_000000.WAV,2023-06-28,00:00:00,17280488
AM4,20230628_040000.WAV,2023-06-28,04:00:00,17280488
AM4,20230628_140000.WAV,2023-06-28,14:00:00,17280488
AM4,20230628_180000.WAV,2023-06-28,18:00:00,17280488
AM4,20230629_000000.WAV,2023-06-29,00:00:00,17280488
AM4,20230629_040000.WAV,2023-06-29,04:00:00,17280488
AM4,20230629_140000.WAV,2023-06-29,14:00:00,17280488
AM4,20230629_180000.WAV,2023-06-29,18:00:00,17280488
AM4,20230630_000000.WAV,2023-06-30,00:00:00,17280488
AM4,20230630_040000.WAV,2023-06-30,04:00:00,17280488
AM4,20230630_140000.WAV,2023-06-30,14:00:00,17280488
AM4,20230630_180000.WAV,2023-06-30,18:00:00,17280488
AM4,20230701_000000.WAV,2023-07-01,00:00:00,17280488
AM4,20230701_040000.WAV,2023-07-01,04:00:00,17280488
AM4,20230701_140000.WAV,2023-07-01,14:00:00,17280488
AM4,20230701_180000.WAV,2023-07-01,18:00:00,17280488
AM4,20230702_000000.WAV,2023-07-02,00:00:00,17280488
AM4,20230702_040000.WAV,2023-07-02,04:00:00,17280488
AM4,20230702_140000.WAV,2023-07-02,14:00:00,17280488
AM4,20230702_180000.WAV,2023-07-02,18:00:00,17280488
AM4,20230703_000000.WAV,2023-07-03,00:00:00,17280488
AM4,20230703_040000.WAV,2023-07-03,04:00:00,17280488
AM4,20230703_140000.WAV,2023-07-03,14:00:00,17280488
AM4,20230703_180000.WAV,2023-07-03,18:00:00,17280488
AM4,20230704_000000.WAV,2023-07-04,00:00:00,17280488
AM4,20230704_040000.WAV,2023-07-04,04:00:00,17280488
AM4,20230704_140000.WAV,2023-07-04,14:00:00,17280488
AM4,20230704_180000.WAV,2023-07-04,18:00:00,17280488
AM4,20230705_000000.WAV,2023-07-05,00:00:00,17280488
AM4,20230705_040000.WAV,2023-07-05,04:00:00,17280488
AM4,20230705_140000.WAV,2023-07-05,14:00:00,17280488
AM4,20230705_180000.WAV,2023-07-05,18:00:00,17280488
AM4,20230706_000000.WAV,2023-07-06,00:00:00,17280488
AM4,20230706_040000.WAV,2023-07-06,04:00:00,17280488
AM4,20230706_140000.WAV,2023-07-06,14:00:00,17280488
AM4,20230706_180000.WAV,2023-07-06,18:00:00,17280488
AM4,20230707_000000.WAV,2023-07-07,00:00:00,17280488
AM4,20230707_040000.WAV,2023-07-07,04:00:00,17280488
AM4,20230707_140000.WAV,2023-07-07,14:00:00,17280488
AM4,20230707_180000.WAV,2023-07-07,18:00:00,17280488
AM4,20230708_000000.WAV,2023-07-08,00:00:00,17280488
AM4,20230708_040000.WAV,2023-07-08,04:00:00,17280488
AM4,20230708_140000.WAV,2023-07-08,14:00:00,17280488
AM4,20230708_180000.WAV,2023-07-08,18:00:00,17280488
AM4,20230709_000000.WAV,2023-07-09,00:00:00,17280488
AM4,20230709_040000.WAV,2023-07-09,04:00:00,17280488
AM4,20230709_140000.WAV,2023-07-09,14:00:00,17280488
AM4,20230709_180000.WAV,2023-07-09,18:00:00,17280488
AM4,20230710_000000.WAV,2023-07-10,00:00:00,17280488
AM4,20230710_040000.WAV,2023-07-10,04:00:00,17280488
AM4,20230710_140000.WAV,2023-07-10,14:00:00,17280488
AM4,20230710_180000.WAV,2023-07-10,18:00:00,17280488
AM4,20230711_000000.WAV,2023-07-11,00:00:00,17280488
AM4,20230711_040000.WAV,2023-07-11,04:00:00,17280488
AM4,20230711_140000.WAV,2023-07-11,14:00:00,17280488
AM4,20230711_180000.WAV,2023-07-11,18:00:00,17280488
AM4,20230712_000000.WAV,2023-07-12,00:00:00,17280488
AM4,20230712_040000.WAV,2023-07-12,04:00:00,17280488
AM4,20230712_140000.WAV,2023-07-12,14:00:00,17280488
AM4,20230712_180000.WAV,2023-07-12,18:00:00,17280488
AM4,20230713_000000.WAV,2023-07-13,00:00:00,17280488
AM4,20230713_040000.WAV,2023-07-13,04:00:00,17280488
AM4,20230713_140000.WAV,2023-07-13,14:00:00,17280488
AM4,20230713_180000.WAV,2023-07-13,18:00:00,17280488
AM4,20230714_000000.WAV,2023-07-14,00:00:00,17280488
AM4,20230714_040000.WAV,2023-07-14,04:00:00,17280488
AM4,20230714_140000.WAV,2023-07-14,14:00:00,17280488
AM4,20230714_180000.WAV,2023-07-14,18:00:00,17280488
AM4,20230715_000000.WAV,2023-07-15,00:00:00,17280488
AM4,20230715_040000.WAV,2023-07-15,04:00:00,17280488
AM4,20230715_140000.WAV,2023-07-15,14:00:00,17280488
AM4,20230715_180000.WAV,2023-07-15,18:00:00,17280488
AM4,20230716_000000.WAV,2023-07-16,00:00:00,17280488
AM4,20230716_040000.WAV,2023-07-16,04:00:00,17280488
AM4,20230716_140000.WAV,2023-07-16,14:00:00,17280488
AM4,20230716_180000.WAV,2023-07-16,18:00:00,17280488
AM4,20230717_000000.WAV,2023-07-17,00:00:00,17280488
AM4,20230717_040000.WAV,2023-07-17,04:00:00,17280488
AM4,20230717_140000.WAV,2023-07-17,14:00:00,17280488
AM4,20230717_180000.WAV,2023-07-17,18:00:00,17280488
AM4,20230718_000000.WAV,2023-07-18,00:00:00,17280488
AM4,20230718_040000.WAV,2023-07-18,04:00:00,17280488
AM4,20230718_140000.WAV,2023-07-18,14:00:00,17280488
AM4,20230718_180000.WAV,2023-07-18,18:00:00,17280488
AM4,20230719_000000.WAV,2023-07-19,00:00:00,17280488
AM4,20230719_040000.WAV,2023-07-19,04:00:00,17280488
AM4,20230719_140000.WAV,2023-07-19,14:00:00,17280488
AM4,20230719_180000.WAV,2023-07-19,18:00:00,17280488
AM4,20230720_000000.WAV,2023-07-20,00:00:00,17280488
AM4,20230720_040000.WAV,2023-07-20,04:00:00,17280488
AM4,20230720_140000.WAV,2023-07-20,14:00:00,17280488
AM4,20230720_180000.WAV,2023-07-20,18:00:00,17280488
AM4,20230721_000000.WAV,2023-07-21,00:00:00,17280488
AM4,20230721_040000.WAV,2023-07-21,04:00:00,17280488
AM4,20230721_140000.WAV,2023-07-21,14:00:00,17280488
AM4,20230721_180000.WAV,2023-07-21,18:00:00,17280488
AM4,20230722_000000.WAV,2023-07-22,00:00:00,17280488
AM4,20230722_040000.WAV,2023-07-22,04:00:00,17280488
AM4,20230722_140000.WAV,2023-07-22,14:00:00,17280488
AM4,20230722_180000.WAV,2023-07-22,18:00:00,17280488
AM4,20230723_000000.WAV,2023-07-23,00:00:00,17280488
AM4,20230723_040000.WAV,2023-07-23,04:00:00,17280488
AM4,20230723_140000.WAV,2023-07-23,14:00:00,17280488
AM4,20230723_180000.WAV,2023-07-23,18:00:00,17280488
AM4,20230724_000000.WAV,2023-07-24,00:00:00,17280488
AM4,20230724_040000.WAV,2023-07-24,04:00:00,17280488
AM4,20230724_140000.WAV,2023-07-24,14:00:00,17280488
AM4,20230724_180000.WAV,2023-07-24,18:00:00,17280488
AM4,20230725_000000.WAV,2023-07-25,00:00:00,17280488
AM4,20230725_040000.WAV,2023-07-25,04:00:00,17280488
AM4,20230725_140000.WAV,2023-07-25,14:00:00,17280488
AM4,20230725_180000.WAV,2023-07-25,18:00:00,17280488
AM4,20230726_000000.WAV,2023-07-26,00:00:00,17280488
AM4,20230726_040000.WAV,2023-07-26,04:00:00,17280488
AM4,20230726_140000.WAV,2023-07-26,14:00:00,17280488
AM4,20230726_180000.WAV,2023-07-26,18:00:00,17280488
AM4,20230727_000000.WAV,2023-07-27,00:00:00,17280488
AM4,20230727_040000.WAV,2023-07-27,04:00:00,17280488
AM4,20230727_140000.WAV,2023-07-27,14:00:00,17280488
AM4,20230727_180000.WAV,2023-07-27,18:00:00,17280488
AM4,20230728_000000.WAV,2023-07-28,00:00:00,17280488
AM4,20230728_040000.WAV,2023-07-28,04:00:00,17280488
AM4,20230728_140000.WAV,2023-07-28,14:00:00,17280488
AM4,20230728_180000.WAV,2023-07-28,18:00:00,17280488
AM4,20230729_000000.WAV,2023-07-29,00:00:00,17280488
AM4,20230729_040000.WAV,2023-07-29,04:00:00,17280488
AM4,20230729_140000.WAV,2023-07-29,14:00:00,17280488
AM4,20230729_180000.WAV,2023-07-29,18:00:00,17280488
AM4,20230730_000000.WAV,2023-07-30,00:00:00,17280488
AM4,20230730_040000.WAV,2023-07-30,04:00:00,17280488
AM4,20230730_140000.WAV,2023-07-30,14:00:00,17280488
AM4,20230730_180000.WAV,2023-07-30,18:00:00,17280488
AM4,20230731_000000.WAV,2023-07-31,00:00:00,17280488
AM4,20230731_040000.WAV,2023-07-31,04:00:00,17280488
AM4,20230731_140000.WAV,2023-07-31,14:00:00,17280488
AM4,20230731_180000.WAV,2023-07-31,18:00:00,17280488
AM4,20230801_000000.WAV,2023-08-01,00:00:00,17280488
AM4,20230801_040000.WAV,2023-08-01,04:00:00,17280488
AM4,20230801_140000.WAV,2023-08-01,14:00:00,17280488
AM4,20230801_180000.WAV,2023-08-01,18:00:00,17280488
AM4,20230802_000000.WAV,2023-08-02,00:00:00,17280488
AM4,20230802_040000.WAV,2023-08-02,04:00:00,17280488
AM4,20230802_140000.WAV,2023-08-02,14:00:00,17280488
AM4,20230802_180000.WAV,2023-08-02,18:00:00,17280488
AM4,20230803_000000.WAV,2023-08-03,00:00:00,17280488
AM4,20230803_040000.WAV,2023-08-03,04:00:00,17280488
AM4,20230803_140000.WAV,2023-08-03,14:00:00,17280488
AM4,20230803_180000.WAV,2023-08-03,18:00:00,17280488
AM4,20230804_000000.WAV,2023-08-04,00:00:00,17280488
AM4,20230804_040000.WAV,2023-08-04,04:00:00,17280488
AM4,20230804_140000.WAV,2023-08-04,14:00:00,17280488
AM4,20230804_180000.WAV,2023-08-04,18:00:00,17280488
AM4,20230805_000000.WAV,2023-08-05,00:00:00,17280488
AM4,20230805_040000.WAV,2023-08-05,04:00:00,17280488
AM4,20230805_140000.WAV,2023-08-05,14:00:00,17280488
AM4,20230805_180000.WAV,2023-08-05,18:00:00,17280488
AM4,20230806_000000.WAV,2023-08-06,00:00:00,17280488
AM4,20230806_040000.WAV,2023-08-06,04:00:00,17280488
AM4,20230806_140000.WAV,2023-08-06,14:00:00,17280488
AM4,20230806_180000.WAV,2023-08-06,18:00:00,17280488
AM4,20230807_000000.WAV,2023-08-07,00:00:00,17280488
AM4,20230807_040000.WAV,2023-08-07,04:00:00,17280488
AM4,20230807_140000.WAV,2023-08-07,14:00:00,17280488
AM4,20230807_180000.WAV,2023-08-07,18:00:00,17280488
AM4,20230808_000000.WAV,2023-08-08,00:00:00,17280488
AM4,20230808_040000.WAV,2023-08-08,04:00:00,17280488
AM4,20230808_140000.WAV,2023-08-08,14:00:00,17280488
AM4,20230808_180000.WAV,2023-08-08,18:00:00,17280488
AM4,20230809_000000.WAV,2023-08-09,00:00:00,17280488
AM4,20230809_040000.WAV,2023-08-09,04:00:00,17280488
AM4,20230809_140000.WAV,2023-08-09,14:00:00,17280488
AM4,20230809_180000.WAV,2023-08-09,18:00:00,17280488
AM4,20230810_000000.WAV,2023-08-10,00:00:00,17280488
AM4,20230810_040000.WAV,2023-08-10,04:00:00,17280488
AM4,20230810_140000.WAV,2023-08-10,14:00:00,17280488
AM4,20230810_180000.WAV,2023-08-10,18:00:00,17280488
AM4,20230811_000000.WAV,2023-08-11,00:00:00,17280488
AM4,20230811_040000.WAV,2023-08-11,04:00:00,17280488
AM4,20230811_140000.WAV,2023-08-11,14:00:00,17280488
AM4,20230811_180000.WAV,2023-08-11,18:00:00,17280488
AM4,20230812_000000.WAV,2023-08-12,00:00:00,17280488
AM4,20230812_040000.WAV,2023-08-12,04:00:00,17280488
AM4,20230812_140000.WAV,2023-08-12,14:00:00,17280488
AM4,20230812_180000.WAV,2023-08-12,18:00:00,17280488
AM4,20230813_000000.WAV,2023-08-13,00:00:00,17280488
AM4,20230813_040000.WAV,2023-08-13,04:00:00,17280488
AM4,20230813_140000.WAV,2023-08-13,14:00:00,17280488
AM4,20230813_180000.WAV,2023-08-13,18:00:00,17280488
AM4,20230814_000000.WAV,2023-08-14,00:00:00,17280488
AM4,20230814_040000.WAV,2023-08-14,04:00:00,17280488
AM4,20230814_140000.WAV,2023-08-14,14:00:00,17280488
AM4,20230814_180000.WAV,2023-08-14,18:00:00,17280488
AM4,20230815_000000.WAV,2023-08-15,00:00:00,17280488
AM4,20230815_040000.WAV,2023-08-15,04:00:00,17280488
AM4,20230815_140000.WAV,2023-08-15,14:00:00,17280488
AM4,20230815_180000.WAV,2023-08-15,18:00:00,17280488
AM4,20230816_000000.WAV,2023-08-16,00:00:00,17280488
AM4,20230816_040000.WAV,2023-08-16,04:00:00,17280488
AM4,20230816_140000.WAV,2023-08-16,14:00:00,17280488
AM4,20230816_180000.WAV,2023-08-16,18:00:00,17280488
AM4,20230817_000000.WAV,2023-08-17,00:00:00,17280488
AM4,20230817_040000.WAV,2023-08-17,04:00:00,17280488
AM4,20230817_140000.WAV,2023-08-17,14:00:00,17280488
AM4,20230817_180000.WAV,2023-08-17,18:00:00,17280488
AM4,20230818_000000.WAV,2023-08-18,00:00:00,17280488
AM4,20230818_040000.WAV,2023-08-18,04:00:00,17280488
AM4,20230818_140000.WAV,2023-08-18,14:00:00,17280488
AM4,20230818_180000.WAV,2023-08-18,18:00:00,17280488
AM4,20230819_000000.WAV,2023-08-19,00:00:00,17280488
AM4,20230819_040000.WAV,2023-08-19,04:00:00,17280488
AM4,20230819_140000.WAV,2023-08-19,14:00:00,17280488
AM4,20230819_180000.WAV,2023-08-19,18:00:00,17280488
AM4,20230820_000000.WAV,2023-08-20,00:00:00,17280488
AM4,20230820_040000.WAV,2023-08-20,04:00:00,17280488
AM4,20230820_140000.WAV,2023-08-20,14:00:00,17280488
AM4,20230820_180000.WAV,2023-08-20,18:00:00,17280488
AM4,20230821_000000.WAV,2023-08-21,00:00:00,17280488
AM4,20230821_040000.WAV,2023-08-21,04:00:00,17280488
AM4,20230821_140000.WAV,2023-08-21,14:00:00,17280488
AM4,20230821_180000.WAV,2023-08-21,18:00:00,17280488
AM4,20230822_000000.WAV,2023-08-22,00:00:00,17280488
AM4,20230822_040000.WAV,2023-08-22,04:00:00,17280488
AM4,20230822_140000.WAV,2023-08-22,14:00:00,17280488
AM4,20230822_180000.WAV,2023-08-22,18:00:00,17280488
AM4,20230823_000000.WAV,2023-08-23,00:00:00,17280488
AM4,20230823_040000.WAV,2023-08-23,04:00:00,17280488
AM4,20230823_140000.WAV,2023-08-23,14:00:00,17280488
AM4,20230823_180000.WAV,2023-08-23,18:00:00,17280488
AM4,20230824_000000.WAV,2023-08-24,00:00:00,17280488
AM4,20230824_040000.WAV,2023-08-24,04:00:00,17280488
AM4,20230824_140000.WAV,2023-08-24,14:00:00,17280488
AM4,20230824_180000.WAV,2023-08-24,18:00:00,17280488
AM4,20230825_000000.WAV,2023-08-25,00:00:00,17280488
AM4,20230825_040000.WAV,2023-08-25,04:00:00,17280488
AM4,20230825_140000.WAV,2023-08-25,14:00:00,17280488
AM4,20230825_180000.WAV,2023-08-25,18:00:00,17280488
AM4,20230826_000000.WAV,2023-08-26,00:00:00,17280488
AM4,20230826_040000.WAV,2023-08-26,04:00:00,17280488
AM4,20230826_140000.WAV,2023-08-26,14:00:00,17280488
AM4,20230826_180000.WAV,2023-08-26,18:00:00,17280488
AM4,20230827_000000.WAV,2023-08-27,00:00:00,17280488
AM4,20230827_040000.WAV,2023-08-27,04:00:00,17280488
AM4,20230827_140000.WAV,2023-08-27,14:00:00,17280488
AM4,20230827_180000.WAV,2023-08-27,18:00:00,17280488
AM4,20230828_000000.WAV,2023-08-28,00:00:00,17280488
AM4,20230828_040000.WAV,2023-08-28,04:00:00,17280488
AM4,20230828_140000.WAV,2023-08-28,14:00:00,17280488
AM4,20230828_180000.WAV,2023-08-28,18:00:00,17280488
AM4,20230829_000000.WAV,2023-08-29,00:00:00,17280488
AM4,20230829_040000.WAV,2023-08-29,04:00:00,17280488
AM4,20230829_140000.WAV,2023-08-29,14:00:00,17280488
AM4,20230829_180000.WAV,2023-08-29,18:00:00,17280488
AM4,20230830_000000.WAV,2023-08-30,00:00:00,17280488
AM4,20230830_040000.WAV,2023-08-30,04:00:00,17280488
AM4,20230830_140000.WAV,2023-08-30,14:00:00,17280488
AM4,20230830_180000.WAV,2023-08-30,18:00:00,17280488
AM4,20230831_000000.WAV,2023-08-31,00:00:00,17280488
AM4,20230831_040000.WAV,2023-08-31,04:00:00,17280488
AM4,20230831_140000.WAV,2023-08-31,14:00:00,17280488
AM4,20230831_180000.WAV,2023-08-31,18:00:00,17280488
AM4,20230901_000000.WAV,2023-09-01,00:00:00,17280488
AM4,20230901_040000.WAV,2023-09-01,04:00:00,17280488
AM4,20230901_140000.WAV,2023-09-01,14:00:00,17280488
AM4,20230901_180000.WAV,2023-09-01,18:00:00,17280488
AM4,20230902_000000.WAV,2023-09-02,00:00:00,17280488
AM4,20230902_040000.WAV,2023-09-02,04:00:00,17280488
AM4,20230902_140000.WAV,2023-09-02,14:00:00,17280488
AM4,20230902_180000.WAV,2023-09-02,18:00:00,17280488
AM4,20230903_000000.WAV,2023-09-03,00:00:00,17280488
AM4,20230903_040000.WAV,2023-09-03,04:00:00,17280488
AM4,20230903_140000.WAV,2023-09-03,14:00:00,17280488
AM4,20230903_180000.WAV,2023-09-03,18:00:00,17280488
AM4,20230904_000000.WAV,2023-09-04,00:00:00,17280488
AM4,20230904_040000.WAV,2023-09-04,04:00:00,17280488
AM4,20230904_140000.WAV,2023-09-04,14:00:00,17280488
AM4,20230904_180000.WAV,2023-09-04,18:00:00,17280488
AM4,20230905_000000.WAV,2023-09-05,00:00:00,17280488
AM4,20230905_040000.WAV,2023-09-05,04:00:00,17280488
AM4,20230905_140000.WAV,2023-09-05,14:00:00,17280488
AM4,20230905_180000.WAV,2023-09-05,18:00:00,17280488
AM4,20230906_000000.WAV,2023-09-06,00:00:00,17280488
AM4,20230906_040000.WAV,2023-09-06,04:00:00,17280488
AM4,20230906_140000.WAV,2023-09-06,14:00:00,17280488
AM4,20230906_180000.WAV,2023-09-06,18:00:00,17280488
AM4,20230907_000000.WAV,2023-09-07,00:00:00,17280488
AM4,20230907_040000.WAV,2023-09-07,04:00:00,17280488
AM4,20230907_140000.WAV,2023-09-07,14:00:00,17280488
AM4,20230907_180000.WAV,2023-09-07,18:00:00,17280488
AM4,20230908_000000.WAV,2023-09-08,00:00:00,17280488
AM4,20230908_040000.WAV,2023-09-08,04:00:00,17280488
AM4,20230908_140000.WAV,2023-09-08,14:00:00,17280488
AM4,20230908_180000.WAV,2023-09-08,18:00:00,17280488
AM4,20230909_000000.WAV,2023-09-09,00:00:00,17280488
AM4,20230909_040000.WAV,2023-09-09,04:00:00,17280488
AM4,20230909_140000.WAV,2023-09-09,14:00:00,17280488
AM4,20230909_180000.WAV,2023-09-09,18:00:00,17280488
AM4,20230910_000000.WAV,2023-09-10,00:00:00,17280488
AM4,20230910_040000.WAV,2023-09-10,04:00:00,17280488
AM4,20230910_140000.WAV,2023-09-10,14:00:00,17280488
AM4,20230910_180000.WAV,2023-09-10,18:00:00,17280488
AM4,20230911_000000.WAV,2023-09-11,00:00:00,17280488
AM4,20230911_040000.WAV,2023-09-11,04:00:00,17280488
AM4,20230911_140000.WAV,2023-09-11,14:00:00,17280488
AM4,20230911_180000.WAV,2023-09-11,18:00:00,17280488
AM4,20230912_000000.WAV,2023-09-12,00:00:00,17280488
AM4,20230912_040000.WAV,2023-09-12,04:00:00,17280488
AM4,20230912_140000.WAV,2023-09-12,14:00:00,17280488
AM4,20230912_180000.WAV,2023-09-12,18:00:00,17280488
AM4,20230913_000000.WAV,2023-09-13,00:00:00,17280488
AM4,20230913_040000.WAV,2023-09-13,04:00:00,17280488
AM4,20230913_140000.WAV,2023-09-13,14:00:00,17280488
AM4,20230913_180000.WAV,2023-09-13,18:00:00,17280488
AM4,20230914_000000.WAV,2023-09-14,00:00:00,17280488
AM4,20230914_040000.WAV,2023-09-14,04:00:00,17280488
AM4,20230914_140000.WAV,2023-09-14,14:00:00,17280488
AM4,20230914_180000.WAV,2023-09-14,18:00:00,17280488
AM4,20230915_000000.WAV,2023-09-15,00:00:00,17280488
AM4,20230915_040000.WAV,2023-09-15,04:00:00,17280488
AM4,20230915_140000.WAV,2023-09-15,14:00:00,17280488
AM4,20230915_180000.WAV,2023-09-15,18:00:00,17280488
AM4,20230916_000000.WAV,2023-09-16,00:00:00,17280488
AM4,20230916_040000.WAV,2023-09-16,04:00:00,17280488
AM4,20230916_140000.WAV,2023-09-16,14:00:00,17280488
AM4,20230916_180000.WAV,2023-09-16,18:00:00,17280488
AM4,20230917_000000.WAV,2023-09-17,00:00:00,17280488
AM4,20230917_040000.WAV,2023-09-17,04:00:00,17280488
AM4,20230917_140000.WAV,2023-09-17,14:00:00,17280488
AM4,20230917_180000.WAV,2023-09-17,18:00:00,17280488
AM4,20230918_000000.WAV,2023-09-18,00:00:00,17280488
AM4,20230918_040000.WAV,2023-09-18,04:00:00,17280488
AM4,20230918_140000.WAV,2023-09-18,14:00:00,17280488
AM4,20230918_180000.WAV,2023-09-18,18:00:00,17280488
AM4,20230919_000000.WAV,2023-09-19,00:00:00,17280488
AM4,20230919_040000.WAV,2023-09-19,04:00:00,17280488
AM4,20230919_140000.WAV,2023-09-19,14:00:00,17280488
AM4,20230919_180000.WAV,2023-09-19,18:00:00,17280488
AM4,20230920_000000.WAV,2023-09-20,00:00:00,17280488
AM4,20230920_040000.WAV,2023-09-20,04:00:00,17280488
AM4,20230920_140000.WAV,2023-09-20,14:00:00,17280488
AM4,20230920_180000.WAV,2023-09-20,18:00:00,17280488
AM4,20230921_000000.WAV,2023-09-21,00:00:00,17280488
AM4,20230921_040000.WAV,2023-09-21,04:00:00,17280488
AM4,20230921_140000.WAV,2023-09-21,14:00:00,17280488
AM4,20230921_180000.WAV,2023-09-21,18:00:00,17280488
AM4,20230922_000000.WAV,2023-09-22,00:00:00,17280488
AM4,20230922_040000.WAV,2023-09-22,04:00:00,17280488
AM4,20230922_140000.WAV,2023-09-22,14:00:00,17280488
AM4,20230922_180000.WAV,2023-09-22,18:00:00,17280488
AM4,20230923_000000.WAV,2023-09-23,00:00:00,17280488
AM4,20230923_040000.WAV,2023-09-23,04:00:00,17280488
AM4,20230923_140000.WAV,2023-09-23,14:00:00,17280488
AM4,20230923_180000.WAV,2023-09-23,18:00:00,17280488
AM4,20230924_000000.WAV,2023-09-24,00:00:00,17280488
AM4,20230924_040000.WAV,2023-09-24,04:00:00,17280488
AM4,20230924_140000.WAV,2023-09-24,14:00:00,17280488
AM4,20230924_180000.WAV,2023-09-24,18:00:00,17280488
AM4,20230925_000000.WAV,2023-09-25,00:00:00,17280488
AM4,20230925_040000.WAV,2023-09-25,04:00:00,17280488
AM4,20230925_140000.WAV,2023-09-25,14:00:00,17280488
AM4,20230925_180000.WAV,2023-09-25,18:00:00,17280488
AM4,20230926_000000.WAV,2023-09-26,00:00:00,17280488
AM4,20230926_040000.WAV,2023-09-26,04:00:00,17280488
AM4,20230926_140000.WAV,2023-09-26,14:00:00,17280488
AM4,20230926_180000.WAV,2023-09-26,18:00:00,17280488
AM4,20230927_000000.WAV,2023-09-27,00:00:00,17280488
AM4,20230927_040000.WAV,2023-09-27,04:00:00,17280488
AM4,20230927_140000.WAV,2023-09-27,14:00:00,17280488
AM4,20230927_180000.WAV,2023-09-27,18:00:00,17280488
AM4,20230928_000000.WAV,2023-09-28,00:00:00,17280488
AM4,20230928_040000.WAV,2023-09-28,04:00:00,17280488
AM4,20230928_140000.WAV,2023-09-28,14:00:00,17280488
AM4,20230928_180000.WAV,2023-09-28,18:00:00,17280488
AM4,20230929_000000.WAV,2023-09-29,00:00:00,17280488
AM5,20230330_180148.WAV,2023-03-30,18:01:48,655360
AM5,20230330_180205.WAV,2023-03-30,18:02:05,589824
AM5,20230330_180241.WAV,2023-03-30,18:02:41,1245184
AM5,20230330_180256.WAV,2023-03-30,18:02:56,384488
AM5,20230331_000000.WAV,2023-03-31,00:00:00,17280488
AM5,20230331_040000.WAV,2023-03-31,04:00:00,17280488
AM5,20230331_140000.WAV,2023-03-31,14:00:00,17280488
AM5,20230331_180000.WAV,2023-03-31,18:00:00,17280488
AM5,20230401_000000.WAV,2023-04-01,00:00:00,17280488
AM5,20230401_040000.WAV,2023-04-01,04:00:00,17280488
AM5,20230401_140000.WAV,2023-04-01,14:00:00,17280488
AM5,20230401_180000.WAV,2023-04-01,18:00:00,17280488
AM5,20230402_000000.WAV,2023-04-02,00:00:00,17280488
AM5,20230402_040000.WAV,2023-04-02,04:00:00,17280488
AM5,20230402_140000.WAV,2023-04-02,14:00:00,17280488
AM5,20230402_180000.WAV,2023-04-02,18:00:00,17280488
AM5,20230403_000000.WAV,2023-04-03,00:00:00,17280488
AM5,20230403_040000.WAV,2023-04-03,04:00:00,17280488
AM5,20230403_140000.WAV,2023-04-03,14:00:00,17280488
AM5,20230403_180000.WAV,2023-04-03,18:00:00,17280488
AM5,20230404_000000.WAV,2023-04-04,00:00:00,17280488
AM5,20230404_040000.WAV,2023-04-04,04:00:00,17280488
AM5,20230404_140000.WAV,2023-04-04,14:00:00,17280488
AM5,20230404_180000.WAV,2023-04-04,18:00:00,17280488
AM5,20230405_000000.WAV,2023-04-05,00:00:00,17280488
AM5,20230405_040000.WAV,2023-04-05,04:00:00,17280488
AM5,20230405_140000.WAV,2023-04-05,14:00:00,17280488
AM5,20230405_180000.WAV,2023-04-05,18:00:00,17280488
AM5,20230406_000000.WAV,2023-04-06,00:00:00,17280488
AM5,20230406_040000.WAV,2023-04-06,04:00:00,17280488
AM5,20230406_140000.WAV,2023-04-06,14:00:00,17280488
AM5,20230406_180000.WAV,2023-04-06,18:00:00,17280488
AM5,20230407_000000.WAV,2023-04-07,00:00:00,17280488
AM5,20230407_040000.WAV,2023-04-07,04:00:00,17280488
AM5,20230407_140000.WAV,2023-04-07,14:00:00,17280488
AM5,20230407_180000.WAV,2023-04-07,18:00:00,17280488
AM5,20230408_000000.WAV,2023-04-08,00:00:00,17280488
AM5,20230408_040000.WAV,2023-04-08,04:00:00,17280488
AM5,20230408_140000.WAV,2023-04-08,14:00:00,17280488
AM5,20230408_180000.WAV,2023-04-08,18:00:00,17280488
AM5,20230409_000000.WAV,2023-04-09,00:00:00,17280488
AM5,20230409_040000.WAV,2023-04-09,04:00:00,17280488
AM5,20230409_140000.WAV,2023-04-09,14:00:00,17280488
AM5,20230409_180000.WAV,2023-04-09,18:00:00,17280488
AM5,20230410_000000.WAV,2023-04-10,00:00:00,17280488
AM5,20230410_040000.WAV,2023-04-10,04:00:00,17280488
AM5,20230410_140000.WAV,2023-04-10,14:00:00,17280488
AM5,20230410_180000.WAV,2023-04-10,18:00:00,17280488
AM5,20230411_000000.WAV,2023-04-11,00:00:00,17280488
AM5,20230411_040000.WAV,2023-04-11,04:00:00,17280488
AM5,20230411_140000.WAV,2023-04-11,14:00:00,17280488
AM5,20230411_180000.WAV,2023-04-11,18:00:00,17280488
AM5,20230412_000000.WAV,2023-04-12,00:00:00,17280488
AM5,20230412_040000.WAV,2023-04-12,04:00:00,17280488
AM5,20230412_140000.WAV,2023-04-12,14:00:00,17280488
AM5,20230412_180000.WAV,2023-04-12,18:00:00,17280488
AM5,20230413_000000.WAV,2023-04-13,00:00:00,17280488
AM5,20230413_040000.WAV,2023-04-13,04:00:00,17280488
AM5,20230413_140000.WAV,2023-04-13,14:00:00,17280488
AM5,20230413_180000.WAV,2023-04-13,18:00:00,17280488
AM5,20230414_000000.WAV,2023-04-14,00:00:00,17280488
AM5,20230414_040000.WAV,2023-04-14,04:00:00,17280488
AM5,20230414_140000.WAV,2023-04-14,14:00:00,17280488
AM5,20230414_180000.WAV,2023-04-14,18:00:00,17280488
AM5,20230415_000000.WAV,2023-04-15,00:00:00,17280488
AM5,20230415_040000.WAV,2023-04-15,04:00:00,17280488
AM5,20230415_140000.WAV,2023-04-15,14:00:00,17280488
AM5,20230415_180000.WAV,2023-04-15,18:00:00,17280488
AM5,20230416_000000.WAV,2023-04-16,00:00:00,17280488
AM5,20230416_040000.WAV,2023-04-16,04:00:00,17280488
AM5,20230416_140000.WAV,2023-04-16,14:00:00,17280488
AM5,20230416_180000.WAV,2023-04-16,18:00:00,17280488
AM5,20230417_000000.WAV,2023-04-17,00:00:00,17280488
AM5,20230417_040000.WAV,2023-04-17,04:00:00,17280488
AM5,20230417_140000.WAV,2023-04-17,14:00:00,17280488
AM5,20230417_180000.WAV,2023-04-17,18:00:00,17280488
AM5,20230418_000000.WAV,2023-04-18,00:00:00,17280488
AM5,20230418_040000.WAV,2023-04-18,04:00:00,17280488
AM5,20230418_140000.WAV,2023-04-18,14:00:00,17280488
AM5,20230418_180000.WAV,2023-04-18,18:00:00,17280488
AM5,20230419_000000.WAV,2023-04-19,00:00:00,17280488
AM5,20230419_040000.WAV,2023-04-19,04:00:00,17280488
AM5,20230419_140000.WAV,2023-04-19,14:00:00,17280488
AM5,20230419_180000.WAV,2023-04-19,18:00:00,17280488
AM5,20230420_000000.WAV,2023-04-20,00:00:00,17280488
AM5,20230420_040000.WAV,2023-04-20,04:00:00,17280488
AM5,20230420_140000.WAV,2023-04-20,14:00:00,17280488
AM5,20230420_180000.WAV,2023-04-20,18:00:00,17280488
AM5,20230421_000000.WAV,2023-04-21,00:00:00,17280488
AM5,20230421_040000.WAV,2023-04-21,04:00:00,17280488
AM5,20230421_140000.WAV,2023-04-21,14:00:00,17280488
AM5,20230421_180000.WAV,2023-04-21,18:00:00,17280488
AM5,20230422_000000.WAV,2023-04-22,00:00:00,17280488
AM5,20230422_040000.WAV,2023-04-22,04:00:00,17280488
AM5,20230422_140000.WAV,2023-04-22,14:00:00,17280488
AM5,20230422_180000.WAV,2023-04-22,18:00:00,17280488
AM5,20230423_000000.WAV,2023-04-23,00:00:00,17280488
AM5,20230423_040000.WAV,2023-04-23,04:00:00,17280488
AM5,20230423_140000.WAV,2023-04-23,14:00:00,17280488
AM5,20230423_180000.WAV,2023-04-23,18:00:00,17280488
AM5,20230424_000000.WAV,2023-04-24,00:00:00,17280488
AM5,20230424_040000.WAV,2023-04-24,04:00:00,17280488
AM5,20230424_140000.WAV,2023-04-24,14:00:00,17280488
AM5,20230424_180000.WAV,2023-04-24,18:00:00,17280488
AM5,20230425_000000.WAV,2023-04-25,00:00:00,17280488
AM5,20230425_040000.WAV,2023-04-25,04:00:00,17280488
AM5,20230425_140000.WAV,2023-04-25,14:00:00,17280488
AM5,20230425_180000.WAV,2023-04-25,18:00:00,17280488
AM5,20230426_000000.WAV,2023-04-26,00:00:00,17280488
AM5,20230426_040000.WAV,2023-04-26,04:00:00,17280488
AM5,20230426_140000.WAV,2023-04-26,14:00:00,17280488
AM5,20230426_180000.WAV,2023-04-26,18:00:00,17280488
AM5,20230427_000000.WAV,2023-04-27,00:00:00,17280488
AM5,20230427_040000.WAV,2023-04-27,04:00:00,17280488
AM5,20230427_140000.WAV,2023-04-27,14:00:00,17280488
AM5,20230427_180000.WAV,2023-04-27,18:00:00,17280488
AM5,20230428_000000.WAV,2023-04-28,00:00:00,17280488
AM5,20230428_040000.WAV,2023-04-28,04:00:00,17280488
AM5,20230428_140000.WAV,2023-04-28,14:00:00,17280488
AM5,20230428_180000.WAV,2023-04-28,18:00:00,17280488
AM5,20230429_000000.WAV,2023-04-29,00:00:00,17280488
AM5,20230429_040000.WAV,2023-04-29,04:00:00,17280488
AM5,20230429_140000.WAV,2023-04-29,14:00:00,17280488
AM5,20230429_180000.WAV,2023-04-29,18:00:00,17280488
AM5,20230430_000000.WAV,2023-04-30,00:00:00,17280488
AM5,20230430_040000.WAV,2023-04-30,04:00:00,17280488
AM5,20230430_140000.WAV,2023-04-30,14:00:00,17280488
AM5,20230430_180000.WAV,2023-04-30,18:00:00,17280488
AM5,20230501_000000.WAV,2023-05-01,00:00:00,17280488
AM5,20230501_040000.WAV,2023-05-01,04:00:00,17280488
AM5,20230501_140000.WAV,2023-05-01,14:00:00,17280488
AM5,20230501_180000.WAV,2023-05-01,18:00:00,17280488
AM5,20230502_000000.WAV,2023-05-02,00:00:00,17280488
AM5,20230502_040000.WAV,2023-05-02,04:00:00,17280488
AM5,20230502_140000.WAV,2023-05-02,14:00:00,17280488
AM5,20230502_180000.WAV,2023-05-02,18:00:00,17280488
AM5,20230503_000000.WAV,2023-05-03,00:00:00,17280488
AM5,20230503_040000.WAV,2023-05-03,04:00:00,17280488
AM5,20230503_140000.WAV,2023-05-03,14:00:00,17280488
AM5,20230503_180000.WAV,2023-05-03,18:00:00,17280488
AM5,20230504_000000.WAV,2023-05-04,00:00:00,17280488
AM5,20230504_040000.WAV,2023-05-04,04:00:00,17280488
AM5,20230504_140000.WAV,2023-05-04,14:00:00,17280488
AM5,20230504_180000.WAV,2023-05-04,18:00:00,17280488
AM5,20230505_000000.WAV,2023-05-05,00:00:00,17280488
AM5,20230505_040000.WAV,2023-05-05,04:00:00,17280488
AM5,20230505_140000.WAV,2023-05-05,14:00:00,17280488
AM5,20230505_180000.WAV,2023-05-05,18:00:00,17280488
AM5,20230506_000000.WAV,2023-05-06,00:00:00,17280488
AM5,20230506_040000.WAV,2023-05-06,04:00:00,17280488
AM5,20230506_140000.WAV,2023-05-06,14:00:00,17280488
AM5,20230506_180000.WAV,2023-05-06,18:00:00,17280488
AM5,20230507_000000.WAV,2023-05-07,00:00:00,17280488
AM5,20230507_040000.WAV,2023-05-07,04:00:00,17280488
AM5,20230507_140000.WAV,2023-05-07,14:00:00,17280488
AM5,20230507_180000.WAV,2023-05-07,18:00:00,17280488
AM5,20230508_000000.WAV,2023-05-08,00:00:00,17280488
AM5,20230508_040000.WAV,2023-05-08,04:00:00,17280488
AM5,20230508_140000.WAV,2023-05-08,14:00:00,17280488
AM5,20230508_180000.WAV,2023-05-08,18:00:00,17280488
AM5,20230509_000000.WAV,2023-05-09,00:00:00,17280488
AM5,20230509_040000.WAV,2023-05-09,04:00:00,17280488
AM5,20230509_140000.WAV,2023-05-09,14:00:00,17280488
AM5,20230509_180000.WAV,2023-05-09,18:00:00,17280488
AM5,20230510_000000.WAV,2023-05-10,00:00:00,17280488
AM5,20230510_040000.WAV,2023-05-10,04:00:00,17280488
AM5,20230510_140000.WAV,2023-05-10,14:00:00,17280488
AM5,20230510_180000.WAV,2023-05-10,18:00:00,17280488
AM5,20230511_000000.WAV,2023-05-11,00:00:00,17280488
AM5,20230511_040000.WAV,2023-05-11,04:00:00,17280488
AM5,20230511_140000.WAV,2023-05-11,14:00:00,17280488
AM5,20230511_180000.WAV,2023-05-11,18:00:00,17280488
AM5,20230512_000000.WAV,2023-05-12,00:00:00,17280488
AM5,20230512_040000.WAV,2023-05-12,04:00:00,17280488
AM5,20230512_140000.WAV,2023-05-12,14:00:00,17280488
AM5,20230512_180000.WAV,2023-05-12,18:00:00,17280488
AM5,20230513_000000.WAV,2023-05-13,00:00:00,17280488
AM5,20230513_040000.WAV,2023-05-13,04:00:00,17280488
AM5,20230513_140000.WAV,2023-05-13,14:00:00,17280488
AM5,20230513_180000.WAV,2023-05-13,18:00:00,17280488
AM5,20230514_000000.WAV,2023-05-14,00:00:00,17280488
AM5,20230514_040000.WAV,2023-05-14,04:00:00,17280488
AM5,20230514_140000.WAV,2023-05-14,14:00:00,17280488
AM5,20230514_180000.WAV,2023-05-14,18:00:00,17280488
AM5,20230515_000000.WAV,2023-05-15,00:00:00,17280488
AM5,20230515_040000.WAV,2023-05-15,04:00:00,17280488
AM5,20230515_140000.WAV,2023-05-15,14:00:00,17280488
AM5,20230515_180000.WAV,2023-05-15,18:00:00,17280488
AM5,20230516_000000.WAV,2023-05-16,00:00:00,17280488
AM5,20230516_040000.WAV,2023-05-16,04:00:00,17280488
AM5,20230516_140000.WAV,2023-05-16,14:00:00,17280488
AM5,20230516_180000.WAV,2023-05-16,18:00:00,17280488
AM5,20230517_000000.WAV,2023-05-17,00:00:00,17280488
AM5,20230517_040000.WAV,2023-05-17,04:00:00,17280488
AM5,20230517_140000.WAV,2023-05-17,14:00:00,17280488
AM5,20230517_180000.WAV,2023-05-17,18:00:00,17280488
AM5,20230518_000000.WAV,2023-05-18,00:00:00,17280488
AM5,20230518_040000.WAV,2023-05-18,04:00:00,17280488
AM5,20230518_140000.WAV,2023-05-18,14:00:00,17280488
AM5,20230518_180000.WAV,2023-05-18,18:00:00,17280488
AM5,20230519_000000.WAV,2023-05-19,00:00:00,17280488
AM5,20230519_040000.WAV,2023-05-19,04:00:00,17280488
AM5,20230519_140000.WAV,2023-05-19,14:00:00,17280488
AM5,20230519_180000.WAV,2023-05-19,18:00:00,17280488
AM5,20230520_000000.WAV,2023-05-20,00:00:00,17280488
AM5,20230520_040000.WAV,2023-05-20,04:00:00,17280488
AM5,20230520_140000.WAV,2023-05-20,14:00:00,17280488
AM5,20230520_180000.WAV,2023-05-20,18:00:00,17280488
AM5,20230521_000000.WAV,2023-05-21,00:00:00,17280488
AM5,20230521_040000.WAV,2023-05-21,04:00:00,17280488
AM5,20230521_140000.WAV,2023-05-21,14:00:00,17280488
AM5,20230521_180000.WAV,2023-05-21,18:00:00,17280488
AM5,20230522_000000.WAV,2023-05-22,00:00:00,17280488
AM5,20230522_040000.WAV,2023-05-22,04:00:00,17280488
AM5,20230522_140000.WAV,2023-05-22,14:00:00,17280488
AM5,20230522_180000.WAV,2023-05-22,18:00:00,17280488
AM5,20230523_000000.WAV,2023-05-23,00:00:00,17280488
AM5,20230523_040000.WAV,2023-05-23,04:00:00,17280488
AM5,20230523_140000.WAV,2023-05-23,14:00:00,17280488
AM5,20230523_180000.WAV,2023-05-23,18:00:00,17280488
AM5,20230524_000000.WAV,2023-05-24,00:00:00,17280488
AM5,20230524_040000.WAV,2023-05-24,04:00:00,17280488
AM5,20230524_140000.WAV,2023-05-24,14:00:00,17280488
AM5,20230524_180000.WAV,2023-05-24,18:00:00,17280488
AM5,20230525_000000.WAV,2023-05-25,00:00:00,17280488
AM5,20230525_040000.WAV,2023-05-25,04:00:00,17280488
AM5,20230525_140000.WAV,2023-05-25,14:00:00,17280488
AM5,20230525_180000.WAV,2023-05-25,18:00:00,17280488
AM5,20230526_000000.WAV,2023-05-26,00:00:00,17280488
AM5,20230526_040000.WAV,2023-05-26,04:00:00,17280488
AM5,20230526_140000.WAV,2023-05-26,14:00:00,17280488
AM5,20230526_180000.WAV,2023-05-26,18:00:00,17280488
AM5,20230527_000000.WAV,2023-05-27,00:00:00,17280488
AM5,20230527_040000.WAV,2023-05-27,04:00:00,17280488
AM5,20230527_140000.WAV,2023-05-27,14:00:00,17280488
AM5,20230527_180000.WAV,2023-05-27,18:00:00,17280488
AM5,20230528_000000.WAV,2023-05-28,00:00:00,17280488
AM5,20230528_040000.WAV,2023-05-28,04:00:00,17280488
AM5,20230528_140000.WAV,2023-05-28,14:00:00,17280488
AM5,20230528_180000.WAV,2023-05-28,18:00:00,17280488
AM5,20230529_000000.WAV,2023-05-29,00:00:00,17280488
AM5,20230529_040000.WAV,2023-05-29,04:00:00,17280488
AM5,20230529_140000.WAV,2023-05-29,14:00:00,17280488
AM5,20230529_180000.WAV,2023-05-29,18:00:00,17280488
AM5,20230530_000000.WAV,2023-05-30,00:00:00,17280488
AM5,20230530_040000.WAV,2023-05-30,04:00:00,17280488
AM5,20230530_140000.WAV,2023-05-30,14:00:00,17280488
AM5,20230530_180000.WAV,2023-05-30,18:00:00,17280488
AM5,20230531_000000.WAV,2023-05-31,00:00:00,17280488
AM5,20230531_040000.WAV,2023-05-31,04:00:00,17280488
AM5,20230531_140000.WAV,2023-05-31,14:00:00,17280488
AM5,20230531_180000.WAV,2023-05-31,18:00:00,17280488
AM5,20230601_000000.WAV,2023-06-01,00:00:00,17280488
AM5,20230601_040000.WAV,2023-06-01,04:00:00,17280488
AM5,20230601_140000.WAV,2023-06-01,14:00:00,17280488
AM5,20230601_180000.WAV,2023-06-01,18:00:00,17280488
AM5,20230602_000000.WAV,2023-06-02,00:00:00,17280488
AM5,20230602_040000.WAV,2023-06-02,04:00:00,17280488
AM5,20230602_140000.WAV,2023-06-02,14:00:00,17280488
AM5,20230602_180000.WAV,2023-06-02,18:00:00,17280488
AM5,20230603_000000.WAV,2023-06-03,00:00:00,17280488
AM5,20230603_040000.WAV,2023-06-03,04:00:00,17280488
AM5,20230603_140000.WAV,2023-06-03,14:00:00,17280488
AM5,20230603_180000.WAV,2023-06-03,18:00:00,17280488
AM5,20230604_000000.WAV,2023-06-04,00:00:00,17280488
AM5,20230604_040000.WAV,2023-06-04,04:00:00,17280488
AM5,20230604_140000.WAV,2023-06-04,14:00:00,17280488
AM5,20230604_180000.WAV,2023-06-04,18:00:00,17280488
AM5,20230605_000000.WAV,2023-06-05,00:00:00,17280488
AM5,20230605_040000.WAV,2023-06-05,04:00:00,17280488
AM5,20230605_140000.WAV,2023-06-05,14:00:00,17280488
AM5,20230605_180000.WAV,2023-06-05,18:00:00,17280488
AM5,20230606_000000.WAV,2023-06-06,00:00:00,17280488
AM5,20230606_040000.WAV,2023-06-06,04:00:00,17280488
AM5,20230606_140000.WAV,2023-06-06,14:00:00,17280488
AM5,20230606_180000.WAV,2023-06-06,18:00:00,17280488
AM5,20230607_000000.WAV,2023-06-07,00:00:00,17280488
AM5,20230607_040000.WAV,2023-06-07,04:00:00,17280488
AM5,20230607_140000.WAV,2023-06-07,14:00:00,17280488
AM5,20230607_180000.WAV,2023-06-07,18:00:00,17280488
AM5,20230608_000000.WAV,2023-06-08,00:00:00,17280488
AM5,20230608_040000.WAV,2023-06-08,04:00:00,17280488
AM5,20230608_140000.WAV,2023-06-08,14:00:00,17280488
AM5,20230608_180000.WAV,2023-06-08,18:00:00,17280488
AM5,20230609_000000.WAV,2023-06-09,00:00:00,17280488
AM5,20230609_040000.WAV,2023-06-09,04:00:00,17280488
AM5,20230609_140000.WAV,2023-06-09,14:00:00,17280488
AM5,20230609_180000.WAV,2023-06-09,18:00:00,17280488
AM5,20230610_000000.WAV,2023-06-10,00:00:00,17280488
AM5,20230610_040000.WAV,2023-06-10,04:00:00,17280488
AM5,20230610_140000.WAV,2023-06-10,14:00:00,17280488
AM5,20230610_180000.WAV,2023-06-10,18:00:00,17280488
AM5,20230611_000000.WAV,2023-06-11,00:00:00,17280488
AM5,20230611_040000.WAV,2023-06-11,04:00:00,17280488
AM5,20230611_140000.WAV,2023-06-11,14:00:00,17280488
AM5,20230611_180000.WAV,2023-06-11,18:00:00,17280488
AM5,20230612_000000.WAV,2023-06-12,00:00:00,17280488
AM5,20230612_040000.WAV,2023-06-12,04:00:00,17280488
AM5,20230612_140000.WAV,2023-06-12,14:00:00,17280488
AM5,20230612_180000.WAV,2023-06-12,18:00:00,17280488
AM5,20230613_000000.WAV,2023-06-13,00:00:00,17280488
AM5,20230613_040000.WAV,2023-06-13,04:00:00,17280488
AM5,20230613_140000.WAV,2023-06-13,14:00:00,17280488
AM5,20230613_180000.WAV,2023-06-13,18:00:00,17280488
AM5,20230614_000000.WAV,2023-06-14,00:00:00,17280488
AM5,20230614_040000.WAV,2023-06-14,04:00:00,17280488
AM5,20230614_140000.WAV,2023-06-14,14:00:00,17280488
AM5,20230614_180000.WAV,2023-06-14,18:00:00,17280488
AM5,20230615_000000.WAV,2023-06-15,00:00:00,17280488
AM5,20230615_040000.WAV,2023-06-15,04:00:00,17280488
AM5,20230615_140000.WAV,2023-06-15,14:00:00,17280488
AM5,20230615_180000.WAV,2023-06-15,18:00:00,17280488
AM5,20230616_000000.WAV,2023-06-16,00:00:00,17280488
AM5,20230616_040000.WAV,2023-06-16,04:00:00,17280488
AM5,20230616_140000.WAV,2023-06-16,14:00:00,17280488
AM5,20230616_180000.WAV,2023-06-16,18:00:00,17280488
AM5,20230617_000000.WAV,2023-06-17,00:00:00,17280488
AM5,20230617_040000.WAV,2023-06-17,04:00:00,17280488
AM5,20230617_140000.WAV,2023-06-17,14:00:00,17280488
AM5,20230617_180000.WAV,2023-06-17,18:00:00,17280488
AM5,20230618_000000.WAV,2023-06-18,00:00:00,17280488
AM5,20230618_040000.WAV,2023-06-18,04:00:00,17280488
AM5,20230618_140000.WAV,2023-06-18,14:00:00,17280488
AM5,20230618_180000.WAV,2023-06-18,18:00:00,17280488
AM5,20230619_000000.WAV,2023-06-19,00:00:00,17280488
AM5,20230619_040000.WAV,2023-06-19,04:00:00,17280488
AM5,20230619_140000.WAV,2023-06-19,14:00:00,17280488
AM5,20230619_180000.WAV,2023-06-19,18:00:00,17280488
AM5,20230620_000000.WAV,2023-06-20,00:00:00,17280488
AM5,20230620_040000.WAV,2023-06-20,04:00:00,17280488
AM5,20230620_140000.WAV,2023-06-20,14:00:00,17280488
AM5,20230620_180000.WAV,2023-06-20,18:00:00,17280488
AM5,20230621_000000.WAV,2023-06-21,00:00:00,17280488
AM5,20230621_040000.WAV,2023-06-21,04:00:00,17280488
AM5,20230621_140000.WAV,2023-06-21,14:00:00,17280488
AM5,20230621_180000.WAV,2023-06-21,18:00:00,17280488
AM5,20230622_000000.WAV,2023-06-22,00:00:00,17280488
AM5,20230622_040000.WAV,2023-06-22,04:00:00,17280488
AM5,20230622_140000.WAV,2023-06-22,14:00:00,17280488
AM5,20230622_180000.WAV,2023-06-22,18:00:00,17280488
AM5,20230623_000000.WAV,2023-06-23,00:00:00,17280488
AM5,20230623_040000.WAV,2023-06-23,04:00:00,17280488
AM5,20230623_140000.WAV,2023-06-23,14:00:00,17280488
AM5,20230623_180000.WAV,2023-06-23,18:00:00,17280488
AM5,20230624_000000.WAV,2023-06-24,00:00:00,17280488
AM5,20230624_040000.WAV,2023-06-24,04:00:00,17280488
AM5,20230624_140000.WAV,2023-06-24,14:00:00,17280488
AM5,20230624_180000.WAV,2023-06-24,18:00:00,17280488
AM5,20230625_000000.WAV,2023-06-25,00:00:00,17280488
AM5,20230625_040000.WAV,2023-06-25,04:00:00,17280488
AM5,20230625_140000.WAV,2023-06-25,14:00:00,17280488
AM5,20230625_180000.WAV,2023-06-25,18:00:00,17280488
AM5,20230626_000000.WAV,2023-06-26,00:00:00,17280488
AM5,20230626_040000.WAV,2023-06-26,04:00:00,17280488
AM5,20230626_140000.WAV,2023-06-26,14:00:00,17280488
AM5,20230626_180000.WAV,2023-06-26,18:00:00,17280488
AM5,20230627_000000.WAV,2023-06-27,00:00:00,17280488
AM5,20230627_040000.WAV,2023-06-27,04:00:00,17280488
AM5,20230627_140000.WAV,2023-06-27,14:00:00,17280488
AM5,20230627_180000.WAV,2023-06-27,18:00:00,17280488
AM5,20230628_000000.WAV,2023-06-28,00:00:00,17280488
AM5,20230628_040000.WAV,2023-06-28,04:00:00,17280488
AM5,20230628_140000.WAV,2023-06-28,14:00:00,17280488
AM5,20230628_180000.WAV,2023-06-28,18:00:00,17280488
AM5,20230629_000000.WAV,2023-06-29,00:00:00,17280488
AM5,20230629_040000.WAV,2023-06-29,04:00:00,17280488
AM5,20230629_140000.WAV,2023-06-29,14:00:00,17280488
AM5,20230629_180000.WAV,2023-06-29,18:00:00,17280488
AM5,20230630_000000.WAV,2023-06-30,00:00:00,17280488
AM5,20230630_040000.WAV,2023-06-30,04:00:00,17280488
AM5,20230630_140000.WAV,2023-06-30,14:00:00,17280488
AM5,20230630_180000.WAV,2023-06-30,18:00:00,17280488
AM5,20230701_000000.WAV,2023-07-01,00:00:00,17280488
AM5,20230701_040000.WAV,2023-07-01,04:00:00,17280488
AM5,20230701_140000.WAV,2023-07-01,14:00:00,17280488
AM5,20230701_180000.WAV,2023-07-01,18:00:00,17280488
AM5,20230702_000000.WAV,2023-07-02,00:00:00,17280488
AM5,20230702_040000.WAV,2023-07-02,04:00:00,17280488
AM5,20230702_140000.WAV,2023-07-02,14:00:00,17280488
AM5,20230702_180000.WAV,2023-07-02,18:00:00,17280488
AM5,20230703_000000.WAV,2023-07-03,00:00:00,17280488
AM5,20230703_040000.WAV,2023-07-03,04:00:00,17280488
AM5,20230703_140000.WAV,2023-07-03,14:00:00,17280488
AM5,20230703_180000.WAV,2023-07-03,18:00:00,17280488
AM5,20230704_000000.WAV,2023-07-04,00:00:00,17280488
AM5,20230704_040000.WAV,2023-07-04,04:00:00,17280488
AM5,20230704_140000.WAV,2023-07-04,14:00:00,17280488
AM5,20230704_180000.WAV,2023-07-04,18:00:00,17280488
AM5,20230705_000000.WAV,2023-07-05,00:00:00,17280488
AM5,20230705_040000.WAV,2023-07-05,04:00:00,17280488
AM5,20230705_140000.WAV,2023-07-05,14:00:00,17280488
AM5,20230705_180000.WAV,2023-07-05,18:00:00,17280488
AM5,20230706_000000.WAV,2023-07-06,00:00:00,17280488
AM5,20230706_040000.WAV,2023-07-06,04:00:00,17280488
AM5,20230706_140000.WAV,2023-07-06,14:00:00,17280488
AM5,20230706_180000.WAV,2023-07-06,18:00:00,17280488
AM5,20230707_000000.WAV,2023-07-07,00:00:00,17280488
AM5,20230707_040000.WAV,2023-07-07,04:00:00,17280488
AM5,20230707_140000.WAV,2023-07-07,14:00:00,17280488
AM5,20230707_180000.WAV,2023-07-07,18:00:00,17280488
AM5,20230708_000000.WAV,2023-07-08,00:00:00,17280488
AM5,20230708_040000.WAV,2023-07-08,04:00:00,17280488
AM5,20230708_140000.WAV,2023-07-08,14:00:00,17280488
AM5,20230708_180000.WAV,2023-07-08,18:00:00,17280488
AM5,20230709_000000.WAV,2023-07-09,00:00:00,17280488
AM5,20230709_040000.WAV,2023-07-09,04:00:00,17280488
AM5,20230709_140000.WAV,2023-07-09,14:00:00,17280488
AM5,20230709_180000.WAV,2023-07-09,18:00:00,17280488
AM5,20230710_000000.WAV,2023-07-10,00:00:00,17280488
AM5,20230710_040000.WAV,2023-07-10,04:00:00,17280488
AM5,20230710_140000.WAV,2023-07-10,14:00:00,17280488
AM5,20230710_180000.WAV,2023-07-10,18:00:00,17280488
AM5,20230711_000000.WAV,2023-07-11,00:00:00,17280488
AM5,20230711_040000.WAV,2023-07-11,04:00:00,17280488
AM5,20230711_140000.WAV,2023-07-11,14:00:00,17280488
AM5,20230711_180000.WAV,2023-07-11,18:00:00,17280488
AM5,20230712_000000.WAV,2023-07-12,00:00:00,17280488
AM5,20230712_040000.WAV,2023-07-12,04:00:00,17280488
AM5,20230712_140000.WAV,2023-07-12,14:00:00,17280488
AM5,20230712_180000.WAV,2023-07-12,18:00:00,17280488
AM5,20230713_000000.WAV,2023-07-13,00:00:00,17280488
AM5,20230713_040000.WAV,2023-07-13,04:00:00,17280488
AM5,20230713_140000.WAV,2023-07-13,14:00:00,17280488
AM5,20230713_180000.WAV,2023-07-13,18:00:00,17280488
AM5,20230714_000000.WAV,2023-07-14,00:00:00,17280488
AM5,20230714_040000.WAV,2023-07-14,04:00:00,17280488
AM5,20230714_140000.WAV,2023-07-14,14:00:00,17280488
AM5,20230714_180000.WAV,2023-07-14,18:00:00,17280488
AM5,20230715_000000.WAV,2023-07-15,00:00:00,17280488
AM5,20230715_040000.WAV,2023-07-15,04:00:00,17280488
AM5,20230715_140000.WAV,2023-07-15,14:00:00,17280488
AM5,20230715_180000.WAV,2023-07-15,18:00:00,17280488
AM5,20230716_000000.WAV,2023-07-16,00:00:00,17280488
AM5,20230716_040000.WAV,2023-07-16,04:00:00,17280488
AM5,20230716_140000.WAV,2023-07-16,14:00:00,17280488
AM5,20230716_180000.WAV,2023-07-16,18:00:00,17280488
AM5,20230717_000000.WAV,2023-07-17,00:00:00,17280488
AM5,20230717_040000.WAV,2023-07-17,04:00:00,17280488
AM5,20230717_140000.WAV,2023-07-17,14:00:00,17280488
AM5,20230717_180000.WAV,2023-07-17,18:00:00,17280488
AM5,20230718_000000.WAV,2023-07-18,00:00:00,17280488
AM5,20230718_040000.WAV,2023-07-18,04:00:00,17280488
AM5,20230718_140000.WAV,2023-07-18,14:00:00,17280488
AM5,20230718_180000.WAV,2023-07-18,18:00:00,17280488
AM5,20230719_000000.WAV,2023-07-19,00:00:00,17280488
AM5,20230719_040000.WAV,2023-07-19,04:00:00,17280488
AM5,20230719_140000.WAV,2023-07-19,14:00:00,17280488
AM5,20230719_180000.WAV,2023-07-19,18:00:00,17280488
AM5,20230720_000000.WAV,2023-07-20,00:00:00,17280488
AM5,20230720_040000.WAV,2023-07-20,04:00:00,17280488
AM5,20230720_140000.WAV,2023-07-20,14:00:00,17280488
AM5,20230720_180000.WAV,2023-07-20,18:00:00,17280488
AM5,20230721_000000.WAV,2023-07-21,00:00:00,17280488
AM5,20230721_040000.WAV,2023-07-21,04:00:00,17280488
AM5,20230721_140000.WAV,2023-07-21,14:00:00,17280488
AM5,20230721_180000.WAV,2023-07-21,18:00:00,17280488
AM5,20230722_000000.WAV,2023-07-22,00:00:00,17280488
AM5,20230722_040000.WAV,2023-07-22,04:00:00,17280488
AM5,20230722_140000.WAV,2023-07-22,14:00:00,17280488
AM5,20230722_180000.WAV,2023-07-22,18:00:00,17280488
AM5,20230723_000000.WAV,2023-07-23,00:00:00,17280488
AM5,20230723_040000.WAV,2023-07-23,04:00:00,17280488
AM5,20230723_140000.WAV,2023-07-23,14:00:00,17280488
AM5,20230723_180000.WAV,2023-07-23,18:00:00,17280488
AM5,20230724_000000.WAV,2023-07-24,00:00:00,17280488
AM5,20230724_040000.WAV,2023-07-24,04:00:00,17280488
AM5,20230724_140000.WAV,2023-07-24,14:00:00,17280488
AM5,20230724_180000.WAV,2023-07-24,18:00:00,17280488
AM5,20230725_000000.WAV,2023-07-25,00:00:00,17280488
AM5,20230725_040000.WAV,2023-07-25,04:00:00,17280488
AM5,20230725_140000.WAV,2023-07-25,14:00:00,17280488
AM5,20230725_180000.WAV,2023-07-25,18:00:00,17280488
AM5,20230726_000000.WAV,2023-07-26,00:00:00,17280488
AM5,20230726_040000.WAV,2023-07-26,04:00:00,17280488
AM5,20230726_140000.WAV,2023-07-26,14:00:00,17280488
AM5,20230726_180000.WAV,2023-07-26,18:00:00,17280488
AM5,20230727_000000.WAV,2023-07-27,00:00:00,17280488
AM5,20230727_040000.WAV,2023-07-27,04:00:00,17280488
AM5,20230727_140000.WAV,2023-07-27,14:00:00,17280488
AM5,20230727_180000.WAV,2023-07-27,18:00:00,17280488
AM5,20230728_000000.WAV,2023-07-28,00:00:00,17280488
AM5,20230728_040000.WAV,2023-07-28,04:00:00,17280488
AM5,20230728_140000.WAV,2023-07-28,14:00:00,17280488
AM5,20230728_180000.WAV,2023-07-28,18:00:00,17280488
AM5,20230729_000000.WAV,2023-07-29,00:00:00,17280488
AM5,20230729_040000.WAV,2023-07-29,04:00:00,17280488
AM5,20230729_140000.WAV,2023-07-29,14:00:00,17280488
AM5,20230729_180000.WAV,2023-07-29,18:00:00,17280488
AM5,20230730_000000.WAV,2023-07-30,00:00:00,17280488
AM5,20230730_040000.WAV,2023-07-30,04:00:00,17280488
AM5,20230730_140000.WAV,2023-07-30,14:00:00,17280488
AM5,20230730_180000.WAV,2023-07-30,18:00:00,17280488
AM5,20230731_000000.WAV,2023-07-31,00:00:00,17280488
AM5,20230731_040000.WAV,2023-07-31,04:00:00,17280488
AM5,20230731_140000.WAV,2023-07-31,14:00:00,17280488
AM5,20230731_180000.WAV,2023-07-31,18:00:00,17280488
AM5,20230801_000000.WAV,2023-08-01,00:00:00,17280488
AM5,20230801_040000.WAV,2023-08-01,04:00:00,17280488
AM5,20230801_140000.WAV,2023-08-01,14:00:00,17280488
AM5,20230801_180000.WAV,2023-08-01,18:00:00,17280488
AM5,20230802_000000.WAV,2023-08-02,00:00:00,17280488
AM5,20230802_040000.WAV,2023-08-02,04:00:00,17280488
AM5,20230802_140000.WAV,2023-08-02,14:00:00,17280488
AM5,20230802_180000.WAV,2023-08-02,18:00:00,17280488
AM5,20230803_000000.WAV,2023-08-03,00:00:00,17280488
AM5,20230803_040000.WAV,2023-08-03,04:00:00,17280488
AM5,20230803_140000.WAV,2023-08-03,14:00:00,17280488
AM5,20230803_180000.WAV,2023-08-03,18:00:00,17280488
AM5,20230804_000000.WAV,2023-08-04,00:00:00,17280488
AM5,20230804_040000.WAV,2023-08-04,04:00:00,17280488
AM5,20230804_140000.WAV,2023-08-04,14:00:00,17280488
AM5,20230804_180000.WAV,2023-08-04,18:00:00,17280488
AM5,20230805_000000.WAV,2023-08-05,00:00:00,17280488
AM5,20230805_040000.WAV,2023-08-05,04:00:00,17280488
AM5,20230805_140000.WAV,2023-08-05,14:00:00,17280488
AM5,20230805_180000.WAV,2023-08-05,18:00:00,17280488
AM5,20230806_000000.WAV,2023-08-06,00:00:00,17280488
AM5,20230806_040000.WAV,2023-08-06,04:00:00,17280488
AM5,20230806_140000.WAV,2023-08-06,14:00:00,17280488
AM5,20230806_180000.WAV,2023-08-06,18:00:00,17280488
AM5,20230807_000000.WAV,2023-08-07,00:00:00,17280488
AM5,20230807_040000.WAV,2023-08-07,04:00:00,17280488
AM5,20230807_140000.WAV,2023-08-07,14:00:00,17280488
AM5,20230807_180000.WAV,2023-08-07,18:00:00,17280488
AM5,20230808_000000.WAV,2023-08-08,00:00:00,17280488
AM5,20230808_040000.WAV,2023-08-08,04:00:00,17280488
AM5,20230808_140000.WAV,2023-08-08,14:00:00,17280488
AM5,20230808_180000.WAV,2023-08-08,18:00:00,17280488
AM5,20230809_000000.WAV,2023-08-09,00:00:00,17280488
AM5,20230809_040000.WAV,2023-08-09,04:00:00,17280488
AM5,20230809_140000.WAV,2023-08-09,14:00:00,17280488
AM5,20230809_180000.WAV,2023-08-09,18:00:00,17280488
AM5,20230810_000000.WAV,2023-08-10,00:00:00,17280488
AM5,20230810_040000.WAV,2023-08-10,04:00:00,17280488
AM5,20230810_140000.WAV,2023-08-10,14:00:00,17280488
AM5,20230810_180000.WAV,2023-08-10,18:00:00,17280488
AM5,20230811_000000.WAV,2023-08-11,00:00:00,17280488
AM5,20230811_040000.WAV,2023-08-11,04:00:00,17280488
AM5,20230811_140000.WAV,2023-08-11,14:00:00,17280488
AM5,20230811_180000.WAV,2023-08-11,18:00:00,17280488
AM5,20230812_000000.WAV,2023-08-12,00:00:00,17280488
AM5,20230812_040000.WAV,2023-08-12,04:00:00,17280488
AM5,20230812_140000.WAV,2023-08-12,14:00:00,17280488
AM5,20230812_180000.WAV,2023-08-12,18:00:00,17280488
AM5,20230813_000000.WAV,2023-08-13,00:00:00,17280488
AM5,20230813_040000.WAV,2023-08-13,04:00:00,17280488
AM5,20230813_140000.WAV,2023-08-13,14:00:00,17280488
AM5,20230813_180000.WAV,2023-08-13,18:00:00,17280488
AM5,20230814_000000.WAV,2023-08-14,00:00:00,17280488
AM5,20230814_040000.WAV,2023-08-14,04:00:00,17280488
AM5,20230814_140000.WAV,2023-08-14,14:00:00,17280488
AM5,20230814_180000.WAV,2023-08-14,18:00:00,17280488
AM5,20230815_000000.WAV,2023-08-15,00:00:00,17280488
AM5,20230815_040000.WAV,2023-08-15,04:00:00,17280488
AM5,20230815_140000.WAV,2023-08-15,14:00:00,17280488
AM5,20230815_180000.WAV,2023-08-15,18:00:00,17280488
AM5,20230816_000000.WAV,2023-08-16,00:00:00,17280488
AM5,20230816_040000.WAV,2023-08-16,04:00:00,17280488
AM5,20230816_140000.WAV,2023-08-16,14:00:00,17280488
AM5,20230816_180000.WAV,2023-08-16,18:00:00,17280488
AM5,20230817_000000.WAV,2023-08-17,00:00:00,17280488
AM5,20230817_040000.WAV,2023-08-17,04:00:00,17280488
AM5,20230817_140000.WAV,2023-08-17,14:00:00,17280488
AM5,20230817_180000.WAV,2023-08-17,18:00:00,17280488
AM5,20230818_000000.WAV,2023-08-18,00:00:00,17280488
AM5,20230818_040000.WAV,2023-08-18,04:00:00,17280488
AM5,20230818_140000.WAV,2023-08-18,14:00:00,17280488
AM5,20230818_180000.WAV,2023-08-18,18:00:00,17280488
AM5,20230819_000000.WAV,2023-08-19,00:00:00,17280488
AM5,20230819_040000.WAV,2023-08-19,04:00:00,17280488
AM5,20230819_140000.WAV,2023-08-19,14:00:00,17280488
AM5,20230819_180000.WAV,2023-08-19,18:00:00,17280488
AM5,20230820_000000.WAV,2023-08-20,00:00:00,17280488
AM5,20230820_040000.WAV,2023-08-20,04:00:00,17280488
AM5,20230820_140000.WAV,2023-08-20,14:00:00,17280488
AM5,20230820_180000.WAV,2023-08-20,18:00:00,17280488
AM5,20230821_000000.WAV,2023-08-21,00:00:00,17280488
AM5,20230821_040000.WAV,2023-08-21,04:00:00,17280488
AM5,20230821_140000.WAV,2023-08-21,14:00:00,17280488
AM5,20230821_180000.WAV,2023-08-21,18:00:00,17280488
AM5,20230822_000000.WAV,2023-08-22,00:00:00,17280488
AM5,20230822_040000.WAV,2023-08-22,04:00:00,17280488
AM5,20230822_140000.WAV,2023-08-22,14:00:00,17280488
AM5,20230822_180000.WAV,2023-08-22,18:00:00,17280488
AM5,20230823_000000.WAV,2023-08-23,00:00:00,17280488
AM5,20230823_040000.WAV,2023-08-23,04:00:00,17280488
AM5,20230823_140000.WAV,2023-08-23,14:00:00,17280488
AM5,20230823_180000.WAV,2023-08-23,18:00:00,17280488
AM5,20230824_000000.WAV,2023-08-24,00:00:00,17280488
AM5,20230824_040000.WAV,2023-08-24,04:00:00,17280488
AM5,20230824_140000.WAV,2023-08-24,14:00:00,17280488
AM5,20230824_180000.WAV,2023-08-24,18:00:00,17280488
AM5,20230825_000000.WAV,2023-08-25,00:00:00,17280488
AM5,20230825_040000.WAV,2023-08-25,04:00:00,17280488
AM5,20230825_140000.WAV,2023-08-25,14:00:00,17280488
AM5,20230825_180000.WAV,2023-08-25,18:00:00,17280488
AM5,20230826_000000.WAV,2023-08-26,00:00:00,17280488
AM5,20230826_040000.WAV,2023-08-26,04:00:00,17280488
AM5,20230826_140000.WAV,2023-08-26,14:00:00,17280488
AM5,20230826_180000.WAV,2023-08-26,18:00:00,17280488
AM5,20230827_000000.WAV,2023-08-27,00:00:00,17280488
AM5,20230827_040000.WAV,2023-08-27,04:00:00,17280488
AM5,20230827_140000.WAV,2023-08-27,14:00:00,17280488
AM5,20230827_180000.WAV,2023-08-27,18:00:00,17280488
AM5,20230828_000000.WAV,2023-08-28,00:00:00,17280488
AM5,20230828_040000.WAV,2023-08-28,04:00:00,17280488
AM5,20230828_140000.WAV,2023-08-28,14:00:00,17280488
AM5,20230828_180000.WAV,2023-08-28,18:00:00,17280488
AM5,20230829_000000.WAV,2023-08-29,00:00:00,17280488
AM5,20230829_040000.WAV,2023-08-29,04:00:00,17280488
AM5,20230829_140000.WAV,2023-08-29,14:00:00,17280488
AM5,20230829_180000.WAV,2023-08-29,18:00:00,17280488
AM5,20230830_000000.WAV,2023-08-30,00:00:00,17280488
AM5,20230830_040000.WAV,2023-08-30,04:00:00,17280488
AM5,20230830_140000.WAV,2023-08-30,14:00:00,17280488
AM5,20230830_180000.WAV,2023-08-30,18:00:00,17280488
AM5,20230831_000000.WAV,2023-08-31,00:00:00,17280488
AM5,20230831_040000.WAV,2023-08-31,04:00:00,17280488
AM5,20230831_140000.WAV,2023-08-31,14:00:00,17280488
AM5,20230831_180000.WAV,2023-08-31,18:00:00,17280488
AM5,20230901_000000.WAV,2023-09-01,00:00:00,17280488
AM5,20230901_040000.WAV,2023-09-01,04:00:00,17280488
AM5,20230901_140000.WAV,2023-09-01,14:00:00,17280488
AM5,20230901_180000.WAV,2023-09-01,18:00:00,17280488
AM5,20230902_000000.WAV,2023-09-02,00:00:00,17280488
AM5,20230902_040000.WAV,2023-09-02,04:00:00,17280488
AM5,20230902_140000.WAV,2023-09-02,14:00:00,17280488
AM5,20230902_180000.WAV,2023-09-02,18:00:00,17280488
AM5,20230903_000000.WAV,2023-09-03,00:00:00,17280488
AM5,20230903_040000.WAV,2023-09-03,04:00:00,17280488
AM5,20230903_140000.WAV,2023-09-03,14:00:00,17280488
AM5,20230903_180000.WAV,2023-09-03,18:00:00,17280488
AM5,20230904_000000.WAV,2023-09-04,00:00:00,17280488
AM5,20230904_040000.WAV,2023-09-04,04:00:00,17280488
AM5,20230904_140000.WAV,2023-09-04,14:00:00,17280488
AM5,20230904_180000.WAV,2023-09-04,18:00:00,17280488
AM5,20230905_000000.WAV,2023-09-05,00:00:00,17280488
AM5,20230905_040000.WAV,2023-09-05,04:00:00,17280488
AM5,20230905_140000.WAV,2023-09-05,14:00:00,17280488
AM5,20230905_180000.WAV,2023-09-05,18:00:00,17280488
AM5,20230906_000000.WAV,2023-09-06,00:00:00,17280488
AM5,20230906_040000.WAV,2023-09-06,04:00:00,17280488
AM5,20230906_140000.WAV,2023-09-06,14:00:00,17280488
AM5,20230906_180000.WAV,2023-09-06,18:00:00,17280488
AM5,20230907_000000.WAV,2023-09-07,00:00:00,17280488
AM5,20230907_040000.WAV,2023-09-07,04:00:00,17280488
AM5,20230907_140000.WAV,2023-09-07,14:00:00,17280488
AM5,20230907_180000.WAV,2023-09-07,18:00:00,17280488
AM5,20230908_000000.WAV,2023-09-08,00:00:00,17280488
AM5,20230908_040000.WAV,2023-09-08,04:00:00,17280488
AM5,20230908_140000.WAV,2023-09-08,14:00:00,17280488
AM5,20230908_180000.WAV,2023-09-08,18:00:00,17280488
AM5,20230909_000000.WAV,2023-09-09,00:00:00,17280488
AM5,20230909_040000.WAV,2023-09-09,04:00:00,17280488
AM5,20230909_140000.WAV,2023-09-09,14:00:00,17280488
AM5,20230909_180000.WAV,2023-09-09,18:00:00,17280488
AM5,20230910_000000.WAV,2023-09-10,00:00:00,17280488
AM5,20230910_040000.WAV,2023-09-10,04:00:00,17280488
AM5,20230910_140000.WAV,2023-09-10,14:00:00,17280488
AM5,20230910_180000.WAV,2023-09-10,18:00:00,17280488
AM5,20230911_000000.WAV,2023-09-11,00:00:00,17280488
AM5,20230911_040000.WAV,2023-09-11,04:00:00,17280488
AM5,20230911_140000.WAV,2023-09-11,14:00:00,17280488
AM5,20230911_180000.WAV,2023-09-11,18:00:00,17280488
AM5,20230912_000000.WAV,2023-09-12,00:00:00,17280488
AM5,20230912_040000.WAV,2023-09-12,04:00:00,17280488
AM5,20230912_140000.WAV,2023-09-12,14:00:00,17280488
AM5,20230912_180000.WAV,2023-09-12,18:00:00,17280488
AM5,20230913_000000.WAV,2023-09-13,00:00:00,17280488
AM5,20230913_040000.WAV,2023-09-13,04:00:00,17280488
AM5,20230913_140000.WAV,2023-09-13,14:00:00,17280488
AM5,20230913_180000.WAV,2023-09-13,18:00:00,17280488
AM5,20230914_000000.WAV,2023-09-14,00:00:00,17280488
AM5,20230914_040000.WAV,2023-09-14,04:00:00,17280488
AM5,20230914_140000.WAV,2023-09-14,14:00:00,17280488
AM5,20230914_180000.WAV,2023-09-14,18:00:00,17280488
AM5,20230915_000000.WAV,2023-09-15,00:00:00,17280488
AM5,20230915_040000.WAV,2023-09-15,04:00:00,17280488
AM5,20230915_140000.WAV,2023-09-15,14:00:00,17280488
AM5,20230915_180000.WAV,2023-09-15,18:00:00,17280488
AM5,20230916_000000.WAV,2023-09-16,00:00:00,17280488
AM5,20230916_040000.WAV,2023-09-16,04:00:00,17280488
AM5,20230916_140000.WAV,2023-09-16,14:00:00,17280488
AM5,20230916_180000.WAV,2023-09-16,18:00:00,17280488
AM5,20230917_000000.WAV,2023-09-17,00:00:00,17280488
AM5,20230917_040000.WAV,2023-09-17,04:00:00,17280488
AM5,20230917_140000.WAV,2023-09-17,14:00:00,17280488
AM5,20230917_180000.WAV,2023-09-17,18:00:00,17280488
AM5,20230918_000000.WAV,2023-09-18,00:00:00,17280488
AM5,20230918_040000.WAV,2023-09-18,04:00:00,17280488
AM5,20230918_140000.WAV,2023-09-18,14:00:00,17280488
AM5,20230918_180000.WAV,2023-09-18,18:00:00,17280488
AM5,20230919_000000.WAV,2023-09-19,00:00:00,17280488
AM5,20230919_040000.WAV,2023-09-19,04:00:00,17280488
AM5,20230919_140000.WAV,2023-09-19,14:00:00,17280488
AM5,20230919_180000.WAV,2023-09-19,18:00:00,17280488
AM5,20230920_000000.WAV,2023-09-20,00:00:00,17280488
AM5,20230920_040000.WAV,2023-09-20,04:00:00,17280488
AM5,20230920_140000.WAV,2023-09-20,14:00:00,17280488
AM5,20230920_180000.WAV,2023-09-20,18:00:00,17280488
AM5,20230921_000000.WAV,2023-09-21,00:00:00,17280488
AM5,20230921_040000.WAV,2023-09-21,04:00:00,17280488
AM5,20230921_140000.WAV,2023-09-21,14:00:00,17280488
AM5,20230921_180000.WAV,2023-09-21,18:00:00,17280488
AM5,20230922_000000.WAV,2023-09-22,00:00:00,17280488
AM5,20230922_040000.WAV,2023-09-22,04:00:00,17280488
AM5,20230922_140000.WAV,2023-09-22,14:00:00,17280488
AM5,20230922_180000.WAV,2023-09-22,18:00:00,17280488
AM5,20230923_000000.WAV,2023-09-23,00:00:00,17280488
AM5,20230923_040000.WAV,2023-09-23,04:00:00,17280488
AM5,20230923_140000.WAV,2023-09-23,14:00:00,17280488
AM5,20230923_180000.WAV,2023-09-23,18:00:00,17280488
AM5,20230924_000000.WAV,2023-09-24,00:00:00,17280488
AM5,20230924_040000.WAV,2023-09-24,04:00:00,17280488
AM5,20230924_140000.WAV,2023-09-24,14:00:00,17280488
AM5,20230924_180000.WAV,2023-09-24,18:00:00,17280488
AM5,20230925_000000.WAV,2023-09-25,00:00:00,17280488
AM5,20230925_040000.WAV,2023-09-25,04:00:00,17280488
AM5,20230925_140000.WAV,2023-09-25,14:00:00,17280488
AM5,20230925_180000.WAV,2023-09-25,18:00:00,17280488
AM5,20230926_000000.WAV,2023-09-26,00:00:00,17280488
AM5,20230926_040000.WAV,2023-09-26,04:00:00,17280488
AM5,20230926_140000.WAV,2023-09-26,14:00:00,17280488
AM5,20230926_180000.WAV,2023-09-26,18:00:00,17280488
AM5,20230927_000000.WAV,2023-09-27,00:00:00,17280488
AM5,20230927_040000.WAV,2023-09-27,04:00:00,17280488
AM5,20230927_140000.WAV,2023-09-27,14:00:00,17280488
AM5,20230927_180000.WAV,2023-09-27,18:00:00,17280488
AM5,20230928_000000.WAV,2023-09-28,00:00:00,17280488
AM5,20230928_040000.WAV,2023-09-28,04:00:00,17280488
AM5,20230928_140000.WAV,2023-09-28,14:00:00,17280488
AM5,20230928_180000.WAV,2023-09-28,18:00:00,17280488
AM5,20230929_000000.WAV,2023-09-29,00:00:00,17280488
AM6,20230331_000000.WAV,2023-03-31,00:00:00,17280488
AM6,20230331_040000.WAV,2023-03-31,04:00:00,17280488
AM6,20230331_140000.WAV,2023-03-31,14:00:00,17280488
AM6,20230331_180000.WAV,2023-03-31,18:00:00,17280488
AM6,20230401_000000.WAV,2023-04-01,00:00:00,17280488
AM6,20230401_040000.WAV,2023-04-01,04:00:00,17280488
AM6,20230401_140000.WAV,2023-04-01,14:00:00,17280488
AM6,20230401_180000.WAV,2023-04-01,18:00:00,17280488
AM6,20230402_000000.WAV,2023-04-02,00:00:00,17280488
AM6,20230402_040000.WAV,2023-04-02,04:00:00,17280488
AM6,20230402_140000.WAV,2023-04-02,14:00:00,17280488
AM6,20230402_180000.WAV,2023-04-02,18:00:00,17280488
AM6,20230403_000000.WAV,2023-04-03,00:00:00,17280488
AM6,20230403_040000.WAV,2023-04-03,04:00:00,17280488
AM6,20230403_140000.WAV,2023-04-03,14:00:00,17280488
AM6,20230403_180000.WAV,2023-04-03,18:00:00,17280488
AM6,20230404_000000.WAV,2023-04-04,00:00:00,17280488
AM6,20230404_040000.WAV,2023-04-04,04:00:00,17280488
AM6,20230404_140000.WAV,2023-04-04,14:00:00,17280488
AM6,20230404_180000.WAV,2023-04-04,18:00:00,17280488
AM6,20230405_000000.WAV,2023-04-05,00:00:00,17280488
AM6,20230405_040000.WAV,2023-04-05,04:00:00,17280488
AM6,20230405_140000.WAV,2023-04-05,14:00:00,17280488
AM6,20230405_180000.WAV,2023-04-05,18:00:00,17280488
AM6,20230406_000000.WAV,2023-04-06,00:00:00,17280488
AM6,20230406_040000.WAV,2023-04-06,04:00:00,17280488
AM6,20230406_140000.WAV,2023-04-06,14:00:00,17280488
AM6,20230406_180000.WAV,2023-04-06,18:00:00,17280488
AM6,20230407_000000.WAV,2023-04-07,00:00:00,17280488
AM6,20230407_040000.WAV,2023-04-07,04:00:00,17280488
AM6,20230407_140000.WAV,2023-04-07,14:00:00,17280488
AM6,20230407_180000.WAV,2023-04-07,18:00:00,17280488
AM6,20230408_000000.WAV,2023-04-08,00:00:00,17280488
AM6,20230408_040000.WAV,2023-04-08,04:00:00,17280488
AM6,20230408_140000.WAV,2023-04-08,14:00:00,17280488
AM6,20230408_180000.WAV,2023-04-08,18:00:00,17280488
AM6,20230409_000000.WAV,2023-04-09,00:00:00,17280488
AM6,20230409_040000.WAV,2023-04-09,04:00:00,17280488
AM6,20230409_140000.WAV,2023-04-09,14:00:00,17280488
AM6,20230409_180000.WAV,2023-04-09,18:00:00,17280488
AM6,20230410_000000.WAV,2023-04-10,00:00:00,17280488
AM6,20230410_040000.WAV,2023-04-10,04:00:00,17280488
AM6,20230410_140000.WAV,2023-04-10,14:00:00,17280488
AM6,20230410_180000.WAV,2023-04-10,18:00:00,17280488
AM6,20230411_000000.WAV,2023-04-11,00:00:00,17280488
AM6,20230411_040000.WAV,2023-04-11,04:00:00,17280488
AM6,20230411_140000.WAV,2023-04-11,14:00:00,17280488
AM6,20230411_180000.WAV,2023-04-11,18:00:00,17280488
AM6,20230412_000000.WAV,2023-04-12,00:00:00,17280488
AM6,20230412_040000.WAV,2023-04-12,04:00:00,17280488
AM6,20230412_140000.WAV,2023-04-12,14:00:00,17280488
AM6,20230412_180000.WAV,2023-04-12,18:00:00,17280488
AM6,20230413_000000.WAV,2023-04-13,00:00:00,17280488
AM6,20230413_040000.WAV,2023-04-13,04:00:00,17280488
AM6,20230413_140000.WAV,2023-04-13,14:00:00,17280488
AM6,20230413_180000.WAV,2023-04-13,18:00:00,17280488
AM6,20230414_000000.WAV,2023-04-14,00:00:00,17280488
AM6,20230414_040000.WAV,2023-04-14,04:00:00,17280488
AM6,20230414_140000.WAV,2023-04-14,14:00:00,17280488
AM6,20230414_180000.WAV,2023-04-14,18:00:00,17280488
AM6,20230415_000000.WAV,2023-04-15,00:00:00,17280488
AM6,20230415_040000.WAV,2023-04-15,04:00:00,17280488
AM6,20230415_140000.WAV,2023-04-15,14:00:00,17280488
AM6,20230415_180000.WAV,2023-04-15,18:00:00,17280488
AM6,20230416_000000.WAV,2023-04-16,00:00:00,17280488
AM6,20230416_040000.WAV,2023-04-16,04:00:00,17280488
AM6,20230416_140000.WAV,2023-04-16,14:00:00,17280488
AM6,20230416_180000.WAV,2023-04-16,18:00:00,17280488
AM6,20230417_000000.WAV,2023-04-17,00:00:00,17280488
AM6,20230417_040000.WAV,2023-04-17,04:00:00,17280488
AM6,20230417_140000.WAV,2023-04-17,14:00:00,17280488
AM6,20230417_180000.WAV,2023-04-17,18:00:00,17280488
AM6,20230418_000000.WAV,2023-04-18,00:00:00,17280488
AM6,20230418_040000.WAV,2023-04-18,04:00:00,17280488
AM6,20230418_140000.WAV,2023-04-18,14:00:00,17280488
AM6,20230418_180000.WAV,2023-04-18,18:00:00,17280488
AM6,20230419_000000.WAV,2023-04-19,00:00:00,17280488
AM6,20230419_040000.WAV,2023-04-19,04:00:00,17280488
AM6,20230419_140000.WAV,2023-04-19,14:00:00,17280488
AM6,20230419_180000.WAV,2023-04-19,18:00:00,17280488
AM6,20230420_000000.WAV,2023-04-20,00:00:00,17280488
AM6,20230420_040000.WAV,2023-04-20,04:00:00,17280488
AM6,20230420_140000.WAV,2023-04-20,14:00:00,17280488
AM6,20230420_180000.WAV,2023-04-20,18:00:00,17280488
AM6,20230421_000000.WAV,2023-04-21,00:00:00,17280488
AM6,20230421_040000.WAV,2023-04-21,04:00:00,17280488
AM6,20230421_140000.WAV,2023-04-21,14:00:00,17280488
AM6,20230421_180000.WAV,2023-04-21,18:00:00,17280488
AM6,20230422_000000.WAV,2023-04-22,00:00:00,17280488
AM6,20230422_040000.WAV,2023-04-22,04:00:00,17280488
AM6,20230422_140000.WAV,2023-04-22,14:00:00,17280488
AM6,20230422_180000.WAV,2023-04-22,18:00:00,17280488
AM6,20230423_000000.WAV,2023-04-23,00:00:00,17280488
AM6,20230423_040000.WAV,2023-04-23,04:00:00,17280488
AM6,20230423_140000.WAV,2023-04-23,14:00:00,17280488
AM6,20230423_180000.WAV,2023-04-23,18:00:00,17280488
AM6,20230424_000000.WAV,2023-04-24,00:00:00,17280488
AM6,20230424_040000.WAV,2023-04-24,04:00:00,17280488
AM6,20230424_140000.WAV,2023-04-24,14:00:00,17280488
AM6,20230424_180000.WAV,2023-04-24,18:00:00,17280488
AM6,20230425_000000.WAV,2023-04-25,00:00:00,17280488
AM6,20230425_040000.WAV,2023-04-25,04:00:00,17280488
AM6,20230425_140000.WAV,2023-04-25,14:00:00,17280488
AM6,20230425_180000.WAV,2023-04-25,18:00:00,17280488
AM6,20230426_000000.WAV,2023-04-26,00:00:00,17280488
AM6,20230426_040000.WAV,2023-04-26,04:00:00,17280488
AM6,20230426_140000.WAV,2023-04-26,14:00:00,17280488
AM6,20230426_180000.WAV,2023-04-26,18:00:00,17280488
AM6,20230427_000000.WAV,2023-04-27,00:00:00,17280488
AM6,20230427_040000.WAV,2023-04-27,04:00:00,17280488
AM6,20230427_140000.WAV,2023-04-27,14:00:00,17280488
AM6,20230427_180000.WAV,2023-04-27,18:00:00,17280488
AM6,20230428_000000.WAV,2023-04-28,00:00:00,17280488
AM6,20230428_040000.WAV,2023-04-28,04:00:00,17280488
AM6,20230428_140000.WAV,2023-04-28,14:00:00,17280488
AM6,20230428_180000.WAV,2023-04-28,18:00:00,17280488
AM6,20230429_000000.WAV,2023-04-29,00:00:00,17280488
AM6,20230429_040000.WAV,2023-04-29,04:00:00,17280488
AM6,20230429_140000.WAV,2023-04-29,14:00:00,17280488
AM6,20230429_180000.WAV,2023-04-29,18:00:00,17280488
AM6,20230430_000000.WAV,2023-04-30,00:00:00,17280488
AM6,20230430_040000.WAV,2023-04-30,04:00:00,17280488
AM6,20230430_140000.WAV,2023-04-30,14:00:00,17280488
AM6,20230430_180000.WAV,2023-04-30,18:00:00,17280488
AM6,20230501_000000.WAV,2023-05-01,00:00:00,17280488
AM6,20230501_040000.WAV,2023-05-01,04:00:00,17280488
AM6,20230501_140000.WAV,2023-05-01,14:00:00,17280488
AM6,20230501_180000.WAV,2023-05-01,18:00:00,17280488
AM6,20230502_000000.WAV,2023-05-02,00:00:00,17280488
AM6,20230502_040000.WAV,2023-05-02,04:00:00,17280488
AM6,20230502_140000.WAV,2023-05-02,14:00:00,17280488
AM6,20230502_180000.WAV,2023-05-02,18:00:00,17280488
AM6,20230503_000000.WAV,2023-05-03,00:00:00,17280488
AM6,20230503_040000.WAV,2023-05-03,04:00:00,17280488
AM6,20230503_140000.WAV,2023-05-03,14:00:00,17280488
AM6,20230503_180000.WAV,2023-05-03,18:00:00,17280488
AM6,20230504_000000.WAV,2023-05-04,00:00:00,17280488
AM6,20230504_040000.WAV,2023-05-04,04:00:00,17280488
AM6,20230504_140000.WAV,2023-05-04,14:00:00,17280488
AM6,20230504_180000.WAV,2023-05-04,18:00:00,17280488
AM6,20230505_000000.WAV,2023-05-05,00:00:00,17280488
AM6,20230505_040000.WAV,2023-05-05,04:00:00,17280488
AM6,20230505_140000.WAV,2023-05-05,14:00:00,17280488
AM6,20230505_180000.WAV,2023-05-05,18:00:00,17280488
AM6,20230506_000000.WAV,2023-05-06,00:00:00,17280488
AM6,20230506_040000.WAV,2023-05-06,04:00:00,17280488
AM6,20230506_140000.WAV,2023-05-06,14:00:00,17280488
AM6,20230506_180000.WAV,2023-05-06,18:00:00,17280488
AM6,20230507_000000.WAV,2023-05-07,00:00:00,17280488
AM6,20230507_040000.WAV,2023-05-07,04:00:00,17280488
AM6,20230507_140000.WAV,2023-05-07,14:00:00,17280488
AM6,20230507_180000.WAV,2023-05-07,18:00:00,17280488
AM6,20230508_000000.WAV,2023-05-08,00:00:00,17280488
AM6,20230508_040000.WAV,2023-05-08,04:00:00,17280488
AM6,20230508_140000.WAV,2023-05-08,14:00:00,17280488
AM6,20230508_180000.WAV,2023-05-08,18:00:00,17280488
AM6,20230509_000000.WAV,2023-05-09,00:00:00,17280488
AM6,20230509_040000.WAV,2023-05-09,04:00:00,17280488
AM6,20230509_140000.WAV,2023-05-09,14:00:00,17280488
AM6,20230509_180000.WAV,2023-05-09,18:00:00,17280488
AM6,20230510_000000.WAV,2023-05-10,00:00:00,17280488
AM6,20230510_040000.WAV,2023-05-10,04:00:00,17280488
AM6,20230510_140000.WAV,2023-05-10,14:00:00,17280488
AM6,20230510_180000.WAV,2023-05-10,18:00:00,17280488
AM6,20230511_000000.WAV,2023-05-11,00:00:00,17280488
AM6,20230511_040000.WAV,2023-05-11,04:00:00,17280488
AM6,20230511_140000.WAV,2023-05-11,14:00:00,17280488
AM6,20230511_180000.WAV,2023-05-11,18:00:00,17280488
AM6,20230512_000000.WAV,2023-05-12,00:00:00,17280488
AM6,20230512_040000.WAV,2023-05-12,04:00:00,17280488
AM6,20230512_140000.WAV,2023-05-12,14:00:00,17280488
AM6,20230512_180000.WAV,2023-05-12,18:00:00,17280488
AM6,20230513_000000.WAV,2023-05-13,00:00:00,17280488
AM6,20230513_040000.WAV,2023-05-13,04:00:00,17280488
AM6,20230513_140000.WAV,2023-05-13,14:00:00,17280488
AM6,20230513_180000.WAV,2023-05-13,18:00:00,17280488
AM6,20230514_000000.WAV,2023-05-14,00:00:00,17280488
AM6,20230514_040000.WAV,2023-05-14,04:00:00,17280488
AM6,20230514_140000.WAV,2023-05-14,14:00:00,17280488
AM6,20230514_180000.WAV,2023-05-14,18:00:00,17280488
AM6,20230515_000000.WAV,2023-05-15,00:00:00,17280488
AM6,20230515_040000.WAV,2023-05-15,04:00:00,17280488
AM6,20230515_140000.WAV,2023-05-15,14:00:00,17280488
AM6,20230515_180000.WAV,2023-05-15,18:00:00,17280488
AM6,20230516_000000.WAV,2023-05-16,00:00:00,17280488
AM6,20230516_040000.WAV,2023-05-16,04:00:00,17280488
AM6,20230516_140000.WAV,2023-05-16,14:00:00,17280488
AM6,20230516_180000.WAV,2023-05-16,18:00:00,17280488
AM6,20230517_000000.WAV,2023-05-17,00:00:00,17280488
AM6,20230517_040000.WAV,2023-05-17,04:00:00,17280488
AM6,20230517_140000.WAV,2023-05-17,14:00:00,17280488
AM6,20230517_180000.WAV,2023-05-17,18:00:00,17280488
AM6,20230518_000000.WAV,2023-05-18,00:00:00,17280488
AM6,20230518_040000.WAV,2023-05-18,04:00:00,17280488
AM6,20230518_140000.WAV,2023-05-18,14:00:00,17280488
AM6,20230518_180000.WAV,2023-05-18,18:00:00,17280488
AM6,20230519_000000.WAV,2023-05-19,00:00:00,17280488
AM6,20230519_040000.WAV,2023-05-19,04:00:00,17280488
AM6,20230519_140000.WAV,2023-05-19,14:00:00,17280488
AM6,20230519_180000.WAV,2023-05-19,18:00:00,17280488
AM6,20230520_000000.WAV,2023-05-20,00:00:00,17280488
AM6,20230520_040000.WAV,2023-05-20,04:00:00,17280488
AM6,20230520_140000.WAV,2023-05-20,14:00:00,17280488
AM6,20230520_180000.WAV,2023-05-20,18:00:00,17280488
AM6,20230521_000000.WAV,2023-05-21,00:00:00,17280488
AM6,20230521_040000.WAV,2023-05-21,04:00:00,17280488
AM6,20230521_140000.WAV,2023-05-21,14:00:00,17280488
AM6,20230521_180000.WAV,2023-05-21,18:00:00,17280488
AM6,20230522_000000.WAV,2023-05-22,00:00:00,17280488
AM6,20230522_040000.WAV,2023-05-22,04:00:00,17280488
AM6,20230522_140000.WAV,2023-05-22,14:00:00,17280488
AM6,20230522_180000.WAV,2023-05-22,18:00:00,17280488
AM6,20230523_000000.WAV,2023-05-23,00:00:00,17280488
AM6,20230523_040000.WAV,2023-05-23,04:00:00,17280488
AM6,20230523_140000.WAV,2023-05-23,14:00:00,17280488
AM6,20230523_180000.WAV,2023-05-23,18:00:00,17280488
AM6,20230524_000000.WAV,2023-05-24,00:00:00,17280488
AM6,20230524_040000.WAV,2023-05-24,04:00:00,17280488
AM6,20230524_140000.WAV,2023-05-24,14:00:00,17280488
AM6,20230524_180000.WAV,2023-05-24,18:00:00,17280488
AM6,20230525_000000.WAV,2023-05-25,00:00:00,17280488
AM6,20230525_040000.WAV,2023-05-25,04:00:00,17280488
AM6,20230525_140000.WAV,2023-05-25,14:00:00,17280488
AM6,20230525_180000.WAV,2023-05-25,18:00:00,17280488
AM6,20230526_000000.WAV,2023-05-26,00:00:00,17280488
AM6,20230526_040000.WAV,2023-05-26,04:00:00,17280488
AM6,20230526_140000.WAV,2023-05-26,14:00:00,17280488
AM6,20230526_180000.WAV,2023-05-26,18:00:00,17280488
AM6,20230527_000000.WAV,2023-05-27,00:00:00,17280488
AM6,20230527_040000.WAV,2023-05-27,04:00:00,17280488
AM6,20230527_140000.WAV,2023-05-27,14:00:00,17280488
AM6,20230527_180000.WAV,2023-05-27,18:00:00,17280488
AM6,20230528_000000.WAV,2023-05-28,00:00:00,17280488
AM6,20230528_040000.WAV,2023-05-28,04:00:00,17280488
AM6,20230528_140000.WAV,2023-05-28,14:00:00,17280488
AM6,20230528_180000.WAV,2023-05-28,18:00:00,17280488
AM6,20230529_000000.WAV,2023-05-29,00:00:00,17280488
AM6,20230529_040000.WAV,2023-05-29,04:00:00,17280488
AM6,20230529_140000.WAV,2023-05-29,14:00:00,17280488
AM6,20230529_180000.WAV,2023-05-29,18:00:00,17280488
AM6,20230530_000000.WAV,2023-05-30,00:00:00,17280488
AM6,20230530_040000.WAV,2023-05-30,04:00:00,17280488
AM6,20230530_140000.WAV,2023-05-30,14:00:00,17280488
AM6,20230530_180000.WAV,2023-05-30,18:00:00,17280488
AM6,20230531_000000.WAV,2023-05-31,00:00:00,17280488
AM6,20230531_040000.WAV,2023-05-31,04:00:00,17280488
AM6,20230531_140000.WAV,2023-05-31,14:00:00,17280488
AM6,20230531_180000.WAV,2023-05-31,18:00:00,17280488
AM6,20230601_000000.WAV,2023-06-01,00:00:00,17280488
AM6,20230601_040000.WAV,2023-06-01,04:00:00,17280488
AM6,20230601_140000.WAV,2023-06-01,14:00:00,17280488
AM6,20230601_180000.WAV,2023-06-01,18:00:00,17280488
AM6,20230602_000000.WAV,2023-06-02,00:00:00,17280488
AM6,20230602_040000.WAV,2023-06-02,04:00:00,17280488
AM6,20230602_140000.WAV,2023-06-02,14:00:00,17280488
AM6,20230602_180000.WAV,2023-06-02,18:00:00,17280488
AM6,20230603_000000.WAV,2023-06-03,00:00:00,17280488
AM6,20230603_040000.WAV,2023-06-03,04:00:00,17280488
AM6,20230603_140000.WAV,2023-06-03,14:00:00,17280488
AM6,20230603_180000.WAV,2023-06-03,18:00:00,17280488
AM6,20230604_000000.WAV,2023-06-04,00:00:00,17280488
AM6,20230604_040000.WAV,2023-06-04,04:00:00,17280488
AM6,20230604_140000.WAV,2023-06-04,14:00:00,17280488
AM6,20230604_180000.WAV,2023-06-04,18:00:00,17280488
AM6,20230605_000000.WAV,2023-06-05,00:00:00,17280488
AM6,20230605_040000.WAV,2023-06-05,04:00:00,17280488
AM6,20230605_140000.WAV,2023-06-05,14:00:00,17280488
AM6,20230605_180000.WAV,2023-06-05,18:00:00,17280488
AM6,20230606_000000.WAV,2023-06-06,00:00:00,17280488
AM6,20230606_040000.WAV,2023-06-06,04:00:00,17280488
AM6,20230606_140000.WAV,2023-06-06,14:00:00,17280488
AM6,20230606_180000.WAV,2023-06-06,18:00:00,17280488
AM6,20230607_000000.WAV,2023-06-07,00:00:00,17280488
AM6,20230607_040000.WAV,2023-06-07,04:00:00,17280488
AM6,20230607_140000.WAV,2023-06-07,14:00:00,17280488
AM6,20230607_180000.WAV,2023-06-07,18:00:00,17280488
AM6,20230608_000000.WAV,2023-06-08,00:00:00,17280488
AM6,20230608_040000.WAV,2023-06-08,04:00:00,17280488
AM6,20230608_140000.WAV,2023-06-08,14:00:00,17280488
AM6,20230608_180000.WAV,2023-06-08,18:00:00,17280488
AM6,20230609_000000.WAV,2023-06-09,00:00:00,17280488
AM6,20230609_040000.WAV,2023-06-09,04:00:00,17280488
AM6,20230609_140000.WAV,2023-06-09,14:00:00,17280488
AM6,20230609_180000.WAV,2023-06-09,18:00:00,17280488
AM6,20230610_000000.WAV,2023-06-10,00:00:00,17280488
AM6,20230610_040000.WAV,2023-06-10,04:00:00,17280488
AM6,20230610_140000.WAV,2023-06-10,14:00:00,17280488
AM6,20230610_180000.WAV,2023-06-10,18:00:00,17280488
AM6,20230611_000000.WAV,2023-06-11,00:00:00,17280488
AM6,20230611_040000.WAV,2023-06-11,04:00:00,17280488
AM6,20230611_140000.WAV,2023-06-11,14:00:00,17280488
AM6,20230611_180000.WAV,2023-06-11,18:00:00,17280488
AM6,20230612_000000.WAV,2023-06-12,00:00:00,17280488
AM6,20230612_040000.WAV,2023-06-12,04:00:00,17280488
AM6,20230612_140000.WAV,2023-06-12,14:00:00,17280488
AM6,20230612_180000.WAV,2023-06-12,18:00:00,17280488
AM6,20230613_000000.WAV,2023-06-13,00:00:00,17280488
AM6,20230613_040000.WAV,2023-06-13,04:00:00,17280488
AM6,20230613_140000.WAV,2023-06-13,14:00:00,17280488
AM6,20230613_180000.WAV,2023-06-13,18:00:00,17280488
AM6,20230614_000000.WAV,2023-06-14,00:00:00,17280488
AM6,20230614_040000.WAV,2023-06-14,04:00:00,17280488
AM6,20230614_140000.WAV,2023-06-14,14:00:00,17280488
AM6,20230614_180000.WAV,2023-06-14,18:00:00,17280488
AM6,20230615_000000.WAV,2023-06-15,00:00:00,17280488
AM6,20230615_040000.WAV,2023-06-15,04:00:00,17280488
AM6,20230615_140000.WAV,2023-06-15,14:00:00,17280488
AM6,20230615_180000.WAV,2023-06-15,18:00:00,17280488
AM6,20230616_000000.WAV,2023-06-16,00:00:00,17280488
AM6,20230616_040000.WAV,2023-06-16,04:00:00,17280488
AM6,20230616_140000.WAV,2023-06-16,14:00:00,17280488
AM6,20230616_180000.WAV,2023-06-16,18:00:00,17280488
AM6,20230617_000000.WAV,2023-06-17,00:00:00,17280488
AM6,20230617_040000.WAV,2023-06-17,04:00:00,17280488
AM6,20230617_140000.WAV,2023-06-17,14:00:00,17280488
AM6,20230617_180000.WAV,2023-06-17,18:00:00,17280488
AM6,20230618_000000.WAV,2023-06-18,00:00:00,17280488
AM6,20230618_040000.WAV,2023-06-18,04:00:00,17280488
AM6,20230618_140000.WAV,2023-06-18,14:00:00,17280488
AM6,20230618_180000.WAV,2023-06-18,18:00:00,17280488
AM6,20230619_000000.WAV,2023-06-19,00:00:00,17280488
AM6,20230619_040000.WAV,2023-06-19,04:00:00,17280488
AM6,20230619_140000.WAV,2023-06-19,14:00:00,17280488
AM6,20230619_180000.WAV,2023-06-19,18:00:00,17280488
AM6,20230620_000000.WAV,2023-06-20,00:00:00,17280488
AM6,20230620_040000.WAV,2023-06-20,04:00:00,17280488
AM6,20230620_140000.WAV,2023-06-20,14:00:00,17280488
AM6,20230620_180000.WAV,2023-06-20,18:00:00,17280488
AM6,20230621_000000.WAV,2023-06-21,00:00:00,17280488
AM6,20230621_040000.WAV,2023-06-21,04:00:00,17280488
AM6,20230621_140000.WAV,2023-06-21,14:00:00,17280488
AM6,20230621_180000.WAV,2023-06-21,18:00:00,17280488
AM6,20230622_000000.WAV,2023-06-22,00:00:00,17280488
AM6,20230622_040000.WAV,2023-06-22,04:00:00,17280488
AM6,20230622_140000.WAV,2023-06-22,14:00:00,17280488
AM6,20230622_180000.WAV,2023-06-22,18:00:00,17280488
AM6,20230623_000000.WAV,2023-06-23,00:00:00,17280488
AM6,20230623_040000.WAV,2023-06-23,04:00:00,17280488
AM6,20230623_140000.WAV,2023-06-23,14:00:00,17280488
AM6,20230623_180000.WAV,2023-06-23,18:00:00,17280488
AM6,20230624_000000.WAV,2023-06-24,00:00:00,17280488
AM6,20230624_040000.WAV,2023-06-24,04:00:00,17280488
AM6,20230624_140000.WAV,2023-06-24,14:00:00,17280488
AM6,20230624_180000.WAV,2023-06-24,18:00:00,17280488
AM6,20230625_000000.WAV,2023-06-25,00:00:00,17280488
AM6,20230625_040000.WAV,2023-06-25,04:00:00,17280488
AM6,20230625_140000.WAV,2023-06-25,14:00:00,17280488
AM6,20230625_180000.WAV,2023-06-25,18:00:00,17280488
AM6,20230626_000000.WAV,2023-06-26,00:00:00,17280488
AM6,20230626_040000.WAV,2023-06-26,04:00:00,17280488
AM6,20230626_140000.WAV,2023-06-26,14:00:00,17280488
AM6,20230626_180000.WAV,2023-06-26,18:00:00,17280488
AM6,20230627_000000.WAV,2023-06-27,00:00:00,17280488
AM6,20230627_040000.WAV,2023-06-27,04:00:00,17280488
AM6,20230627_140000.WAV,2023-06-27,14:00:00,17280488
AM6,20230627_180000.WAV,2023-06-27,18:00:00,17280488
AM6,20230628_000000.WAV,2023-06-28,00:00:00,17280488
AM6,20230628_040000.WAV,2023-06-28,04:00:00,17280488
AM6,20230628_140000.WAV,2023-06-28,14:00:00,17280488
AM6,20230628_180000.WAV,2023-06-28,18:00:00,17280488
AM6,20230629_000000.WAV,2023-06-29,00:00:00,17280488
AM6,20230629_040000.WAV,2023-06-29,04:00:00,17280488
AM6,20230629_140000.WAV,2023-06-29,14:00:00,17280488
AM6,20230629_180000.WAV,2023-06-29,18:00:00,17280488
AM6,20230630_000000.WAV,2023-06-30,00:00:00,17280488
AM6,20230630_040000.WAV,2023-06-30,04:00:00,17280488
AM6,20230630_140000.WAV,2023-06-30,14:00:00,17280488
AM6,20230630_180000.WAV,2023-06-30,18:00:00,17280488
AM6,20230701_000000.WAV,2023-07-01,00:00:00,17280488
AM6,20230701_040000.WAV,2023-07-01,04:00:00,17280488
AM6,20230701_140000.WAV,2023-07-01,14:00:00,17280488
AM6,20230701_180000.WAV,2023-07-01,18:00:00,17280488
AM6,20230702_000000.WAV,2023-07-02,00:00:00,17280488
AM6,20230702_040000.WAV,2023-07-02,04:00:00,17280488
AM6,20230702_140000.WAV,2023-07-02,14:00:00,17280488
AM6,20230702_180000.WAV,2023-07-02,18:00:00,17280488
AM6,20230703_000000.WAV,2023-07-03,00:00:00,17280488
AM6,20230703_040000.WAV,2023-07-03,04:00:00,17280488
AM6,20230703_140000.WAV,2023-07-03,14:00:00,17280488
AM6,20230703_180000.WAV,2023-07-03,18:00:00,17280488
AM6,20230704_000000.WAV,2023-07-04,00:00:00,17280488
AM6,20230704_040000.WAV,2023-07-04,04:00:00,17280488
AM6,20230704_140000.WAV,2023-07-04,14:00:00,17280488
AM6,20230704_180000.WAV,2023-07-04,18:00:00,17280488
AM6,20230705_000000.WAV,2023-07-05,00:00:00,17280488
AM6,20230705_040000.WAV,2023-07-05,04:00:00,17280488
AM6,20230705_140000.WAV,2023-07-05,14:00:00,17280488
AM6,20230705_180000.WAV,2023-07-05,18:00:00,17280488
AM6,20230706_000000.WAV,2023-07-06,00:00:00,17280488
AM6,20230706_040000.WAV,2023-07-06,04:00:00,17280488
AM6,20230706_140000.WAV,2023-07-06,14:00:00,17280488
AM6,20230706_180000.WAV,2023-07-06,18:00:00,17280488
AM6,20230707_000000.WAV,2023-07-07,00:00:00,17280488
AM6,20230707_040000.WAV,2023-07-07,04:00:00,17280488
AM6,20230707_140000.WAV,2023-07-07,14:00:00,17280488
AM6,20230707_180000.WAV,2023-07-07,18:00:00,17280488
AM6,20230708_000000.WAV,2023-07-08,00:00:00,17280488
AM6,20230708_040000.WAV,2023-07-08,04:00:00,17280488
AM6,20230708_140000.WAV,2023-07-08,14:00:00,17280488
AM6,20230708_180000.WAV,2023-07-08,18:00:00,17280488
AM6,20230709_000000.WAV,2023-07-09,00:00:00,17280488
AM6,20230709_040000.WAV,2023-07-09,04:00:00,17280488
AM6,20230709_140000.WAV,2023-07-09,14:00:00,17280488
AM6,20230709_180000.WAV,2023-07-09,18:00:00,17280488
AM6,20230710_000000.WAV,2023-07-10,00:00:00,17280488
AM6,20230710_040000.WAV,2023-07-10,04:00:00,17280488
AM6,20230710_140000.WAV,2023-07-10,14:00:00,17280488
AM6,20230710_180000.WAV,2023-07-10,18:00:00,17280488
AM6,20230711_000000.WAV,2023-07-11,00:00:00,17280488
AM6,20230711_040000.WAV,2023-07-11,04:00:00,17280488
AM6,20230711_140000.WAV,2023-07-11,14:00:00,17280488
AM6,20230711_180000.WAV,2023-07-11,18:00:00,17280488
AM6,20230712_000000.WAV,2023-07-12,00:00:00,17280488
AM6,20230712_040000.WAV,2023-07-12,04:00:00,17280488
AM6,20230712_140000.WAV,2023-07-12,14:00:00,17280488
AM6,20230712_180000.WAV,2023-07-12,18:00:00,17280488
AM6,20230713_000000.WAV,2023-07-13,00:00:00,17280488
AM6,20230713_040000.WAV,2023-07-13,04:00:00,17280488
AM6,20230713_140000.WAV,2023-07-13,14:00:00,17280488
AM6,20230713_180000.WAV,2023-07-13,18:00:00,17280488
AM6,20230714_000000.WAV,2023-07-14,00:00:00,17280488
AM6,20230714_040000.WAV,2023-07-14,04:00:00,17280488
AM6,20230714_140000.WAV,2023-07-14,14:00:00,17280488
AM6,20230714_180000.WAV,2023-07-14,18:00:00,17280488
AM6,20230715_000000.WAV,2023-07-15,00:00:00,17280488
AM6,20230715_040000.WAV,2023-07-15,04:00:00,17280488
AM6,20230715_140000.WAV,2023-07-15,14:00:00,17280488
AM6,20230715_180000.WAV,2023-07-15,18:00:00,17280488
AM6,20230716_000000.WAV,2023-07-16,00:00:00,17280488
AM6,20230716_040000.WAV,2023-07-16,04:00:00,17280488
AM6,20230716_140000.WAV,2023-07-16,14:00:00,17280488
AM6,20230716_180000.WAV,2023-07-16,18:00:00,17280488
AM6,20230717_000000.WAV,2023-07-17,00:00:00,17280488
AM6,20230717_040000.WAV,2023-07-17,04:00:00,17280488
AM6,20230717_140000.WAV,2023-07-17,14:00:00,17280488
AM6,20230717_180000.WAV,2023-07-17,18:00:00,17280488
AM6,20230718_000000.WAV,2023-07-18,00:00:00,17280488
AM6,20230718_040000.WAV,2023-07-18,04:00:00,17280488
AM6,20230718_140000.WAV,2023-07-18,14:00:00,17280488
AM6,20230718_180000.WAV,2023-07-18,18:00:00,17280488
AM6,20230719_000000.WAV,2023-07-19,00:00:00,17280488
AM6,20230719_040000.WAV,2023-07-19,04:00:00,17280488
AM6,20230719_140000.WAV,2023-07-19,14:00:00,17280488
AM6,20230719_180000.WAV,2023-07-19,18:00:00,17280488
AM6,20230720_000000.WAV,2023-07-20,00:00:00,17280488
AM6,20230720_040000.WAV,2023-07-20,04:00:00,17280488
AM6,20230720_140000.WAV,2023-07-20,14:00:00,17280488
AM6,20230720_180000.WAV,2023-07-20,18:00:00,17280488
AM6,20230721_000000.WAV,2023-07-21,00:00:00,17280488
AM6,20230721_040000.WAV,2023-07-21,04:00:00,17280488
AM6,20230721_140000.WAV,2023-07-21,14:00:00,17280488
AM6,20230721_180000.WAV,2023-07-21,18:00:00,17280488
AM6,20230722_000000.WAV,2023-07-22,00:00:00,17280488
AM6,20230722_040000.WAV,2023-07-22,04:00:00,17280488
AM6,20230722_140000.WAV,2023-07-22,14:00:00,17280488
AM6,20230722_180000.WAV,2023-07-22,18:00:00,17280488
AM6,20230723_000000.WAV,2023-07-23,00:00:00,17280488
AM6,20230723_040000.WAV,2023-07-23,04:00:00,17280488
AM6,20230723_140000.WAV,2023-07-23,14:00:00,17280488
AM6,20230723_180000.WAV,2023-07-23,18:00:00,17280488
AM6,20230724_000000.WAV,2023-07-24,00:00:00,17280488
AM6,20230724_040000.WAV,2023-07-24,04:00:00,17280488
AM6,20230724_140000.WAV,2023-07-24,14:00:00,17280488
AM6,20230724_180000.WAV,2023-07-24,18:00:00,17280488
AM6,20230725_000000.WAV,2023-07-25,00:00:00,17280488
AM6,20230725_040000.WAV,2023-07-25,04:00:00,17280488
AM6,20230725_140000.WAV,2023-07-25,14:00:00,17280488
AM6,20230725_180000.WAV,2023-07-25,18:00:00,17280488
AM6,20230726_000000.WAV,2023-07-26,00:00:00,17280488
AM6,20230726_040000.WAV,2023-07-26,04:00:00,17280488
AM6,20230726_140000.WAV,2023-07-26,14:00:00,17280488
AM6,20230726_180000.WAV,2023-07-26,18:00:00,17280488
AM6,20230727_000000.WAV,2023-07-27,00:00:00,17280488
AM6,20230727_040000.WAV,2023-07-27,04:00:00,17280488
AM6,20230727_140000.WAV,2023-07-27,14:00:00,17280488
AM6,20230727_180000.WAV,2023-07-27,18:00:00,17280488
AM6,20230728_000000.WAV,2023-07-28,00:00:00,17280488
AM6,20230728_040000.WAV,2023-07-28,04:00:00,17280488
AM6,20230728_140000.WAV,2023-07-28,14:00:00,17280488
AM6,20230728_180000.WAV,2023-07-28,18:00:00,17280488
AM6,20230729_000000.WAV,2023-07-29,00:00:00,17280488
AM6,20230729_040000.WAV,2023-07-29,04:00:00,17280488
AM6,20230729_140000.WAV,2023-07-29,14:00:00,17280488
AM6,20230729_180000.WAV,2023-07-29,18:00:00,17280488
AM6,20230730_000000.WAV,2023-07-30,00:00:00,17280488
AM6,20230730_040000.WAV,2023-07-30,04:00:00,17280488
AM6,20230730_140000.WAV,2023-07-30,14:00:00,17280488
AM6,20230730_180000.WAV,2023-07-30,18:00:00,17280488
AM6,20230731_000000.WAV,2023-07-31,00:00:00,17280488
AM6,20230731_040000.WAV,2023-07-31,04:00:00,17280488
AM6,20230731_140000.WAV,2023-07-31,14:00:00,17280488
AM6,20230731_180000.WAV,2023-07-31,18:00:00,17280488
AM6,20230801_000000.WAV,2023-08-01,00:00:00,17280488
AM6,20230801_040000.WAV,2023-08-01,04:00:00,17280488
AM6,20230801_140000.WAV,2023-08-01,14:00:00,17280488
AM6,20230801_180000.WAV,2023-08-01,18:00:00,17280488
AM6,20230802_000000.WAV,2023-08-02,00:00:00,17280488
AM6,20230802_040000.WAV,2023-08-02,04:00:00,17280488
AM6,20230802_140000.WAV,2023-08-02,14:00:00,17280488
AM6,20230802_180000.WAV,2023-08-02,18:00:00,17280488
AM6,20230803_000000.WAV,2023-08-03,00:00:00,17280488
AM6,20230803_040000.WAV,2023-08-03,04:00:00,17280488
AM6,20230803_140000.WAV,2023-08-03,14:00:00,17280488
AM6,20230803_180000.WAV,2023-08-03,18:00:00,17280488
AM6,20230804_000000.WAV,2023-08-04,00:00:00,17280488
AM6,20230804_040000.WAV,2023-08-04,04:00:00,17280488
AM6,20230804_140000.WAV,2023-08-04,14:00:00,17280488
AM6,20230804_180000.WAV,2023-08-04,18:00:00,17280488
AM6,20230805_000000.WAV,2023-08-05,00:00:00,17280488
AM6,20230805_040000.WAV,2023-08-05,04:00:00,17280488
AM6,20230805_140000.WAV,2023-08-05,14:00:00,17280488
AM6,20230805_180000.WAV,2023-08-05,18:00:00,17280488
AM6,20230806_000000.WAV,2023-08-06,00:00:00,17280488
AM6,20230806_040000.WAV,2023-08-06,04:00:00,17280488
AM6,20230806_140000.WAV,2023-08-06,14:00:00,17280488
AM6,20230806_180000.WAV,2023-08-06,18:00:00,17280488
AM6,20230807_000000.WAV,2023-08-07,00:00:00,17280488
AM6,20230807_040000.WAV,2023-08-07,04:00:00,17280488
AM6,20230807_140000.WAV,2023-08-07,14:00:00,17280488
AM6,20230807_180000.WAV,2023-08-07,18:00:00,17280488
AM6,20230808_000000.WAV,2023-08-08,00:00:00,17280488
AM6,20230808_040000.WAV,2023-08-08,04:00:00,17280488
AM6,20230808_140000.WAV,2023-08-08,14:00:00,17280488
AM6,20230808_180000.WAV,2023-08-08,18:00:00,17280488
AM6,20230809_000000.WAV,2023-08-09,00:00:00,17280488
AM6,20230809_040000.WAV,2023-08-09,04:00:00,17280488
AM6,20230809_140000.WAV,2023-08-09,14:00:00,17280488
AM6,20230809_180000.WAV,2023-08-09,18:00:00,17280488
AM6,20230810_000000.WAV,2023-08-10,00:00:00,17280488
AM6,20230810_040000.WAV,2023-08-10,04:00:00,17280488
AM6,20230810_140000.WAV,2023-08-10,14:00:00,17280488
AM6,20230810_180000.WAV,2023-08-10,18:00:00,17280488
AM6,20230811_000000.WAV,2023-08-11,00:00:00,17280488
AM6,20230811_040000.WAV,2023-08-11,04:00:00,17280488
AM6,20230811_140000.WAV,2023-08-11,14:00:00,17280488
AM6,20230811_180000.WAV,2023-08-11,18:00:00,17280488
AM6,20230812_000000.WAV,2023-08-12,00:00:00,17280488
AM6,20230812_040000.WAV,2023-08-12,04:00:00,17280488
AM6,20230812_140000.WAV,2023-08-12,14:00:00,17280488
AM6,20230812_180000.WAV,2023-08-12,18:00:00,17280488
AM6,20230813_000000.WAV,2023-08-13,00:00:00,17280488
AM6,20230813_040000.WAV,2023-08-13,04:00:00,17280488
AM6,20230813_140000.WAV,2023-08-13,14:00:00,17280488
AM6,20230813_180000.WAV,2023-08-13,18:00:00,17280488
AM6,20230814_000000.WAV,2023-08-14,00:00:00,17280488
AM6,20230814_040000.WAV,2023-08-14,04:00:00,17280488
AM6,20230814_140000.WAV,2023-08-14,14:00:00,17280488
AM6,20230814_180000.WAV,2023-08-14,18:00:00,17280488
AM6,20230815_000000.WAV,2023-08-15,00:00:00,17280488
AM6,20230815_040000.WAV,2023-08-15,04:00:00,17280488
AM6,20230815_140000.WAV,2023-08-15,14:00:00,17280488
AM6,20230815_180000.WAV,2023-08-15,18:00:00,17280488
AM6,20230816_000000.WAV,2023-08-16,00:00:00,17280488
AM6,20230816_040000.WAV,2023-08-16,04:00:00,17280488
AM6,20230816_140000.WAV,2023-08-16,14:00:00,17280488
AM6,20230816_180000.WAV,2023-08-16,18:00:00,17280488
AM6,20230817_000000.WAV,2023-08-17,00:00:00,17280488
AM6,20230817_040000.WAV,2023-08-17,04:00:00,17280488
AM6,20230817_140000.WAV,2023-08-17,14:00:00,17280488
AM6,20230817_180000.WAV,2023-08-17,18:00:00,17280488
AM6,20230818_000000.WAV,2023-08-18,00:00:00,17280488
AM6,20230818_040000.WAV,2023-08-18,04:00:00,17280488
AM6,20230818_140000.WAV,2023-08-18,14:00:00,17280488
AM6,20230818_180000.WAV,2023-08-18,18:00:00,17280488
AM6,20230819_000000.WAV,2023-08-19,00:00:00,17280488
AM6,20230819_040000.WAV,2023-08-19,04:00:00,17280488
AM6,20230819_140000.WAV,2023-08-19,14:00:00,17280488
AM6,20230819_180000.WAV,2023-08-19,18:00:00,17280488
AM6,20230820_000000.WAV,2023-08-20,00:00:00,17280488
AM6,20230820_040000.WAV,2023-08-20,04:00:00,17280488
AM6,20230820_140000.WAV,2023-08-20,14:00:00,17280488
AM6,20230820_180000.WAV,2023-08-20,18:00:00,17280488
AM6,20230821_000000.WAV,2023-08-21,00:00:00,17280488
AM6,20230821_040000.WAV,2023-08-21,04:00:00,17280488
AM6,20230821_140000.WAV,2023-08-21,14:00:00,17280488
AM6,20230821_180000.WAV,2023-08-21,18:00:00,17280488
AM6,20230822_000000.WAV,2023-08-22,00:00:00,17280488
AM6,20230822_040000.WAV,2023-08-22,04:00:00,17280488
AM6,20230822_140000.WAV,2023-08-22,14:00:00,17280488
AM6,20230822_180000.WAV,2023-08-22,18:00:00,17280488
AM6,20230823_000000.WAV,2023-08-23,00:00:00,17280488
AM6,20230823_040000.WAV,2023-08-23,04:00:00,17280488
AM6,20230823_140000.WAV,2023-08-23,14:00:00,17280488
AM6,20230823_180000.WAV,2023-08-23,18:00:00,17280488
AM6,20230824_000000.WAV,2023-08-24,00:00:00,17280488
AM6,20230824_040000.WAV,2023-08-24,04:00:00,17280488
AM6,20230824_140000.WAV,2023-08-24,14:00:00,17280488
AM6,20230824_180000.WAV,2023-08-24,18:00:00,17280488
AM6,20230825_000000.WAV,2023-08-25,00:00:00,17280488
AM6,20230825_040000.WAV,2023-08-25,04:00:00,17280488
AM6,20230825_140000.WAV,2023-08-25,14:00:00,17280488
AM6,20230825_180000.WAV,2023-08-25,18:00:00,17280488
AM6,20230826_000000.WAV,2023-08-26,00:00:00,17280488
AM6,20230826_040000.WAV,2023-08-26,04:00:00,17280488
AM6,20230826_140000.WAV,2023-08-26,14:00:00,17280488
AM6,20230826_180000.WAV,2023-08-26,18:00:00,17280488
AM6,20230827_000000.WAV,2023-08-27,00:00:00,17280488
AM6,20230827_040000.WAV,2023-08-27,04:00:00,17280488
AM6,20230827_140000.WAV,2023-08-27,14:00:00,17280488
AM6,20230827_180000.WAV,2023-08-27,18:00:00,17280488
AM6,20230828_000000.WAV,2023-08-28,00:00:00,17280488
AM6,20230828_040000.WAV,2023-08-28,04:00:00,17280488
AM6,20230828_140000.WAV,2023-08-28,14:00:00,17280488
AM6,20230828_180000.WAV,2023-08-28,18:00:00,17280488
AM6,20230829_000000.WAV,2023-08-29,00:00:00,17280488
AM6,20230829_040000.WAV,2023-08-29,04:00:00,17280488
AM6,20230829_140000.WAV,2023-08-29,14:00:00,17280488
AM6,20230829_180000.WAV,2023-08-29,18:00:00,17280488
AM6,20230830_000000.WAV,2023-08-30,00:00:00,17280488
AM6,20230830_040000.WAV,2023-08-30,04:00:00,17280488
AM6,20230830_140000.WAV,2023-08-30,14:00:00,17280488
AM6,20230830_180000.WAV,2023-08-30,18:00:00,17280488
AM6,20230831_000000.WAV,2023-08-31,00:00:00,17280488
AM6,20230831_040000.WAV,2023-08-31,04:00:00,17280488
AM6,20230831_140000.WAV,2023-08-31,14:00:00,17280488
AM6,20230831_180000.WAV,2023-08-31,18:00:00,17280488
AM6,20230901_000000.WAV,2023-09-01,00:00:00,17280488
AM6,20230901_040000.WAV,2023-09-01,04:00:00,17280488
AM6,20230901_140000.WAV,2023-09-01,14:00:00,17280488
AM6,20230901_180000.WAV,2023-09-01,18:00:00,17280488
AM6,20230902_000000.WAV,2023-09-02,00:00:00,17280488
AM6,20230902_040000.WAV,2023-09-02,04:00:00,17280488
AM6,20230902_140000.WAV,2023-09-02,14:00:00,17280488
AM6,20230902_180000.WAV,2023-09-02,18:00:00,17280488
AM6,20230903_000000.WAV,2023-09-03,00:00:00,17280488
AM6,20230903_040000.WAV,2023-09-03,04:00:00,17280488
AM6,20230903_140000.WAV,2023-09-03,14:00:00,17280488
AM6,20230903_180000.WAV,2023-09-03,18:00:00,17280488
AM6,20230904_000000.WAV,2023-09-04,00:00:00,17280488
AM6,20230904_040000.WAV,2023-09-04,04:00:00,17280488
AM6,20230904_140000.WAV,2023-09-04,14:00:00,17280488
AM6,20230904_180000.WAV,2023-09-04,18:00:00,17280488
AM6,20230905_000000.WAV,2023-09-05,00:00:00,17280488
AM6,20230905_040000.WAV,2023-09-05,04:00:00,17280488
AM6,20230905_140000.WAV,2023-09-05,14:00:00,17280488
AM6,20230905_180000.WAV,2023-09-05,18:00:00,17280488
AM6,20230906_000000.WAV,2023-09-06,00:00:00,17280488
AM6,20230906_040000.WAV,2023-09-06,04:00:00,17280488
AM6,20230906_140000.WAV,2023-09-06,14:00:00,17280488
AM6,20230906_180000.WAV,2023-09-06,18:00:00,17280488
AM6,20230907_000000.WAV,2023-09-07,00:00:00,17280488
AM6,20230907_040000.WAV,2023-09-07,04:00:00,17280488
AM6,20230907_140000.WAV,2023-09-07,14:00:00,17280488
AM6,20230907_180000.WAV,2023-09-07,18:00:00,17280488
AM6,20230908_000000.WAV,2023-09-08,00:00:00,17280488
AM6,20230908_040000.WAV,2023-09-08,04:00:00,17280488
AM6,20230908_140000.WAV,2023-09-08,14:00:00,17280488
AM6,20230908_180000.WAV,2023-09-08,18:00:00,17280488
AM6,20230909_000000.WAV,2023-09-09,00:00:00,17280488
AM6,20230909_040000.WAV,2023-09-09,04:00:00,17280488
AM6,20230909_140000.WAV,2023-09-09,14:00:00,17280488
AM6,20230909_180000.WAV,2023-09-09,18:00:00,17280488
AM6,20230910_000000.WAV,2023-09-10,00:00:00,17280488
AM6,20230910_040000.WAV,2023-09-10,04:00:00,17280488
AM6,20230910_140000.WAV,2023-09-10,14:00:00,17280488
AM6,20230910_180000.WAV,2023-09-10,18:00:00,17280488
AM6,20230911_000000.WAV,2023-09-11,00:00:00,17280488
AM6,20230911_040000.WAV,2023-09-11,04:00:00,17280488
AM6,20230911_140000.WAV,2023-09-11,14:00:00,17280488
AM6,20230911_180000.WAV,2023-09-11,18:00:00,17280488
AM6,20230912_000000.WAV,2023-09-12,00:00:00,17280488
AM6,20230912_040000.WAV,2023-09-12,04:00:00,17280488
AM6,20230912_140000.WAV,2023-09-12,14:00:00,17280488
AM6,20230912_180000.WAV,2023-09-12,18:00:00,17280488
AM6,20230913_000000.WAV,2023-09-13,00:00:00,17280488
AM6,20230913_040000.WAV,2023-09-13,04:00:00,17280488
AM6,20230913_140000.WAV,2023-09-13,14:00:00,17280488
AM6,20230913_180000.WAV,2023-09-13,18:00:00,17280488
AM6,20230914_000000.WAV,2023-09-14,00:00:00,17280488
AM6,20230914_040000.WAV,2023-09-14,04:00:00,17280488
AM6,20230914_140000.WAV,2023-09-14,14:00:00,17280488
AM6,20230914_180000.WAV,2023-09-14,18:00:00,17280488
AM6,20230915_000000.WAV,2023-09-15,00:00:00,17280488
AM6,20230915_040000.WAV,2023-09-15,04:00:00,17280488
AM6,20230915_140000.WAV,2023-09-15,14:00:00,17280488
AM6,20230915_180000.WAV,2023-09-15,18:00:00,17280488
AM6,20230916_000000.WAV,2023-09-16,00:00:00,17280488
AM6,20230916_040000.WAV,2023-09-16,04:00:00,17280488
AM6,20230916_140000.WAV,2023-09-16,14:00:00,17280488
AM6,20230916_180000.WAV,2023-09-16,18:00:00,17280488
AM6,20230917_000000.WAV,2023-09-17,00:00:00,17280488
AM6,20230917_040000.WAV,2023-09-17,04:00:00,17280488
AM6,20230917_140000.WAV,2023-09-17,14:00:00,17280488
AM6,20230917_180000.WAV,2023-09-17,18:00:00,17280488
AM6,20230918_000000.WAV,2023-09-18,00:00:00,17280488
AM6,20230918_040000.WAV,2023-09-18,04:00:00,17280488
AM6,20230918_140000.WAV,2023-09-18,14:00:00,17280488
AM6,20230918_180000.WAV,2023-09-18,18:00:00,17280488
AM6,20230919_000000.WAV,2023-09-19,00:00:00,17280488
AM6,20230919_040000.WAV,2023-09-19,04:00:00,17280488
AM6,20230919_140000.WAV,2023-09-19,14:00:00,17280488
AM6,20230919_180000.WAV,2023-09-19,18:00:00,17280488
AM6,20230920_000000.WAV,2023-09-20,00:00:00,17280488
AM6,20230920_040000.WAV,2023-09-20,04:00:00,17280488
AM6,20230920_140000.WAV,2023-09-20,14:00:00,17280488
AM6,20230920_180000.WAV,2023-09-20,18:00:00,17280488
AM6,20230921_000000.WAV,2023-09-21,00:00:00,17280488
AM6,20230921_040000.WAV,2023-09-21,04:00:00,17280488
AM6,20230921_140000.WAV,2023-09-21,14:00:00,17280488
AM6,20230921_180000.WAV,2023-09-21,18:00:00,17280488
AM6,20230922_000000.WAV,2023-09-22,00:00:00,17280488
AM6,20230922_040000.WAV,2023-09-22,04:00:00,17280488
AM6,20230922_140000.WAV,2023-09-22,14:00:00,17280488
AM6,20230922_180000.WAV,2023-09-22,18:00:00,17280488
AM6,20230923_000000.WAV,2023-09-23,00:00:00,17280488
AM6,20230923_040000.WAV,2023-09-23,04:00:00,17280488
AM6,20230923_140000.WAV,2023-09-23,14:00:00,17280488
AM6,20230923_180000.WAV,2023-09-23,18:00:00,17280488
AM6,20230924_000000.WAV,2023-09-24,00:00:00,17280488
AM6,20230924_040000.WAV,2023-09-24,04:00:00,17280488
AM6,20230924_140000.WAV,2023-09-24,14:00:00,17280488
AM6,20230924_180000.WAV,2023-09-24,18:00:00,17280488
AM6,20230925_000000.WAV,2023-09-25,00:00:00,17280488
AM6,20230925_040000.WAV,2023-09-25,04:00:00,17280488
AM6,20230925_140000.WAV,2023-09-25,14:00:00,17280488
AM6,20230925_180000.WAV,2023-09-25,18:00:00,17280488
AM6,20230926_000000.WAV,2023-09-26,00:00:00,17280488
AM6,20230926_040000.WAV,2023-09-26,04:00:00,17280488
AM6,20230926_140000.WAV,2023-09-26,14:00:00,17280488
AM6,20230926_180000.WAV,2023-09-26,18:00:00,17280488
AM6,20230927_000000.WAV,2023-09-27,00:00:00,17280488
AM6,20230927_040000.WAV,2023-09-27,04:00:00,17280488
AM6,20230927_140000.WAV,2023-09-27,14:00:00,17280488
AM6,20230927_180000.WAV,2023-09-27,18:00:00,17280488
AM6,20230928_000000.WAV,2023-09-28,00:00:00,17280488
AM6,20230928_040000.WAV,2023-09-28,04:00:00,17280488
AM6,20230928_140000.WAV,2023-09-28,14:00:00,17280488
AM6,20230928_180000.WAV,2023-09-28,18:00:00,17280488
AM6,20230929_000000.WAV,2023-09-29,00:00:00,17280488
AM7,20230330_180000.WAV,2023-03-30,18:00:00,17280488
AM7,20230331_000000.WAV,2023-03-31,00:00:00,17280488
AM7,20230331_040000.WAV,2023-03-31,04:00:00,17280488
AM7,20230331_140000.WAV,2023-03-31,14:00:00,17280488
AM7,20230331_180000.WAV,2023-03-31,18:00:00,17280488
AM7,20230401_000000.WAV,2023-04-01,00:00:00,17280488
AM7,20230401_040000.WAV,2023-04-01,04:00:00,17280488
AM7,20230401_140000.WAV,2023-04-01,14:00:00,17280488
AM7,20230401_180000.WAV,2023-04-01,18:00:00,17280488
AM7,20230402_000000.WAV,2023-04-02,00:00:00,17280488
AM7,20230402_040000.WAV,2023-04-02,04:00:00,17280488
AM7,20230402_140000.WAV,2023-04-02,14:00:00,17280488
AM7,20230402_180000.WAV,2023-04-02,18:00:00,17280488
AM7,20230403_000000.WAV,2023-04-03,00:00:00,17280488
AM7,20230403_040000.WAV,2023-04-03,04:00:00,17280488
AM7,20230403_140000.WAV,2023-04-03,14:00:00,17280488
AM7,20230403_180000.WAV,2023-04-03,18:00:00,17280488
AM7,20230404_000000.WAV,2023-04-04,00:00:00,17280488
AM7,20230404_040000.WAV,2023-04-04,04:00:00,17280488
AM7,20230404_140000.WAV,2023-04-04,14:00:00,17280488
AM7,20230404_180000.WAV,2023-04-04,18:00:00,17280488
AM7,20230405_000000.WAV,2023-04-05,00:00:00,17280488
AM7,20230405_040000.WAV,2023-04-05,04:00:00,17280488
AM7,20230405_140000.WAV,2023-04-05,14:00:00,17280488
AM7,20230405_180000.WAV,2023-04-05,18:00:00,17280488
AM7,20230406_000000.WAV,2023-04-06,00:00:00,17280488
AM7,20230406_040000.WAV,2023-04-06,04:00:00,17280488
AM7,20230406_140000.WAV,2023-04-06,14:00:00,17280488
AM7,20230406_180000.WAV,2023-04-06,18:00:00,17280488
AM7,20230407_000000.WAV,2023-04-07,00:00:00,17280488
AM7,20230407_040000.WAV,2023-04-07,04:00:00,17280488
AM7,20230407_140000.WAV,2023-04-07,14:00:00,17280488
AM7,20230407_180000.WAV,2023-04-07,18:00:00,17280488
AM7,20230408_000000.WAV,2023-04-08,00:00:00,17280488
AM7,20230408_040000.WAV,2023-04-08,04:00:00,17280488
AM7,20230408_140000.WAV,2023-04-08,14:00:00,17280488
AM7,20230408_180000.WAV,2023-04-08,18:00:00,17280488
AM7,20230409_000000.WAV,2023-04-09,00:00:00,17280488
AM7,20230409_040000.WAV,2023-04-09,04:00:00,17280488
AM7,20230409_140000.WAV,2023-04-09,14:00:00,17280488
AM7,20230409_180000.WAV,2023-04-09,18:00:00,17280488
AM7,20230410_000000.WAV,2023-04-10,00:00:00,17280488
AM7,20230410_040000.WAV,2023-04-10,04:00:00,17280488
AM7,20230410_140000.WAV,2023-04-10,14:00:00,17280488
AM7,20230410_180000.WAV,2023-04-10,18:00:00,17280488
AM7,20230411_000000.WAV,2023-04-11,00:00:00,17280488
AM7,20230411_040000.WAV,2023-04-11,04:00:00,17280488
AM7,20230411_140000.WAV,2023-04-11,14:00:00,17280488
AM7,20230411_180000.WAV,2023-04-11,18:00:00,17280488
AM7,20230412_000000.WAV,2023-04-12,00:00:00,17280488
AM7,20230412_040000.WAV,2023-04-12,04:00:00,17280488
AM7,20230412_140000.WAV,2023-04-12,14:00:00,17280488
AM7,20230412_180000.WAV,2023-04-12,18:00:00,17280488
AM7,20230413_000000.WAV,2023-04-13,00:00:00,17280488
AM7,20230413_040000.WAV,2023-04-13,04:00:00,17280488
AM7,20230413_140000.WAV,2023-04-13,14:00:00,17280488
AM7,20230413_180000.WAV,2023-04-13,18:00:00,17280488
AM7,20230414_000000.WAV,2023-04-14,00:00:00,17280488
AM7,20230414_040000.WAV,2023-04-14,04:00:00,17280488
AM7,20230414_140000.WAV,2023-04-14,14:00:00,17280488
AM7,20230414_180000.WAV,2023-04-14,18:00:00,17280488
AM7,20230415_000000.WAV,2023-04-15,00:00:00,17280488
AM7,20230415_040000.WAV,2023-04-15,04:00:00,17280488
AM7,20230415_140000.WAV,2023-04-15,14:00:00,17280488
AM7,20230415_180000.WAV,2023-04-15,18:00:00,17280488
AM7,20230416_000000.WAV,2023-04-16,00:00:00,17280488
AM7,20230416_040000.WAV,2023-04-16,04:00:00,17280488
AM7,20230416_140000.WAV,2023-04-16,14:00:00,17280488
AM7,20230416_180000.WAV,2023-04-16,18:00:00,17280488
AM7,20230417_000000.WAV,2023-04-17,00:00:00,17280488
AM7,20230417_040000.WAV,2023-04-17,04:00:00,17280488
AM7,20230417_140000.WAV,2023-04-17,14:00:00,17280488
AM7,20230417_180000.WAV,2023-04-17,18:00:00,17280488
AM7,20230418_000000.WAV,2023-04-18,00:00:00,17280488
AM7,20230418_040000.WAV,2023-04-18,04:00:00,17280488
AM7,20230418_140000.WAV,2023-04-18,14:00:00,17280488
AM7,20230418_180000.WAV,2023-04-18,18:00:00,17280488
AM7,20230419_000000.WAV,2023-04-19,00:00:00,17280488
AM7,20230419_040000.WAV,2023-04-19,04:00:00,17280488
AM7,20230419_140000.WAV,2023-04-19,14:00:00,17280488
AM7,20230419_180000.WAV,2023-04-19,18:00:00,17280488
AM7,20230420_000000.WAV,2023-04-20,00:00:00,17280488
AM7,20230420_040000.WAV,2023-04-20,04:00:00,17280488
AM7,20230420_140000.WAV,2023-04-20,14:00:00,17280488
AM7,20230420_180000.WAV,2023-04-20,18:00:00,17280488
AM7,20230421_000000.WAV,2023-04-21,00:00:00,17280488
AM7,20230421_040000.WAV,2023-04-21,04:00:00,17280488
AM7,20230421_140000.WAV,2023-04-21,14:00:00,17280488
AM7,20230421_180000.WAV,2023-04-21,18:00:00,17280488
AM7,20230422_000000.WAV,2023-04-22,00:00:00,17280488
AM7,20230422_040000.WAV,2023-04-22,04:00:00,17280488
AM7,20230422_140000.WAV,2023-04-22,14:00:00,17280488
AM7,20230422_180000.WAV,2023-04-22,18:00:00,17280488
AM7,20230423_000000.WAV,2023-04-23,00:00:00,17280488
AM7,20230423_040000.WAV,2023-04-23,04:00:00,17280488
AM7,20230423_140000.WAV,2023-04-23,14:00:00,17280488
AM7,20230423_180000.WAV,2023-04-23,18:00:00,17280488
AM7,20230424_000000.WAV,2023-04-24,00:00:00,17280488
AM7,20230424_040000.WAV,2023-04-24,04:00:00,17280488
AM7,20230424_140000.WAV,2023-04-24,14:00:00,17280488
AM7,20230424_180000.WAV,2023-04-24,18:00:00,17280488
AM7,20230425_000000.WAV,2023-04-25,00:00:00,17280488
AM7,20230425_040000.WAV,2023-04-25,04:00:00,17280488
AM7,20230425_140000.WAV,2023-04-25,14:00:00,17280488
AM7,20230425_180000.WAV,2023-04-25,18:00:00,17280488
AM7,20230426_000000.WAV,2023-04-26,00:00:00,17280488
AM7,20230426_040000.WAV,2023-04-26,04:00:00,17280488
AM7,20230426_140000.WAV,2023-04-26,14:00:00,17280488
AM7,20230426_180000.WAV,2023-04-26,18:00:00,17280488
AM7,20230427_000000.WAV,2023-04-27,00:00:00,17280488
AM7,20230427_040000.WAV,2023-04-27,04:00:00,17280488
AM7,20230427_140000.WAV,2023-04-27,14:00:00,17280488
AM7,20230427_180000.WAV,2023-04-27,18:00:00,17280488
AM7,20230428_000000.WAV,2023-04-28,00:00:00,17280488
AM7,20230428_040000.WAV,2023-04-28,04:00:00,17280488
AM7,20230428_140000.WAV,2023-04-28,14:00:00,17280488
AM7,20230428_180000.WAV,2023-04-28,18:00:00,17280488
AM7,20230429_000000.WAV,2023-04-29,00:00:00,17280488
AM7,20230429_040000.WAV,2023-04-29,04:00:00,17280488
AM7,20230429_140000.WAV,2023-04-29,14:00:00,17280488
AM7,20230429_180000.WAV,2023-04-29,18:00:00,17280488
AM7,20230430_000000.WAV,2023-04-30,00:00:00,17280488
AM7,20230430_040000.WAV,2023-04-30,04:00:00,17280488
AM7,20230430_140000.WAV,2023-04-30,14:00:00,17280488
AM7,20230430_180000.WAV,2023-04-30,18:00:00,17280488
AM7,20230501_000000.WAV,2023-05-01,00:00:00,17280488
AM7,20230501_040000.WAV,2023-05-01,04:00:00,17280488
AM7,20230501_140000.WAV,2023-05-01,14:00:00,17280488
AM7,20230501_180000.WAV,2023-05-01,18:00:00,17280488
AM7,20230502_000000.WAV,2023-05-02,00:00:00,17280488
AM7,20230502_040000.WAV,2023-05-02,04:00:00,17280488
AM7,20230502_140000.WAV,2023-05-02,14:00:00,17280488
AM7,20230502_180000.WAV,2023-05-02,18:00:00,17280488
AM7,20230503_000000.WAV,2023-05-03,00:00:00,17280488
AM7,20230503_040000.WAV,2023-05-03,04:00:00,17280488
AM7,20230503_140000.WAV,2023-05-03,14:00:00,17280488
AM7,20230503_180000.WAV,2023-05-03,18:00:00,17280488
AM7,20230504_000000.WAV,2023-05-04,00:00:00,17280488
AM7,20230504_040000.WAV,2023-05-04,04:00:00,17280488
AM7,20230504_140000.WAV,2023-05-04,14:00:00,17280488
AM7,20230504_180000.WAV,2023-05-04,18:00:00,17280488
AM7,20230505_000000.WAV,2023-05-05,00:00:00,17280488
AM7,20230505_040000.WAV,2023-05-05,04:00:00,17280488
AM7,20230505_140000.WAV,2023-05-05,14:00:00,17280488
AM7,20230505_180000.WAV,2023-05-05,18:00:00,17280488
AM7,20230506_000000.WAV,2023-05-06,00:00:00,17280488
AM7,20230506_040000.WAV,2023-05-06,04:00:00,17280488
AM7,20230506_140000.WAV,2023-05-06,14:00:00,17280488
AM7,20230506_180000.WAV,2023-05-06,18:00:00,17280488
AM7,20230507_000000.WAV,2023-05-07,00:00:00,17280488
AM7,20230507_040000.WAV,2023-05-07,04:00:00,17280488
AM7,20230507_140000.WAV,2023-05-07,14:00:00,17280488
AM7,20230507_180000.WAV,2023-05-07,18:00:00,17280488
AM7,20230508_000000.WAV,2023-05-08,00:00:00,17280488
AM7,20230508_040000.WAV,2023-05-08,04:00:00,17280488
AM7,20230508_140000.WAV,2023-05-08,14:00:00,17280488
AM7,20230508_180000.WAV,2023-05-08,18:00:00,17280488
AM7,20230509_000000.WAV,2023-05-09,00:00:00,17280488
AM7,20230509_040000.WAV,2023-05-09,04:00:00,17280488
AM7,20230509_140000.WAV,2023-05-09,14:00:00,17280488
AM7,20230509_180000.WAV,2023-05-09,18:00:00,17280488
AM7,20230510_000000.WAV,2023-05-10,00:00:00,17280488
AM7,20230510_040000.WAV,2023-05-10,04:00:00,17280488
AM7,20230510_140000.WAV,2023-05-10,14:00:00,17280488
AM7,20230510_180000.WAV,2023-05-10,18:00:00,17280488
AM7,20230511_000000.WAV,2023-05-11,00:00:00,17280488
AM7,20230511_040000.WAV,2023-05-11,04:00:00,17280488
AM7,20230511_140000.WAV,2023-05-11,14:00:00,17280488
AM7,20230511_180000.WAV,2023-05-11,18:00:00,17280488
AM7,20230512_000000.WAV,2023-05-12,00:00:00,17280488
AM7,20230512_040000.WAV,2023-05-12,04:00:00,17280488
AM7,20230512_140000.WAV,2023-05-12,14:00:00,17280488
AM7,20230512_180000.WAV,2023-05-12,18:00:00,17280488
AM7,20230513_000000.WAV,2023-05-13,00:00:00,17280488
AM7,20230513_040000.WAV,2023-05-13,04:00:00,17280488
AM7,20230513_140000.WAV,2023-05-13,14:00:00,17280488
AM7,20230513_180000.WAV,2023-05-13,18:00:00,17280488
AM7,20230514_000000.WAV,2023-05-14,00:00:00,17280488
AM7,20230514_040000.WAV,2023-05-14,04:00:00,17280488
AM7,20230514_140000.WAV,2023-05-14,14:00:00,17280488
AM7,20230514_180000.WAV,2023-05-14,18:00:00,17280488
AM7,20230515_000000.WAV,2023-05-15,00:00:00,17280488
AM7,20230515_040000.WAV,2023-05-15,04:00:00,17280488
AM7,20230515_140000.WAV,2023-05-15,14:00:00,17280488
AM7,20230515_180000.WAV,2023-05-15,18:00:00,17280488
AM7,20230516_000000.WAV,2023-05-16,00:00:00,17280488
AM7,20230516_040000.WAV,2023-05-16,04:00:00,17280488
AM7,20230516_140000.WAV,2023-05-16,14:00:00,17280488
AM7,20230516_180000.WAV,2023-05-16,18:00:00,17280488
AM7,20230517_000000.WAV,2023-05-17,00:00:00,17280488
AM7,20230517_040000.WAV,2023-05-17,04:00:00,17280488
AM7,20230517_140000.WAV,2023-05-17,14:00:00,17280488
AM7,20230517_180000.WAV,2023-05-17,18:00:00,17280488
AM7,20230518_000000.WAV,2023-05-18,00:00:00,17280488
AM7,20230518_040000.WAV,2023-05-18,04:00:00,17280488
AM7,20230518_140000.WAV,2023-05-18,14:00:00,17280488
AM7,20230518_180000.WAV,2023-05-18,18:00:00,17280488
AM7,20230519_000000.WAV,2023-05-19,00:00:00,17280488
AM7,20230519_040000.WAV,2023-05-19,04:00:00,17280488
AM7,20230519_140000.WAV,2023-05-19,14:00:00,17280488
AM7,20230519_180000.WAV,2023-05-19,18:00:00,17280488
AM7,20230520_000000.WAV,2023-05-20,00:00:00,17280488
AM7,20230520_040000.WAV,2023-05-20,04:00:00,17280488
AM7,20230520_140000.WAV,2023-05-20,14:00:00,17280488
AM7,20230520_180000.WAV,2023-05-20,18:00:00,17280488
AM7,20230521_000000.WAV,2023-05-21,00:00:00,17280488
AM7,20230521_040000.WAV,2023-05-21,04:00:00,17280488
AM7,20230521_140000.WAV,2023-05-21,14:00:00,17280488
AM7,20230521_180000.WAV,2023-05-21,18:00:00,17280488
AM7,20230522_000000.WAV,2023-05-22,00:00:00,17280488
AM7,20230522_040000.WAV,2023-05-22,04:00:00,17280488
AM7,20230522_140000.WAV,2023-05-22,14:00:00,17280488
AM7,20230522_180000.WAV,2023-05-22,18:00:00,17280488
AM7,20230523_000000.WAV,2023-05-23,00:00:00,17280488
AM7,20230523_040000.WAV,2023-05-23,04:00:00,17280488
AM7,20230523_140000.WAV,2023-05-23,14:00:00,17280488
AM7,20230523_180000.WAV,2023-05-23,18:00:00,17280488
AM7,20230524_000000.WAV,2023-05-24,00:00:00,17280488
AM7,20230524_040000.WAV,2023-05-24,04:00:00,17280488
AM7,20230524_140000.WAV,2023-05-24,14:00:00,17280488
AM7,20230524_180000.WAV,2023-05-24,18:00:00,17280488
AM7,20230525_000000.WAV,2023-05-25,00:00:00,17280488
AM7,20230525_040000.WAV,2023-05-25,04:00:00,17280488
AM7,20230525_140000.WAV,2023-05-25,14:00:00,17280488
AM7,20230525_180000.WAV,2023-05-25,18:00:00,17280488
AM7,20230526_000000.WAV,2023-05-26,00:00:00,17280488
AM7,20230526_040000.WAV,2023-05-26,04:00:00,17280488
AM7,20230526_140000.WAV,2023-05-26,14:00:00,17280488
AM7,20230526_180000.WAV,2023-05-26,18:00:00,17280488
AM7,20230527_000000.WAV,2023-05-27,00:00:00,17280488
AM7,20230527_040000.WAV,2023-05-27,04:00:00,17280488
AM7,20230527_140000.WAV,2023-05-27,14:00:00,17280488
AM7,20230527_180000.WAV,2023-05-27,18:00:00,17280488
AM7,20230528_000000.WAV,2023-05-28,00:00:00,17280488
AM7,20230528_040000.WAV,2023-05-28,04:00:00,17280488
AM7,20230528_140000.WAV,2023-05-28,14:00:00,17280488
AM7,20230528_180000.WAV,2023-05-28,18:00:00,17280488
AM7,20230529_000000.WAV,2023-05-29,00:00:00,17280488
AM7,20230529_040000.WAV,2023-05-29,04:00:00,17280488
AM7,20230529_140000.WAV,2023-05-29,14:00:00,17280488
AM7,20230529_180000.WAV,2023-05-29,18:00:00,17280488
AM7,20230530_000000.WAV,2023-05-30,00:00:00,17280488
AM7,20230530_040000.WAV,2023-05-30,04:00:00,17280488
AM7,20230530_140000.WAV,2023-05-30,14:00:00,17280488
AM7,20230530_180000.WAV,2023-05-30,18:00:00,17280488
AM7,20230531_000000.WAV,2023-05-31,00:00:00,17280488
AM7,20230531_040000.WAV,2023-05-31,04:00:00,17280488
AM7,20230531_140000.WAV,2023-05-31,14:00:00,17280488
AM7,20230531_180000.WAV,2023-05-31,18:00:00,17280488
AM7,20230601_000000.WAV,2023-06-01,00:00:00,17280488
AM7,20230601_040000.WAV,2023-06-01,04:00:00,17280488
AM7,20230601_140000.WAV,2023-06-01,14:00:00,17280488
AM7,20230601_180000.WAV,2023-06-01,18:00:00,17280488
AM7,20230602_000000.WAV,2023-06-02,00:00:00,17280488
AM7,20230602_040000.WAV,2023-06-02,04:00:00,17280488
AM7,20230602_140000.WAV,2023-06-02,14:00:00,17280488
AM7,20230602_180000.WAV,2023-06-02,18:00:00,17280488
AM7,20230603_000000.WAV,2023-06-03,00:00:00,17280488
AM7,20230603_040000.WAV,2023-06-03,04:00:00,17280488
AM7,20230603_140000.WAV,2023-06-03,14:00:00,17280488
AM7,20230603_180000.WAV,2023-06-03,18:00:00,17280488
AM7,20230604_000000.WAV,2023-06-04,00:00:00,17280488
AM7,20230604_040000.WAV,2023-06-04,04:00:00,17280488
AM7,20230604_140000.WAV,2023-06-04,14:00:00,17280488
AM7,20230604_180000.WAV,2023-06-04,18:00:00,17280488
AM7,20230605_000000.WAV,2023-06-05,00:00:00,17280488
AM7,20230605_040000.WAV,2023-06-05,04:00:00,17280488
AM7,20230605_140000.WAV,2023-06-05,14:00:00,17280488
AM7,20230605_180000.WAV,2023-06-05,18:00:00,17280488
AM7,20230606_000000.WAV,2023-06-06,00:00:00,17280488
AM7,20230606_040000.WAV,2023-06-06,04:00:00,17280488
AM7,20230606_140000.WAV,2023-06-06,14:00:00,17280488
AM7,20230606_180000.WAV,2023-06-06,18:00:00,17280488
AM7,20230607_000000.WAV,2023-06-07,00:00:00,17280488
AM7,20230607_040000.WAV,2023-06-07,04:00:00,17280488
AM7,20230607_140000.WAV,2023-06-07,14:00:00,17280488
AM7,20230607_180000.WAV,2023-06-07,18:00:00,17280488
AM7,20230608_000000.WAV,2023-06-08,00:00:00,17280488
AM7,20230608_040000.WAV,2023-06-08,04:00:00,17280488
AM7,20230608_140000.WAV,2023-06-08,14:00:00,17280488
AM7,20230608_180000.WAV,2023-06-08,18:00:00,17280488
AM7,20230609_000000.WAV,2023-06-09,00:00:00,17280488
AM7,20230609_040000.WAV,2023-06-09,04:00:00,17280488
AM7,20230609_140000.WAV,2023-06-09,14:00:00,17280488
AM7,20230609_180000.WAV,2023-06-09,18:00:00,17280488
AM7,20230610_000000.WAV,2023-06-10,00:00:00,17280488
AM7,20230610_040000.WAV,2023-06-10,04:00:00,17280488
AM7,20230610_140000.WAV,2023-06-10,14:00:00,17280488
AM7,20230610_180000.WAV,2023-06-10,18:00:00,17280488
AM7,20230611_000000.WAV,2023-06-11,00:00:00,17280488
AM7,20230611_040000.WAV,2023-06-11,04:00:00,17280488
AM7,20230611_140000.WAV,2023-06-11,14:00:00,17280488
AM7,20230611_180000.WAV,2023-06-11,18:00:00,17280488
AM7,20230612_000000.WAV,2023-06-12,00:00:00,17280488
AM7,20230612_040000.WAV,2023-06-12,04:00:00,17280488
AM7,20230612_140000.WAV,2023-06-12,14:00:00,17280488
AM7,20230612_180000.WAV,2023-06-12,18:00:00,17280488
AM7,20230613_000000.WAV,2023-06-13,00:00:00,17280488
AM7,20230613_040000.WAV,2023-06-13,04:00:00,17280488
AM7,20230613_140000.WAV,2023-06-13,14:00:00,17280488
AM7,20230613_180000.WAV,2023-06-13,18:00:00,17280488
AM7,20230614_000000.WAV,2023-06-14,00:00:00,17280488
AM7,20230614_040000.WAV,2023-06-14,04:00:00,17280488
AM7,20230614_140000.WAV,2023-06-14,14:00:00,17280488
AM7,20230614_180000.WAV,2023-06-14,18:00:00,17280488
AM7,20230615_000000.WAV,2023-06-15,00:00:00,17280488
AM7,20230615_040000.WAV,2023-06-15,04:00:00,17280488
AM7,20230615_140000.WAV,2023-06-15,14:00:00,17280488
AM7,20230615_180000.WAV,2023-06-15,18:00:00,17280488
AM7,20230616_000000.WAV,2023-06-16,00:00:00,17280488
AM7,20230616_040000.WAV,2023-06-16,04:00:00,17280488
AM7,20230616_140000.WAV,2023-06-16,14:00:00,17280488
AM7,20230616_180000.WAV,2023-06-16,18:00:00,17280488
AM7,20230617_000000.WAV,2023-06-17,00:00:00,17280488
AM7,20230617_040000.WAV,2023-06-17,04:00:00,17280488
AM7,20230617_140000.WAV,2023-06-17,14:00:00,17280488
AM7,20230617_180000.WAV,2023-06-17,18:00:00,17280488
AM7,20230618_000000.WAV,2023-06-18,00:00:00,17280488
AM7,20230618_040000.WAV,2023-06-18,04:00:00,17280488
AM7,20230618_140000.WAV,2023-06-18,14:00:00,17280488
AM7,20230618_180000.WAV,2023-06-18,18:00:00,17280488
AM7,20230619_000000.WAV,2023-06-19,00:00:00,17280488
AM7,20230619_040000.WAV,2023-06-19,04:00:00,17280488
AM7,20230619_140000.WAV,2023-06-19,14:00:00,17280488
AM7,20230619_180000.WAV,2023-06-19,18:00:00,17280488
AM7,20230620_000000.WAV,2023-06-20,00:00:00,17280488
AM7,20230620_040000.WAV,2023-06-20,04:00:00,17280488
AM7,20230620_140000.WAV,2023-06-20,14:00:00,17280488
AM7,20230620_180000.WAV,2023-06-20,18:00:00,17280488
AM7,20230621_000000.WAV,2023-06-21,00:00:00,17280488
AM7,20230621_040000.WAV,2023-06-21,04:00:00,17280488
AM7,20230621_140000.WAV,2023-06-21,14:00:00,17280488
AM7,20230621_180000.WAV,2023-06-21,18:00:00,17280488
AM7,20230622_000000.WAV,2023-06-22,00:00:00,17280488
AM7,20230622_040000.WAV,2023-06-22,04:00:00,17280488
AM7,20230622_140000.WAV,2023-06-22,14:00:00,17280488
AM7,20230622_180000.WAV,2023-06-22,18:00:00,17280488
AM7,20230623_000000.WAV,2023-06-23,00:00:00,17280488
AM7,20230623_040000.WAV,2023-06-23,04:00:00,17280488
AM7,20230623_140000.WAV,2023-06-23,14:00:00,17280488
AM7,20230623_180000.WAV,2023-06-23,18:00:00,17280488
AM7,20230624_000000.WAV,2023-06-24,00:00:00,17280488
AM7,20230624_040000.WAV,2023-06-24,04:00:00,17280488
AM7,20230624_140000.WAV,2023-06-24,14:00:00,17280488
AM7,20230624_180000.WAV,2023-06-24,18:00:00,17280488
AM7,20230625_000000.WAV,2023-06-25,00:00:00,17280488
AM7,20230625_040000.WAV,2023-06-25,04:00:00,17280488
AM7,20230625_140000.WAV,2023-06-25,14:00:00,17280488
AM7,20230625_180000.WAV,2023-06-25,18:00:00,17280488
AM7,20230626_000000.WAV,2023-06-26,00:00:00,17280488
AM7,20230626_040000.WAV,2023-06-26,04:00:00,17280488
AM7,20230626_140000.WAV,2023-06-26,14:00:00,17280488
AM7,20230626_180000.WAV,2023-06-26,18:00:00,17280488
AM7,20230627_000000.WAV,2023-06-27,00:00:00,17280488
AM7,20230627_040000.WAV,2023-06-27,04:00:00,17280488
AM7,20230627_140000.WAV,2023-06-27,14:00:00,17280488
AM7,20230627_180000.WAV,2023-06-27,18:00:00,17280488
AM7,20230628_000000.WAV,2023-06-28,00:00:00,17280488
AM7,20230628_040000.WAV,2023-06-28,04:00:00,17280488
AM7,20230628_140000.WAV,2023-06-28,14:00:00,17280488
AM7,20230628_180000.WAV,2023-06-28,18:00:00,17280488
AM7,20230629_000000.WAV,2023-06-29,00:00:00,17280488
AM7,20230629_040000.WAV,2023-06-29,04:00:00,17280488
AM7,20230629_140000.WAV,2023-06-29,14:00:00,17280488
AM7,20230629_180000.WAV,2023-06-29,18:00:00,17280488
AM7,20230630_000000.WAV,2023-06-30,00:00:00,17280488
AM7,20230630_040000.WAV,2023-06-30,04:00:00,17280488
AM7,20230630_140000.WAV,2023-06-30,14:00:00,17280488
AM7,20230630_180000.WAV,2023-06-30,18:00:00,17280488
AM7,20230701_000000.WAV,2023-07-01,00:00:00,17280488
AM7,20230701_040000.WAV,2023-07-01,04:00:00,17280488
AM7,20230701_140000.WAV,2023-07-01,14:00:00,17280488
AM7,20230701_180000.WAV,2023-07-01,18:00:00,17280488
AM7,20230702_000000.WAV,2023-07-02,00:00:00,17280488
AM7,20230702_040000.WAV,2023-07-02,04:00:00,17280488
AM7,20230702_140000.WAV,2023-07-02,14:00:00,17280488
AM7,20230702_180000.WAV,2023-07-02,18:00:00,17280488
AM7,20230703_000000.WAV,2023-07-03,00:00:00,17280488
AM7,20230703_040000.WAV,2023-07-03,04:00:00,17280488
AM7,20230703_140000.WAV,2023-07-03,14:00:00,17280488
AM7,20230703_180000.WAV,2023-07-03,18:00:00,17280488
AM7,20230704_000000.WAV,2023-07-04,00:00:00,17280488
AM7,20230704_040000.WAV,2023-07-04,04:00:00,17280488
AM7,20230704_140000.WAV,2023-07-04,14:00:00,17280488
AM7,20230704_180000.WAV,2023-07-04,18:00:00,17280488
AM7,20230705_000000.WAV,2023-07-05,00:00:00,17280488
AM7,20230705_040000.WAV,2023-07-05,04:00:00,17280488
AM7,20230705_140000.WAV,2023-07-05,14:00:00,17280488
AM7,20230705_180000.WAV,2023-07-05,18:00:00,17280488
AM7,20230706_000000.WAV,2023-07-06,00:00:00,17280488
AM7,20230706_040000.WAV,2023-07-06,04:00:00,17280488
AM7,20230706_140000.WAV,2023-07-06,14:00:00,17280488
AM7,20230706_180000.WAV,2023-07-06,18:00:00,17280488
AM7,20230707_000000.WAV,2023-07-07,00:00:00,17280488
AM7,20230707_040000.WAV,2023-07-07,04:00:00,17280488
AM7,20230707_140000.WAV,2023-07-07,14:00:00,17280488
AM7,20230707_180000.WAV,2023-07-07,18:00:00,17280488
AM7,20230708_000000.WAV,2023-07-08,00:00:00,17280488
AM7,20230708_040000.WAV,2023-07-08,04:00:00,17280488
AM7,20230708_140000.WAV,2023-07-08,14:00:00,17280488
AM7,20230708_180000.WAV,2023-07-08,18:00:00,17280488
AM7,20230709_000000.WAV,2023-07-09,00:00:00,17280488
AM7,20230709_040000.WAV,2023-07-09,04:00:00,17280488
AM7,20230709_140000.WAV,2023-07-09,14:00:00,17280488
AM7,20230709_180000.WAV,2023-07-09,18:00:00,17280488
AM7,20230710_000000.WAV,2023-07-10,00:00:00,17280488
AM7,20230710_040000.WAV,2023-07-10,04:00:00,17280488
AM7,20230710_140000.WAV,2023-07-10,14:00:00,17280488
AM7,20230710_180000.WAV,2023-07-10,18:00:00,17280488
AM7,20230711_000000.WAV,2023-07-11,00:00:00,17280488
AM7,20230711_040000.WAV,2023-07-11,04:00:00,17280488
AM7,20230711_140000.WAV,2023-07-11,14:00:00,17280488
AM7,20230711_180000.WAV,2023-07-11,18:00:00,17280488
AM7,20230712_000000.WAV,2023-07-12,00:00:00,17280488
AM7,20230712_040000.WAV,2023-07-12,04:00:00,17280488
AM7,20230712_140000.WAV,2023-07-12,14:00:00,17280488
AM7,20230712_180000.WAV,2023-07-12,18:00:00,17280488
AM7,20230713_000000.WAV,2023-07-13,00:00:00,17280488
AM7,20230713_040000.WAV,2023-07-13,04:00:00,17280488
AM7,20230713_140000.WAV,2023-07-13,14:00:00,17280488
AM7,20230713_180000.WAV,2023-07-13,18:00:00,17280488
AM7,20230714_000000.WAV,2023-07-14,00:00:00,17280488
AM7,20230714_040000.WAV,2023-07-14,04:00:00,17280488
AM7,20230714_140000.WAV,2023-07-14,14:00:00,17280488
AM7,20230714_180000.WAV,2023-07-14,18:00:00,17280488
AM7,20230715_000000.WAV,2023-07-15,00:00:00,17280488
AM7,20230715_040000.WAV,2023-07-15,04:00:00,17280488
AM7,20230715_140000.WAV,2023-07-15,14:00:00,17280488
AM7,20230715_180000.WAV,2023-07-15,18:00:00,17280488
AM7,20230716_000000.WAV,2023-07-16,00:00:00,17280488
AM7,20230716_040000.WAV,2023-07-16,04:00:00,17280488
AM7,20230716_140000.WAV,2023-07-16,14:00:00,17280488
AM7,20230716_180000.WAV,2023-07-16,18:00:00,17280488
AM7,20230717_000000.WAV,2023-07-17,00:00:00,17280488
AM7,20230717_040000.WAV,2023-07-17,04:00:00,17280488
AM7,20230717_140000.WAV,2023-07-17,14:00:00,17280488
AM7,20230717_180000.WAV,2023-07-17,18:00:00,17280488
AM7,20230718_000000.WAV,2023-07-18,00:00:00,17280488
AM7,20230718_040000.WAV,2023-07-18,04:00:00,17280488
AM7,20230718_140000.WAV,2023-07-18,14:00:00,17280488
AM7,20230718_180000.WAV,2023-07-18,18:00:00,17280488
AM7,20230719_000000.WAV,2023-07-19,00:00:00,17280488
AM7,20230719_040000.WAV,2023-07-19,04:00:00,17280488
AM7,20230719_140000.WAV,2023-07-19,14:00:00,17280488
AM7,20230719_180000.WAV,2023-07-19,18:00:00,17280488
AM7,20230720_000000.WAV,2023-07-20,00:00:00,17280488
AM7,20230720_040000.WAV,2023-07-20,04:00:00,17280488
AM7,20230720_140000.WAV,2023-07-20,14:00:00,17280488
AM7,20230720_180000.WAV,2023-07-20,18:00:00,17280488
AM7,20230721_000000.WAV,2023-07-21,00:00:00,17280488
AM7,20230721_040000.WAV,2023-07-21,04:00:00,17280488
AM7,20230721_140000.WAV,2023-07-21,14:00:00,17280488
AM7,20230721_180000.WAV,2023-07-21,18:00:00,17280488
AM7,20230722_000000.WAV,2023-07-22,00:00:00,17280488
AM7,20230722_040000.WAV,2023-07-22,04:00:00,17280488
AM7,20230722_140000.WAV,2023-07-22,14:00:00,17280488
AM7,20230722_180000.WAV,2023-07-22,18:00:00,17280488
AM7,20230723_000000.WAV,2023-07-23,00:00:00,17280488
AM7,20230723_040000.WAV,2023-07-23,04:00:00,17280488
AM7,20230723_140000.WAV,2023-07-23,14:00:00,17280488
AM7,20230723_180000.WAV,2023-07-23,18:00:00,17280488
AM7,20230724_000000.WAV,2023-07-24,00:00:00,17280488
AM7,20230724_040000.WAV,2023-07-24,04:00:00,17280488
AM7,20230724_140000.WAV,2023-07-24,14:00:00,17280488
AM7,20230724_180000.WAV,2023-07-24,18:00:00,17280488
AM7,20230725_000000.WAV,2023-07-25,00:00:00,17280488
AM7,20230725_040000.WAV,2023-07-25,04:00:00,17280488
AM7,20230725_140000.WAV,2023-07-25,14:00:00,17280488
AM7,20230725_180000.WAV,2023-07-25,18:00:00,17280488
AM7,20230726_000000.WAV,2023-07-26,00:00:00,17280488
AM7,20230726_040000.WAV,2023-07-26,04:00:00,17280488
AM7,20230726_140000.WAV,2023-07-26,14:00:00,17280488
AM7,20230726_180000.WAV,2023-07-26,18:00:00,17280488
AM7,20230727_000000.WAV,2023-07-27,00:00:00,17280488
AM7,20230727_040000.WAV,2023-07-27,04:00:00,17280488
AM7,20230727_140000.WAV,2023-07-27,14:00:00,17280488
AM7,20230727_180000.WAV,2023-07-27,18:00:00,17280488
AM7,20230728_000000.WAV,2023-07-28,00:00:00,17280488
AM7,20230728_040000.WAV,2023-07-28,04:00:00,17280488
AM7,20230728_140000.WAV,2023-07-28,14:00:00,17280488
AM7,20230728_180000.WAV,2023-07-28,18:00:00,17280488
AM7,20230729_000000.WAV,2023-07-29,00:00:00,17280488
AM7,20230729_040000.WAV,2023-07-29,04:00:00,17280488
AM7,20230729_140000.WAV,2023-07-29,14:00:00,17280488
AM7,20230729_180000.WAV,2023-07-29,18:00:00,17280488
AM7,20230730_000000.WAV,2023-07-30,00:00:00,17280488
AM7,20230730_040000.WAV,2023-07-30,04:00:00,17280488
AM7,20230730_140000.WAV,2023-07-30,14:00:00,17280488
AM7,20230730_180000.WAV,2023-07-30,18:00:00,17280488
AM7,20230731_000000.WAV,2023-07-31,00:00:00,17280488
AM7,20230731_040000.WAV,2023-07-31,04:00:00,17280488
AM7,20230731_140000.WAV,2023-07-31,14:00:00,17280488
AM7,20230731_180000.WAV,2023-07-31,18:00:00,17280488
AM7,20230801_000000.WAV,2023-08-01,00:00:00,17280488
AM7,20230801_040000.WAV,2023-08-01,04:00:00,17280488
AM7,20230801_140000.WAV,2023-08-01,14:00:00,17280488
AM7,20230801_180000.WAV,2023-08-01,18:00:00,17280488
AM7,20230802_000000.WAV,2023-08-02,00:00:00,17280488
AM7,20230802_040000.WAV,2023-08-02,04:00:00,17280488
AM7,20230802_140000.WAV,2023-08-02,14:00:00,17280488
AM7,20230802_180000.WAV,2023-08-02,18:00:00,17280488
AM7,20230803_000000.WAV,2023-08-03,00:00:00,17280488
AM7,20230803_040000.WAV,2023-08-03,04:00:00,17280488
AM7,20230803_140000.WAV,2023-08-03,14:00:00,17280488
AM7,20230803_180000.WAV,2023-08-03,18:00:00,17280488
AM7,20230804_000000.WAV,2023-08-04,00:00:00,17280488
AM7,20230804_040000.WAV,2023-08-04,04:00:00,17280488
AM7,20230804_140000.WAV,2023-08-04,14:00:00,17280488
AM7,20230804_180000.WAV,2023-08-04,18:00:00,17280488
AM7,20230805_000000.WAV,2023-08-05,00:00:00,17280488
AM7,20230805_040000.WAV,2023-08-05,04:00:00,17280488
AM7,20230805_140000.WAV,2023-08-05,14:00:00,17280488
AM7,20230805_180000.WAV,2023-08-05,18:00:00,17280488
AM7,20230806_000000.WAV,2023-08-06,00:00:00,17280488
AM7,20230806_040000.WAV,2023-08-06,04:00:00,17280488
AM7,20230806_140000.WAV,2023-08-06,14:00:00,17280488
AM7,20230806_180000.WAV,2023-08-06,18:00:00,17280488
AM7,20230807_000000.WAV,2023-08-07,00:00:00,17280488
AM7,20230807_040000.WAV,2023-08-07,04:00:00,17280488
AM7,20230807_140000.WAV,2023-08-07,14:00:00,17280488
AM7,20230807_180000.WAV,2023-08-07,18:00:00,17280488
AM7,20230808_000000.WAV,2023-08-08,00:00:00,17280488
AM7,20230808_040000.WAV,2023-08-08,04:00:00,17280488
AM7,20230808_140000.WAV,2023-08-08,14:00:00,17280488
AM7,20230808_180000.WAV,2023-08-08,18:00:00,17280488
AM7,20230809_000000.WAV,2023-08-09,00:00:00,17280488
AM7,20230809_040000.WAV,2023-08-09,04:00:00,17280488
AM7,20230809_140000.WAV,2023-08-09,14:00:00,17280488
AM7,20230809_180000.WAV,2023-08-09,18:00:00,17280488
AM7,20230810_000000.WAV,2023-08-10,00:00:00,17280488
AM7,20230810_040000.WAV,2023-08-10,04:00:00,17280488
AM7,20230810_140000.WAV,2023-08-10,14:00:00,17280488
AM7,20230810_180000.WAV,2023-08-10,18:00:00,17280488
AM7,20230811_000000.WAV,2023-08-11,00:00:00,17280488
AM7,20230811_040000.WAV,2023-08-11,04:00:00,17280488
AM7,20230811_140000.WAV,2023-08-11,14:00:00,17280488
AM7,20230811_180000.WAV,2023-08-11,18:00:00,17280488
AM7,20230812_000000.WAV,2023-08-12,00:00:00,17280488
AM7,20230812_040000.WAV,2023-08-12,04:00:00,17280488
AM7,20230812_140000.WAV,2023-08-12,14:00:00,17280488
AM7,20230812_180000.WAV,2023-08-12,18:00:00,17280488
AM7,20230813_000000.WAV,2023-08-13,00:00:00,17280488
AM7,20230813_040000.WAV,2023-08-13,04:00:00,17280488
AM7,20230813_140000.WAV,2023-08-13,14:00:00,17280488
AM7,20230813_180000.WAV,2023-08-13,18:00:00,17280488
AM7,20230814_000000.WAV,2023-08-14,00:00:00,17280488
AM7,20230814_040000.WAV,2023-08-14,04:00:00,17280488
AM7,20230814_140000.WAV,2023-08-14,14:00:00,17280488
AM7,20230814_180000.WAV,2023-08-14,18:00:00,17280488
AM7,20230815_000000.WAV,2023-08-15,00:00:00,17280488
AM7,20230815_040000.WAV,2023-08-15,04:00:00,17280488
AM7,20230815_140000.WAV,2023-08-15,14:00:00,17280488
AM7,20230815_180000.WAV,2023-08-15,18:00:00,17280488
AM7,20230816_000000.WAV,2023-08-16,00:00:00,17280488
AM7,20230816_040000.WAV,2023-08-16,04:00:00,17280488
AM7,20230816_140000.WAV,2023-08-16,14:00:00,17280488
AM7,20230816_180000.WAV,2023-08-16,18:00:00,17280488
AM7,20230817_000000.WAV,2023-08-17,00:00:00,17280488
AM7,20230817_040000.WAV,2023-08-17,04:00:00,17280488
AM7,20230817_140000.WAV,2023-08-17,14:00:00,17280488
AM7,20230817_180000.WAV,2023-08-17,18:00:00,17280488
AM7,20230818_000000.WAV,2023-08-18,00:00:00,17280488
AM7,20230818_040000.WAV,2023-08-18,04:00:00,17280488
AM7,20230818_140000.WAV,2023-08-18,14:00:00,17280488
AM7,20230818_180000.WAV,2023-08-18,18:00:00,17280488
AM7,20230819_000000.WAV,2023-08-19,00:00:00,17280488
AM7,20230819_040000.WAV,2023-08-19,04:00:00,17280488
AM7,20230819_140000.WAV,2023-08-19,14:00:00,17280488
AM7,20230819_180000.WAV,2023-08-19,18:00:00,17280488
AM7,20230820_000000.WAV,2023-08-20,00:00:00,17280488
AM7,20230820_040000.WAV,2023-08-20,04:00:00,17280488
AM7,20230820_140000.WAV,2023-08-20,14:00:00,17280488
AM7,20230820_180000.WAV,2023-08-20,18:00:00,17280488
AM7,20230821_000000.WAV,2023-08-21,00:00:00,17280488
AM7,20230821_040000.WAV,2023-08-21,04:00:00,17280488
AM7,20230821_140000.WAV,2023-08-21,14:00:00,17280488
AM7,20230821_180000.WAV,2023-08-21,18:00:00,17280488
AM7,20230822_000000.WAV,2023-08-22,00:00:00,17280488
AM7,20230822_040000.WAV,2023-08-22,04:00:00,17280488
AM7,20230822_140000.WAV,2023-08-22,14:00:00,17280488
AM7,20230822_180000.WAV,2023-08-22,18:00:00,17280488
AM7,20230823_000000.WAV,2023-08-23,00:00:00,17280488
AM7,20230823_040000.WAV,2023-08-23,04:00:00,17280488
AM7,20230823_140000.WAV,2023-08-23,14:00:00,17280488
AM7,20230823_180000.WAV,2023-08-23,18:00:00,17280488
AM7,20230824_000000.WAV,2023-08-24,00:00:00,17280488
AM7,20230824_040000.WAV,2023-08-24,04:00:00,17280488
AM7,20230824_140000.WAV,2023-08-24,14:00:00,17280488
AM7,20230824_180000.WAV,2023-08-24,18:00:00,17280488
AM7,20230825_000000.WAV,2023-08-25,00:00:00,17280488
AM7,20230825_040000.WAV,2023-08-25,04:00:00,17280488
AM7,20230825_140000.WAV,2023-08-25,14:00:00,17280488
AM7,20230825_180000.WAV,2023-08-25,18:00:00,17280488
AM7,20230826_000000.WAV,2023-08-26,00:00:00,17280488
AM7,20230826_040000.WAV,2023-08-26,04:00:00,17280488
AM7,20230826_140000.WAV,2023-08-26,14:00:00,17280488
AM7,20230826_180000.WAV,2023-08-26,18:00:00,17280488
AM7,20230827_000000.WAV,2023-08-27,00:00:00,17280488
AM7,20230827_040000.WAV,2023-08-27,04:00:00,17280488
AM7,20230827_140000.WAV,2023-08-27,14:00:00,17280488
AM7,20230827_180000.WAV,2023-08-27,18:00:00,17280488
AM7,20230828_000000.WAV,2023-08-28,00:00:00,17280488
AM7,20230828_040000.WAV,2023-08-28,04:00:00,17280488
AM7,20230828_140000.WAV,2023-08-28,14:00:00,17280488
AM7,20230828_180000.WAV,2023-08-28,18:00:00,17280488
AM7,20230829_000000.WAV,2023-08-29,00:00:00,17280488
AM7,20230829_040000.WAV,2023-08-29,04:00:00,17280488
AM7,20230829_140000.WAV,2023-08-29,14:00:00,17280488
AM7,20230829_180000.WAV,2023-08-29,18:00:00,17280488
AM7,20230830_000000.WAV,2023-08-30,00:00:00,17280488
AM7,20230830_040000.WAV,2023-08-30,04:00:00,17280488
AM7,20230830_140000.WAV,2023-08-30,14:00:00,17280488
AM7,20230830_180000.WAV,2023-08-30,18:00:00,17280488
AM7,20230831_000000.WAV,2023-08-31,00:00:00,17280488
AM7,20230831_040000.WAV,2023-08-31,04:00:00,17280488
AM7,20230831_140000.WAV,2023-08-31,14:00:00,17280488
AM7,20230831_180000.WAV,2023-08-31,18:00:00,17280488
AM7,20230901_000000.WAV,2023-09-01,00:00:00,17280488
AM7,20230901_040000.WAV,2023-09-01,04:00:00,17280488
AM7,20230901_140000.WAV,2023-09-01,14:00:00,17280488
AM7,20230901_180000.WAV,2023-09-01,18:00:00,17280488
AM7,20230902_000000.WAV,2023-09-02,00:00:00,17280488
AM7,20230902_040000.WAV,2023-09-02,04:00:00,17280488
AM7,20230902_140000.WAV,2023-09-02,14:00:00,17280488
AM7,20230902_180000.WAV,2023-09-02,18:00:00,17280488
AM7,20230903_000000.WAV,2023-09-03,00:00:00,17280488
AM7,20230903_040000.WAV,2023-09-03,04:00:00,17280488
AM7,20230903_140000.WAV,2023-09-03,14:00:00,17280488
AM7,20230903_180000.WAV,2023-09-03,18:00:00,17280488
AM7,20230904_000000.WAV,2023-09-04,00:00:00,17280488
AM7,20230904_040000.WAV,2023-09-04,04:00:00,17280488
AM7,20230904_140000.WAV,2023-09-04,14:00:00,17280488
AM7,20230904_180000.WAV,2023-09-04,18:00:00,17280488
AM7,20230905_000000.WAV,2023-09-05,00:00:00,17280488
AM7,20230905_040000.WAV,2023-09-05,04:00:00,17280488
AM7,20230905_140000.WAV,2023-09-05,14:00:00,17280488
AM7,20230905_180000.WAV,2023-09-05,18:00:00,17280488
AM7,20230906_000000.WAV,2023-09-06,00:00:00,17280488
AM7,20230906_040000.WAV,2023-09-06,04:00:00,17280488
AM7,20230906_140000.WAV,2023-09-06,14:00:00,17280488
AM7,20230906_180000.WAV,2023-09-06,18:00:00,17280488
AM7,20230907_000000.WAV,2023-09-07,00:00:00,17280488
AM7,20230907_040000.WAV,2023-09-07,04:00:00,17280488
AM7,20230907_140000.WAV,2023-09-07,14:00:00,17280488
AM7,20230907_180000.WAV,2023-09-07,18:00:00,17280488
AM7,20230908_000000.WAV,2023-09-08,00:00:00,17280488
AM7,20230908_040000.WAV,2023-09-08,04:00:00,17280488
AM7,20230908_140000.WAV,2023-09-08,14:00:00,17280488
AM7,20230908_180000.WAV,2023-09-08,18:00:00,17280488
AM7,20230909_000000.WAV,2023-09-09,00:00:00,17280488
AM7,20230909_040000.WAV,2023-09-09,04:00:00,17280488
AM7,20230909_140000.WAV,2023-09-09,14:00:00,17280488
AM7,20230909_180000.WAV,2023-09-09,18:00:00,17280488
AM7,20230910_000000.WAV,2023-09-10,00:00:00,17280488
AM7,20230910_040000.WAV,2023-09-10,04:00:00,17280488
AM7,20230910_140000.WAV,2023-09-10,14:00:00,17280488
AM7,20230910_180000.WAV,2023-09-10,18:00:00,17280488
AM7,20230911_000000.WAV,2023-09-11,00:00:00,17280488
AM7,20230911_040000.WAV,2023-09-11,04:00:00,17280488
AM7,20230911_140000.WAV,2023-09-11,14:00:00,17280488
AM7,20230911_180000.WAV,2023-09-11,18:00:00,17280488
AM7,20230912_000000.WAV,2023-09-12,00:00:00,17280488
AM7,20230912_040000.WAV,2023-09-12,04:00:00,17280488
AM7,20230912_140000.WAV,2023-09-12,14:00:00,17280488
AM7,20230912_180000.WAV,2023-09-12,18:00:00,17280488
AM7,20230913_000000.WAV,2023-09-13,00:00:00,17280488
AM7,20230913_040000.WAV,2023-09-13,04:00:00,17280488
AM7,20230913_140000.WAV,2023-09-13,14:00:00,17280488
AM7,20230913_180000.WAV,2023-09-13,18:00:00,17280488
AM7,20230914_000000.WAV,2023-09-14,00:00:00,17280488
AM7,20230914_040000.WAV,2023-09-14,04:00:00,17280488
AM7,20230914_140000.WAV,2023-09-14,14:00:00,17280488
AM7,20230914_180000.WAV,2023-09-14,18:00:00,17280488
AM7,20230915_000000.WAV,2023-09-15,00:00:00,17280488
AM7,20230915_040000.WAV,2023-09-15,04:00:00,17280488
AM7,20230915_140000.WAV,2023-09-15,14:00:00,17280488
AM7,20230915_180000.WAV,2023-09-15,18:00:00,17280488
AM7,20230916_000000.WAV,2023-09-16,00:00:00,17280488
AM7,20230916_040000.WAV,2023-09-16,04:00:00,17280488
AM7,20230916_140000.WAV,2023-09-16,14:00:00,17280488
AM7,20230916_180000.WAV,2023-09-16,18:00:00,17280488
AM7,20230917_000000.WAV,2023-09-17,00:00:00,17280488
AM7,20230917_040000.WAV,2023-09-17,04:00:00,17280488
AM7,20230917_140000.WAV,2023-09-17,14:00:00,17280488
AM7,20230917_180000.WAV,2023-09-17,18:00:00,17280488
AM7,20230918_000000.WAV,2023-09-18,00:00:00,17280488
AM7,20230918_040000.WAV,2023-09-18,04:00:00,17280488
AM7,20230918_140000.WAV,2023-09-18,14:00:00,17280488
AM7,20230918_180000.WAV,2023-09-18,18:00:00,17280488
AM7,20230919_000000.WAV,2023-09-19,00:00:00,17280488
AM7,20230919_040000.WAV,2023-09-19,04:00:00,17280488
AM7,20230919_140000.WAV,2023-09-19,14:00:00,17280488
AM7,20230919_180000.WAV,2023-09-19,18:00:00,17280488
AM7,20230920_000000.WAV,2023-09-20,00:00:00,17280488
AM7,20230920_040000.WAV,2023-09-20,04:00:00,17280488
AM7,20230920_140000.WAV,2023-09-20,14:00:00,17280488
AM7,20230920_180000.WAV,2023-09-20,18:00:00,17280488
AM7,20230921_000000.WAV,2023-09-21,00:00:00,17280488
AM7,20230921_040000.WAV,2023-09-21,04:00:00,17280488
AM7,20230921_140000.WAV,2023-09-21,14:00:00,17280488
AM7,20230921_180000.WAV,2023-09-21,18:00:00,17280488
AM7,20230922_000000.WAV,2023-09-22,00:00:00,17280488
AM7,20230922_040000.WAV,2023-09-22,04:00:00,17280488
AM7,20230922_140000.WAV,2023-09-22,14:00:00,17280488
AM7,20230922_180000.WAV,2023-09-22,18:00:00,17280488
AM7,20230923_000000.WAV,2023-09-23,00:00:00,17280488
AM7,20230923_040000.WAV,2023-09-23,04:00:00,17280488
AM7,20230923_140000.WAV,2023-09-23,14:00:00,17280488
AM7,20230923_180000.WAV,2023-09-23,18:00:00,17280488
AM7,20230924_000000.WAV,2023-09-24,00:00:00,17280488
AM7,20230924_040000.WAV,2023-09-24,04:00:00,17280488
AM7,20230924_140000.WAV,2023-09-24,14:00:00,17280488
AM7,20230924_180000.WAV,2023-09-24,18:00:00,17280488
AM7,20230925_000000.WAV,2023-09-25,00:00:00,17280488
AM7,20230925_040000.WAV,2023-09-25,04:00:00,17280488
AM7,20230925_140000.WAV,2023-09-25,14:00:00,17280488
AM7,20230925_180000.WAV,2023-09-25,18:00:00,17280488
AM7,20230926_000000.WAV,2023-09-26,00:00:00,17280488
AM7,20230926_040000.WAV,2023-09-26,04:00:00,17280488
AM7,20230926_140000.WAV,2023-09-26,14:00:00,17280488
AM7,20230926_180000.WAV,2023-09-26,18:00:00,17280488
AM7,20230927_000000.WAV,2023-09-27,00:00:00,17280488
AM7,20230927_040000.WAV,2023-09-27,04:00:00,17280488
AM7,20230927_140000.WAV,2023-09-27,14:00:00,17280488
AM7,20230927_180000.WAV,2023-09-27,18:00:00,17280488
AM7,20230928_000000.WAV,2023-09-28,00:00:00,17280488
AM7,20230928_040000.WAV,2023-09-28,04:00:00,17280488
AM7,20230928_140000.WAV,2023-09-28,14:00:00,17280488
AM7,20230928_180000.WAV,2023-09-28,18:00:00,17280488
AM7,20230929_000000.WAV,2023-09-29,00:00:00,17280488
